route;date;hour;prediction
1;2025-11-01;0;3
1;2025-11-01;1;0
1;2025-11-01;2;0
1;2025-11-01;3;0
1;2025-11-01;4;0
1;2025-11-01;5;27
1;2025-11-01;6;148
1;2025-11-01;7;285
1;2025-11-01;8;404
1;2025-11-01;9;694
1;2025-11-01;10;800
1;2025-11-01;11;743
1;2025-11-01;12;950
1;2025-11-01;13;1012
1;2025-11-01;14;952
1;2025-11-01;15;799
1;2025-11-01;16;769
1;2025-11-01;17;700
1;2025-11-01;18;584
1;2025-11-01;19;522
1;2025-11-01;20;366
1;2025-11-01;21;272
1;2025-11-01;22;110
1;2025-11-01;23;28
1;2025-11-02;0;0
1;2025-11-02;1;0
1;2025-11-02;2;0
1;2025-11-02;3;0
1;2025-11-02;4;1
1;2025-11-02;5;28
1;2025-11-02;6;127
1;2025-11-02;7;218
1;2025-11-02;8;304
1;2025-11-02;9;510
1;2025-11-02;10;630
1;2025-11-02;11;600
1;2025-11-02;12;753
1;2025-11-02;13;769
1;2025-11-02;14;764
1;2025-11-02;15;711
1;2025-11-02;16;618
1;2025-11-02;17;530
1;2025-11-02;18;472
1;2025-11-02;19;415
1;2025-11-02;20;334
1;2025-11-02;21;237
1;2025-11-02;22;107
1;2025-11-02;23;28
1;2025-11-03;0;0
1;2025-11-03;1;0
1;2025-11-03;2;0
1;2025-11-03;3;0
1;2025-11-03;4;11
1;2025-11-03;5;87
1;2025-11-03;6;352
1;2025-11-03;7;487
1;2025-11-03;8;505
1;2025-11-03;9;577
1;2025-11-03;10;646
1;2025-11-03;11;648
1;2025-11-03;12;660
1;2025-11-03;13;690
1;2025-11-03;14;719
1;2025-11-03;15;686
1;2025-11-03;16;667
1;2025-11-03;17;668
1;2025-11-03;18;629
1;2025-11-03;19;627
1;2025-11-03;20;503
1;2025-11-03;21;387
1;2025-11-03;22;189
1;2025-11-03;23;41
1;2025-11-04;0;2
1;2025-11-04;1;0
1;2025-11-04;2;0
1;2025-11-04;3;2
1;2025-11-04;4;13
1;2025-11-04;5;80
1;2025-11-04;6;344
1;2025-11-04;7;448
1;2025-11-04;8;457
1;2025-11-04;9;495
1;2025-11-04;10;554
1;2025-11-04;11;569
1;2025-11-04;12;605
1;2025-11-04;13;671
1;2025-11-04;14;733
1;2025-11-04;15;721
1;2025-11-04;16;642
1;2025-11-04;17;605
1;2025-11-04;18;540
1;2025-11-04;19;577
1;2025-11-04;20;496
1;2025-11-04;21;384
1;2025-11-04;22;185
1;2025-11-04;23;41
1;2025-11-05;0;6
1;2025-11-05;1;0
1;2025-11-05;2;0
1;2025-11-05;3;0
1;2025-11-05;4;7
1;2025-11-05;5;132
1;2025-11-05;6;525
1;2025-11-05;7;1381
1;2025-11-05;8;1845
1;2025-11-05;9;1366
1;2025-11-05;10;1231
1;2025-11-05;11;1282
1;2025-11-05;12;1318
1;2025-11-05;13;1387
1;2025-11-05;14;1317
1;2025-11-05;15;1458
1;2025-11-05;16;1435
1;2025-11-05;17;1709
1;2025-11-05;18;1734
1;2025-11-05;19;1300
1;2025-11-05;20;850
1;2025-11-05;21;452
1;2025-11-05;22;223
1;2025-11-05;23;40
1;2025-11-06;0;5
1;2025-11-06;1;0
1;2025-11-06;2;0
1;2025-11-06;3;0
1;2025-11-06;4;7
1;2025-11-06;5;126
1;2025-11-06;6;514
1;2025-11-06;7;1429
1;2025-11-06;8;1864
1;2025-11-06;9;1406
1;2025-11-06;10;1270
1;2025-11-06;11;1320
1;2025-11-06;12;1379
1;2025-11-06;13;1389
1;2025-11-06;14;1334
1;2025-11-06;15;1489
1;2025-11-06;16;1497
1;2025-11-06;17;1746
1;2025-11-06;18;1724
1;2025-11-06;19;1289
1;2025-11-06;20;832
1;2025-11-06;21;474
1;2025-11-06;22;220
1;2025-11-06;23;48
1;2025-11-07;0;6
1;2025-11-07;1;0
1;2025-11-07;2;0
1;2025-11-07;3;0
1;2025-11-07;4;8
1;2025-11-07;5;137
1;2025-11-07;6;492
1;2025-11-07;7;1415
1;2025-11-07;8;1770
1;2025-11-07;9;1367
1;2025-11-07;10;1225
1;2025-11-07;11;1311
1;2025-11-07;12;1323
1;2025-11-07;13;1372
1;2025-11-07;14;1308
1;2025-11-07;15;1512
1;2025-11-07;16;1574
1;2025-11-07;17;1728
1;2025-11-07;18;1500
1;2025-11-07;19;1110
1;2025-11-07;20;774
1;2025-11-07;21;472
1;2025-11-07;22;227
1;2025-11-07;23;51
1;2025-11-08;0;8
1;2025-11-08;1;0
1;2025-11-08;2;0
1;2025-11-08;3;0
1;2025-11-08;4;1
1;2025-11-08;5;35
1;2025-11-08;6;166
1;2025-11-08;7;296
1;2025-11-08;8;410
1;2025-11-08;9;702
1;2025-11-08;10;762
1;2025-11-08;11;725
1;2025-11-08;12;890
1;2025-11-08;13;956
1;2025-11-08;14;873
1;2025-11-08;15;768
1;2025-11-08;16;738
1;2025-11-08;17;666
1;2025-11-08;18;584
1;2025-11-08;19;511
1;2025-11-08;20;360
1;2025-11-08;21;274
1;2025-11-08;22;139
1;2025-11-08;23;32
1;2025-11-09;0;3
1;2025-11-09;1;0
1;2025-11-09;2;0
1;2025-11-09;3;0
1;2025-11-09;4;1
1;2025-11-09;5;25
1;2025-11-09;6;134
1;2025-11-09;7;229
1;2025-11-09;8;319
1;2025-11-09;9;551
1;2025-11-09;10;666
1;2025-11-09;11;641
1;2025-11-09;12;799
1;2025-11-09;13;823
1;2025-11-09;14;744
1;2025-11-09;15;689
1;2025-11-09;16;606
1;2025-11-09;17;551
1;2025-11-09;18;499
1;2025-11-09;19;428
1;2025-11-09;20;330
1;2025-11-09;21;237
1;2025-11-09;22;110
1;2025-11-09;23;29
1;2025-11-10;0;2
1;2025-11-10;1;0
1;2025-11-10;2;0
1;2025-11-10;3;0
1;2025-11-10;4;8
1;2025-11-10;5;135
1;2025-11-10;6;536
1;2025-11-10;7;1424
1;2025-11-10;8;1842
1;2025-11-10;9;1330
1;2025-11-10;10;1171
1;2025-11-10;11;1255
1;2025-11-10;12;1306
1;2025-11-10;13;1323
1;2025-11-10;14;1258
1;2025-11-10;15;1429
1;2025-11-10;16;1465
1;2025-11-10;17;1724
1;2025-11-10;18;1776
1;2025-11-10;19;1323
1;2025-11-10;20;848
1;2025-11-10;21;464
1;2025-11-10;22;210
1;2025-11-10;23;39
1;2025-11-11;0;4
1;2025-11-11;1;0
1;2025-11-11;2;0
1;2025-11-11;3;0
1;2025-11-11;4;3
1;2025-11-11;5;132
1;2025-11-11;6;548
1;2025-11-11;7;1495
1;2025-11-11;8;1871
1;2025-11-11;9;1409
1;2025-11-11;10;1269
1;2025-11-11;11;1302
1;2025-11-11;12;1324
1;2025-11-11;13;1359
1;2025-11-11;14;1270
1;2025-11-11;15;1420
1;2025-11-11;16;1418
1;2025-11-11;17;1681
1;2025-11-11;18;1720
1;2025-11-11;19;1318
1;2025-11-11;20;865
1;2025-11-11;21;487
1;2025-11-11;22;220
1;2025-11-11;23;43
1;2025-11-12;0;4
1;2025-11-12;1;0
1;2025-11-12;2;0
1;2025-11-12;3;0
1;2025-11-12;4;9
1;2025-11-12;5;135
1;2025-11-12;6;555
1;2025-11-12;7;1436
1;2025-11-12;8;1888
1;2025-11-12;9;1418
1;2025-11-12;10;1279
1;2025-11-12;11;1319
1;2025-11-12;12;1342
1;2025-11-12;13;1393
1;2025-11-12;14;1344
1;2025-11-12;15;1470
1;2025-11-12;16;1437
1;2025-11-12;17;1715
1;2025-11-12;18;1738
1;2025-11-12;19;1303
1;2025-11-12;20;858
1;2025-11-12;21;473
1;2025-11-12;22;224
1;2025-11-12;23;42
1;2025-11-13;0;4
1;2025-11-13;1;0
1;2025-11-13;2;0
1;2025-11-13;3;0
1;2025-11-13;4;6
1;2025-11-13;5;126
1;2025-11-13;6;523
1;2025-11-13;7;1457
1;2025-11-13;8;1879
1;2025-11-13;9;1420
1;2025-11-13;10;1282
1;2025-11-13;11;1346
1;2025-11-13;12;1385
1;2025-11-13;13;1400
1;2025-11-13;14;1357
1;2025-11-13;15;1516
1;2025-11-13;16;1516
1;2025-11-13;17;1774
1;2025-11-13;18;1747
1;2025-11-13;19;1311
1;2025-11-13;20;862
1;2025-11-13;21;488
1;2025-11-13;22;222
1;2025-11-13;23;50
1;2025-11-14;0;5
1;2025-11-14;1;0
1;2025-11-14;2;0
1;2025-11-14;3;0
1;2025-11-14;4;0
1;2025-11-14;5;134
1;2025-11-14;6;514
1;2025-11-14;7;1435
1;2025-11-14;8;1769
1;2025-11-14;9;1388
1;2025-11-14;10;1238
1;2025-11-14;11;1347
1;2025-11-14;12;1356
1;2025-11-14;13;1375
1;2025-11-14;14;1324
1;2025-11-14;15;1511
1;2025-11-14;16;1575
1;2025-11-14;17;1720
1;2025-11-14;18;1516
1;2025-11-14;19;1129
1;2025-11-14;20;795
1;2025-11-14;21;480
1;2025-11-14;22;223
1;2025-11-14;23;54
1;2025-11-15;0;3
1;2025-11-15;1;0
1;2025-11-15;2;0
1;2025-11-15;3;0
1;2025-11-15;4;0
1;2025-11-15;5;33
1;2025-11-15;6;165
1;2025-11-15;7;278
1;2025-11-15;8;397
1;2025-11-15;9;678
1;2025-11-15;10;723
1;2025-11-15;11;724
1;2025-11-15;12;886
1;2025-11-15;13;957
1;2025-11-15;14;902
1;2025-11-15;15;797
1;2025-11-15;16;765
1;2025-11-15;17;691
1;2025-11-15;18;594
1;2025-11-15;19;535
1;2025-11-15;20;377
1;2025-11-15;21;282
1;2025-11-15;22;143
1;2025-11-15;23;34
1;2025-11-16;0;0
1;2025-11-16;1;0
1;2025-11-16;2;0
1;2025-11-16;3;0
1;2025-11-16;4;0
1;2025-11-16;5;25
1;2025-11-16;6;132
1;2025-11-16;7;242
1;2025-11-16;8;326
1;2025-11-16;9;575
1;2025-11-16;10;727
1;2025-11-16;11;705
1;2025-11-16;12;864
1;2025-11-16;13;878
1;2025-11-16;14;786
1;2025-11-16;15;725
1;2025-11-16;16;619
1;2025-11-16;17;552
1;2025-11-16;18;507
1;2025-11-16;19;438
1;2025-11-16;20;342
1;2025-11-16;21;243
1;2025-11-16;22;110
1;2025-11-16;23;32
1;2025-11-17;0;0
1;2025-11-17;1;0
1;2025-11-17;2;0
1;2025-11-17;3;0
1;2025-11-17;4;10
1;2025-11-17;5;134
1;2025-11-17;6;548
1;2025-11-17;7;1450
1;2025-11-17;8;1846
1;2025-11-17;9;1347
1;2025-11-17;10;1183
1;2025-11-17;11;1273
1;2025-11-17;12;1301
1;2025-11-17;13;1274
1;2025-11-17;14;1249
1;2025-11-17;15;1426
1;2025-11-17;16;1467
1;2025-11-17;17;1725
1;2025-11-17;18;1778
1;2025-11-17;19;1318
1;2025-11-17;20;854
1;2025-11-17;21;451
1;2025-11-17;22;209
1;2025-11-17;23;40
1;2025-11-18;0;1
1;2025-11-18;1;0
1;2025-11-18;2;0
1;2025-11-18;3;0
1;2025-11-18;4;2
1;2025-11-18;5;131
1;2025-11-18;6;547
1;2025-11-18;7;1507
1;2025-11-18;8;1894
1;2025-11-18;9;1451
1;2025-11-18;10;1251
1;2025-11-18;11;1312
1;2025-11-18;12;1331
1;2025-11-18;13;1343
1;2025-11-18;14;1263
1;2025-11-18;15;1421
1;2025-11-18;16;1401
1;2025-11-18;17;1668
1;2025-11-18;18;1721
1;2025-11-18;19;1328
1;2025-11-18;20;875
1;2025-11-18;21;480
1;2025-11-18;22;219
1;2025-11-18;23;38
1;2025-11-19;0;4
1;2025-11-19;1;0
1;2025-11-19;2;0
1;2025-11-19;3;0
1;2025-11-19;4;5
1;2025-11-19;5;132
1;2025-11-19;6;566
1;2025-11-19;7;1454
1;2025-11-19;8;1885
1;2025-11-19;9;1422
1;2025-11-19;10;1270
1;2025-11-19;11;1328
1;2025-11-19;12;1355
1;2025-11-19;13;1408
1;2025-11-19;14;1351
1;2025-11-19;15;1480
1;2025-11-19;16;1448
1;2025-11-19;17;1710
1;2025-11-19;18;1736
1;2025-11-19;19;1305
1;2025-11-19;20;868
1;2025-11-19;21;476
1;2025-11-19;22;228
1;2025-11-19;23;42
1;2025-11-20;0;4
1;2025-11-20;1;0
1;2025-11-20;2;0
1;2025-11-20;3;0
1;2025-11-20;4;6
1;2025-11-20;5;124
1;2025-11-20;6;545
1;2025-11-20;7;1471
1;2025-11-20;8;1887
1;2025-11-20;9;1442
1;2025-11-20;10;1299
1;2025-11-20;11;1371
1;2025-11-20;12;1409
1;2025-11-20;13;1418
1;2025-11-20;14;1364
1;2025-11-20;15;1513
1;2025-11-20;16;1504
1;2025-11-20;17;1759
1;2025-11-20;18;1739
1;2025-11-20;19;1297
1;2025-11-20;20;861
1;2025-11-20;21;484
1;2025-11-20;22;222
1;2025-11-20;23;52
1;2025-11-21;0;4
1;2025-11-21;1;0
1;2025-11-21;2;0
1;2025-11-21;3;1
1;2025-11-21;4;6
1;2025-11-21;5;131
1;2025-11-21;6;508
1;2025-11-21;7;1465
1;2025-11-21;8;1777
1;2025-11-21;9;1400
1;2025-11-21;10;1260
1;2025-11-21;11;1366
1;2025-11-21;12;1360
1;2025-11-21;13;1400
1;2025-11-21;14;1326
1;2025-11-21;15;1513
1;2025-11-21;16;1550
1;2025-11-21;17;1714
1;2025-11-21;18;1506
1;2025-11-21;19;1109
1;2025-11-21;20;780
1;2025-11-21;21;487
1;2025-11-21;22;231
1;2025-11-21;23;54
1;2025-11-22;0;6
1;2025-11-22;1;0
1;2025-11-22;2;0
1;2025-11-22;3;0
1;2025-11-22;4;0
1;2025-11-22;5;33
1;2025-11-22;6;170
1;2025-11-22;7;298
1;2025-11-22;8;405
1;2025-11-22;9;718
1;2025-11-22;10;774
1;2025-11-22;11;757
1;2025-11-22;12;910
1;2025-11-22;13;976
1;2025-11-22;14;892
1;2025-11-22;15;773
1;2025-11-22;16;738
1;2025-11-22;17;675
1;2025-11-22;18;588
1;2025-11-22;19;504
1;2025-11-22;20;370
1;2025-11-22;21;273
1;2025-11-22;22;136
1;2025-11-22;23;32
1;2025-11-23;0;0
1;2025-11-23;1;0
1;2025-11-23;2;0
1;2025-11-23;3;0
1;2025-11-23;4;1
1;2025-11-23;5;27
1;2025-11-23;6;136
1;2025-11-23;7;238
1;2025-11-23;8;331
1;2025-11-23;9;572
1;2025-11-23;10;710
1;2025-11-23;11;691
1;2025-11-23;12;875
1;2025-11-23;13;904
1;2025-11-23;14;812
1;2025-11-23;15;768
1;2025-11-23;16;660
1;2025-11-23;17;584
1;2025-11-23;18;521
1;2025-11-23;19;441
1;2025-11-23;20;346
1;2025-11-23;21;242
1;2025-11-23;22;109
1;2025-11-23;23;31
1;2025-11-24;0;0
1;2025-11-24;1;0
1;2025-11-24;2;0
1;2025-11-24;3;0
1;2025-11-24;4;3
1;2025-11-24;5;132
1;2025-11-24;6;533
1;2025-11-24;7;1437
1;2025-11-24;8;1840
1;2025-11-24;9;1371
1;2025-11-24;10;1174
1;2025-11-24;11;1247
1;2025-11-24;12;1316
1;2025-11-24;13;1317
1;2025-11-24;14;1248
1;2025-11-24;15;1403
1;2025-11-24;16;1442
1;2025-11-24;17;1697
1;2025-11-24;18;1762
1;2025-11-24;19;1321
1;2025-11-24;20;859
1;2025-11-24;21;460
1;2025-11-24;22;208
1;2025-11-24;23;41
1;2025-11-25;0;3
1;2025-11-25;1;0
1;2025-11-25;2;0
1;2025-11-25;3;1
1;2025-11-25;4;11
1;2025-11-25;5;131
1;2025-11-25;6;562
1;2025-11-25;7;1501
1;2025-11-25;8;1886
1;2025-11-25;9;1469
1;2025-11-25;10;1322
1;2025-11-25;11;1348
1;2025-11-25;12;1368
1;2025-11-25;13;1385
1;2025-11-25;14;1283
1;2025-11-25;15;1424
1;2025-11-25;16;1424
1;2025-11-25;17;1686
1;2025-11-25;18;1742
1;2025-11-25;19;1348
1;2025-11-25;20;873
1;2025-11-25;21;473
1;2025-11-25;22;220
1;2025-11-25;23;42
1;2025-11-26;0;6
1;2025-11-26;1;0
1;2025-11-26;2;0
1;2025-11-26;3;0
1;2025-11-26;4;6
1;2025-11-26;5;131
1;2025-11-26;6;550
1;2025-11-26;7;1430
1;2025-11-26;8;1872
1;2025-11-26;9;1427
1;2025-11-26;10;1283
1;2025-11-26;11;1326
1;2025-11-26;12;1346
1;2025-11-26;13;1392
1;2025-11-26;14;1340
1;2025-11-26;15;1450
1;2025-11-26;16;1418
1;2025-11-26;17;1683
1;2025-11-26;18;1723
1;2025-11-26;19;1312
1;2025-11-26;20;864
1;2025-11-26;21;462
1;2025-11-26;22;222
1;2025-11-26;23;44
1;2025-11-27;0;7
1;2025-11-27;1;0
1;2025-11-27;2;0
1;2025-11-27;3;0
1;2025-11-27;4;6
1;2025-11-27;5;123
1;2025-11-27;6;531
1;2025-11-27;7;1434
1;2025-11-27;8;1860
1;2025-11-27;9;1445
1;2025-11-27;10;1302
1;2025-11-27;11;1358
1;2025-11-27;12;1394
1;2025-11-27;13;1396
1;2025-11-27;14;1340
1;2025-11-27;15;1474
1;2025-11-27;16;1472
1;2025-11-27;17;1733
1;2025-11-27;18;1730
1;2025-11-27;19;1307
1;2025-11-27;20;858
1;2025-11-27;21;475
1;2025-11-27;22;221
1;2025-11-27;23;48
1;2025-11-28;0;5
1;2025-11-28;1;0
1;2025-11-28;2;0
1;2025-11-28;3;0
1;2025-11-28;4;8
1;2025-11-28;5;133
1;2025-11-28;6;498
1;2025-11-28;7;1401
1;2025-11-28;8;1735
1;2025-11-28;9;1391
1;2025-11-28;10;1274
1;2025-11-28;11;1359
1;2025-11-28;12;1364
1;2025-11-28;13;1392
1;2025-11-28;14;1322
1;2025-11-28;15;1481
1;2025-11-28;16;1527
1;2025-11-28;17;1696
1;2025-11-28;18;1492
1;2025-11-28;19;1139
1;2025-11-28;20;784
1;2025-11-28;21;474
1;2025-11-28;22;234
1;2025-11-28;23;60
1;2025-11-29;0;6
1;2025-11-29;1;0
1;2025-11-29;2;0
1;2025-11-29;3;0
1;2025-11-29;4;0
1;2025-11-29;5;29
1;2025-11-29;6;146
1;2025-11-29;7;267
1;2025-11-29;8;367
1;2025-11-29;9;684
1;2025-11-29;10;723
1;2025-11-29;11;731
1;2025-11-29;12;876
1;2025-11-29;13;933
1;2025-11-29;14;854
1;2025-11-29;15;758
1;2025-11-29;16;723
1;2025-11-29;17;658
1;2025-11-29;18;556
1;2025-11-29;19;462
1;2025-11-29;20;338
1;2025-11-29;21;244
1;2025-11-29;22;123
1;2025-11-29;23;34
1;2025-11-30;0;1
1;2025-11-30;1;0
1;2025-11-30;2;0
1;2025-11-30;3;0
1;2025-11-30;4;0
1;2025-11-30;5;24
1;2025-11-30;6;116
1;2025-11-30;7;201
1;2025-11-30;8;294
1;2025-11-30;9;513
1;2025-11-30;10;634
1;2025-11-30;11;609
1;2025-11-30;12;783
1;2025-11-30;13;803
1;2025-11-30;14;717
1;2025-11-30;15;664
1;2025-11-30;16;585
1;2025-11-30;17;506
1;2025-11-30;18;443
1;2025-11-30;19;392
1;2025-11-30;20;319
1;2025-11-30;21;220
1;2025-11-30;22;95
1;2025-11-30;23;32
1;2025-12-01;0;0
1;2025-12-01;1;0
1;2025-12-01;2;0
1;2025-12-01;3;1
1;2025-12-01;4;7
1;2025-12-01;5;106
1;2025-12-01;6;438
1;2025-12-01;7;1281
1;2025-12-01;8;1630
1;2025-12-01;9;1226
1;2025-12-01;10;1062
1;2025-12-01;11;1163
1;2025-12-01;12;1233
1;2025-12-01;13;1237
1;2025-12-01;14;1157
1;2025-12-01;15;1320
1;2025-12-01;16;1334
1;2025-12-01;17;1532
1;2025-12-01;18;1579
1;2025-12-01;19;1209
1;2025-12-01;20;699
1;2025-12-01;21;388
1;2025-12-01;22;179
1;2025-12-01;23;40
1;2025-12-02;0;3
1;2025-12-02;1;0
1;2025-12-02;2;0
1;2025-12-02;3;1
1;2025-12-02;4;4
1;2025-12-02;5;108
1;2025-12-02;6;448
1;2025-12-02;7;1323
1;2025-12-02;8;1654
1;2025-12-02;9;1309
1;2025-12-02;10;1193
1;2025-12-02;11;1225
1;2025-12-02;12;1240
1;2025-12-02;13;1267
1;2025-12-02;14;1177
1;2025-12-02;15;1301
1;2025-12-02;16;1305
1;2025-12-02;17;1518
1;2025-12-02;18;1548
1;2025-12-02;19;1218
1;2025-12-02;20;717
1;2025-12-02;21;403
1;2025-12-02;22;184
1;2025-12-02;23;39
1;2025-12-03;0;6
1;2025-12-03;1;0
1;2025-12-03;2;0
1;2025-12-03;3;0
1;2025-12-03;4;3
1;2025-12-03;5;104
1;2025-12-03;6;454
1;2025-12-03;7;1298
1;2025-12-03;8;1656
1;2025-12-03;9;1303
1;2025-12-03;10;1188
1;2025-12-03;11;1239
1;2025-12-03;12;1273
1;2025-12-03;13;1317
1;2025-12-03;14;1259
1;2025-12-03;15;1363
1;2025-12-03;16;1341
1;2025-12-03;17;1546
1;2025-12-03;18;1574
1;2025-12-03;19;1207
1;2025-12-03;20;712
1;2025-12-03;21;406
1;2025-12-03;22;191
1;2025-12-03;23;40
1;2025-12-04;0;6
1;2025-12-04;1;0
1;2025-12-04;2;0
1;2025-12-04;3;0
1;2025-12-04;4;5
1;2025-12-04;5;103
1;2025-12-04;6;445
1;2025-12-04;7;1311
1;2025-12-04;8;1671
1;2025-12-04;9;1330
1;2025-12-04;10;1208
1;2025-12-04;11;1260
1;2025-12-04;12;1311
1;2025-12-04;13;1317
1;2025-12-04;14;1261
1;2025-12-04;15;1369
1;2025-12-04;16;1371
1;2025-12-04;17;1587
1;2025-12-04;18;1565
1;2025-12-04;19;1208
1;2025-12-04;20;713
1;2025-12-04;21;422
1;2025-12-04;22;191
1;2025-12-04;23;49
1;2025-12-05;0;8
1;2025-12-05;1;0
1;2025-12-05;2;0
1;2025-12-05;3;0
1;2025-12-05;4;4
1;2025-12-05;5;107
1;2025-12-05;6;426
1;2025-12-05;7;1304
1;2025-12-05;8;1581
1;2025-12-05;9;1279
1;2025-12-05;10;1143
1;2025-12-05;11;1260
1;2025-12-05;12;1278
1;2025-12-05;13;1299
1;2025-12-05;14;1222
1;2025-12-05;15;1374
1;2025-12-05;16;1406
1;2025-12-05;17;1563
1;2025-12-05;18;1366
1;2025-12-05;19;1032
1;2025-12-05;20;655
1;2025-12-05;21;418
1;2025-12-05;22;197
1;2025-12-05;23;52
1;2025-12-06;0;6
1;2025-12-06;1;0
1;2025-12-06;2;0
1;2025-12-06;3;0
1;2025-12-06;4;0
1;2025-12-06;5;30
1;2025-12-06;6;140
1;2025-12-06;7;253
1;2025-12-06;8;353
1;2025-12-06;9;603
1;2025-12-06;10;662
1;2025-12-06;11;659
1;2025-12-06;12;821
1;2025-12-06;13;878
1;2025-12-06;14;795
1;2025-12-06;15;679
1;2025-12-06;16;639
1;2025-12-06;17;586
1;2025-12-06;18;504
1;2025-12-06;19;428
1;2025-12-06;20;324
1;2025-12-06;21;235
1;2025-12-06;22;116
1;2025-12-06;23;33
1;2025-12-07;0;0
1;2025-12-07;1;0
1;2025-12-07;2;0
1;2025-12-07;3;0
1;2025-12-07;4;0
1;2025-12-07;5;20
1;2025-12-07;6;100
1;2025-12-07;7;180
1;2025-12-07;8;274
1;2025-12-07;9;467
1;2025-12-07;10;570
1;2025-12-07;11;553
1;2025-12-07;12;726
1;2025-12-07;13;748
1;2025-12-07;14;671
1;2025-12-07;15;626
1;2025-12-07;16;555
1;2025-12-07;17;484
1;2025-12-07;18;425
1;2025-12-07;19;375
1;2025-12-07;20;303
1;2025-12-07;21;207
1;2025-12-07;22;89
1;2025-12-07;23;28
1;2025-12-08;0;0
1;2025-12-08;1;0
1;2025-12-08;2;0
1;2025-12-08;3;1
1;2025-12-08;4;2
1;2025-12-08;5;103
1;2025-12-08;6;422
1;2025-12-08;7;1260
1;2025-12-08;8;1623
1;2025-12-08;9;1193
1;2025-12-08;10;1033
1;2025-12-08;11;1131
1;2025-12-08;12;1215
1;2025-12-08;13;1223
1;2025-12-08;14;1143
1;2025-12-08;15;1306
1;2025-12-08;16;1336
1;2025-12-08;17;1543
1;2025-12-08;18;1592
1;2025-12-08;19;1206
1;2025-12-08;20;678
1;2025-12-08;21;388
1;2025-12-08;22;174
1;2025-12-08;23;38
1;2025-12-09;0;2
1;2025-12-09;1;0
1;2025-12-09;2;0
1;2025-12-09;3;1
1;2025-12-09;4;4
1;2025-12-09;5;93
1;2025-12-09;6;410
1;2025-12-09;7;1267
1;2025-12-09;8;1623
1;2025-12-09;9;1252
1;2025-12-09;10;1133
1;2025-12-09;11;1152
1;2025-12-09;12;1194
1;2025-12-09;13;1216
1;2025-12-09;14;1116
1;2025-12-09;15;1268
1;2025-12-09;16;1284
1;2025-12-09;17;1496
1;2025-12-09;18;1544
1;2025-12-09;19;1196
1;2025-12-09;20;680
1;2025-12-09;21;387
1;2025-12-09;22;173
1;2025-12-09;23;35
1;2025-12-10;0;0
1;2025-12-10;1;0
1;2025-12-10;2;0
1;2025-12-10;3;0
1;2025-12-10;4;0
1;2025-12-10;5;42
1;2025-12-10;6;355
1;2025-12-10;7;1121
1;2025-12-10;8;1514
1;2025-12-10;9;1122
1;2025-12-10;10;997
1;2025-12-10;11;1038
1;2025-12-10;12;1083
1;2025-12-10;13;1133
1;2025-12-10;14;1079
1;2025-12-10;15;1181
1;2025-12-10;16;1173
1;2025-12-10;17;1389
1;2025-12-10;18;1435
1;2025-12-10;19;1043
1;2025-12-10;20;575
1;2025-12-10;21;327
1;2025-12-10;22;122
1;2025-12-10;23;0
1;2025-12-11;0;0
1;2025-12-11;1;0
1;2025-12-11;2;0
1;2025-12-11;3;0
1;2025-12-11;4;0
1;2025-12-11;5;47
1;2025-12-11;6;348
1;2025-12-11;7;1143
1;2025-12-11;8;1536
1;2025-12-11;9;1177
1;2025-12-11;10;1036
1;2025-12-11;11;1085
1;2025-12-11;12;1150
1;2025-12-11;13;1144
1;2025-12-11;14;1107
1;2025-12-11;15;1206
1;2025-12-11;16;1214
1;2025-12-11;17;1433
1;2025-12-11;18;1437
1;2025-12-11;19;1059
1;2025-12-11;20;594
1;2025-12-11;21;335
1;2025-12-11;22;128
1;2025-12-11;23;8
1;2025-12-12;0;0
1;2025-12-12;1;0
1;2025-12-12;2;0
1;2025-12-12;3;0
1;2025-12-12;4;0
1;2025-12-12;5;55
1;2025-12-12;6;319
1;2025-12-12;7;1130
1;2025-12-12;8;1424
1;2025-12-12;9;1073
1;2025-12-12;10;940
1;2025-12-12;11;1054
1;2025-12-12;12;1079
1;2025-12-12;13;1103
1;2025-12-12;14;1045
1;2025-12-12;15;1208
1;2025-12-12;16;1254
1;2025-12-12;17;1405
1;2025-12-12;18;1224
1;2025-12-12;19;891
1;2025-12-12;20;542
1;2025-12-12;21;345
1;2025-12-12;22;146
1;2025-12-12;23;15
1;2025-12-13;0;0
1;2025-12-13;1;0
1;2025-12-13;2;0
1;2025-12-13;3;0
1;2025-12-13;4;0
1;2025-12-13;5;0
1;2025-12-13;6;79
1;2025-12-13;7;205
1;2025-12-13;8;307
1;2025-12-13;9;504
1;2025-12-13;10;542
1;2025-12-13;11;558
1;2025-12-13;12;694
1;2025-12-13;13;745
1;2025-12-13;14;656
1;2025-12-13;15;565
1;2025-12-13;16;543
1;2025-12-13;17;486
1;2025-12-13;18;428
1;2025-12-13;19;372
1;2025-12-13;20;294
1;2025-12-13;21;191
1;2025-12-13;22;65
1;2025-12-13;23;2
1;2025-12-14;0;0
1;2025-12-14;1;0
1;2025-12-14;2;0
1;2025-12-14;3;0
1;2025-12-14;4;0
1;2025-12-14;5;0
1;2025-12-14;6;34
1;2025-12-14;7;112
1;2025-12-14;8;207
1;2025-12-14;9;377
1;2025-12-14;10;451
1;2025-12-14;11;438
1;2025-12-14;12;595
1;2025-12-14;13;618
1;2025-12-14;14;551
1;2025-12-14;15;515
1;2025-12-14;16;442
1;2025-12-14;17;386
1;2025-12-14;18;345
1;2025-12-14;19;307
1;2025-12-14;20;245
1;2025-12-14;21;143
1;2025-12-14;22;29
1;2025-12-14;23;0
1;2025-12-15;0;0
1;2025-12-15;1;0
1;2025-12-15;2;0
1;2025-12-15;3;0
1;2025-12-15;4;0
1;2025-12-15;5;38
1;2025-12-15;6;332
1;2025-12-15;7;1105
1;2025-12-15;8;1485
1;2025-12-15;9;1030
1;2025-12-15;10;879
1;2025-12-15;11;977
1;2025-12-15;12;1057
1;2025-12-15;13;1079
1;2025-12-15;14;996
1;2025-12-15;15;1162
1;2025-12-15;16;1195
1;2025-12-15;17;1407
1;2025-12-15;18;1470
1;2025-12-15;19;1057
1;2025-12-15;20;567
1;2025-12-15;21;325
1;2025-12-15;22;108
1;2025-12-15;23;0
1;2025-12-16;0;0
1;2025-12-16;1;0
1;2025-12-16;2;0
1;2025-12-16;3;0
1;2025-12-16;4;0
1;2025-12-16;5;36
1;2025-12-16;6;341
1;2025-12-16;7;1143
1;2025-12-16;8;1512
1;2025-12-16;9;1123
1;2025-12-16;10;1016
1;2025-12-16;11;1044
1;2025-12-16;12;1066
1;2025-12-16;13;1098
1;2025-12-16;14;1003
1;2025-12-16;15;1158
1;2025-12-16;16;1178
1;2025-12-16;17;1396
1;2025-12-16;18;1449
1;2025-12-16;19;1090
1;2025-12-16;20;605
1;2025-12-16;21;331
1;2025-12-16;22;118
1;2025-12-16;23;0
1;2025-12-17;0;0
1;2025-12-17;1;0
1;2025-12-17;2;0
1;2025-12-17;3;0
1;2025-12-17;4;0
1;2025-12-17;5;39
1;2025-12-17;6;346
1;2025-12-17;7;1103
1;2025-12-17;8;1499
1;2025-12-17;9;1116
1;2025-12-17;10;984
1;2025-12-17;11;1030
1;2025-12-17;12;1075
1;2025-12-17;13;1133
1;2025-12-17;14;1074
1;2025-12-17;15;1179
1;2025-12-17;16;1169
1;2025-12-17;17;1389
1;2025-12-17;18;1432
1;2025-12-17;19;1037
1;2025-12-17;20;576
1;2025-12-17;21;329
1;2025-12-17;22;124
1;2025-12-17;23;0
1;2025-12-18;0;0
1;2025-12-18;1;0
1;2025-12-18;2;0
1;2025-12-18;3;0
1;2025-12-18;4;0
1;2025-12-18;5;37
1;2025-12-18;6;329
1;2025-12-18;7;1115
1;2025-12-18;8;1497
1;2025-12-18;9;1125
1;2025-12-18;10;1005
1;2025-12-18;11;1062
1;2025-12-18;12;1133
1;2025-12-18;13;1135
1;2025-12-18;14;1085
1;2025-12-18;15;1208
1;2025-12-18;16;1219
1;2025-12-18;17;1423
1;2025-12-18;18;1418
1;2025-12-18;19;1038
1;2025-12-18;20;582
1;2025-12-18;21;327
1;2025-12-18;22;124
1;2025-12-18;23;0
1;2025-12-19;0;0
1;2025-12-19;1;0
1;2025-12-19;2;0
1;2025-12-19;3;0
1;2025-12-19;4;0
1;2025-12-19;5;48
1;2025-12-19;6;324
1;2025-12-19;7;1112
1;2025-12-19;8;1410
1;2025-12-19;9;1068
1;2025-12-19;10;944
1;2025-12-19;11;1052
1;2025-12-19;12;1091
1;2025-12-19;13;1122
1;2025-12-19;14;1054
1;2025-12-19;15;1207
1;2025-12-19;16;1250
1;2025-12-19;17;1383
1;2025-12-19;18;1179
1;2025-12-19;19;851
1;2025-12-19;20;521
1;2025-12-19;21;324
1;2025-12-19;22;127
1;2025-12-19;23;0
1;2025-12-20;0;0
1;2025-12-20;1;0
1;2025-12-20;2;0
1;2025-12-20;3;0
1;2025-12-20;4;0
1;2025-12-20;5;0
1;2025-12-20;6;65
1;2025-12-20;7;173
1;2025-12-20;8;275
1;2025-12-20;9;466
1;2025-12-20;10;508
1;2025-12-20;11;516
1;2025-12-20;12;657
1;2025-12-20;13;710
1;2025-12-20;14;635
1;2025-12-20;15;541
1;2025-12-20;16;511
1;2025-12-20;17;452
1;2025-12-20;18;400
1;2025-12-20;19;332
1;2025-12-20;20;272
1;2025-12-20;21;176
1;2025-12-20;22;49
1;2025-12-20;23;0
1;2025-12-21;0;0
1;2025-12-21;1;0
1;2025-12-21;2;0
1;2025-12-21;3;0
1;2025-12-21;4;0
1;2025-12-21;5;0
1;2025-12-21;6;35
1;2025-12-21;7;121
1;2025-12-21;8;212
1;2025-12-21;9;369
1;2025-12-21;10;437
1;2025-12-21;11;435
1;2025-12-21;12;566
1;2025-12-21;13;592
1;2025-12-21;14;526
1;2025-12-21;15;491
1;2025-12-21;16;432
1;2025-12-21;17;373
1;2025-12-21;18;330
1;2025-12-21;19;290
1;2025-12-21;20;242
1;2025-12-21;21;141
1;2025-12-21;22;26
1;2025-12-21;23;0
1;2025-12-22;0;0
1;2025-12-22;1;0
1;2025-12-22;2;0
1;2025-12-22;3;0
1;2025-12-22;4;0
1;2025-12-22;5;44
1;2025-12-22;6;331
1;2025-12-22;7;1110
1;2025-12-22;8;1499
1;2025-12-22;9;1045
1;2025-12-22;10;897
1;2025-12-22;11;983
1;2025-12-22;12;1073
1;2025-12-22;13;1087
1;2025-12-22;14;1011
1;2025-12-22;15;1171
1;2025-12-22;16;1215
1;2025-12-22;17;1443
1;2025-12-22;18;1492
1;2025-12-22;19;1095
1;2025-12-22;20;598
1;2025-12-22;21;340
1;2025-12-22;22;122
1;2025-12-22;23;0
1;2025-12-23;0;0
1;2025-12-23;1;0
1;2025-12-23;2;0
1;2025-12-23;3;0
1;2025-12-23;4;0
1;2025-12-23;5;48
1;2025-12-23;6;373
1;2025-12-23;7;1176
1;2025-12-23;8;1549
1;2025-12-23;9;1173
1;2025-12-23;10;1059
1;2025-12-23;11;1081
1;2025-12-23;12;1112
1;2025-12-23;13;1136
1;2025-12-23;14;1037
1;2025-12-23;15;1177
1;2025-12-23;16;1194
1;2025-12-23;17;1403
1;2025-12-23;18;1451
1;2025-12-23;19;1095
1;2025-12-23;20;594
1;2025-12-23;21;329
1;2025-12-23;22;120
1;2025-12-23;23;0
1;2025-12-24;0;0
1;2025-12-24;1;0
1;2025-12-24;2;0
1;2025-12-24;3;0
1;2025-12-24;4;0
1;2025-12-24;5;43
1;2025-12-24;6;348
1;2025-12-24;7;1095
1;2025-12-24;8;1487
1;2025-12-24;9;1112
1;2025-12-24;10;995
1;2025-12-24;11;1051
1;2025-12-24;12;1092
1;2025-12-24;13;1148
1;2025-12-24;14;1077
1;2025-12-24;15;1188
1;2025-12-24;16;1172
1;2025-12-24;17;1368
1;2025-12-24;18;1406
1;2025-12-24;19;1041
1;2025-12-24;20;578
1;2025-12-24;21;310
1;2025-12-24;22;110
1;2025-12-24;23;0
1;2025-12-25;0;0
1;2025-12-25;1;0
1;2025-12-25;2;0
1;2025-12-25;3;0
1;2025-12-25;4;0
1;2025-12-25;5;21
1;2025-12-25;6;305
1;2025-12-25;7;1064
1;2025-12-25;8;1479
1;2025-12-25;9;1117
1;2025-12-25;10;1006
1;2025-12-25;11;1066
1;2025-12-25;12;1128
1;2025-12-25;13;1122
1;2025-12-25;14;1080
1;2025-12-25;15;1181
1;2025-12-25;16;1189
1;2025-12-25;17;1400
1;2025-12-25;18;1407
1;2025-12-25;19;1034
1;2025-12-25;20;579
1;2025-12-25;21;332
1;2025-12-25;22;125
1;2025-12-25;23;7
1;2025-12-26;0;0
1;2025-12-26;1;0
1;2025-12-26;2;0
1;2025-12-26;3;0
1;2025-12-26;4;0
1;2025-12-26;5;42
1;2025-12-26;6;317
1;2025-12-26;7;1074
1;2025-12-26;8;1400
1;2025-12-26;9;1095
1;2025-12-26;10;960
1;2025-12-26;11;1036
1;2025-12-26;12;1085
1;2025-12-26;13;1101
1;2025-12-26;14;1037
1;2025-12-26;15;1189
1;2025-12-26;16;1249
1;2025-12-26;17;1384
1;2025-12-26;18;1177
1;2025-12-26;19;873
1;2025-12-26;20;514
1;2025-12-26;21;334
1;2025-12-26;22;132
1;2025-12-26;23;10
1;2025-12-27;0;0
1;2025-12-27;1;0
1;2025-12-27;2;0
1;2025-12-27;3;0
1;2025-12-27;4;0
1;2025-12-27;5;0
1;2025-12-27;6;61
1;2025-12-27;7;171
1;2025-12-27;8;278
1;2025-12-27;9;453
1;2025-12-27;10;502
1;2025-12-27;11;497
1;2025-12-27;12;646
1;2025-12-27;13;700
1;2025-12-27;14;627
1;2025-12-27;15;533
1;2025-12-27;16;502
1;2025-12-27;17;444
1;2025-12-27;18;391
1;2025-12-27;19;322
1;2025-12-27;20;246
1;2025-12-27;21;161
1;2025-12-27;22;48
1;2025-12-27;23;0
1;2025-12-28;0;0
1;2025-12-28;1;0
1;2025-12-28;2;0
1;2025-12-28;3;0
1;2025-12-28;4;0
1;2025-12-28;5;0
1;2025-12-28;6;15
1;2025-12-28;7;99
1;2025-12-28;8;202
1;2025-12-28;9;367
1;2025-12-28;10;428
1;2025-12-28;11;420
1;2025-12-28;12;550
1;2025-12-28;13;576
1;2025-12-28;14;510
1;2025-12-28;15;479
1;2025-12-28;16;423
1;2025-12-28;17;364
1;2025-12-28;18;318
1;2025-12-28;19;267
1;2025-12-28;20;222
1;2025-12-28;21;130
1;2025-12-28;22;18
1;2025-12-28;23;0
1;2025-12-29;0;0
1;2025-12-29;1;0
1;2025-12-29;2;0
1;2025-12-29;3;0
1;2025-12-29;4;0
1;2025-12-29;5;26
1;2025-12-29;6;303
1;2025-12-29;7;1039
1;2025-12-29;8;1435
1;2025-12-29;9;990
1;2025-12-29;10;848
1;2025-12-29;11;926
1;2025-12-29;12;1014
1;2025-12-29;13;1034
1;2025-12-29;14;946
1;2025-12-29;15;1101
1;2025-12-29;16;1140
1;2025-12-29;17;1353
1;2025-12-29;18;1399
1;2025-12-29;19;1010
1;2025-12-29;20;533
1;2025-12-29;21;309
1;2025-12-29;22;98
1;2025-12-29;23;0
1;2025-12-30;0;0
1;2025-12-30;1;0
1;2025-12-30;2;0
1;2025-12-30;3;0
1;2025-12-30;4;0
1;2025-12-30;5;23
1;2025-12-30;6;304
1;2025-12-30;7;1064
1;2025-12-30;8;1448
1;2025-12-30;9;1093
1;2025-12-30;10;971
1;2025-12-30;11;993
1;2025-12-30;12;1027
1;2025-12-30;13;1065
1;2025-12-30;14;969
1;2025-12-30;15;1102
1;2025-12-30;16;1114
1;2025-12-30;17;1317
1;2025-12-30;18;1363
1;2025-12-30;19;1034
1;2025-12-30;20;559
1;2025-12-30;21;305
1;2025-12-30;22;103
1;2025-12-30;23;0
1;2025-12-31;0;0
1;2025-12-31;1;0
1;2025-12-31;2;0
1;2025-12-31;3;0
1;2025-12-31;4;0
1;2025-12-31;5;0
1;2025-12-31;6;117
1;2025-12-31;7;102
1;2025-12-31;8;104
1;2025-12-31;9;186
1;2025-12-31;10;241
1;2025-12-31;11;239
1;2025-12-31;12;397
1;2025-12-31;13;377
1;2025-12-31;14;362
1;2025-12-31;15;390
1;2025-12-31;16;384
1;2025-12-31;17;370
1;2025-12-31;18;247
1;2025-12-31;19;236
1;2025-12-31;20;184
1;2025-12-31;21;213
1;2025-12-31;22;66
1;2025-12-31;23;0
5;2025-11-01;0;0
5;2025-11-01;1;0
5;2025-11-01;2;0
5;2025-11-01;3;0
5;2025-11-01;4;0
5;2025-11-01;5;0
5;2025-11-01;6;0
5;2025-11-01;7;0
5;2025-11-01;8;0
5;2025-11-01;9;0
5;2025-11-01;10;0
5;2025-11-01;11;0
5;2025-11-01;12;0
5;2025-11-01;13;0
5;2025-11-01;14;0
5;2025-11-01;15;0
5;2025-11-01;16;0
5;2025-11-01;17;0
5;2025-11-01;18;0
5;2025-11-01;19;0
5;2025-11-01;20;0
5;2025-11-01;21;0
5;2025-11-01;22;0
5;2025-11-01;23;0
5;2025-11-02;0;0
5;2025-11-02;1;0
5;2025-11-02;2;0
5;2025-11-02;3;0
5;2025-11-02;4;0
5;2025-11-02;5;0
5;2025-11-02;6;0
5;2025-11-02;7;0
5;2025-11-02;8;0
5;2025-11-02;9;0
5;2025-11-02;10;0
5;2025-11-02;11;0
5;2025-11-02;12;0
5;2025-11-02;13;0
5;2025-11-02;14;0
5;2025-11-02;15;0
5;2025-11-02;16;0
5;2025-11-02;17;0
5;2025-11-02;18;0
5;2025-11-02;19;0
5;2025-11-02;20;0
5;2025-11-02;21;0
5;2025-11-02;22;0
5;2025-11-02;23;0
5;2025-11-03;0;0
5;2025-11-03;1;0
5;2025-11-03;2;0
5;2025-11-03;3;0
5;2025-11-03;4;0
5;2025-11-03;5;0
5;2025-11-03;6;0
5;2025-11-03;7;0
5;2025-11-03;8;0
5;2025-11-03;9;0
5;2025-11-03;10;0
5;2025-11-03;11;0
5;2025-11-03;12;0
5;2025-11-03;13;0
5;2025-11-03;14;0
5;2025-11-03;15;0
5;2025-11-03;16;0
5;2025-11-03;17;0
5;2025-11-03;18;0
5;2025-11-03;19;0
5;2025-11-03;20;0
5;2025-11-03;21;0
5;2025-11-03;22;0
5;2025-11-03;23;0
5;2025-11-04;0;0
5;2025-11-04;1;0
5;2025-11-04;2;0
5;2025-11-04;3;0
5;2025-11-04;4;0
5;2025-11-04;5;0
5;2025-11-04;6;0
5;2025-11-04;7;0
5;2025-11-04;8;0
5;2025-11-04;9;0
5;2025-11-04;10;0
5;2025-11-04;11;0
5;2025-11-04;12;0
5;2025-11-04;13;0
5;2025-11-04;14;0
5;2025-11-04;15;0
5;2025-11-04;16;0
5;2025-11-04;17;0
5;2025-11-04;18;0
5;2025-11-04;19;0
5;2025-11-04;20;0
5;2025-11-04;21;0
5;2025-11-04;22;0
5;2025-11-04;23;0
5;2025-11-05;0;0
5;2025-11-05;1;0
5;2025-11-05;2;0
5;2025-11-05;3;0
5;2025-11-05;4;0
5;2025-11-05;5;0
5;2025-11-05;6;0
5;2025-11-05;7;0
5;2025-11-05;8;0
5;2025-11-05;9;0
5;2025-11-05;10;0
5;2025-11-05;11;0
5;2025-11-05;12;0
5;2025-11-05;13;0
5;2025-11-05;14;0
5;2025-11-05;15;0
5;2025-11-05;16;0
5;2025-11-05;17;0
5;2025-11-05;18;0
5;2025-11-05;19;0
5;2025-11-05;20;0
5;2025-11-05;21;0
5;2025-11-05;22;0
5;2025-11-05;23;0
5;2025-11-06;0;0
5;2025-11-06;1;0
5;2025-11-06;2;0
5;2025-11-06;3;0
5;2025-11-06;4;0
5;2025-11-06;5;0
5;2025-11-06;6;0
5;2025-11-06;7;0
5;2025-11-06;8;0
5;2025-11-06;9;0
5;2025-11-06;10;0
5;2025-11-06;11;0
5;2025-11-06;12;0
5;2025-11-06;13;0
5;2025-11-06;14;0
5;2025-11-06;15;0
5;2025-11-06;16;0
5;2025-11-06;17;0
5;2025-11-06;18;0
5;2025-11-06;19;0
5;2025-11-06;20;0
5;2025-11-06;21;0
5;2025-11-06;22;0
5;2025-11-06;23;0
5;2025-11-07;0;0
5;2025-11-07;1;0
5;2025-11-07;2;0
5;2025-11-07;3;0
5;2025-11-07;4;0
5;2025-11-07;5;0
5;2025-11-07;6;0
5;2025-11-07;7;0
5;2025-11-07;8;0
5;2025-11-07;9;0
5;2025-11-07;10;0
5;2025-11-07;11;0
5;2025-11-07;12;0
5;2025-11-07;13;0
5;2025-11-07;14;0
5;2025-11-07;15;0
5;2025-11-07;16;0
5;2025-11-07;17;0
5;2025-11-07;18;0
5;2025-11-07;19;0
5;2025-11-07;20;0
5;2025-11-07;21;0
5;2025-11-07;22;0
5;2025-11-07;23;0
5;2025-11-08;0;0
5;2025-11-08;1;0
5;2025-11-08;2;0
5;2025-11-08;3;0
5;2025-11-08;4;0
5;2025-11-08;5;0
5;2025-11-08;6;0
5;2025-11-08;7;0
5;2025-11-08;8;0
5;2025-11-08;9;0
5;2025-11-08;10;0
5;2025-11-08;11;0
5;2025-11-08;12;0
5;2025-11-08;13;0
5;2025-11-08;14;0
5;2025-11-08;15;0
5;2025-11-08;16;0
5;2025-11-08;17;0
5;2025-11-08;18;0
5;2025-11-08;19;0
5;2025-11-08;20;0
5;2025-11-08;21;0
5;2025-11-08;22;0
5;2025-11-08;23;0
5;2025-11-09;0;0
5;2025-11-09;1;0
5;2025-11-09;2;0
5;2025-11-09;3;0
5;2025-11-09;4;0
5;2025-11-09;5;0
5;2025-11-09;6;0
5;2025-11-09;7;0
5;2025-11-09;8;0
5;2025-11-09;9;0
5;2025-11-09;10;0
5;2025-11-09;11;0
5;2025-11-09;12;0
5;2025-11-09;13;0
5;2025-11-09;14;0
5;2025-11-09;15;0
5;2025-11-09;16;0
5;2025-11-09;17;0
5;2025-11-09;18;0
5;2025-11-09;19;0
5;2025-11-09;20;0
5;2025-11-09;21;0
5;2025-11-09;22;0
5;2025-11-09;23;0
5;2025-11-10;0;0
5;2025-11-10;1;0
5;2025-11-10;2;0
5;2025-11-10;3;0
5;2025-11-10;4;0
5;2025-11-10;5;0
5;2025-11-10;6;0
5;2025-11-10;7;0
5;2025-11-10;8;0
5;2025-11-10;9;0
5;2025-11-10;10;0
5;2025-11-10;11;0
5;2025-11-10;12;0
5;2025-11-10;13;0
5;2025-11-10;14;0
5;2025-11-10;15;0
5;2025-11-10;16;0
5;2025-11-10;17;0
5;2025-11-10;18;0
5;2025-11-10;19;0
5;2025-11-10;20;0
5;2025-11-10;21;0
5;2025-11-10;22;0
5;2025-11-10;23;0
5;2025-11-11;0;0
5;2025-11-11;1;0
5;2025-11-11;2;0
5;2025-11-11;3;0
5;2025-11-11;4;0
5;2025-11-11;5;0
5;2025-11-11;6;0
5;2025-11-11;7;0
5;2025-11-11;8;0
5;2025-11-11;9;0
5;2025-11-11;10;0
5;2025-11-11;11;0
5;2025-11-11;12;0
5;2025-11-11;13;0
5;2025-11-11;14;0
5;2025-11-11;15;0
5;2025-11-11;16;0
5;2025-11-11;17;0
5;2025-11-11;18;0
5;2025-11-11;19;0
5;2025-11-11;20;0
5;2025-11-11;21;0
5;2025-11-11;22;0
5;2025-11-11;23;0
5;2025-11-12;0;0
5;2025-11-12;1;0
5;2025-11-12;2;0
5;2025-11-12;3;0
5;2025-11-12;4;0
5;2025-11-12;5;0
5;2025-11-12;6;0
5;2025-11-12;7;0
5;2025-11-12;8;0
5;2025-11-12;9;0
5;2025-11-12;10;0
5;2025-11-12;11;0
5;2025-11-12;12;0
5;2025-11-12;13;0
5;2025-11-12;14;0
5;2025-11-12;15;0
5;2025-11-12;16;0
5;2025-11-12;17;0
5;2025-11-12;18;0
5;2025-11-12;19;0
5;2025-11-12;20;0
5;2025-11-12;21;0
5;2025-11-12;22;0
5;2025-11-12;23;0
5;2025-11-13;0;0
5;2025-11-13;1;0
5;2025-11-13;2;0
5;2025-11-13;3;0
5;2025-11-13;4;0
5;2025-11-13;5;0
5;2025-11-13;6;0
5;2025-11-13;7;0
5;2025-11-13;8;0
5;2025-11-13;9;0
5;2025-11-13;10;0
5;2025-11-13;11;0
5;2025-11-13;12;0
5;2025-11-13;13;0
5;2025-11-13;14;0
5;2025-11-13;15;0
5;2025-11-13;16;0
5;2025-11-13;17;0
5;2025-11-13;18;0
5;2025-11-13;19;0
5;2025-11-13;20;0
5;2025-11-13;21;0
5;2025-11-13;22;0
5;2025-11-13;23;0
5;2025-11-14;0;0
5;2025-11-14;1;0
5;2025-11-14;2;0
5;2025-11-14;3;0
5;2025-11-14;4;0
5;2025-11-14;5;0
5;2025-11-14;6;0
5;2025-11-14;7;0
5;2025-11-14;8;0
5;2025-11-14;9;0
5;2025-11-14;10;0
5;2025-11-14;11;0
5;2025-11-14;12;0
5;2025-11-14;13;0
5;2025-11-14;14;0
5;2025-11-14;15;0
5;2025-11-14;16;0
5;2025-11-14;17;0
5;2025-11-14;18;0
5;2025-11-14;19;0
5;2025-11-14;20;0
5;2025-11-14;21;0
5;2025-11-14;22;0
5;2025-11-14;23;0
5;2025-11-15;0;0
5;2025-11-15;1;0
5;2025-11-15;2;0
5;2025-11-15;3;0
5;2025-11-15;4;0
5;2025-11-15;5;0
5;2025-11-15;6;0
5;2025-11-15;7;0
5;2025-11-15;8;0
5;2025-11-15;9;0
5;2025-11-15;10;0
5;2025-11-15;11;0
5;2025-11-15;12;0
5;2025-11-15;13;0
5;2025-11-15;14;0
5;2025-11-15;15;0
5;2025-11-15;16;0
5;2025-11-15;17;0
5;2025-11-15;18;0
5;2025-11-15;19;0
5;2025-11-15;20;0
5;2025-11-15;21;0
5;2025-11-15;22;0
5;2025-11-15;23;0
5;2025-11-16;0;0
5;2025-11-16;1;0
5;2025-11-16;2;0
5;2025-11-16;3;0
5;2025-11-16;4;0
5;2025-11-16;5;0
5;2025-11-16;6;0
5;2025-11-16;7;0
5;2025-11-16;8;0
5;2025-11-16;9;0
5;2025-11-16;10;0
5;2025-11-16;11;0
5;2025-11-16;12;0
5;2025-11-16;13;0
5;2025-11-16;14;0
5;2025-11-16;15;0
5;2025-11-16;16;0
5;2025-11-16;17;0
5;2025-11-16;18;0
5;2025-11-16;19;0
5;2025-11-16;20;0
5;2025-11-16;21;0
5;2025-11-16;22;0
5;2025-11-16;23;0
5;2025-11-17;0;0
5;2025-11-17;1;0
5;2025-11-17;2;0
5;2025-11-17;3;0
5;2025-11-17;4;0
5;2025-11-17;5;0
5;2025-11-17;6;0
5;2025-11-17;7;0
5;2025-11-17;8;0
5;2025-11-17;9;0
5;2025-11-17;10;0
5;2025-11-17;11;0
5;2025-11-17;12;0
5;2025-11-17;13;0
5;2025-11-17;14;0
5;2025-11-17;15;0
5;2025-11-17;16;0
5;2025-11-17;17;0
5;2025-11-17;18;0
5;2025-11-17;19;0
5;2025-11-17;20;0
5;2025-11-17;21;0
5;2025-11-17;22;0
5;2025-11-17;23;0
5;2025-11-18;0;0
5;2025-11-18;1;0
5;2025-11-18;2;0
5;2025-11-18;3;0
5;2025-11-18;4;0
5;2025-11-18;5;0
5;2025-11-18;6;0
5;2025-11-18;7;0
5;2025-11-18;8;0
5;2025-11-18;9;0
5;2025-11-18;10;0
5;2025-11-18;11;0
5;2025-11-18;12;0
5;2025-11-18;13;0
5;2025-11-18;14;0
5;2025-11-18;15;0
5;2025-11-18;16;0
5;2025-11-18;17;0
5;2025-11-18;18;0
5;2025-11-18;19;0
5;2025-11-18;20;0
5;2025-11-18;21;0
5;2025-11-18;22;0
5;2025-11-18;23;0
5;2025-11-19;0;0
5;2025-11-19;1;0
5;2025-11-19;2;0
5;2025-11-19;3;0
5;2025-11-19;4;0
5;2025-11-19;5;0
5;2025-11-19;6;0
5;2025-11-19;7;0
5;2025-11-19;8;0
5;2025-11-19;9;0
5;2025-11-19;10;0
5;2025-11-19;11;0
5;2025-11-19;12;0
5;2025-11-19;13;0
5;2025-11-19;14;0
5;2025-11-19;15;0
5;2025-11-19;16;0
5;2025-11-19;17;0
5;2025-11-19;18;0
5;2025-11-19;19;0
5;2025-11-19;20;0
5;2025-11-19;21;0
5;2025-11-19;22;0
5;2025-11-19;23;0
5;2025-11-20;0;0
5;2025-11-20;1;0
5;2025-11-20;2;0
5;2025-11-20;3;0
5;2025-11-20;4;0
5;2025-11-20;5;0
5;2025-11-20;6;0
5;2025-11-20;7;0
5;2025-11-20;8;0
5;2025-11-20;9;0
5;2025-11-20;10;0
5;2025-11-20;11;0
5;2025-11-20;12;0
5;2025-11-20;13;0
5;2025-11-20;14;0
5;2025-11-20;15;0
5;2025-11-20;16;0
5;2025-11-20;17;0
5;2025-11-20;18;0
5;2025-11-20;19;0
5;2025-11-20;20;0
5;2025-11-20;21;0
5;2025-11-20;22;0
5;2025-11-20;23;0
5;2025-11-21;0;0
5;2025-11-21;1;0
5;2025-11-21;2;0
5;2025-11-21;3;0
5;2025-11-21;4;0
5;2025-11-21;5;0
5;2025-11-21;6;0
5;2025-11-21;7;0
5;2025-11-21;8;0
5;2025-11-21;9;0
5;2025-11-21;10;0
5;2025-11-21;11;0
5;2025-11-21;12;0
5;2025-11-21;13;0
5;2025-11-21;14;0
5;2025-11-21;15;0
5;2025-11-21;16;0
5;2025-11-21;17;0
5;2025-11-21;18;0
5;2025-11-21;19;0
5;2025-11-21;20;0
5;2025-11-21;21;0
5;2025-11-21;22;0
5;2025-11-21;23;0
5;2025-11-22;0;0
5;2025-11-22;1;0
5;2025-11-22;2;0
5;2025-11-22;3;0
5;2025-11-22;4;0
5;2025-11-22;5;0
5;2025-11-22;6;0
5;2025-11-22;7;0
5;2025-11-22;8;0
5;2025-11-22;9;0
5;2025-11-22;10;0
5;2025-11-22;11;0
5;2025-11-22;12;0
5;2025-11-22;13;0
5;2025-11-22;14;0
5;2025-11-22;15;0
5;2025-11-22;16;0
5;2025-11-22;17;0
5;2025-11-22;18;0
5;2025-11-22;19;0
5;2025-11-22;20;0
5;2025-11-22;21;0
5;2025-11-22;22;0
5;2025-11-22;23;0
5;2025-11-23;0;0
5;2025-11-23;1;0
5;2025-11-23;2;0
5;2025-11-23;3;0
5;2025-11-23;4;0
5;2025-11-23;5;0
5;2025-11-23;6;0
5;2025-11-23;7;0
5;2025-11-23;8;0
5;2025-11-23;9;0
5;2025-11-23;10;0
5;2025-11-23;11;0
5;2025-11-23;12;0
5;2025-11-23;13;0
5;2025-11-23;14;0
5;2025-11-23;15;0
5;2025-11-23;16;0
5;2025-11-23;17;0
5;2025-11-23;18;0
5;2025-11-23;19;0
5;2025-11-23;20;0
5;2025-11-23;21;0
5;2025-11-23;22;0
5;2025-11-23;23;0
5;2025-11-24;0;0
5;2025-11-24;1;0
5;2025-11-24;2;0
5;2025-11-24;3;0
5;2025-11-24;4;0
5;2025-11-24;5;0
5;2025-11-24;6;0
5;2025-11-24;7;0
5;2025-11-24;8;0
5;2025-11-24;9;0
5;2025-11-24;10;0
5;2025-11-24;11;0
5;2025-11-24;12;0
5;2025-11-24;13;0
5;2025-11-24;14;0
5;2025-11-24;15;0
5;2025-11-24;16;0
5;2025-11-24;17;0
5;2025-11-24;18;0
5;2025-11-24;19;0
5;2025-11-24;20;0
5;2025-11-24;21;0
5;2025-11-24;22;0
5;2025-11-24;23;0
5;2025-11-25;0;0
5;2025-11-25;1;0
5;2025-11-25;2;0
5;2025-11-25;3;0
5;2025-11-25;4;0
5;2025-11-25;5;0
5;2025-11-25;6;0
5;2025-11-25;7;0
5;2025-11-25;8;0
5;2025-11-25;9;0
5;2025-11-25;10;0
5;2025-11-25;11;0
5;2025-11-25;12;0
5;2025-11-25;13;0
5;2025-11-25;14;0
5;2025-11-25;15;0
5;2025-11-25;16;0
5;2025-11-25;17;0
5;2025-11-25;18;0
5;2025-11-25;19;0
5;2025-11-25;20;0
5;2025-11-25;21;0
5;2025-11-25;22;0
5;2025-11-25;23;0
5;2025-11-26;0;0
5;2025-11-26;1;0
5;2025-11-26;2;0
5;2025-11-26;3;0
5;2025-11-26;4;0
5;2025-11-26;5;0
5;2025-11-26;6;0
5;2025-11-26;7;0
5;2025-11-26;8;0
5;2025-11-26;9;0
5;2025-11-26;10;0
5;2025-11-26;11;0
5;2025-11-26;12;0
5;2025-11-26;13;0
5;2025-11-26;14;0
5;2025-11-26;15;0
5;2025-11-26;16;0
5;2025-11-26;17;0
5;2025-11-26;18;0
5;2025-11-26;19;0
5;2025-11-26;20;0
5;2025-11-26;21;0
5;2025-11-26;22;0
5;2025-11-26;23;0
5;2025-11-27;0;0
5;2025-11-27;1;0
5;2025-11-27;2;0
5;2025-11-27;3;0
5;2025-11-27;4;0
5;2025-11-27;5;0
5;2025-11-27;6;0
5;2025-11-27;7;0
5;2025-11-27;8;0
5;2025-11-27;9;0
5;2025-11-27;10;0
5;2025-11-27;11;0
5;2025-11-27;12;0
5;2025-11-27;13;0
5;2025-11-27;14;0
5;2025-11-27;15;0
5;2025-11-27;16;0
5;2025-11-27;17;0
5;2025-11-27;18;0
5;2025-11-27;19;0
5;2025-11-27;20;0
5;2025-11-27;21;0
5;2025-11-27;22;0
5;2025-11-27;23;0
5;2025-11-28;0;0
5;2025-11-28;1;0
5;2025-11-28;2;0
5;2025-11-28;3;0
5;2025-11-28;4;0
5;2025-11-28;5;0
5;2025-11-28;6;0
5;2025-11-28;7;0
5;2025-11-28;8;0
5;2025-11-28;9;0
5;2025-11-28;10;0
5;2025-11-28;11;0
5;2025-11-28;12;0
5;2025-11-28;13;0
5;2025-11-28;14;0
5;2025-11-28;15;0
5;2025-11-28;16;0
5;2025-11-28;17;0
5;2025-11-28;18;0
5;2025-11-28;19;0
5;2025-11-28;20;0
5;2025-11-28;21;0
5;2025-11-28;22;0
5;2025-11-28;23;0
5;2025-11-29;0;0
5;2025-11-29;1;0
5;2025-11-29;2;0
5;2025-11-29;3;0
5;2025-11-29;4;0
5;2025-11-29;5;0
5;2025-11-29;6;0
5;2025-11-29;7;0
5;2025-11-29;8;0
5;2025-11-29;9;0
5;2025-11-29;10;0
5;2025-11-29;11;0
5;2025-11-29;12;0
5;2025-11-29;13;0
5;2025-11-29;14;0
5;2025-11-29;15;0
5;2025-11-29;16;0
5;2025-11-29;17;0
5;2025-11-29;18;0
5;2025-11-29;19;0
5;2025-11-29;20;0
5;2025-11-29;21;0
5;2025-11-29;22;0
5;2025-11-29;23;0
5;2025-11-30;0;0
5;2025-11-30;1;0
5;2025-11-30;2;0
5;2025-11-30;3;0
5;2025-11-30;4;0
5;2025-11-30;5;0
5;2025-11-30;6;0
5;2025-11-30;7;0
5;2025-11-30;8;0
5;2025-11-30;9;0
5;2025-11-30;10;0
5;2025-11-30;11;0
5;2025-11-30;12;0
5;2025-11-30;13;0
5;2025-11-30;14;0
5;2025-11-30;15;0
5;2025-11-30;16;0
5;2025-11-30;17;0
5;2025-11-30;18;0
5;2025-11-30;19;0
5;2025-11-30;20;0
5;2025-11-30;21;0
5;2025-11-30;22;0
5;2025-11-30;23;0
5;2025-12-01;0;0
5;2025-12-01;1;0
5;2025-12-01;2;0
5;2025-12-01;3;0
5;2025-12-01;4;0
5;2025-12-01;5;0
5;2025-12-01;6;0
5;2025-12-01;7;0
5;2025-12-01;8;0
5;2025-12-01;9;0
5;2025-12-01;10;0
5;2025-12-01;11;0
5;2025-12-01;12;0
5;2025-12-01;13;0
5;2025-12-01;14;0
5;2025-12-01;15;0
5;2025-12-01;16;0
5;2025-12-01;17;0
5;2025-12-01;18;0
5;2025-12-01;19;0
5;2025-12-01;20;0
5;2025-12-01;21;0
5;2025-12-01;22;0
5;2025-12-01;23;0
5;2025-12-02;0;0
5;2025-12-02;1;0
5;2025-12-02;2;0
5;2025-12-02;3;0
5;2025-12-02;4;0
5;2025-12-02;5;0
5;2025-12-02;6;0
5;2025-12-02;7;0
5;2025-12-02;8;0
5;2025-12-02;9;0
5;2025-12-02;10;0
5;2025-12-02;11;0
5;2025-12-02;12;0
5;2025-12-02;13;0
5;2025-12-02;14;0
5;2025-12-02;15;0
5;2025-12-02;16;0
5;2025-12-02;17;0
5;2025-12-02;18;0
5;2025-12-02;19;0
5;2025-12-02;20;0
5;2025-12-02;21;0
5;2025-12-02;22;0
5;2025-12-02;23;0
5;2025-12-03;0;0
5;2025-12-03;1;0
5;2025-12-03;2;0
5;2025-12-03;3;0
5;2025-12-03;4;0
5;2025-12-03;5;0
5;2025-12-03;6;0
5;2025-12-03;7;0
5;2025-12-03;8;0
5;2025-12-03;9;0
5;2025-12-03;10;0
5;2025-12-03;11;0
5;2025-12-03;12;0
5;2025-12-03;13;0
5;2025-12-03;14;0
5;2025-12-03;15;0
5;2025-12-03;16;0
5;2025-12-03;17;0
5;2025-12-03;18;0
5;2025-12-03;19;0
5;2025-12-03;20;0
5;2025-12-03;21;0
5;2025-12-03;22;0
5;2025-12-03;23;0
5;2025-12-04;0;0
5;2025-12-04;1;0
5;2025-12-04;2;0
5;2025-12-04;3;0
5;2025-12-04;4;0
5;2025-12-04;5;0
5;2025-12-04;6;0
5;2025-12-04;7;0
5;2025-12-04;8;0
5;2025-12-04;9;0
5;2025-12-04;10;0
5;2025-12-04;11;0
5;2025-12-04;12;0
5;2025-12-04;13;0
5;2025-12-04;14;0
5;2025-12-04;15;0
5;2025-12-04;16;0
5;2025-12-04;17;0
5;2025-12-04;18;0
5;2025-12-04;19;0
5;2025-12-04;20;0
5;2025-12-04;21;0
5;2025-12-04;22;0
5;2025-12-04;23;0
5;2025-12-05;0;0
5;2025-12-05;1;0
5;2025-12-05;2;0
5;2025-12-05;3;0
5;2025-12-05;4;0
5;2025-12-05;5;0
5;2025-12-05;6;0
5;2025-12-05;7;0
5;2025-12-05;8;0
5;2025-12-05;9;0
5;2025-12-05;10;0
5;2025-12-05;11;0
5;2025-12-05;12;0
5;2025-12-05;13;0
5;2025-12-05;14;0
5;2025-12-05;15;0
5;2025-12-05;16;0
5;2025-12-05;17;0
5;2025-12-05;18;0
5;2025-12-05;19;0
5;2025-12-05;20;0
5;2025-12-05;21;0
5;2025-12-05;22;0
5;2025-12-05;23;0
5;2025-12-06;0;0
5;2025-12-06;1;0
5;2025-12-06;2;0
5;2025-12-06;3;0
5;2025-12-06;4;0
5;2025-12-06;5;0
5;2025-12-06;6;0
5;2025-12-06;7;0
5;2025-12-06;8;0
5;2025-12-06;9;0
5;2025-12-06;10;0
5;2025-12-06;11;0
5;2025-12-06;12;0
5;2025-12-06;13;0
5;2025-12-06;14;0
5;2025-12-06;15;0
5;2025-12-06;16;0
5;2025-12-06;17;0
5;2025-12-06;18;0
5;2025-12-06;19;0
5;2025-12-06;20;0
5;2025-12-06;21;0
5;2025-12-06;22;0
5;2025-12-06;23;0
5;2025-12-07;0;0
5;2025-12-07;1;0
5;2025-12-07;2;0
5;2025-12-07;3;0
5;2025-12-07;4;0
5;2025-12-07;5;0
5;2025-12-07;6;0
5;2025-12-07;7;0
5;2025-12-07;8;0
5;2025-12-07;9;0
5;2025-12-07;10;0
5;2025-12-07;11;0
5;2025-12-07;12;0
5;2025-12-07;13;0
5;2025-12-07;14;0
5;2025-12-07;15;0
5;2025-12-07;16;0
5;2025-12-07;17;0
5;2025-12-07;18;0
5;2025-12-07;19;0
5;2025-12-07;20;0
5;2025-12-07;21;0
5;2025-12-07;22;0
5;2025-12-07;23;0
5;2025-12-08;0;0
5;2025-12-08;1;0
5;2025-12-08;2;0
5;2025-12-08;3;0
5;2025-12-08;4;0
5;2025-12-08;5;0
5;2025-12-08;6;0
5;2025-12-08;7;0
5;2025-12-08;8;0
5;2025-12-08;9;0
5;2025-12-08;10;0
5;2025-12-08;11;0
5;2025-12-08;12;0
5;2025-12-08;13;0
5;2025-12-08;14;0
5;2025-12-08;15;0
5;2025-12-08;16;0
5;2025-12-08;17;0
5;2025-12-08;18;0
5;2025-12-08;19;0
5;2025-12-08;20;0
5;2025-12-08;21;0
5;2025-12-08;22;0
5;2025-12-08;23;0
5;2025-12-09;0;0
5;2025-12-09;1;0
5;2025-12-09;2;0
5;2025-12-09;3;0
5;2025-12-09;4;0
5;2025-12-09;5;0
5;2025-12-09;6;0
5;2025-12-09;7;0
5;2025-12-09;8;0
5;2025-12-09;9;0
5;2025-12-09;10;0
5;2025-12-09;11;0
5;2025-12-09;12;0
5;2025-12-09;13;0
5;2025-12-09;14;0
5;2025-12-09;15;0
5;2025-12-09;16;0
5;2025-12-09;17;0
5;2025-12-09;18;0
5;2025-12-09;19;0
5;2025-12-09;20;0
5;2025-12-09;21;0
5;2025-12-09;22;0
5;2025-12-09;23;0
5;2025-12-10;0;0
5;2025-12-10;1;0
5;2025-12-10;2;0
5;2025-12-10;3;0
5;2025-12-10;4;0
5;2025-12-10;5;0
5;2025-12-10;6;0
5;2025-12-10;7;0
5;2025-12-10;8;0
5;2025-12-10;9;0
5;2025-12-10;10;0
5;2025-12-10;11;0
5;2025-12-10;12;0
5;2025-12-10;13;0
5;2025-12-10;14;0
5;2025-12-10;15;0
5;2025-12-10;16;0
5;2025-12-10;17;0
5;2025-12-10;18;0
5;2025-12-10;19;0
5;2025-12-10;20;0
5;2025-12-10;21;0
5;2025-12-10;22;0
5;2025-12-10;23;0
5;2025-12-11;0;0
5;2025-12-11;1;0
5;2025-12-11;2;0
5;2025-12-11;3;0
5;2025-12-11;4;0
5;2025-12-11;5;0
5;2025-12-11;6;0
5;2025-12-11;7;0
5;2025-12-11;8;0
5;2025-12-11;9;0
5;2025-12-11;10;0
5;2025-12-11;11;0
5;2025-12-11;12;0
5;2025-12-11;13;0
5;2025-12-11;14;0
5;2025-12-11;15;0
5;2025-12-11;16;0
5;2025-12-11;17;0
5;2025-12-11;18;0
5;2025-12-11;19;0
5;2025-12-11;20;0
5;2025-12-11;21;0
5;2025-12-11;22;0
5;2025-12-11;23;0
5;2025-12-12;0;0
5;2025-12-12;1;0
5;2025-12-12;2;0
5;2025-12-12;3;0
5;2025-12-12;4;0
5;2025-12-12;5;0
5;2025-12-12;6;0
5;2025-12-12;7;0
5;2025-12-12;8;0
5;2025-12-12;9;0
5;2025-12-12;10;0
5;2025-12-12;11;0
5;2025-12-12;12;0
5;2025-12-12;13;0
5;2025-12-12;14;0
5;2025-12-12;15;0
5;2025-12-12;16;0
5;2025-12-12;17;0
5;2025-12-12;18;0
5;2025-12-12;19;0
5;2025-12-12;20;0
5;2025-12-12;21;0
5;2025-12-12;22;0
5;2025-12-12;23;0
5;2025-12-13;0;0
5;2025-12-13;1;0
5;2025-12-13;2;0
5;2025-12-13;3;0
5;2025-12-13;4;0
5;2025-12-13;5;0
5;2025-12-13;6;0
5;2025-12-13;7;0
5;2025-12-13;8;0
5;2025-12-13;9;0
5;2025-12-13;10;0
5;2025-12-13;11;0
5;2025-12-13;12;0
5;2025-12-13;13;0
5;2025-12-13;14;0
5;2025-12-13;15;0
5;2025-12-13;16;0
5;2025-12-13;17;0
5;2025-12-13;18;0
5;2025-12-13;19;0
5;2025-12-13;20;0
5;2025-12-13;21;0
5;2025-12-13;22;0
5;2025-12-13;23;0
5;2025-12-14;0;0
5;2025-12-14;1;0
5;2025-12-14;2;0
5;2025-12-14;3;0
5;2025-12-14;4;0
5;2025-12-14;5;0
5;2025-12-14;6;0
5;2025-12-14;7;0
5;2025-12-14;8;0
5;2025-12-14;9;0
5;2025-12-14;10;0
5;2025-12-14;11;0
5;2025-12-14;12;0
5;2025-12-14;13;0
5;2025-12-14;14;0
5;2025-12-14;15;0
5;2025-12-14;16;0
5;2025-12-14;17;0
5;2025-12-14;18;0
5;2025-12-14;19;0
5;2025-12-14;20;0
5;2025-12-14;21;0
5;2025-12-14;22;0
5;2025-12-14;23;0
5;2025-12-15;0;0
5;2025-12-15;1;0
5;2025-12-15;2;0
5;2025-12-15;3;0
5;2025-12-15;4;0
5;2025-12-15;5;0
5;2025-12-15;6;0
5;2025-12-15;7;0
5;2025-12-15;8;0
5;2025-12-15;9;0
5;2025-12-15;10;0
5;2025-12-15;11;0
5;2025-12-15;12;0
5;2025-12-15;13;0
5;2025-12-15;14;0
5;2025-12-15;15;0
5;2025-12-15;16;0
5;2025-12-15;17;0
5;2025-12-15;18;0
5;2025-12-15;19;0
5;2025-12-15;20;0
5;2025-12-15;21;0
5;2025-12-15;22;0
5;2025-12-15;23;0
5;2025-12-16;0;0
5;2025-12-16;1;0
5;2025-12-16;2;0
5;2025-12-16;3;0
5;2025-12-16;4;0
5;2025-12-16;5;0
5;2025-12-16;6;0
5;2025-12-16;7;0
5;2025-12-16;8;0
5;2025-12-16;9;0
5;2025-12-16;10;0
5;2025-12-16;11;0
5;2025-12-16;12;0
5;2025-12-16;13;0
5;2025-12-16;14;0
5;2025-12-16;15;0
5;2025-12-16;16;0
5;2025-12-16;17;0
5;2025-12-16;18;0
5;2025-12-16;19;0
5;2025-12-16;20;0
5;2025-12-16;21;0
5;2025-12-16;22;0
5;2025-12-16;23;0
5;2025-12-17;0;0
5;2025-12-17;1;0
5;2025-12-17;2;0
5;2025-12-17;3;0
5;2025-12-17;4;0
5;2025-12-17;5;0
5;2025-12-17;6;0
5;2025-12-17;7;0
5;2025-12-17;8;0
5;2025-12-17;9;0
5;2025-12-17;10;0
5;2025-12-17;11;0
5;2025-12-17;12;0
5;2025-12-17;13;0
5;2025-12-17;14;0
5;2025-12-17;15;0
5;2025-12-17;16;0
5;2025-12-17;17;0
5;2025-12-17;18;0
5;2025-12-17;19;0
5;2025-12-17;20;0
5;2025-12-17;21;0
5;2025-12-17;22;0
5;2025-12-17;23;0
5;2025-12-18;0;0
5;2025-12-18;1;0
5;2025-12-18;2;0
5;2025-12-18;3;0
5;2025-12-18;4;0
5;2025-12-18;5;0
5;2025-12-18;6;0
5;2025-12-18;7;0
5;2025-12-18;8;0
5;2025-12-18;9;0
5;2025-12-18;10;0
5;2025-12-18;11;0
5;2025-12-18;12;0
5;2025-12-18;13;0
5;2025-12-18;14;0
5;2025-12-18;15;0
5;2025-12-18;16;0
5;2025-12-18;17;0
5;2025-12-18;18;0
5;2025-12-18;19;0
5;2025-12-18;20;0
5;2025-12-18;21;0
5;2025-12-18;22;0
5;2025-12-18;23;0
5;2025-12-19;0;0
5;2025-12-19;1;0
5;2025-12-19;2;0
5;2025-12-19;3;0
5;2025-12-19;4;0
5;2025-12-19;5;0
5;2025-12-19;6;0
5;2025-12-19;7;0
5;2025-12-19;8;0
5;2025-12-19;9;0
5;2025-12-19;10;0
5;2025-12-19;11;0
5;2025-12-19;12;0
5;2025-12-19;13;0
5;2025-12-19;14;0
5;2025-12-19;15;0
5;2025-12-19;16;0
5;2025-12-19;17;0
5;2025-12-19;18;0
5;2025-12-19;19;0
5;2025-12-19;20;0
5;2025-12-19;21;0
5;2025-12-19;22;0
5;2025-12-19;23;0
5;2025-12-20;0;0
5;2025-12-20;1;0
5;2025-12-20;2;0
5;2025-12-20;3;0
5;2025-12-20;4;0
5;2025-12-20;5;0
5;2025-12-20;6;0
5;2025-12-20;7;0
5;2025-12-20;8;0
5;2025-12-20;9;0
5;2025-12-20;10;0
5;2025-12-20;11;0
5;2025-12-20;12;0
5;2025-12-20;13;0
5;2025-12-20;14;0
5;2025-12-20;15;0
5;2025-12-20;16;0
5;2025-12-20;17;0
5;2025-12-20;18;0
5;2025-12-20;19;0
5;2025-12-20;20;0
5;2025-12-20;21;0
5;2025-12-20;22;0
5;2025-12-20;23;0
5;2025-12-21;0;0
5;2025-12-21;1;0
5;2025-12-21;2;0
5;2025-12-21;3;0
5;2025-12-21;4;0
5;2025-12-21;5;0
5;2025-12-21;6;0
5;2025-12-21;7;0
5;2025-12-21;8;0
5;2025-12-21;9;0
5;2025-12-21;10;0
5;2025-12-21;11;0
5;2025-12-21;12;0
5;2025-12-21;13;0
5;2025-12-21;14;0
5;2025-12-21;15;0
5;2025-12-21;16;0
5;2025-12-21;17;0
5;2025-12-21;18;0
5;2025-12-21;19;0
5;2025-12-21;20;0
5;2025-12-21;21;0
5;2025-12-21;22;0
5;2025-12-21;23;0
5;2025-12-22;0;0
5;2025-12-22;1;0
5;2025-12-22;2;0
5;2025-12-22;3;0
5;2025-12-22;4;0
5;2025-12-22;5;0
5;2025-12-22;6;0
5;2025-12-22;7;0
5;2025-12-22;8;0
5;2025-12-22;9;0
5;2025-12-22;10;0
5;2025-12-22;11;0
5;2025-12-22;12;0
5;2025-12-22;13;0
5;2025-12-22;14;0
5;2025-12-22;15;0
5;2025-12-22;16;0
5;2025-12-22;17;0
5;2025-12-22;18;0
5;2025-12-22;19;0
5;2025-12-22;20;0
5;2025-12-22;21;0
5;2025-12-22;22;0
5;2025-12-22;23;0
5;2025-12-23;0;0
5;2025-12-23;1;0
5;2025-12-23;2;0
5;2025-12-23;3;0
5;2025-12-23;4;0
5;2025-12-23;5;0
5;2025-12-23;6;0
5;2025-12-23;7;0
5;2025-12-23;8;0
5;2025-12-23;9;0
5;2025-12-23;10;0
5;2025-12-23;11;0
5;2025-12-23;12;0
5;2025-12-23;13;0
5;2025-12-23;14;0
5;2025-12-23;15;0
5;2025-12-23;16;0
5;2025-12-23;17;0
5;2025-12-23;18;0
5;2025-12-23;19;0
5;2025-12-23;20;0
5;2025-12-23;21;0
5;2025-12-23;22;0
5;2025-12-23;23;0
5;2025-12-24;0;0
5;2025-12-24;1;0
5;2025-12-24;2;0
5;2025-12-24;3;0
5;2025-12-24;4;0
5;2025-12-24;5;0
5;2025-12-24;6;0
5;2025-12-24;7;0
5;2025-12-24;8;0
5;2025-12-24;9;0
5;2025-12-24;10;0
5;2025-12-24;11;0
5;2025-12-24;12;0
5;2025-12-24;13;0
5;2025-12-24;14;0
5;2025-12-24;15;0
5;2025-12-24;16;0
5;2025-12-24;17;0
5;2025-12-24;18;0
5;2025-12-24;19;0
5;2025-12-24;20;0
5;2025-12-24;21;0
5;2025-12-24;22;0
5;2025-12-24;23;0
5;2025-12-25;0;0
5;2025-12-25;1;0
5;2025-12-25;2;0
5;2025-12-25;3;0
5;2025-12-25;4;0
5;2025-12-25;5;0
5;2025-12-25;6;0
5;2025-12-25;7;0
5;2025-12-25;8;0
5;2025-12-25;9;0
5;2025-12-25;10;0
5;2025-12-25;11;0
5;2025-12-25;12;0
5;2025-12-25;13;0
5;2025-12-25;14;0
5;2025-12-25;15;0
5;2025-12-25;16;0
5;2025-12-25;17;0
5;2025-12-25;18;0
5;2025-12-25;19;0
5;2025-12-25;20;0
5;2025-12-25;21;0
5;2025-12-25;22;0
5;2025-12-25;23;0
5;2025-12-26;0;0
5;2025-12-26;1;0
5;2025-12-26;2;0
5;2025-12-26;3;0
5;2025-12-26;4;0
5;2025-12-26;5;0
5;2025-12-26;6;0
5;2025-12-26;7;0
5;2025-12-26;8;0
5;2025-12-26;9;0
5;2025-12-26;10;0
5;2025-12-26;11;0
5;2025-12-26;12;0
5;2025-12-26;13;0
5;2025-12-26;14;0
5;2025-12-26;15;0
5;2025-12-26;16;0
5;2025-12-26;17;0
5;2025-12-26;18;0
5;2025-12-26;19;0
5;2025-12-26;20;0
5;2025-12-26;21;0
5;2025-12-26;22;0
5;2025-12-26;23;0
5;2025-12-27;0;0
5;2025-12-27;1;0
5;2025-12-27;2;0
5;2025-12-27;3;0
5;2025-12-27;4;0
5;2025-12-27;5;0
5;2025-12-27;6;0
5;2025-12-27;7;0
5;2025-12-27;8;0
5;2025-12-27;9;0
5;2025-12-27;10;0
5;2025-12-27;11;0
5;2025-12-27;12;0
5;2025-12-27;13;0
5;2025-12-27;14;0
5;2025-12-27;15;0
5;2025-12-27;16;0
5;2025-12-27;17;0
5;2025-12-27;18;0
5;2025-12-27;19;0
5;2025-12-27;20;0
5;2025-12-27;21;0
5;2025-12-27;22;0
5;2025-12-27;23;0
5;2025-12-28;0;0
5;2025-12-28;1;0
5;2025-12-28;2;0
5;2025-12-28;3;0
5;2025-12-28;4;0
5;2025-12-28;5;0
5;2025-12-28;6;0
5;2025-12-28;7;0
5;2025-12-28;8;0
5;2025-12-28;9;0
5;2025-12-28;10;0
5;2025-12-28;11;0
5;2025-12-28;12;0
5;2025-12-28;13;0
5;2025-12-28;14;0
5;2025-12-28;15;0
5;2025-12-28;16;0
5;2025-12-28;17;0
5;2025-12-28;18;0
5;2025-12-28;19;0
5;2025-12-28;20;0
5;2025-12-28;21;0
5;2025-12-28;22;0
5;2025-12-28;23;0
5;2025-12-29;0;0
5;2025-12-29;1;0
5;2025-12-29;2;0
5;2025-12-29;3;0
5;2025-12-29;4;0
5;2025-12-29;5;0
5;2025-12-29;6;0
5;2025-12-29;7;0
5;2025-12-29;8;0
5;2025-12-29;9;0
5;2025-12-29;10;0
5;2025-12-29;11;0
5;2025-12-29;12;0
5;2025-12-29;13;0
5;2025-12-29;14;0
5;2025-12-29;15;0
5;2025-12-29;16;0
5;2025-12-29;17;0
5;2025-12-29;18;0
5;2025-12-29;19;0
5;2025-12-29;20;0
5;2025-12-29;21;0
5;2025-12-29;22;0
5;2025-12-29;23;0
5;2025-12-30;0;0
5;2025-12-30;1;0
5;2025-12-30;2;0
5;2025-12-30;3;0
5;2025-12-30;4;0
5;2025-12-30;5;0
5;2025-12-30;6;0
5;2025-12-30;7;0
5;2025-12-30;8;0
5;2025-12-30;9;0
5;2025-12-30;10;0
5;2025-12-30;11;0
5;2025-12-30;12;0
5;2025-12-30;13;0
5;2025-12-30;14;0
5;2025-12-30;15;0
5;2025-12-30;16;0
5;2025-12-30;17;0
5;2025-12-30;18;0
5;2025-12-30;19;0
5;2025-12-30;20;0
5;2025-12-30;21;0
5;2025-12-30;22;0
5;2025-12-30;23;0
5;2025-12-31;0;0
5;2025-12-31;1;0
5;2025-12-31;2;0
5;2025-12-31;3;0
5;2025-12-31;4;0
5;2025-12-31;5;0
5;2025-12-31;6;0
5;2025-12-31;7;0
5;2025-12-31;8;0
5;2025-12-31;9;0
5;2025-12-31;10;0
5;2025-12-31;11;0
5;2025-12-31;12;0
5;2025-12-31;13;0
5;2025-12-31;14;0
5;2025-12-31;15;0
5;2025-12-31;16;0
5;2025-12-31;17;0
5;2025-12-31;18;0
5;2025-12-31;19;0
5;2025-12-31;20;0
5;2025-12-31;21;0
5;2025-12-31;22;0
5;2025-12-31;23;0
7;2025-11-01;0;85
7;2025-11-01;1;19
7;2025-11-01;2;0
7;2025-11-01;3;0
7;2025-11-01;4;0
7;2025-11-01;5;49
7;2025-11-01;6;232
7;2025-11-01;7;382
7;2025-11-01;8;636
7;2025-11-01;9;610
7;2025-11-01;10;637
7;2025-11-01;11;818
7;2025-11-01;12;1026
7;2025-11-01;13;947
7;2025-11-01;14;1002
7;2025-11-01;15;994
7;2025-11-01;16;900
7;2025-11-01;17;846
7;2025-11-01;18;793
7;2025-11-01;19;707
7;2025-11-01;20;475
7;2025-11-01;21;418
7;2025-11-01;22;239
7;2025-11-01;23;189
7;2025-11-02;0;110
7;2025-11-02;1;21
7;2025-11-02;2;0
7;2025-11-02;3;0
7;2025-11-02;4;0
7;2025-11-02;5;38
7;2025-11-02;6;191
7;2025-11-02;7;283
7;2025-11-02;8;494
7;2025-11-02;9;620
7;2025-11-02;10;677
7;2025-11-02;11;917
7;2025-11-02;12;1024
7;2025-11-02;13;1113
7;2025-11-02;14;1186
7;2025-11-02;15;1160
7;2025-11-02;16;1109
7;2025-11-02;17;1109
7;2025-11-02;18;955
7;2025-11-02;19;825
7;2025-11-02;20;642
7;2025-11-02;21;505
7;2025-11-02;22;264
7;2025-11-02;23;166
7;2025-11-03;0;74
7;2025-11-03;1;12
7;2025-11-03;2;0
7;2025-11-03;3;0
7;2025-11-03;4;0
7;2025-11-03;5;139
7;2025-11-03;6;424
7;2025-11-03;7;609
7;2025-11-03;8;883
7;2025-11-03;9;847
7;2025-11-03;10;870
7;2025-11-03;11;914
7;2025-11-03;12;983
7;2025-11-03;13;978
7;2025-11-03;14;1010
7;2025-11-03;15;1009
7;2025-11-03;16;985
7;2025-11-03;17;1125
7;2025-11-03;18;1105
7;2025-11-03;19;1030
7;2025-11-03;20;747
7;2025-11-03;21;519
7;2025-11-03;22;264
7;2025-11-03;23;172
7;2025-11-04;0;67
7;2025-11-04;1;19
7;2025-11-04;2;0
7;2025-11-04;3;0
7;2025-11-04;4;2
7;2025-11-04;5;143
7;2025-11-04;6;399
7;2025-11-04;7;572
7;2025-11-04;8;840
7;2025-11-04;9;790
7;2025-11-04;10;827
7;2025-11-04;11;848
7;2025-11-04;12;912
7;2025-11-04;13;954
7;2025-11-04;14;1065
7;2025-11-04;15;1077
7;2025-11-04;16;986
7;2025-11-04;17;1086
7;2025-11-04;18;1082
7;2025-11-04;19;997
7;2025-11-04;20;728
7;2025-11-04;21;508
7;2025-11-04;22;291
7;2025-11-04;23;171
7;2025-11-05;0;61
7;2025-11-05;1;12
7;2025-11-05;2;0
7;2025-11-05;3;0
7;2025-11-05;4;1
7;2025-11-05;5;196
7;2025-11-05;6;664
7;2025-11-05;7;1548
7;2025-11-05;8;2603
7;2025-11-05;9;1889
7;2025-11-05;10;1614
7;2025-11-05;11;1421
7;2025-11-05;12;1515
7;2025-11-05;13;1534
7;2025-11-05;14;1573
7;2025-11-05;15;1761
7;2025-11-05;16;1853
7;2025-11-05;17;2387
7;2025-11-05;18;2592
7;2025-11-05;19;1675
7;2025-11-05;20;1017
7;2025-11-05;21;607
7;2025-11-05;22;315
7;2025-11-05;23;180
7;2025-11-06;0;60
7;2025-11-06;1;9
7;2025-11-06;2;0
7;2025-11-06;3;0
7;2025-11-06;4;2
7;2025-11-06;5;196
7;2025-11-06;6;705
7;2025-11-06;7;1568
7;2025-11-06;8;2475
7;2025-11-06;9;1790
7;2025-11-06;10;1502
7;2025-11-06;11;1360
7;2025-11-06;12;1466
7;2025-11-06;13;1508
7;2025-11-06;14;1617
7;2025-11-06;15;1657
7;2025-11-06;16;1777
7;2025-11-06;17;2260
7;2025-11-06;18;2599
7;2025-11-06;19;1627
7;2025-11-06;20;971
7;2025-11-06;21;638
7;2025-11-06;22;297
7;2025-11-06;23;182
7;2025-11-07;0;67
7;2025-11-07;1;7
7;2025-11-07;2;0
7;2025-11-07;3;0
7;2025-11-07;4;2
7;2025-11-07;5;191
7;2025-11-07;6;642
7;2025-11-07;7;1509
7;2025-11-07;8;2352
7;2025-11-07;9;1724
7;2025-11-07;10;1499
7;2025-11-07;11;1403
7;2025-11-07;12;1529
7;2025-11-07;13;1652
7;2025-11-07;14;1685
7;2025-11-07;15;1805
7;2025-11-07;16;2008
7;2025-11-07;17;2201
7;2025-11-07;18;2061
7;2025-11-07;19;1420
7;2025-11-07;20;946
7;2025-11-07;21;615
7;2025-11-07;22;331
7;2025-11-07;23;209
7;2025-11-08;0;93
7;2025-11-08;1;18
7;2025-11-08;2;0
7;2025-11-08;3;0
7;2025-11-08;4;2
7;2025-11-08;5;58
7;2025-11-08;6;273
7;2025-11-08;7;459
7;2025-11-08;8;741
7;2025-11-08;9;785
7;2025-11-08;10;845
7;2025-11-08;11;980
7;2025-11-08;12;1109
7;2025-11-08;13;1125
7;2025-11-08;14;1140
7;2025-11-08;15;1140
7;2025-11-08;16;1102
7;2025-11-08;17;1031
7;2025-11-08;18;996
7;2025-11-08;19;938
7;2025-11-08;20;726
7;2025-11-08;21;596
7;2025-11-08;22;297
7;2025-11-08;23;196
7;2025-11-09;0;106
7;2025-11-09;1;19
7;2025-11-09;2;0
7;2025-11-09;3;0
7;2025-11-09;4;0
7;2025-11-09;5;37
7;2025-11-09;6;195
7;2025-11-09;7;288
7;2025-11-09;8;507
7;2025-11-09;9;637
7;2025-11-09;10;687
7;2025-11-09;11;857
7;2025-11-09;12;928
7;2025-11-09;13;980
7;2025-11-09;14;1041
7;2025-11-09;15;1020
7;2025-11-09;16;962
7;2025-11-09;17;977
7;2025-11-09;18;845
7;2025-11-09;19;742
7;2025-11-09;20;616
7;2025-11-09;21;489
7;2025-11-09;22;250
7;2025-11-09;23;148
7;2025-11-10;0;66
7;2025-11-10;1;11
7;2025-11-10;2;0
7;2025-11-10;3;0
7;2025-11-10;4;3
7;2025-11-10;5;197
7;2025-11-10;6;732
7;2025-11-10;7;1588
7;2025-11-10;8;2436
7;2025-11-10;9;1809
7;2025-11-10;10;1510
7;2025-11-10;11;1324
7;2025-11-10;12;1456
7;2025-11-10;13;1446
7;2025-11-10;14;1515
7;2025-11-10;15;1651
7;2025-11-10;16;1793
7;2025-11-10;17;2313
7;2025-11-10;18;2564
7;2025-11-10;19;1718
7;2025-11-10;20;1042
7;2025-11-10;21;585
7;2025-11-10;22;260
7;2025-11-10;23;158
7;2025-11-11;0;49
7;2025-11-11;1;10
7;2025-11-11;2;0
7;2025-11-11;3;0
7;2025-11-11;4;0
7;2025-11-11;5;201
7;2025-11-11;6;751
7;2025-11-11;7;1680
7;2025-11-11;8;2504
7;2025-11-11;9;1824
7;2025-11-11;10;1560
7;2025-11-11;11;1450
7;2025-11-11;12;1533
7;2025-11-11;13;1519
7;2025-11-11;14;1560
7;2025-11-11;15;1729
7;2025-11-11;16;1796
7;2025-11-11;17;2316
7;2025-11-11;18;2623
7;2025-11-11;19;1790
7;2025-11-11;20;1058
7;2025-11-11;21;647
7;2025-11-11;22;297
7;2025-11-11;23;163
7;2025-11-12;0;53
7;2025-11-12;1;9
7;2025-11-12;2;0
7;2025-11-12;3;0
7;2025-11-12;4;1
7;2025-11-12;5;196
7;2025-11-12;6;733
7;2025-11-12;7;1599
7;2025-11-12;8;2646
7;2025-11-12;9;1947
7;2025-11-12;10;1657
7;2025-11-12;11;1442
7;2025-11-12;12;1512
7;2025-11-12;13;1508
7;2025-11-12;14;1559
7;2025-11-12;15;1749
7;2025-11-12;16;1850
7;2025-11-12;17;2420
7;2025-11-12;18;2616
7;2025-11-12;19;1695
7;2025-11-12;20;1049
7;2025-11-12;21;650
7;2025-11-12;22;314
7;2025-11-12;23;178
7;2025-11-13;0;63
7;2025-11-13;1;12
7;2025-11-13;2;0
7;2025-11-13;3;0
7;2025-11-13;4;1
7;2025-11-13;5;195
7;2025-11-13;6;734
7;2025-11-13;7;1605
7;2025-11-13;8;2543
7;2025-11-13;9;1824
7;2025-11-13;10;1537
7;2025-11-13;11;1402
7;2025-11-13;12;1477
7;2025-11-13;13;1528
7;2025-11-13;14;1634
7;2025-11-13;15;1677
7;2025-11-13;16;1807
7;2025-11-13;17;2327
7;2025-11-13;18;2657
7;2025-11-13;19;1659
7;2025-11-13;20;1026
7;2025-11-13;21;640
7;2025-11-13;22;297
7;2025-11-13;23;184
7;2025-11-14;0;66
7;2025-11-14;1;9
7;2025-11-14;2;0
7;2025-11-14;3;0
7;2025-11-14;4;1
7;2025-11-14;5;197
7;2025-11-14;6;672
7;2025-11-14;7;1566
7;2025-11-14;8;2414
7;2025-11-14;9;1780
7;2025-11-14;10;1529
7;2025-11-14;11;1460
7;2025-11-14;12;1564
7;2025-11-14;13;1660
7;2025-11-14;14;1700
7;2025-11-14;15;1822
7;2025-11-14;16;2054
7;2025-11-14;17;2266
7;2025-11-14;18;2124
7;2025-11-14;19;1464
7;2025-11-14;20;965
7;2025-11-14;21;618
7;2025-11-14;22;331
7;2025-11-14;23;208
7;2025-11-15;0;85
7;2025-11-15;1;14
7;2025-11-15;2;0
7;2025-11-15;3;0
7;2025-11-15;4;1
7;2025-11-15;5;54
7;2025-11-15;6;266
7;2025-11-15;7;450
7;2025-11-15;8;713
7;2025-11-15;9;771
7;2025-11-15;10;814
7;2025-11-15;11;1014
7;2025-11-15;12;1115
7;2025-11-15;13;1155
7;2025-11-15;14;1219
7;2025-11-15;15;1217
7;2025-11-15;16;1172
7;2025-11-15;17;1092
7;2025-11-15;18;1058
7;2025-11-15;19;1017
7;2025-11-15;20;824
7;2025-11-15;21;641
7;2025-11-15;22;319
7;2025-11-15;23;206
7;2025-11-16;0;104
7;2025-11-16;1;19
7;2025-11-16;2;0
7;2025-11-16;3;1
7;2025-11-16;4;1
7;2025-11-16;5;38
7;2025-11-16;6;202
7;2025-11-16;7;311
7;2025-11-16;8;527
7;2025-11-16;9;685
7;2025-11-16;10;770
7;2025-11-16;11;943
7;2025-11-16;12;1005
7;2025-11-16;13;1068
7;2025-11-16;14;1128
7;2025-11-16;15;1086
7;2025-11-16;16;997
7;2025-11-16;17;1012
7;2025-11-16;18;881
7;2025-11-16;19;785
7;2025-11-16;20;648
7;2025-11-16;21;502
7;2025-11-16;22;260
7;2025-11-16;23;151
7;2025-11-17;0;62
7;2025-11-17;1;9
7;2025-11-17;2;0
7;2025-11-17;3;0
7;2025-11-17;4;1
7;2025-11-17;5;195
7;2025-11-17;6;753
7;2025-11-17;7;1601
7;2025-11-17;8;2497
7;2025-11-17;9;1828
7;2025-11-17;10;1494
7;2025-11-17;11;1311
7;2025-11-17;12;1416
7;2025-11-17;13;1391
7;2025-11-17;14;1486
7;2025-11-17;15;1638
7;2025-11-17;16;1787
7;2025-11-17;17;2357
7;2025-11-17;18;2595
7;2025-11-17;19;1695
7;2025-11-17;20;1016
7;2025-11-17;21;562
7;2025-11-17;22;254
7;2025-11-17;23;151
7;2025-11-18;0;44
7;2025-11-18;1;7
7;2025-11-18;2;0
7;2025-11-18;3;0
7;2025-11-18;4;0
7;2025-11-18;5;194
7;2025-11-18;6;747
7;2025-11-18;7;1679
7;2025-11-18;8;2518
7;2025-11-18;9;1836
7;2025-11-18;10;1516
7;2025-11-18;11;1429
7;2025-11-18;12;1515
7;2025-11-18;13;1489
7;2025-11-18;14;1537
7;2025-11-18;15;1703
7;2025-11-18;16;1763
7;2025-11-18;17;2325
7;2025-11-18;18;2635
7;2025-11-18;19;1781
7;2025-11-18;20;1036
7;2025-11-18;21;633
7;2025-11-18;22;289
7;2025-11-18;23;147
7;2025-11-19;0;50
7;2025-11-19;1;6
7;2025-11-19;2;0
7;2025-11-19;3;0
7;2025-11-19;4;0
7;2025-11-19;5;195
7;2025-11-19;6;755
7;2025-11-19;7;1613
7;2025-11-19;8;2634
7;2025-11-19;9;1941
7;2025-11-19;10;1649
7;2025-11-19;11;1451
7;2025-11-19;12;1515
7;2025-11-19;13;1527
7;2025-11-19;14;1567
7;2025-11-19;15;1765
7;2025-11-19;16;1873
7;2025-11-19;17;2422
7;2025-11-19;18;2594
7;2025-11-19;19;1725
7;2025-11-19;20;1069
7;2025-11-19;21;657
7;2025-11-19;22;320
7;2025-11-19;23;171
7;2025-11-20;0;58
7;2025-11-20;1;10
7;2025-11-20;2;0
7;2025-11-20;3;0
7;2025-11-20;4;0
7;2025-11-20;5;195
7;2025-11-20;6;757
7;2025-11-20;7;1622
7;2025-11-20;8;2529
7;2025-11-20;9;1858
7;2025-11-20;10;1559
7;2025-11-20;11;1440
7;2025-11-20;12;1507
7;2025-11-20;13;1552
7;2025-11-20;14;1650
7;2025-11-20;15;1694
7;2025-11-20;16;1823
7;2025-11-20;17;2334
7;2025-11-20;18;2645
7;2025-11-20;19;1671
7;2025-11-20;20;1041
7;2025-11-20;21;632
7;2025-11-20;22;290
7;2025-11-20;23;177
7;2025-11-21;0;63
7;2025-11-21;1;6
7;2025-11-21;2;0
7;2025-11-21;3;0
7;2025-11-21;4;1
7;2025-11-21;5;184
7;2025-11-21;6;666
7;2025-11-21;7;1583
7;2025-11-21;8;2396
7;2025-11-21;9;1798
7;2025-11-21;10;1539
7;2025-11-21;11;1468
7;2025-11-21;12;1559
7;2025-11-21;13;1670
7;2025-11-21;14;1703
7;2025-11-21;15;1831
7;2025-11-21;16;2048
7;2025-11-21;17;2272
7;2025-11-21;18;2128
7;2025-11-21;19;1474
7;2025-11-21;20;999
7;2025-11-21;21;628
7;2025-11-21;22;333
7;2025-11-21;23;206
7;2025-11-22;0;92
7;2025-11-22;1;20
7;2025-11-22;2;0
7;2025-11-22;3;0
7;2025-11-22;4;1
7;2025-11-22;5;55
7;2025-11-22;6;277
7;2025-11-22;7;467
7;2025-11-22;8;750
7;2025-11-22;9;825
7;2025-11-22;10;893
7;2025-11-22;11;1096
7;2025-11-22;12;1182
7;2025-11-22;13;1199
7;2025-11-22;14;1234
7;2025-11-22;15;1217
7;2025-11-22;16;1176
7;2025-11-22;17;1114
7;2025-11-22;18;1071
7;2025-11-22;19;1009
7;2025-11-22;20;776
7;2025-11-22;21;605
7;2025-11-22;22;298
7;2025-11-22;23;192
7;2025-11-23;0;100
7;2025-11-23;1;20
7;2025-11-23;2;0
7;2025-11-23;3;0
7;2025-11-23;4;0
7;2025-11-23;5;38
7;2025-11-23;6;200
7;2025-11-23;7;295
7;2025-11-23;8;520
7;2025-11-23;9;669
7;2025-11-23;10;756
7;2025-11-23;11;958
7;2025-11-23;12;1044
7;2025-11-23;13;1119
7;2025-11-23;14;1177
7;2025-11-23;15;1148
7;2025-11-23;16;1080
7;2025-11-23;17;1077
7;2025-11-23;18;925
7;2025-11-23;19;810
7;2025-11-23;20;679
7;2025-11-23;21;496
7;2025-11-23;22;253
7;2025-11-23;23;147
7;2025-11-24;0;59
7;2025-11-24;1;6
7;2025-11-24;2;0
7;2025-11-24;3;0
7;2025-11-24;4;0
7;2025-11-24;5;190
7;2025-11-24;6;713
7;2025-11-24;7;1596
7;2025-11-24;8;2426
7;2025-11-24;9;1836
7;2025-11-24;10;1497
7;2025-11-24;11;1299
7;2025-11-24;12;1428
7;2025-11-24;13;1429
7;2025-11-24;14;1480
7;2025-11-24;15;1615
7;2025-11-24;16;1780
7;2025-11-24;17;2302
7;2025-11-24;18;2533
7;2025-11-24;19;1703
7;2025-11-24;20;1052
7;2025-11-24;21;597
7;2025-11-24;22;258
7;2025-11-24;23;154
7;2025-11-25;0;47
7;2025-11-25;1;4
7;2025-11-25;2;0
7;2025-11-25;3;0
7;2025-11-25;4;0
7;2025-11-25;5;203
7;2025-11-25;6;759
7;2025-11-25;7;1687
7;2025-11-25;8;2468
7;2025-11-25;9;1859
7;2025-11-25;10;1571
7;2025-11-25;11;1463
7;2025-11-25;12;1552
7;2025-11-25;13;1522
7;2025-11-25;14;1553
7;2025-11-25;15;1715
7;2025-11-25;16;1791
7;2025-11-25;17;2303
7;2025-11-25;18;2578
7;2025-11-25;19;1806
7;2025-11-25;20;1090
7;2025-11-25;21;645
7;2025-11-25;22;295
7;2025-11-25;23;156
7;2025-11-26;0;55
7;2025-11-26;1;10
7;2025-11-26;2;0
7;2025-11-26;3;0
7;2025-11-26;4;2
7;2025-11-26;5;189
7;2025-11-26;6;755
7;2025-11-26;7;1607
7;2025-11-26;8;2558
7;2025-11-26;9;1954
7;2025-11-26;10;1681
7;2025-11-26;11;1453
7;2025-11-26;12;1521
7;2025-11-26;13;1515
7;2025-11-26;14;1558
7;2025-11-26;15;1742
7;2025-11-26;16;1844
7;2025-11-26;17;2388
7;2025-11-26;18;2538
7;2025-11-26;19;1714
7;2025-11-26;20;1086
7;2025-11-26;21;671
7;2025-11-26;22;318
7;2025-11-26;23;176
7;2025-11-27;0;64
7;2025-11-27;1;15
7;2025-11-27;2;0
7;2025-11-27;3;0
7;2025-11-27;4;0
7;2025-11-27;5;193
7;2025-11-27;6;774
7;2025-11-27;7;1610
7;2025-11-27;8;2449
7;2025-11-27;9;1876
7;2025-11-27;10;1578
7;2025-11-27;11;1457
7;2025-11-27;12;1532
7;2025-11-27;13;1553
7;2025-11-27;14;1659
7;2025-11-27;15;1687
7;2025-11-27;16;1815
7;2025-11-27;17;2297
7;2025-11-27;18;2568
7;2025-11-27;19;1678
7;2025-11-27;20;1082
7;2025-11-27;21;674
7;2025-11-27;22;304
7;2025-11-27;23;191
7;2025-11-28;0;69
7;2025-11-28;1;16
7;2025-11-28;2;0
7;2025-11-28;3;0
7;2025-11-28;4;1
7;2025-11-28;5;194
7;2025-11-28;6;684
7;2025-11-28;7;1553
7;2025-11-28;8;2297
7;2025-11-28;9;1797
7;2025-11-28;10;1558
7;2025-11-28;11;1508
7;2025-11-28;12;1589
7;2025-11-28;13;1691
7;2025-11-28;14;1717
7;2025-11-28;15;1822
7;2025-11-28;16;2047
7;2025-11-28;17;2239
7;2025-11-28;18;2093
7;2025-11-28;19;1513
7;2025-11-28;20;1037
7;2025-11-28;21;664
7;2025-11-28;22;345
7;2025-11-28;23;220
7;2025-11-29;0;89
7;2025-11-29;1;25
7;2025-11-29;2;0
7;2025-11-29;3;0
7;2025-11-29;4;1
7;2025-11-29;5;58
7;2025-11-29;6;259
7;2025-11-29;7;446
7;2025-11-29;8;756
7;2025-11-29;9;814
7;2025-11-29;10;853
7;2025-11-29;11;1060
7;2025-11-29;12;1175
7;2025-11-29;13;1191
7;2025-11-29;14;1217
7;2025-11-29;15;1204
7;2025-11-29;16;1164
7;2025-11-29;17;1075
7;2025-11-29;18;1024
7;2025-11-29;19;972
7;2025-11-29;20;750
7;2025-11-29;21;603
7;2025-11-29;22;290
7;2025-11-29;23;188
7;2025-11-30;0;95
7;2025-11-30;1;24
7;2025-11-30;2;0
7;2025-11-30;3;1
7;2025-11-30;4;1
7;2025-11-30;5;42
7;2025-11-30;6;183
7;2025-11-30;7;278
7;2025-11-30;8;487
7;2025-11-30;9;641
7;2025-11-30;10;719
7;2025-11-30;11;879
7;2025-11-30;12;961
7;2025-11-30;13;1037
7;2025-11-30;14;1084
7;2025-11-30;15;1049
7;2025-11-30;16;980
7;2025-11-30;17;984
7;2025-11-30;18;831
7;2025-11-30;19;743
7;2025-11-30;20;638
7;2025-11-30;21;479
7;2025-11-30;22;240
7;2025-11-30;23;146
7;2025-12-01;0;61
7;2025-12-01;1;17
7;2025-12-01;2;0
7;2025-12-01;3;0
7;2025-12-01;4;2
7;2025-12-01;5;163
7;2025-12-01;6;621
7;2025-12-01;7;1408
7;2025-12-01;8;2102
7;2025-12-01;9;1641
7;2025-12-01;10;1371
7;2025-12-01;11;1267
7;2025-12-01;12;1353
7;2025-12-01;13;1358
7;2025-12-01;14;1384
7;2025-12-01;15;1495
7;2025-12-01;16;1639
7;2025-12-01;17;2042
7;2025-12-01;18;2222
7;2025-12-01;19;1535
7;2025-12-01;20;953
7;2025-12-01;21;509
7;2025-12-01;22;234
7;2025-12-01;23;141
7;2025-12-02;0;48
7;2025-12-02;1;11
7;2025-12-02;2;0
7;2025-12-02;3;0
7;2025-12-02;4;0
7;2025-12-02;5;168
7;2025-12-02;6;625
7;2025-12-02;7;1512
7;2025-12-02;8;2139
7;2025-12-02;9;1672
7;2025-12-02;10;1412
7;2025-12-02;11;1340
7;2025-12-02;12;1432
7;2025-12-02;13;1395
7;2025-12-02;14;1425
7;2025-12-02;15;1563
7;2025-12-02;16;1614
7;2025-12-02;17;2025
7;2025-12-02;18;2276
7;2025-12-02;19;1632
7;2025-12-02;20;977
7;2025-12-02;21;572
7;2025-12-02;22;267
7;2025-12-02;23;141
7;2025-12-03;0;54
7;2025-12-03;1;16
7;2025-12-03;2;0
7;2025-12-03;3;0
7;2025-12-03;4;0
7;2025-12-03;5;158
7;2025-12-03;6;632
7;2025-12-03;7;1435
7;2025-12-03;8;2263
7;2025-12-03;9;1731
7;2025-12-03;10;1517
7;2025-12-03;11;1369
7;2025-12-03;12;1425
7;2025-12-03;13;1426
7;2025-12-03;14;1434
7;2025-12-03;15;1623
7;2025-12-03;16;1719
7;2025-12-03;17;2142
7;2025-12-03;18;2274
7;2025-12-03;19;1554
7;2025-12-03;20;971
7;2025-12-03;21;582
7;2025-12-03;22;291
7;2025-12-03;23;162
7;2025-12-04;0;61
7;2025-12-04;1;19
7;2025-12-04;2;1
7;2025-12-04;3;0
7;2025-12-04;4;1
7;2025-12-04;5;160
7;2025-12-04;6;639
7;2025-12-04;7;1443
7;2025-12-04;8;2159
7;2025-12-04;9;1686
7;2025-12-04;10;1429
7;2025-12-04;11;1358
7;2025-12-04;12;1414
7;2025-12-04;13;1439
7;2025-12-04;14;1501
7;2025-12-04;15;1537
7;2025-12-04;16;1656
7;2025-12-04;17;2053
7;2025-12-04;18;2300
7;2025-12-04;19;1523
7;2025-12-04;20;967
7;2025-12-04;21;590
7;2025-12-04;22;279
7;2025-12-04;23;172
7;2025-12-05;0;64
7;2025-12-05;1;22
7;2025-12-05;2;0
7;2025-12-05;3;0
7;2025-12-05;4;2
7;2025-12-05;5;161
7;2025-12-05;6;564
7;2025-12-05;7;1439
7;2025-12-05;8;2057
7;2025-12-05;9;1628
7;2025-12-05;10;1422
7;2025-12-05;11;1407
7;2025-12-05;12;1461
7;2025-12-05;13;1550
7;2025-12-05;14;1578
7;2025-12-05;15;1671
7;2025-12-05;16;1855
7;2025-12-05;17;2035
7;2025-12-05;18;1890
7;2025-12-05;19;1412
7;2025-12-05;20;917
7;2025-12-05;21;563
7;2025-12-05;22;314
7;2025-12-05;23;200
7;2025-12-06;0;86
7;2025-12-06;1;32
7;2025-12-06;2;1
7;2025-12-06;3;0
7;2025-12-06;4;3
7;2025-12-06;5;57
7;2025-12-06;6;243
7;2025-12-06;7;405
7;2025-12-06;8;666
7;2025-12-06;9;726
7;2025-12-06;10;778
7;2025-12-06;11;986
7;2025-12-06;12;1103
7;2025-12-06;13;1106
7;2025-12-06;14;1131
7;2025-12-06;15;1108
7;2025-12-06;16;1076
7;2025-12-06;17;995
7;2025-12-06;18;947
7;2025-12-06;19;902
7;2025-12-06;20;672
7;2025-12-06;21;546
7;2025-12-06;22;284
7;2025-12-06;23;190
7;2025-12-07;0;96
7;2025-12-07;1;29
7;2025-12-07;2;0
7;2025-12-07;3;1
7;2025-12-07;4;0
7;2025-12-07;5;41
7;2025-12-07;6;163
7;2025-12-07;7;247
7;2025-12-07;8;432
7;2025-12-07;9;566
7;2025-12-07;10;634
7;2025-12-07;11;803
7;2025-12-07;12;892
7;2025-12-07;13;960
7;2025-12-07;14;1007
7;2025-12-07;15;978
7;2025-12-07;16;916
7;2025-12-07;17;919
7;2025-12-07;18;766
7;2025-12-07;19;687
7;2025-12-07;20;582
7;2025-12-07;21;446
7;2025-12-07;22;237
7;2025-12-07;23;151
7;2025-12-08;0;63
7;2025-12-08;1;22
7;2025-12-08;2;0
7;2025-12-08;3;0
7;2025-12-08;4;2
7;2025-12-08;5;158
7;2025-12-08;6;587
7;2025-12-08;7;1380
7;2025-12-08;8;2114
7;2025-12-08;9;1625
7;2025-12-08;10;1342
7;2025-12-08;11;1233
7;2025-12-08;12;1356
7;2025-12-08;13;1347
7;2025-12-08;14;1379
7;2025-12-08;15;1494
7;2025-12-08;16;1644
7;2025-12-08;17;2062
7;2025-12-08;18;2245
7;2025-12-08;19;1531
7;2025-12-08;20;909
7;2025-12-08;21;501
7;2025-12-08;22;237
7;2025-12-08;23;154
7;2025-12-09;0;55
7;2025-12-09;1;20
7;2025-12-09;2;0
7;2025-12-09;3;0
7;2025-12-09;4;1
7;2025-12-09;5;158
7;2025-12-09;6;554
7;2025-12-09;7;1445
7;2025-12-09;8;2141
7;2025-12-09;9;1606
7;2025-12-09;10;1347
7;2025-12-09;11;1288
7;2025-12-09;12;1387
7;2025-12-09;13;1344
7;2025-12-09;14;1385
7;2025-12-09;15;1541
7;2025-12-09;16;1598
7;2025-12-09;17;2041
7;2025-12-09;18;2298
7;2025-12-09;19;1603
7;2025-12-09;20;913
7;2025-12-09;21;530
7;2025-12-09;22;268
7;2025-12-09;23;146
7;2025-12-10;0;13
7;2025-12-10;1;0
7;2025-12-10;2;0
7;2025-12-10;3;0
7;2025-12-10;4;0
7;2025-12-10;5;95
7;2025-12-10;6;481
7;2025-12-10;7;1246
7;2025-12-10;8;2173
7;2025-12-10;9;1543
7;2025-12-10;10;1319
7;2025-12-10;11;1166
7;2025-12-10;12;1229
7;2025-12-10;13;1231
7;2025-12-10;14;1265
7;2025-12-10;15;1446
7;2025-12-10;16;1553
7;2025-12-10;17;2014
7;2025-12-10;18;2174
7;2025-12-10;19;1389
7;2025-12-10;20;793
7;2025-12-10;21;457
7;2025-12-10;22;227
7;2025-12-10;23;108
7;2025-12-11;0;7
7;2025-12-11;1;0
7;2025-12-11;2;0
7;2025-12-11;3;0
7;2025-12-11;4;0
7;2025-12-11;5;107
7;2025-12-11;6;501
7;2025-12-11;7;1279
7;2025-12-11;8;2070
7;2025-12-11;9;1525
7;2025-12-11;10;1253
7;2025-12-11;11;1182
7;2025-12-11;12;1245
7;2025-12-11;13;1274
7;2025-12-11;14;1374
7;2025-12-11;15;1381
7;2025-12-11;16;1505
7;2025-12-11;17;1930
7;2025-12-11;18;2218
7;2025-12-11;19;1347
7;2025-12-11;20;788
7;2025-12-11;21;461
7;2025-12-11;22;218
7;2025-12-11;23;130
7;2025-12-12;0;18
7;2025-12-12;1;0
7;2025-12-12;2;0
7;2025-12-12;3;0
7;2025-12-12;4;0
7;2025-12-12;5;107
7;2025-12-12;6;430
7;2025-12-12;7;1232
7;2025-12-12;8;1949
7;2025-12-12;9;1409
7;2025-12-12;10;1192
7;2025-12-12;11;1190
7;2025-12-12;12;1236
7;2025-12-12;13;1348
7;2025-12-12;14;1389
7;2025-12-12;15;1498
7;2025-12-12;16;1707
7;2025-12-12;17;1905
7;2025-12-12;18;1773
7;2025-12-12;19;1252
7;2025-12-12;20;749
7;2025-12-12;21;456
7;2025-12-12;22;262
7;2025-12-12;23;148
7;2025-12-13;0;34
7;2025-12-13;1;0
7;2025-12-13;2;0
7;2025-12-13;3;0
7;2025-12-13;4;0
7;2025-12-13;5;10
7;2025-12-13;6;185
7;2025-12-13;7;339
7;2025-12-13;8;541
7;2025-12-13;9;605
7;2025-12-13;10;639
7;2025-12-13;11;806
7;2025-12-13;12;911
7;2025-12-13;13;920
7;2025-12-13;14;942
7;2025-12-13;15;936
7;2025-12-13;16;908
7;2025-12-13;17;818
7;2025-12-13;18;780
7;2025-12-13;19;740
7;2025-12-13;20;553
7;2025-12-13;21;460
7;2025-12-13;22;221
7;2025-12-13;23;142
7;2025-12-14;0;42
7;2025-12-14;1;0
7;2025-12-14;2;0
7;2025-12-14;3;1
7;2025-12-14;4;0
7;2025-12-14;5;0
7;2025-12-14;6;94
7;2025-12-14;7;169
7;2025-12-14;8;333
7;2025-12-14;9;455
7;2025-12-14;10;498
7;2025-12-14;11;626
7;2025-12-14;12;727
7;2025-12-14;13;772
7;2025-12-14;14;821
7;2025-12-14;15;806
7;2025-12-14;16;755
7;2025-12-14;17;742
7;2025-12-14;18;629
7;2025-12-14;19;556
7;2025-12-14;20;468
7;2025-12-14;21;351
7;2025-12-14;22;161
7;2025-12-14;23;88
7;2025-12-15;0;6
7;2025-12-15;1;0
7;2025-12-15;2;0
7;2025-12-15;3;0
7;2025-12-15;4;0
7;2025-12-15;5;91
7;2025-12-15;6;466
7;2025-12-15;7;1223
7;2025-12-15;8;2024
7;2025-12-15;9;1477
7;2025-12-15;10;1190
7;2025-12-15;11;1060
7;2025-12-15;12;1189
7;2025-12-15;13;1193
7;2025-12-15;14;1234
7;2025-12-15;15;1368
7;2025-12-15;16;1514
7;2025-12-15;17;1979
7;2025-12-15;18;2181
7;2025-12-15;19;1396
7;2025-12-15;20;763
7;2025-12-15;21;411
7;2025-12-15;22;169
7;2025-12-15;23;86
7;2025-12-16;0;0
7;2025-12-16;1;0
7;2025-12-16;2;0
7;2025-12-16;3;0
7;2025-12-16;4;0
7;2025-12-16;5;99
7;2025-12-16;6;474
7;2025-12-16;7;1329
7;2025-12-16;8;2063
7;2025-12-16;9;1492
7;2025-12-16;10;1228
7;2025-12-16;11;1155
7;2025-12-16;12;1246
7;2025-12-16;13;1236
7;2025-12-16;14;1263
7;2025-12-16;15;1446
7;2025-12-16;16;1492
7;2025-12-16;17;1970
7;2025-12-16;18;2248
7;2025-12-16;19;1496
7;2025-12-16;20;820
7;2025-12-16;21;448
7;2025-12-16;22;208
7;2025-12-16;23;96
7;2025-12-17;0;6
7;2025-12-17;1;0
7;2025-12-17;2;0
7;2025-12-17;3;0
7;2025-12-17;4;0
7;2025-12-17;5;97
7;2025-12-17;6;475
7;2025-12-17;7;1232
7;2025-12-17;8;2149
7;2025-12-17;9;1536
7;2025-12-17;10;1320
7;2025-12-17;11;1158
7;2025-12-17;12;1223
7;2025-12-17;13;1234
7;2025-12-17;14;1254
7;2025-12-17;15;1443
7;2025-12-17;16;1542
7;2025-12-17;17;2022
7;2025-12-17;18;2171
7;2025-12-17;19;1384
7;2025-12-17;20;789
7;2025-12-17;21;452
7;2025-12-17;22;231
7;2025-12-17;23;113
7;2025-12-18;0;10
7;2025-12-18;1;0
7;2025-12-18;2;0
7;2025-12-18;3;0
7;2025-12-18;4;0
7;2025-12-18;5;96
7;2025-12-18;6;480
7;2025-12-18;7;1237
7;2025-12-18;8;2042
7;2025-12-18;9;1465
7;2025-12-18;10;1210
7;2025-12-18;11;1154
7;2025-12-18;12;1214
7;2025-12-18;13;1243
7;2025-12-18;14;1327
7;2025-12-18;15;1369
7;2025-12-18;16;1480
7;2025-12-18;17;1922
7;2025-12-18;18;2206
7;2025-12-18;19;1319
7;2025-12-18;20;763
7;2025-12-18;21;451
7;2025-12-18;22;207
7;2025-12-18;23;118
7;2025-12-19;0;10
7;2025-12-19;1;0
7;2025-12-19;2;0
7;2025-12-19;3;0
7;2025-12-19;4;0
7;2025-12-19;5;97
7;2025-12-19;6;429
7;2025-12-19;7;1206
7;2025-12-19;8;1920
7;2025-12-19;9;1403
7;2025-12-19;10;1194
7;2025-12-19;11;1185
7;2025-12-19;12;1245
7;2025-12-19;13;1355
7;2025-12-19;14;1386
7;2025-12-19;15;1487
7;2025-12-19;16;1683
7;2025-12-19;17;1870
7;2025-12-19;18;1728
7;2025-12-19;19;1188
7;2025-12-19;20;712
7;2025-12-19;21;426
7;2025-12-19;22;238
7;2025-12-19;23;131
7;2025-12-20;0;18
7;2025-12-20;1;0
7;2025-12-20;2;0
7;2025-12-20;3;0
7;2025-12-20;4;0
7;2025-12-20;5;0
7;2025-12-20;6;161
7;2025-12-20;7;306
7;2025-12-20;8;499
7;2025-12-20;9;567
7;2025-12-20;10;592
7;2025-12-20;11;754
7;2025-12-20;12;858
7;2025-12-20;13;872
7;2025-12-20;14;900
7;2025-12-20;15;891
7;2025-12-20;16;858
7;2025-12-20;17;770
7;2025-12-20;18;732
7;2025-12-20;19;681
7;2025-12-20;20;524
7;2025-12-20;21;436
7;2025-12-20;22;202
7;2025-12-20;23;118
7;2025-12-21;0;34
7;2025-12-21;1;0
7;2025-12-21;2;0
7;2025-12-21;3;0
7;2025-12-21;4;0
7;2025-12-21;5;0
7;2025-12-21;6;89
7;2025-12-21;7;172
7;2025-12-21;8;312
7;2025-12-21;9;436
7;2025-12-21;10;483
7;2025-12-21;11;609
7;2025-12-21;12;688
7;2025-12-21;13;733
7;2025-12-21;14;778
7;2025-12-21;15;761
7;2025-12-21;16;716
7;2025-12-21;17;700
7;2025-12-21;18;585
7;2025-12-21;19;525
7;2025-12-21;20;446
7;2025-12-21;21;334
7;2025-12-21;22;158
7;2025-12-21;23;87
7;2025-12-22;0;10
7;2025-12-22;1;0
7;2025-12-22;2;0
7;2025-12-22;3;0
7;2025-12-22;4;0
7;2025-12-22;5;98
7;2025-12-22;6;465
7;2025-12-22;7;1210
7;2025-12-22;8;1999
7;2025-12-22;9;1453
7;2025-12-22;10;1192
7;2025-12-22;11;1077
7;2025-12-22;12;1192
7;2025-12-22;13;1202
7;2025-12-22;14;1235
7;2025-12-22;15;1364
7;2025-12-22;16;1512
7;2025-12-22;17;1971
7;2025-12-22;18;2179
7;2025-12-22;19;1412
7;2025-12-22;20;795
7;2025-12-22;21;440
7;2025-12-22;22;182
7;2025-12-22;23;100
7;2025-12-23;0;3
7;2025-12-23;1;0
7;2025-12-23;2;0
7;2025-12-23;3;0
7;2025-12-23;4;0
7;2025-12-23;5;113
7;2025-12-23;6;487
7;2025-12-23;7;1356
7;2025-12-23;8;2079
7;2025-12-23;9;1538
7;2025-12-23;10;1279
7;2025-12-23;11;1216
7;2025-12-23;12;1312
7;2025-12-23;13;1275
7;2025-12-23;14;1315
7;2025-12-23;15;1472
7;2025-12-23;16;1521
7;2025-12-23;17;1963
7;2025-12-23;18;2226
7;2025-12-23;19;1509
7;2025-12-23;20;812
7;2025-12-23;21;447
7;2025-12-23;22;207
7;2025-12-23;23;88
7;2025-12-24;0;0
7;2025-12-24;1;0
7;2025-12-24;2;0
7;2025-12-24;3;0
7;2025-12-24;4;0
7;2025-12-24;5;91
7;2025-12-24;6;481
7;2025-12-24;7;1224
7;2025-12-24;8;2149
7;2025-12-24;9;1543
7;2025-12-24;10;1331
7;2025-12-24;11;1171
7;2025-12-24;12;1243
7;2025-12-24;13;1260
7;2025-12-24;14;1281
7;2025-12-24;15;1465
7;2025-12-24;16;1562
7;2025-12-24;17;2028
7;2025-12-24;18;2177
7;2025-12-24;19;1383
7;2025-12-24;20;788
7;2025-12-24;21;429
7;2025-12-24;22;217
7;2025-12-24;23;104
7;2025-12-25;0;5
7;2025-12-25;1;0
7;2025-12-25;2;0
7;2025-12-25;3;0
7;2025-12-25;4;0
7;2025-12-25;5;73
7;2025-12-25;6;446
7;2025-12-25;7;1202
7;2025-12-25;8;2015
7;2025-12-25;9;1483
7;2025-12-25;10;1226
7;2025-12-25;11;1150
7;2025-12-25;12;1222
7;2025-12-25;13;1255
7;2025-12-25;14;1345
7;2025-12-25;15;1380
7;2025-12-25;16;1489
7;2025-12-25;17;1928
7;2025-12-25;18;2210
7;2025-12-25;19;1335
7;2025-12-25;20;770
7;2025-12-25;21;462
7;2025-12-25;22;218
7;2025-12-25;23;127
7;2025-12-26;0;18
7;2025-12-26;1;0
7;2025-12-26;2;0
7;2025-12-26;3;0
7;2025-12-26;4;0
7;2025-12-26;5;93
7;2025-12-26;6;425
7;2025-12-26;7;1183
7;2025-12-26;8;1910
7;2025-12-26;9;1422
7;2025-12-26;10;1212
7;2025-12-26;11;1185
7;2025-12-26;12;1253
7;2025-12-26;13;1361
7;2025-12-26;14;1396
7;2025-12-26;15;1509
7;2025-12-26;16;1700
7;2025-12-26;17;1879
7;2025-12-26;18;1737
7;2025-12-26;19;1198
7;2025-12-26;20;695
7;2025-12-26;21;432
7;2025-12-26;22;254
7;2025-12-26;23;150
7;2025-12-27;0;28
7;2025-12-27;1;0
7;2025-12-27;2;0
7;2025-12-27;3;0
7;2025-12-27;4;0
7;2025-12-27;5;2
7;2025-12-27;6;153
7;2025-12-27;7;299
7;2025-12-27;8;487
7;2025-12-27;9;520
7;2025-12-27;10;564
7;2025-12-27;11;707
7;2025-12-27;12;830
7;2025-12-27;13;827
7;2025-12-27;14;850
7;2025-12-27;15;840
7;2025-12-27;16;806
7;2025-12-27;17;712
7;2025-12-27;18;685
7;2025-12-27;19;638
7;2025-12-27;20;469
7;2025-12-27;21;397
7;2025-12-27;22;201
7;2025-12-27;23;118
7;2025-12-28;0;22
7;2025-12-28;1;0
7;2025-12-28;2;0
7;2025-12-28;3;1
7;2025-12-28;4;0
7;2025-12-28;5;0
7;2025-12-28;6;66
7;2025-12-28;7;147
7;2025-12-28;8;297
7;2025-12-28;9;421
7;2025-12-28;10;458
7;2025-12-28;11;542
7;2025-12-28;12;634
7;2025-12-28;13;658
7;2025-12-28;14;703
7;2025-12-28;15;682
7;2025-12-28;16;650
7;2025-12-28;17;641
7;2025-12-28;18;542
7;2025-12-28;19;475
7;2025-12-28;20;409
7;2025-12-28;21;323
7;2025-12-28;22;149
7;2025-12-28;23;71
7;2025-12-29;0;0
7;2025-12-29;1;0
7;2025-12-29;2;0
7;2025-12-29;3;0
7;2025-12-29;4;0
7;2025-12-29;5;76
7;2025-12-29;6;430
7;2025-12-29;7;1159
7;2025-12-29;8;1936
7;2025-12-29;9;1423
7;2025-12-29;10;1161
7;2025-12-29;11;1024
7;2025-12-29;12;1153
7;2025-12-29;13;1157
7;2025-12-29;14;1186
7;2025-12-29;15;1320
7;2025-12-29;16;1456
7;2025-12-29;17;1906
7;2025-12-29;18;2095
7;2025-12-29;19;1349
7;2025-12-29;20;730
7;2025-12-29;21;405
7;2025-12-29;22;168
7;2025-12-29;23;93
7;2025-12-30;0;0
7;2025-12-30;1;0
7;2025-12-30;2;0
7;2025-12-30;3;0
7;2025-12-30;4;0
7;2025-12-30;5;82
7;2025-12-30;6;420
7;2025-12-30;7;1244
7;2025-12-30;8;1965
7;2025-12-30;9;1444
7;2025-12-30;10;1185
7;2025-12-30;11;1118
7;2025-12-30;12;1233
7;2025-12-30;13;1209
7;2025-12-30;14;1237
7;2025-12-30;15;1403
7;2025-12-30;16;1425
7;2025-12-30;17;1882
7;2025-12-30;18;2144
7;2025-12-30;19;1432
7;2025-12-30;20;766
7;2025-12-30;21;428
7;2025-12-30;22;200
7;2025-12-30;23;94
7;2025-12-31;0;0
7;2025-12-31;1;0
7;2025-12-31;2;0
7;2025-12-31;3;0
7;2025-12-31;4;0
7;2025-12-31;5;8
7;2025-12-31;6;103
7;2025-12-31;7;197
7;2025-12-31;8;362
7;2025-12-31;9;355
7;2025-12-31;10;391
7;2025-12-31;11;401
7;2025-12-31;12;612
7;2025-12-31;13;576
7;2025-12-31;14;601
7;2025-12-31;15;626
7;2025-12-31;16;618
7;2025-12-31;17;647
7;2025-12-31;18;574
7;2025-12-31;19;476
7;2025-12-31;20;373
7;2025-12-31;21;265
7;2025-12-31;22;200
7;2025-12-31;23;93
11;2025-11-01;0;102
11;2025-11-01;1;0
11;2025-11-01;2;0
11;2025-11-01;3;0
11;2025-11-01;4;0
11;2025-11-01;5;168
11;2025-11-01;6;755
11;2025-11-01;7;628
11;2025-11-01;8;920
11;2025-11-01;9;1080
11;2025-11-01;10;1262
11;2025-11-01;11;1645
11;2025-11-01;12;1911
11;2025-11-01;13;1767
11;2025-11-01;14;1851
11;2025-11-01;15;1785
11;2025-11-01;16;1793
11;2025-11-01;17;1836
11;2025-11-01;18;1448
11;2025-11-01;19;1396
11;2025-11-01;20;1002
11;2025-11-01;21;713
11;2025-11-01;22;393
11;2025-11-01;23;299
11;2025-11-02;0;111
11;2025-11-02;1;15
11;2025-11-02;2;0
11;2025-11-02;3;0
11;2025-11-02;4;3
11;2025-11-02;5;132
11;2025-11-02;6;465
11;2025-11-02;7;455
11;2025-11-02;8;593
11;2025-11-02;9;835
11;2025-11-02;10;838
11;2025-11-02;11;1189
11;2025-11-02;12;1379
11;2025-11-02;13;1340
11;2025-11-02;14;1450
11;2025-11-02;15;1476
11;2025-11-02;16;1409
11;2025-11-02;17;1497
11;2025-11-02;18;1155
11;2025-11-02;19;946
11;2025-11-02;20;894
11;2025-11-02;21;621
11;2025-11-02;22;355
11;2025-11-02;23;230
11;2025-11-03;0;79
11;2025-11-03;1;3
11;2025-11-03;2;0
11;2025-11-03;3;0
11;2025-11-03;4;0
11;2025-11-03;5;216
11;2025-11-03;6;648
11;2025-11-03;7;875
11;2025-11-03;8;1054
11;2025-11-03;9;1043
11;2025-11-03;10;863
11;2025-11-03;11;1136
11;2025-11-03;12;1122
11;2025-11-03;13;1257
11;2025-11-03;14;1323
11;2025-11-03;15;1317
11;2025-11-03;16;1368
11;2025-11-03;17;1508
11;2025-11-03;18;1470
11;2025-11-03;19;1376
11;2025-11-03;20;1082
11;2025-11-03;21;723
11;2025-11-03;22;393
11;2025-11-03;23;207
11;2025-11-04;0;73
11;2025-11-04;1;0
11;2025-11-04;2;0
11;2025-11-04;3;0
11;2025-11-04;4;3
11;2025-11-04;5;203
11;2025-11-04;6;628
11;2025-11-04;7;854
11;2025-11-04;8;961
11;2025-11-04;9;1002
11;2025-11-04;10;840
11;2025-11-04;11;1044
11;2025-11-04;12;1025
11;2025-11-04;13;1267
11;2025-11-04;14;1412
11;2025-11-04;15;1419
11;2025-11-04;16;1351
11;2025-11-04;17;1456
11;2025-11-04;18;1402
11;2025-11-04;19;1335
11;2025-11-04;20;1065
11;2025-11-04;21;711
11;2025-11-04;22;389
11;2025-11-04;23;218
11;2025-11-05;0;67
11;2025-11-05;1;1
11;2025-11-05;2;0
11;2025-11-05;3;0
11;2025-11-05;4;1
11;2025-11-05;5;284
11;2025-11-05;6;1266
11;2025-11-05;7;2391
11;2025-11-05;8;3231
11;2025-11-05;9;2310
11;2025-11-05;10;1805
11;2025-11-05;11;1834
11;2025-11-05;12;1896
11;2025-11-05;13;2055
11;2025-11-05;14;2033
11;2025-11-05;15;2113
11;2025-11-05;16;2234
11;2025-11-05;17;2822
11;2025-11-05;18;3133
11;2025-11-05;19;2292
11;2025-11-05;20;1479
11;2025-11-05;21;870
11;2025-11-05;22;413
11;2025-11-05;23;225
11;2025-11-06;0;68
11;2025-11-06;1;0
11;2025-11-06;2;0
11;2025-11-06;3;0
11;2025-11-06;4;2
11;2025-11-06;5;286
11;2025-11-06;6;1280
11;2025-11-06;7;2360
11;2025-11-06;8;3048
11;2025-11-06;9;2411
11;2025-11-06;10;1958
11;2025-11-06;11;1761
11;2025-11-06;12;1910
11;2025-11-06;13;2044
11;2025-11-06;14;2051
11;2025-11-06;15;2088
11;2025-11-06;16;2287
11;2025-11-06;17;2837
11;2025-11-06;18;3167
11;2025-11-06;19;2250
11;2025-11-06;20;1436
11;2025-11-06;21;857
11;2025-11-06;22;451
11;2025-11-06;23;225
11;2025-11-07;0;76
11;2025-11-07;1;3
11;2025-11-07;2;0
11;2025-11-07;3;0
11;2025-11-07;4;1
11;2025-11-07;5;263
11;2025-11-07;6;1272
11;2025-11-07;7;2305
11;2025-11-07;8;2999
11;2025-11-07;9;2233
11;2025-11-07;10;1810
11;2025-11-07;11;1780
11;2025-11-07;12;1866
11;2025-11-07;13;1960
11;2025-11-07;14;2044
11;2025-11-07;15;2272
11;2025-11-07;16;2469
11;2025-11-07;17;2881
11;2025-11-07;18;2575
11;2025-11-07;19;2031
11;2025-11-07;20;1386
11;2025-11-07;21;859
11;2025-11-07;22;457
11;2025-11-07;23;269
11;2025-11-08;0;102
11;2025-11-08;1;3
11;2025-11-08;2;0
11;2025-11-08;3;0
11;2025-11-08;4;5
11;2025-11-08;5;192
11;2025-11-08;6;763
11;2025-11-08;7;655
11;2025-11-08;8;911
11;2025-11-08;9;1069
11;2025-11-08;10;1190
11;2025-11-08;11;1602
11;2025-11-08;12;1863
11;2025-11-08;13;1760
11;2025-11-08;14;1820
11;2025-11-08;15;1804
11;2025-11-08;16;1823
11;2025-11-08;17;1835
11;2025-11-08;18;1517
11;2025-11-08;19;1427
11;2025-11-08;20;1010
11;2025-11-08;21;752
11;2025-11-08;22;427
11;2025-11-08;23;286
11;2025-11-09;0;106
11;2025-11-09;1;11
11;2025-11-09;2;1
11;2025-11-09;3;0
11;2025-11-09;4;4
11;2025-11-09;5;122
11;2025-11-09;6;511
11;2025-11-09;7;494
11;2025-11-09;8;614
11;2025-11-09;9;884
11;2025-11-09;10;957
11;2025-11-09;11;1398
11;2025-11-09;12;1550
11;2025-11-09;13;1468
11;2025-11-09;14;1599
11;2025-11-09;15;1615
11;2025-11-09;16;1554
11;2025-11-09;17;1622
11;2025-11-09;18;1266
11;2025-11-09;19;1024
11;2025-11-09;20;837
11;2025-11-09;21;609
11;2025-11-09;22;350
11;2025-11-09;23;218
11;2025-11-10;0;67
11;2025-11-10;1;4
11;2025-11-10;2;0
11;2025-11-10;3;0
11;2025-11-10;4;2
11;2025-11-10;5;284
11;2025-11-10;6;1292
11;2025-11-10;7;2361
11;2025-11-10;8;3117
11;2025-11-10;9;2313
11;2025-11-10;10;1761
11;2025-11-10;11;1787
11;2025-11-10;12;1724
11;2025-11-10;13;1884
11;2025-11-10;14;1898
11;2025-11-10;15;2034
11;2025-11-10;16;2282
11;2025-11-10;17;2814
11;2025-11-10;18;3073
11;2025-11-10;19;2351
11;2025-11-10;20;1432
11;2025-11-10;21;845
11;2025-11-10;22;416
11;2025-11-10;23;199
11;2025-11-11;0;57
11;2025-11-11;1;0
11;2025-11-11;2;0
11;2025-11-11;3;0
11;2025-11-11;4;0
11;2025-11-11;5;271
11;2025-11-11;6;1290
11;2025-11-11;7;2482
11;2025-11-11;8;3319
11;2025-11-11;9;2467
11;2025-11-11;10;1828
11;2025-11-11;11;1792
11;2025-11-11;12;1801
11;2025-11-11;13;1970
11;2025-11-11;14;2009
11;2025-11-11;15;2047
11;2025-11-11;16;2304
11;2025-11-11;17;2911
11;2025-11-11;18;3111
11;2025-11-11;19;2311
11;2025-11-11;20;1475
11;2025-11-11;21;850
11;2025-11-11;22;425
11;2025-11-11;23;211
11;2025-11-12;0;58
11;2025-11-12;1;1
11;2025-11-12;2;0
11;2025-11-12;3;0
11;2025-11-12;4;3
11;2025-11-12;5;284
11;2025-11-12;6;1251
11;2025-11-12;7;2446
11;2025-11-12;8;3308
11;2025-11-12;9;2375
11;2025-11-12;10;1838
11;2025-11-12;11;1835
11;2025-11-12;12;1891
11;2025-11-12;13;2027
11;2025-11-12;14;2013
11;2025-11-12;15;2103
11;2025-11-12;16;2253
11;2025-11-12;17;2873
11;2025-11-12;18;3189
11;2025-11-12;19;2308
11;2025-11-12;20;1505
11;2025-11-12;21;864
11;2025-11-12;22;423
11;2025-11-12;23;226
11;2025-11-13;0;66
11;2025-11-13;1;1
11;2025-11-13;2;0
11;2025-11-13;3;0
11;2025-11-13;4;2
11;2025-11-13;5;286
11;2025-11-13;6;1278
11;2025-11-13;7;2426
11;2025-11-13;8;3157
11;2025-11-13;9;2486
11;2025-11-13;10;2011
11;2025-11-13;11;1848
11;2025-11-13;12;1929
11;2025-11-13;13;2080
11;2025-11-13;14;2087
11;2025-11-13;15;2140
11;2025-11-13;16;2363
11;2025-11-13;17;2922
11;2025-11-13;18;3272
11;2025-11-13;19;2291
11;2025-11-13;20;1471
11;2025-11-13;21;863
11;2025-11-13;22;462
11;2025-11-13;23;232
11;2025-11-14;0;74
11;2025-11-14;1;1
11;2025-11-14;2;0
11;2025-11-14;3;0
11;2025-11-14;4;1
11;2025-11-14;5;274
11;2025-11-14;6;1263
11;2025-11-14;7;2374
11;2025-11-14;8;3081
11;2025-11-14;9;2333
11;2025-11-14;10;1830
11;2025-11-14;11;1815
11;2025-11-14;12;1907
11;2025-11-14;13;2010
11;2025-11-14;14;2087
11;2025-11-14;15;2343
11;2025-11-14;16;2553
11;2025-11-14;17;2970
11;2025-11-14;18;2663
11;2025-11-14;19;2093
11;2025-11-14;20;1398
11;2025-11-14;21;849
11;2025-11-14;22;454
11;2025-11-14;23;267
11;2025-11-15;0;93
11;2025-11-15;1;3
11;2025-11-15;2;0
11;2025-11-15;3;0
11;2025-11-15;4;5
11;2025-11-15;5;178
11;2025-11-15;6;687
11;2025-11-15;7;581
11;2025-11-15;8;845
11;2025-11-15;9;1024
11;2025-11-15;10;1146
11;2025-11-15;11;1554
11;2025-11-15;12;1795
11;2025-11-15;13;1713
11;2025-11-15;14;1821
11;2025-11-15;15;1821
11;2025-11-15;16;1839
11;2025-11-15;17;1819
11;2025-11-15;18;1478
11;2025-11-15;19;1434
11;2025-11-15;20;1015
11;2025-11-15;21;771
11;2025-11-15;22;430
11;2025-11-15;23;284
11;2025-11-16;0;102
11;2025-11-16;1;6
11;2025-11-16;2;0
11;2025-11-16;3;1
11;2025-11-16;4;3
11;2025-11-16;5;120
11;2025-11-16;6;476
11;2025-11-16;7;495
11;2025-11-16;8;615
11;2025-11-16;9;906
11;2025-11-16;10;983
11;2025-11-16;11;1442
11;2025-11-16;12;1599
11;2025-11-16;13;1534
11;2025-11-16;14;1637
11;2025-11-16;15;1645
11;2025-11-16;16;1554
11;2025-11-16;17;1613
11;2025-11-16;18;1270
11;2025-11-16;19;1031
11;2025-11-16;20;843
11;2025-11-16;21;625
11;2025-11-16;22;360
11;2025-11-16;23;225
11;2025-11-17;0;70
11;2025-11-17;1;0
11;2025-11-17;2;0
11;2025-11-17;3;0
11;2025-11-17;4;3
11;2025-11-17;5;286
11;2025-11-17;6;1288
11;2025-11-17;7;2463
11;2025-11-17;8;3195
11;2025-11-17;9;2426
11;2025-11-17;10;1753
11;2025-11-17;11;1795
11;2025-11-17;12;1686
11;2025-11-17;13;1836
11;2025-11-17;14;1852
11;2025-11-17;15;2084
11;2025-11-17;16;2348
11;2025-11-17;17;2899
11;2025-11-17;18;3180
11;2025-11-17;19;2408
11;2025-11-17;20;1442
11;2025-11-17;21;822
11;2025-11-17;22;418
11;2025-11-17;23;195
11;2025-11-18;0;60
11;2025-11-18;1;1
11;2025-11-18;2;0
11;2025-11-18;3;0
11;2025-11-18;4;2
11;2025-11-18;5;264
11;2025-11-18;6;1293
11;2025-11-18;7;2527
11;2025-11-18;8;3360
11;2025-11-18;9;2511
11;2025-11-18;10;1788
11;2025-11-18;11;1781
11;2025-11-18;12;1791
11;2025-11-18;13;1937
11;2025-11-18;14;1979
11;2025-11-18;15;2071
11;2025-11-18;16;2327
11;2025-11-18;17;2945
11;2025-11-18;18;3149
11;2025-11-18;19;2335
11;2025-11-18;20;1483
11;2025-11-18;21;847
11;2025-11-18;22;418
11;2025-11-18;23;199
11;2025-11-19;0;59
11;2025-11-19;1;0
11;2025-11-19;2;0
11;2025-11-19;3;0
11;2025-11-19;4;3
11;2025-11-19;5;285
11;2025-11-19;6;1263
11;2025-11-19;7;2467
11;2025-11-19;8;3329
11;2025-11-19;9;2389
11;2025-11-19;10;1850
11;2025-11-19;11;1873
11;2025-11-19;12;1922
11;2025-11-19;13;2096
11;2025-11-19;14;2047
11;2025-11-19;15;2149
11;2025-11-19;16;2283
11;2025-11-19;17;2877
11;2025-11-19;18;3191
11;2025-11-19;19;2316
11;2025-11-19;20;1533
11;2025-11-19;21;893
11;2025-11-19;22;426
11;2025-11-19;23;228
11;2025-11-20;0;67
11;2025-11-20;1;0
11;2025-11-20;2;0
11;2025-11-20;3;0
11;2025-11-20;4;3
11;2025-11-20;5;282
11;2025-11-20;6;1286
11;2025-11-20;7;2419
11;2025-11-20;8;3115
11;2025-11-20;9;2490
11;2025-11-20;10;1999
11;2025-11-20;11;1863
11;2025-11-20;12;1939
11;2025-11-20;13;2099
11;2025-11-20;14;2102
11;2025-11-20;15;2156
11;2025-11-20;16;2370
11;2025-11-20;17;2906
11;2025-11-20;18;3251
11;2025-11-20;19;2291
11;2025-11-20;20;1478
11;2025-11-20;21;860
11;2025-11-20;22;452
11;2025-11-20;23;230
11;2025-11-21;0;75
11;2025-11-21;1;0
11;2025-11-21;2;0
11;2025-11-21;3;0
11;2025-11-21;4;2
11;2025-11-21;5;263
11;2025-11-21;6;1270
11;2025-11-21;7;2388
11;2025-11-21;8;3084
11;2025-11-21;9;2341
11;2025-11-21;10;1865
11;2025-11-21;11;1838
11;2025-11-21;12;1895
11;2025-11-21;13;2029
11;2025-11-21;14;2098
11;2025-11-21;15;2342
11;2025-11-21;16;2550
11;2025-11-21;17;2960
11;2025-11-21;18;2666
11;2025-11-21;19;2097
11;2025-11-21;20;1428
11;2025-11-21;21;875
11;2025-11-21;22;464
11;2025-11-21;23;274
11;2025-11-22;0;103
11;2025-11-22;1;2
11;2025-11-22;2;0
11;2025-11-22;3;0
11;2025-11-22;4;6
11;2025-11-22;5;179
11;2025-11-22;6;711
11;2025-11-22;7;643
11;2025-11-22;8;877
11;2025-11-22;9;1066
11;2025-11-22;10;1211
11;2025-11-22;11;1625
11;2025-11-22;12;1865
11;2025-11-22;13;1752
11;2025-11-22;14;1813
11;2025-11-22;15;1800
11;2025-11-22;16;1819
11;2025-11-22;17;1825
11;2025-11-22;18;1494
11;2025-11-22;19;1407
11;2025-11-22;20;997
11;2025-11-22;21;720
11;2025-11-22;22;417
11;2025-11-22;23;284
11;2025-11-23;0;105
11;2025-11-23;1;12
11;2025-11-23;2;0
11;2025-11-23;3;1
11;2025-11-23;4;2
11;2025-11-23;5;120
11;2025-11-23;6;474
11;2025-11-23;7;481
11;2025-11-23;8;609
11;2025-11-23;9;884
11;2025-11-23;10;982
11;2025-11-23;11;1448
11;2025-11-23;12;1620
11;2025-11-23;13;1558
11;2025-11-23;14;1666
11;2025-11-23;15;1679
11;2025-11-23;16;1606
11;2025-11-23;17;1656
11;2025-11-23;18;1290
11;2025-11-23;19;1029
11;2025-11-23;20;857
11;2025-11-23;21;609
11;2025-11-23;22;352
11;2025-11-23;23;225
11;2025-11-24;0;70
11;2025-11-24;1;4
11;2025-11-24;2;0
11;2025-11-24;3;0
11;2025-11-24;4;2
11;2025-11-24;5;274
11;2025-11-24;6;1265
11;2025-11-24;7;2387
11;2025-11-24;8;3130
11;2025-11-24;9;2349
11;2025-11-24;10;1732
11;2025-11-24;11;1749
11;2025-11-24;12;1690
11;2025-11-24;13;1880
11;2025-11-24;14;1857
11;2025-11-24;15;2031
11;2025-11-24;16;2291
11;2025-11-24;17;2819
11;2025-11-24;18;3114
11;2025-11-24;19;2355
11;2025-11-24;20;1450
11;2025-11-24;21;847
11;2025-11-24;22;417
11;2025-11-24;23;197
11;2025-11-25;0;60
11;2025-11-25;1;0
11;2025-11-25;2;0
11;2025-11-25;3;1
11;2025-11-25;4;2
11;2025-11-25;5;272
11;2025-11-25;6;1309
11;2025-11-25;7;2467
11;2025-11-25;8;3305
11;2025-11-25;9;2492
11;2025-11-25;10;1874
11;2025-11-25;11;1828
11;2025-11-25;12;1849
11;2025-11-25;13;1990
11;2025-11-25;14;2031
11;2025-11-25;15;2060
11;2025-11-25;16;2297
11;2025-11-25;17;2884
11;2025-11-25;18;3101
11;2025-11-25;19;2312
11;2025-11-25;20;1511
11;2025-11-25;21;847
11;2025-11-25;22;426
11;2025-11-25;23;214
11;2025-11-26;0;66
11;2025-11-26;1;1
11;2025-11-26;2;0
11;2025-11-26;3;0
11;2025-11-26;4;2
11;2025-11-26;5;273
11;2025-11-26;6;1246
11;2025-11-26;7;2369
11;2025-11-26;8;3173
11;2025-11-26;9;2326
11;2025-11-26;10;1828
11;2025-11-26;11;1807
11;2025-11-26;12;1878
11;2025-11-26;13;2010
11;2025-11-26;14;1991
11;2025-11-26;15;2077
11;2025-11-26;16;2190
11;2025-11-26;17;2735
11;2025-11-26;18;3089
11;2025-11-26;19;2237
11;2025-11-26;20;1494
11;2025-11-26;21;854
11;2025-11-26;22;404
11;2025-11-26;23;224
11;2025-11-27;0;66
11;2025-11-27;1;1
11;2025-11-27;2;0
11;2025-11-27;3;0
11;2025-11-27;4;1
11;2025-11-27;5;282
11;2025-11-27;6;1261
11;2025-11-27;7;2318
11;2025-11-27;8;2989
11;2025-11-27;9;2403
11;2025-11-27;10;1950
11;2025-11-27;11;1787
11;2025-11-27;12;1864
11;2025-11-27;13;1999
11;2025-11-27;14;1994
11;2025-11-27;15;2088
11;2025-11-27;16;2281
11;2025-11-27;17;2742
11;2025-11-27;18;3123
11;2025-11-27;19;2175
11;2025-11-27;20;1451
11;2025-11-27;21;828
11;2025-11-27;22;434
11;2025-11-27;23;228
11;2025-11-28;0;74
11;2025-11-28;1;4
11;2025-11-28;2;0
11;2025-11-28;3;0
11;2025-11-28;4;1
11;2025-11-28;5;266
11;2025-11-28;6;1239
11;2025-11-28;7;2249
11;2025-11-28;8;2869
11;2025-11-28;9;2230
11;2025-11-28;10;1823
11;2025-11-28;11;1807
11;2025-11-28;12;1868
11;2025-11-28;13;1954
11;2025-11-28;14;2023
11;2025-11-28;15;2236
11;2025-11-28;16;2441
11;2025-11-28;17;2795
11;2025-11-28;18;2513
11;2025-11-28;19;2002
11;2025-11-28;20;1385
11;2025-11-28;21;865
11;2025-11-28;22;444
11;2025-11-28;23;273
11;2025-11-29;0;90
11;2025-11-29;1;1
11;2025-11-29;2;0
11;2025-11-29;3;0
11;2025-11-29;4;5
11;2025-11-29;5;160
11;2025-11-29;6;672
11;2025-11-29;7;602
11;2025-11-29;8;828
11;2025-11-29;9;1014
11;2025-11-29;10;1143
11;2025-11-29;11;1480
11;2025-11-29;12;1718
11;2025-11-29;13;1626
11;2025-11-29;14;1654
11;2025-11-29;15;1663
11;2025-11-29;16;1689
11;2025-11-29;17;1678
11;2025-11-29;18;1347
11;2025-11-29;19;1285
11;2025-11-29;20;939
11;2025-11-29;21;687
11;2025-11-29;22;375
11;2025-11-29;23;262
11;2025-11-30;0;90
11;2025-11-30;1;13
11;2025-11-30;2;0
11;2025-11-30;3;0
11;2025-11-30;4;2
11;2025-11-30;5;102
11;2025-11-30;6;422
11;2025-11-30;7;415
11;2025-11-30;8;550
11;2025-11-30;9;821
11;2025-11-30;10;907
11;2025-11-30;11;1319
11;2025-11-30;12;1434
11;2025-11-30;13;1381
11;2025-11-30;14;1475
11;2025-11-30;15;1501
11;2025-11-30;16;1432
11;2025-11-30;17;1485
11;2025-11-30;18;1181
11;2025-11-30;19;962
11;2025-11-30;20;780
11;2025-11-30;21;567
11;2025-11-30;22;331
11;2025-11-30;23;209
11;2025-12-01;0;58
11;2025-12-01;1;7
11;2025-12-01;2;0
11;2025-12-01;3;0
11;2025-12-01;4;2
11;2025-12-01;5;235
11;2025-12-01;6;1157
11;2025-12-01;7;2031
11;2025-12-01;8;2817
11;2025-12-01;9;2011
11;2025-12-01;10;1551
11;2025-12-01;11;1580
11;2025-12-01;12;1539
11;2025-12-01;13;1679
11;2025-12-01;14;1694
11;2025-12-01;15;1795
11;2025-12-01;16;1990
11;2025-12-01;17;2464
11;2025-12-01;18;2779
11;2025-12-01;19;2034
11;2025-12-01;20;1298
11;2025-12-01;21;720
11;2025-12-01;22;349
11;2025-12-01;23;172
11;2025-12-02;0;53
11;2025-12-02;1;1
11;2025-12-02;2;0
11;2025-12-02;3;1
11;2025-12-02;4;2
11;2025-12-02;5;224
11;2025-12-02;6;1175
11;2025-12-02;7;2130
11;2025-12-02;8;2959
11;2025-12-02;9;2155
11;2025-12-02;10;1629
11;2025-12-02;11;1606
11;2025-12-02;12;1644
11;2025-12-02;13;1727
11;2025-12-02;14;1766
11;2025-12-02;15;1788
11;2025-12-02;16;1989
11;2025-12-02;17;2555
11;2025-12-02;18;2784
11;2025-12-02;19;2017
11;2025-12-02;20;1347
11;2025-12-02;21;732
11;2025-12-02;22;353
11;2025-12-02;23;187
11;2025-12-03;0;57
11;2025-12-03;1;0
11;2025-12-03;2;0
11;2025-12-03;3;0
11;2025-12-03;4;2
11;2025-12-03;5;234
11;2025-12-03;6;1152
11;2025-12-03;7;2071
11;2025-12-03;8;2906
11;2025-12-03;9;2050
11;2025-12-03;10;1659
11;2025-12-03;11;1673
11;2025-12-03;12;1744
11;2025-12-03;13;1827
11;2025-12-03;14;1802
11;2025-12-03;15;1862
11;2025-12-03;16;1993
11;2025-12-03;17;2477
11;2025-12-03;18;2813
11;2025-12-03;19;1986
11;2025-12-03;20;1375
11;2025-12-03;21;767
11;2025-12-03;22;360
11;2025-12-03;23;198
11;2025-12-04;0;60
11;2025-12-04;1;1
11;2025-12-04;2;0
11;2025-12-04;3;0
11;2025-12-04;4;0
11;2025-12-04;5;239
11;2025-12-04;6;1184
11;2025-12-04;7;2042
11;2025-12-04;8;2735
11;2025-12-04;9;2111
11;2025-12-04;10;1728
11;2025-12-04;11;1645
11;2025-12-04;12;1721
11;2025-12-04;13;1828
11;2025-12-04;14;1831
11;2025-12-04;15;1859
11;2025-12-04;16;2041
11;2025-12-04;17;2510
11;2025-12-04;18;2894
11;2025-12-04;19;1988
11;2025-12-04;20;1347
11;2025-12-04;21;765
11;2025-12-04;22;393
11;2025-12-04;23;208
11;2025-12-05;0;63
11;2025-12-05;1;2
11;2025-12-05;2;0
11;2025-12-05;3;0
11;2025-12-05;4;1
11;2025-12-05;5;229
11;2025-12-05;6;1171
11;2025-12-05;7;2020
11;2025-12-05;8;2635
11;2025-12-05;9;2000
11;2025-12-05;10;1638
11;2025-12-05;11;1644
11;2025-12-05;12;1713
11;2025-12-05;13;1785
11;2025-12-05;14;1845
11;2025-12-05;15;2024
11;2025-12-05;16;2234
11;2025-12-05;17;2593
11;2025-12-05;18;2282
11;2025-12-05;19;1824
11;2025-12-05;20;1299
11;2025-12-05;21;776
11;2025-12-05;22;395
11;2025-12-05;23;245
11;2025-12-06;0;88
11;2025-12-06;1;3
11;2025-12-06;2;0
11;2025-12-06;3;0
11;2025-12-06;4;8
11;2025-12-06;5;154
11;2025-12-06;6;636
11;2025-12-06;7;540
11;2025-12-06;8;790
11;2025-12-06;9;965
11;2025-12-06;10;1098
11;2025-12-06;11;1428
11;2025-12-06;12;1658
11;2025-12-06;13;1565
11;2025-12-06;14;1607
11;2025-12-06;15;1617
11;2025-12-06;16;1629
11;2025-12-06;17;1626
11;2025-12-06;18;1309
11;2025-12-06;19;1243
11;2025-12-06;20;899
11;2025-12-06;21;651
11;2025-12-06;22;364
11;2025-12-06;23;263
11;2025-12-07;0;91
11;2025-12-07;1;17
11;2025-12-07;2;0
11;2025-12-07;3;0
11;2025-12-07;4;4
11;2025-12-07;5;98
11;2025-12-07;6;393
11;2025-12-07;7;378
11;2025-12-07;8;499
11;2025-12-07;9;753
11;2025-12-07;10;846
11;2025-12-07;11;1256
11;2025-12-07;12;1382
11;2025-12-07;13;1335
11;2025-12-07;14;1436
11;2025-12-07;15;1456
11;2025-12-07;16;1391
11;2025-12-07;17;1454
11;2025-12-07;18;1145
11;2025-12-07;19;925
11;2025-12-07;20;736
11;2025-12-07;21;539
11;2025-12-07;22;324
11;2025-12-07;23;207
11;2025-12-08;0;62
11;2025-12-08;1;11
11;2025-12-08;2;0
11;2025-12-08;3;0
11;2025-12-08;4;2
11;2025-12-08;5;235
11;2025-12-08;6;1154
11;2025-12-08;7;2052
11;2025-12-08;8;2833
11;2025-12-08;9;2034
11;2025-12-08;10;1564
11;2025-12-08;11;1598
11;2025-12-08;12;1566
11;2025-12-08;13;1700
11;2025-12-08;14;1703
11;2025-12-08;15;1823
11;2025-12-08;16;2026
11;2025-12-08;17;2517
11;2025-12-08;18;2817
11;2025-12-08;19;2082
11;2025-12-08;20;1282
11;2025-12-08;21;707
11;2025-12-08;22;354
11;2025-12-08;23;188
11;2025-12-09;0;59
11;2025-12-09;1;3
11;2025-12-09;2;0
11;2025-12-09;3;0
11;2025-12-09;4;2
11;2025-12-09;5;213
11;2025-12-09;6;1135
11;2025-12-09;7;2138
11;2025-12-09;8;3001
11;2025-12-09;9;2173
11;2025-12-09;10;1601
11;2025-12-09;11;1580
11;2025-12-09;12;1629
11;2025-12-09;13;1727
11;2025-12-09;14;1778
11;2025-12-09;15;1803
11;2025-12-09;16;2026
11;2025-12-09;17;2613
11;2025-12-09;18;2822
11;2025-12-09;19;2058
11;2025-12-09;20;1326
11;2025-12-09;21;695
11;2025-12-09;22;351
11;2025-12-09;23;188
11;2025-12-10;0;16
11;2025-12-10;1;0
11;2025-12-10;2;0
11;2025-12-10;3;0
11;2025-12-10;4;2
11;2025-12-10;5;164
11;2025-12-10;6;986
11;2025-12-10;7;1966
11;2025-12-10;8;2854
11;2025-12-10;9;1920
11;2025-12-10;10;1475
11;2025-12-10;11;1498
11;2025-12-10;12;1595
11;2025-12-10;13;1682
11;2025-12-10;14;1676
11;2025-12-10;15;1730
11;2025-12-10;16;1880
11;2025-12-10;17;2404
11;2025-12-10;18;2758
11;2025-12-10;19;1903
11;2025-12-10;20;1231
11;2025-12-10;21;626
11;2025-12-10;22;284
11;2025-12-10;23;148
11;2025-12-11;0;3
11;2025-12-11;1;0
11;2025-12-11;2;0
11;2025-12-11;3;0
11;2025-12-11;4;1
11;2025-12-11;5;183
11;2025-12-11;6;1034
11;2025-12-11;7;1947
11;2025-12-11;8;2665
11;2025-12-11;9;2008
11;2025-12-11;10;1585
11;2025-12-11;11;1489
11;2025-12-11;12;1577
11;2025-12-11;13;1708
11;2025-12-11;14;1736
11;2025-12-11;15;1758
11;2025-12-11;16;1945
11;2025-12-11;17;2417
11;2025-12-11;18;2814
11;2025-12-11;19;1860
11;2025-12-11;20;1202
11;2025-12-11;21;612
11;2025-12-11;22;314
11;2025-12-11;23;162
11;2025-12-12;0;11
11;2025-12-12;1;0
11;2025-12-12;2;0
11;2025-12-12;3;0
11;2025-12-12;4;1
11;2025-12-12;5;177
11;2025-12-12;6;984
11;2025-12-12;7;1922
11;2025-12-12;8;2612
11;2025-12-12;9;1870
11;2025-12-12;10;1470
11;2025-12-12;11;1493
11;2025-12-12;12;1531
11;2025-12-12;13;1614
11;2025-12-12;14;1683
11;2025-12-12;15;1894
11;2025-12-12;16;2143
11;2025-12-12;17;2554
11;2025-12-12;18;2248
11;2025-12-12;19;1721
11;2025-12-12;20;1157
11;2025-12-12;21;654
11;2025-12-12;22;334
11;2025-12-12;23;193
11;2025-12-13;0;41
11;2025-12-13;1;0
11;2025-12-13;2;0
11;2025-12-13;3;0
11;2025-12-13;4;0
11;2025-12-13;5;100
11;2025-12-13;6;510
11;2025-12-13;7;429
11;2025-12-13;8;636
11;2025-12-13;9;808
11;2025-12-13;10;959
11;2025-12-13;11;1316
11;2025-12-13;12;1553
11;2025-12-13;13;1471
11;2025-12-13;14;1498
11;2025-12-13;15;1507
11;2025-12-13;16;1537
11;2025-12-13;17;1532
11;2025-12-13;18;1200
11;2025-12-13;19;1144
11;2025-12-13;20;775
11;2025-12-13;21;545
11;2025-12-13;22;312
11;2025-12-13;23;222
11;2025-12-14;0;45
11;2025-12-14;1;0
11;2025-12-14;2;0
11;2025-12-14;3;1
11;2025-12-14;4;2
11;2025-12-14;5;46
11;2025-12-14;6;301
11;2025-12-14;7;301
11;2025-12-14;8;383
11;2025-12-14;9;610
11;2025-12-14;10;699
11;2025-12-14;11;1119
11;2025-12-14;12;1265
11;2025-12-14;13;1217
11;2025-12-14;14;1310
11;2025-12-14;15;1346
11;2025-12-14;16;1262
11;2025-12-14;17;1333
11;2025-12-14;18;1027
11;2025-12-14;19;798
11;2025-12-14;20;612
11;2025-12-14;21;445
11;2025-12-14;22;250
11;2025-12-14;23;151
11;2025-12-15;0;0
11;2025-12-15;1;0
11;2025-12-15;2;0
11;2025-12-15;3;0
11;2025-12-15;4;4
11;2025-12-15;5;173
11;2025-12-15;6;1010
11;2025-12-15;7;1965
11;2025-12-15;8;2773
11;2025-12-15;9;1960
11;2025-12-15;10;1453
11;2025-12-15;11;1484
11;2025-12-15;12;1457
11;2025-12-15;13;1609
11;2025-12-15;14;1594
11;2025-12-15;15;1732
11;2025-12-15;16;1963
11;2025-12-15;17;2473
11;2025-12-15;18;2771
11;2025-12-15;19;2009
11;2025-12-15;20;1174
11;2025-12-15;21;608
11;2025-12-15;22;294
11;2025-12-15;23;125
11;2025-12-16;0;1
11;2025-12-16;1;0
11;2025-12-16;2;0
11;2025-12-16;3;0
11;2025-12-16;4;4
11;2025-12-16;5;158
11;2025-12-16;6;1024
11;2025-12-16;7;2050
11;2025-12-16;8;2917
11;2025-12-16;9;2075
11;2025-12-16;10;1483
11;2025-12-16;11;1445
11;2025-12-16;12;1473
11;2025-12-16;13;1590
11;2025-12-16;14;1668
11;2025-12-16;15;1720
11;2025-12-16;16;1945
11;2025-12-16;17;2555
11;2025-12-16;18;2767
11;2025-12-16;19;1973
11;2025-12-16;20;1232
11;2025-12-16;21;614
11;2025-12-16;22;294
11;2025-12-16;23;137
11;2025-12-17;0;3
11;2025-12-17;1;0
11;2025-12-17;2;0
11;2025-12-17;3;0
11;2025-12-17;4;3
11;2025-12-17;5;165
11;2025-12-17;6;978
11;2025-12-17;7;1948
11;2025-12-17;8;2849
11;2025-12-17;9;1919
11;2025-12-17;10;1478
11;2025-12-17;11;1502
11;2025-12-17;12;1592
11;2025-12-17;13;1685
11;2025-12-17;14;1665
11;2025-12-17;15;1742
11;2025-12-17;16;1887
11;2025-12-17;17;2417
11;2025-12-17;18;2761
11;2025-12-17;19;1902
11;2025-12-17;20;1234
11;2025-12-17;21;631
11;2025-12-17;22;294
11;2025-12-17;23;153
11;2025-12-18;0;1
11;2025-12-18;1;0
11;2025-12-18;2;0
11;2025-12-18;3;0
11;2025-12-18;4;1
11;2025-12-18;5;170
11;2025-12-18;6;998
11;2025-12-18;7;1932
11;2025-12-18;8;2688
11;2025-12-18;9;2004
11;2025-12-18;10;1568
11;2025-12-18;11;1487
11;2025-12-18;12;1570
11;2025-12-18;13;1682
11;2025-12-18;14;1695
11;2025-12-18;15;1733
11;2025-12-18;16;1945
11;2025-12-18;17;2456
11;2025-12-18;18;2832
11;2025-12-18;19;1877
11;2025-12-18;20;1191
11;2025-12-18;21;614
11;2025-12-18;22;307
11;2025-12-18;23;148
11;2025-12-19;0;4
11;2025-12-19;1;0
11;2025-12-19;2;0
11;2025-12-19;3;0
11;2025-12-19;4;0
11;2025-12-19;5;165
11;2025-12-19;6;984
11;2025-12-19;7;1893
11;2025-12-19;8;2586
11;2025-12-19;9;1859
11;2025-12-19;10;1472
11;2025-12-19;11;1476
11;2025-12-19;12;1558
11;2025-12-19;13;1639
11;2025-12-19;14;1699
11;2025-12-19;15;1895
11;2025-12-19;16;2124
11;2025-12-19;17;2520
11;2025-12-19;18;2195
11;2025-12-19;19;1682
11;2025-12-19;20;1135
11;2025-12-19;21;621
11;2025-12-19;22;310
11;2025-12-19;23;183
11;2025-12-20;0;28
11;2025-12-20;1;0
11;2025-12-20;2;0
11;2025-12-20;3;0
11;2025-12-20;4;0
11;2025-12-20;5;89
11;2025-12-20;6;484
11;2025-12-20;7;408
11;2025-12-20;8;616
11;2025-12-20;9;778
11;2025-12-20;10;920
11;2025-12-20;11;1273
11;2025-12-20;12;1510
11;2025-12-20;13;1421
11;2025-12-20;14;1461
11;2025-12-20;15;1464
11;2025-12-20;16;1486
11;2025-12-20;17;1494
11;2025-12-20;18;1156
11;2025-12-20;19;1090
11;2025-12-20;20;751
11;2025-12-20;21;532
11;2025-12-20;22;289
11;2025-12-20;23;204
11;2025-12-21;0;40
11;2025-12-21;1;0
11;2025-12-21;2;0
11;2025-12-21;3;0
11;2025-12-21;4;0
11;2025-12-21;5;31
11;2025-12-21;6;293
11;2025-12-21;7;302
11;2025-12-21;8;370
11;2025-12-21;9;595
11;2025-12-21;10;680
11;2025-12-21;11;1100
11;2025-12-21;12;1226
11;2025-12-21;13;1172
11;2025-12-21;14;1258
11;2025-12-21;15;1313
11;2025-12-21;16;1229
11;2025-12-21;17;1295
11;2025-12-21;18;990
11;2025-12-21;19;770
11;2025-12-21;20;586
11;2025-12-21;21;425
11;2025-12-21;22;246
11;2025-12-21;23;150
11;2025-12-22;0;5
11;2025-12-22;1;0
11;2025-12-22;2;0
11;2025-12-22;3;0
11;2025-12-22;4;0
11;2025-12-22;5;169
11;2025-12-22;6;1011
11;2025-12-22;7;1941
11;2025-12-22;8;2764
11;2025-12-22;9;1924
11;2025-12-22;10;1414
11;2025-12-22;11;1456
11;2025-12-22;12;1434
11;2025-12-22;13;1581
11;2025-12-22;14;1586
11;2025-12-22;15;1731
11;2025-12-22;16;1951
11;2025-12-22;17;2460
11;2025-12-22;18;2760
11;2025-12-22;19;2009
11;2025-12-22;20;1194
11;2025-12-22;21;632
11;2025-12-22;22;300
11;2025-12-22;23;134
11;2025-12-23;0;9
11;2025-12-23;1;0
11;2025-12-23;2;0
11;2025-12-23;3;0
11;2025-12-23;4;4
11;2025-12-23;5;177
11;2025-12-23;6;1058
11;2025-12-23;7;2068
11;2025-12-23;8;2936
11;2025-12-23;9;2118
11;2025-12-23;10;1542
11;2025-12-23;11;1529
11;2025-12-23;12;1571
11;2025-12-23;13;1659
11;2025-12-23;14;1698
11;2025-12-23;15;1729
11;2025-12-23;16;1945
11;2025-12-23;17;2536
11;2025-12-23;18;2738
11;2025-12-23;19;1967
11;2025-12-23;20;1246
11;2025-12-23;21;623
11;2025-12-23;22;298
11;2025-12-23;23;141
11;2025-12-24;0;1
11;2025-12-24;1;0
11;2025-12-24;2;0
11;2025-12-24;3;0
11;2025-12-24;4;4
11;2025-12-24;5;172
11;2025-12-24;6;1001
11;2025-12-24;7;1953
11;2025-12-24;8;2841
11;2025-12-24;9;1935
11;2025-12-24;10;1490
11;2025-12-24;11;1526
11;2025-12-24;12;1605
11;2025-12-24;13;1714
11;2025-12-24;14;1668
11;2025-12-24;15;1755
11;2025-12-24;16;1897
11;2025-12-24;17;2417
11;2025-12-24;18;2751
11;2025-12-24;19;1916
11;2025-12-24;20;1243
11;2025-12-24;21;602
11;2025-12-24;22;278
11;2025-12-24;23;142
11;2025-12-25;0;0
11;2025-12-25;1;0
11;2025-12-25;2;0
11;2025-12-25;3;0
11;2025-12-25;4;2
11;2025-12-25;5;151
11;2025-12-25;6;986
11;2025-12-25;7;1889
11;2025-12-25;8;2637
11;2025-12-25;9;2009
11;2025-12-25;10;1563
11;2025-12-25;11;1476
11;2025-12-25;12;1573
11;2025-12-25;13;1684
11;2025-12-25;14;1701
11;2025-12-25;15;1734
11;2025-12-25;16;1940
11;2025-12-25;17;2448
11;2025-12-25;18;2779
11;2025-12-25;19;1884
11;2025-12-25;20;1194
11;2025-12-25;21;623
11;2025-12-25;22;313
11;2025-12-25;23;152
11;2025-12-26;0;10
11;2025-12-26;1;0
11;2025-12-26;2;0
11;2025-12-26;3;0
11;2025-12-26;4;1
11;2025-12-26;5;156
11;2025-12-26;6;988
11;2025-12-26;7;1844
11;2025-12-26;8;2531
11;2025-12-26;9;1872
11;2025-12-26;10;1453
11;2025-12-26;11;1445
11;2025-12-26;12;1520
11;2025-12-26;13;1640
11;2025-12-26;14;1707
11;2025-12-26;15;1906
11;2025-12-26;16;2132
11;2025-12-26;17;2505
11;2025-12-26;18;2184
11;2025-12-26;19;1676
11;2025-12-26;20;1135
11;2025-12-26;21;629
11;2025-12-26;22;317
11;2025-12-26;23;193
11;2025-12-27;0;37
11;2025-12-27;1;0
11;2025-12-27;2;0
11;2025-12-27;3;0
11;2025-12-27;4;0
11;2025-12-27;5;89
11;2025-12-27;6;494
11;2025-12-27;7;412
11;2025-12-27;8;636
11;2025-12-27;9;767
11;2025-12-27;10;928
11;2025-12-27;11;1277
11;2025-12-27;12;1513
11;2025-12-27;13;1424
11;2025-12-27;14;1450
11;2025-12-27;15;1468
11;2025-12-27;16;1480
11;2025-12-27;17;1482
11;2025-12-27;18;1156
11;2025-12-27;19;1086
11;2025-12-27;20;732
11;2025-12-27;21;508
11;2025-12-27;22;285
11;2025-12-27;23;203
11;2025-12-28;0;26
11;2025-12-28;1;0
11;2025-12-28;2;0
11;2025-12-28;3;1
11;2025-12-28;4;0
11;2025-12-28;5;22
11;2025-12-28;6;289
11;2025-12-28;7;268
11;2025-12-28;8;339
11;2025-12-28;9;580
11;2025-12-28;10;680
11;2025-12-28;11;1075
11;2025-12-28;12;1226
11;2025-12-28;13;1156
11;2025-12-28;14;1260
11;2025-12-28;15;1306
11;2025-12-28;16;1235
11;2025-12-28;17;1298
11;2025-12-28;18;994
11;2025-12-28;19;771
11;2025-12-28;20;573
11;2025-12-28;21;412
11;2025-12-28;22;240
11;2025-12-28;23;143
11;2025-12-29;0;0
11;2025-12-29;1;0
11;2025-12-29;2;0
11;2025-12-29;3;0
11;2025-12-29;4;2
11;2025-12-29;5;149
11;2025-12-29;6;978
11;2025-12-29;7;1878
11;2025-12-29;8;2667
11;2025-12-29;9;1892
11;2025-12-29;10;1398
11;2025-12-29;11;1424
11;2025-12-29;12;1404
11;2025-12-29;13;1545
11;2025-12-29;14;1536
11;2025-12-29;15;1700
11;2025-12-29;16;1901
11;2025-12-29;17;2412
11;2025-12-29;18;2666
11;2025-12-29;19;1963
11;2025-12-29;20;1142
11;2025-12-29;21;579
11;2025-12-29;22;280
11;2025-12-29;23;128
11;2025-12-30;0;1
11;2025-12-30;1;0
11;2025-12-30;2;0
11;2025-12-30;3;1
11;2025-12-30;4;2
11;2025-12-30;5;138
11;2025-12-30;6;986
11;2025-12-30;7;1968
11;2025-12-30;8;2779
11;2025-12-30;9;2013
11;2025-12-30;10;1422
11;2025-12-30;11;1401
11;2025-12-30;12;1459
11;2025-12-30;13;1584
11;2025-12-30;14;1627
11;2025-12-30;15;1675
11;2025-12-30;16;1878
11;2025-12-30;17;2455
11;2025-12-30;18;2615
11;2025-12-30;19;1879
11;2025-12-30;20;1191
11;2025-12-30;21;566
11;2025-12-30;22;270
11;2025-12-30;23;131
11;2025-12-31;0;0
11;2025-12-31;1;0
11;2025-12-31;2;0
11;2025-12-31;3;0
11;2025-12-31;4;1
11;2025-12-31;5;69
11;2025-12-31;6;282
11;2025-12-31;7;291
11;2025-12-31;8;529
11;2025-12-31;9;503
11;2025-12-31;10;370
11;2025-12-31;11;649
11;2025-12-31;12;854
11;2025-12-31;13;940
11;2025-12-31;14;927
11;2025-12-31;15;977
11;2025-12-31;16;851
11;2025-12-31;17;979
11;2025-12-31;18;970
11;2025-12-31;19;801
11;2025-12-31;20;653
11;2025-12-31;21;428
11;2025-12-31;22;238
11;2025-12-31;23;133
12;2025-11-01;0;72
12;2025-11-01;1;2
12;2025-11-01;2;0
12;2025-11-01;3;0
12;2025-11-01;4;3
12;2025-11-01;5;217
12;2025-11-01;6;811
12;2025-11-01;7;836
12;2025-11-01;8;951
12;2025-11-01;9;1124
12;2025-11-01;10;1358
12;2025-11-01;11;1471
12;2025-11-01;12;1449
12;2025-11-01;13;1695
12;2025-11-01;14;1613
12;2025-11-01;15;1512
12;2025-11-01;16;1583
12;2025-11-01;17;1498
12;2025-11-01;18;1375
12;2025-11-01;19;1321
12;2025-11-01;20;912
12;2025-11-01;21;667
12;2025-11-01;22;385
12;2025-11-01;23;269
12;2025-11-02;0;80
12;2025-11-02;1;5
12;2025-11-02;2;0
12;2025-11-02;3;0
12;2025-11-02;4;4
12;2025-11-02;5;170
12;2025-11-02;6;478
12;2025-11-02;7;550
12;2025-11-02;8;656
12;2025-11-02;9;844
12;2025-11-02;10;969
12;2025-11-02;11;1045
12;2025-11-02;12;1155
12;2025-11-02;13;1332
12;2025-11-02;14;1358
12;2025-11-02;15;1204
12;2025-11-02;16;1316
12;2025-11-02;17;1356
12;2025-11-02;18;1094
12;2025-11-02;19;898
12;2025-11-02;20;762
12;2025-11-02;21;557
12;2025-11-02;22;351
12;2025-11-02;23;198
12;2025-11-03;0;65
12;2025-11-03;1;3
12;2025-11-03;2;0
12;2025-11-03;3;0
12;2025-11-03;4;3
12;2025-11-03;5;263
12;2025-11-03;6;671
12;2025-11-03;7;1043
12;2025-11-03;8;1200
12;2025-11-03;9;1030
12;2025-11-03;10;1114
12;2025-11-03;11;1146
12;2025-11-03;12;1270
12;2025-11-03;13;1258
12;2025-11-03;14;1321
12;2025-11-03;15;1284
12;2025-11-03;16;1402
12;2025-11-03;17;1432
12;2025-11-03;18;1451
12;2025-11-03;19;1322
12;2025-11-03;20;1029
12;2025-11-03;21;697
12;2025-11-03;22;413
12;2025-11-03;23;219
12;2025-11-04;0;50
12;2025-11-04;1;2
12;2025-11-04;2;0
12;2025-11-04;3;0
12;2025-11-04;4;4
12;2025-11-04;5;278
12;2025-11-04;6;669
12;2025-11-04;7;1078
12;2025-11-04;8;1182
12;2025-11-04;9;1013
12;2025-11-04;10;1075
12;2025-11-04;11;1099
12;2025-11-04;12;1131
12;2025-11-04;13;1253
12;2025-11-04;14;1389
12;2025-11-04;15;1421
12;2025-11-04;16;1585
12;2025-11-04;17;1442
12;2025-11-04;18;1355
12;2025-11-04;19;1320
12;2025-11-04;20;991
12;2025-11-04;21;692
12;2025-11-04;22;427
12;2025-11-04;23;222
12;2025-11-05;0;62
12;2025-11-05;1;5
12;2025-11-05;2;0
12;2025-11-05;3;0
12;2025-11-05;4;5
12;2025-11-05;5;332
12;2025-11-05;6;1425
12;2025-11-05;7;2740
12;2025-11-05;8;3494
12;2025-11-05;9;2528
12;2025-11-05;10;2097
12;2025-11-05;11;1995
12;2025-11-05;12;2072
12;2025-11-05;13;2019
12;2025-11-05;14;2033
12;2025-11-05;15;2273
12;2025-11-05;16;2840
12;2025-11-05;17;3052
12;2025-11-05;18;3190
12;2025-11-05;19;2519
12;2025-11-05;20;1500
12;2025-11-05;21;927
12;2025-11-05;22;491
12;2025-11-05;23;243
12;2025-11-06;0;54
12;2025-11-06;1;2
12;2025-11-06;2;0
12;2025-11-06;3;0
12;2025-11-06;4;9
12;2025-11-06;5;320
12;2025-11-06;6;1359
12;2025-11-06;7;2738
12;2025-11-06;8;3518
12;2025-11-06;9;2405
12;2025-11-06;10;1995
12;2025-11-06;11;1964
12;2025-11-06;12;2036
12;2025-11-06;13;2051
12;2025-11-06;14;2051
12;2025-11-06;15;2263
12;2025-11-06;16;2775
12;2025-11-06;17;3063
12;2025-11-06;18;3268
12;2025-11-06;19;2513
12;2025-11-06;20;1526
12;2025-11-06;21;890
12;2025-11-06;22;484
12;2025-11-06;23;238
12;2025-11-07;0;56
12;2025-11-07;1;4
12;2025-11-07;2;0
12;2025-11-07;3;0
12;2025-11-07;4;5
12;2025-11-07;5;293
12;2025-11-07;6;1331
12;2025-11-07;7;2658
12;2025-11-07;8;3459
12;2025-11-07;9;2348
12;2025-11-07;10;1926
12;2025-11-07;11;1936
12;2025-11-07;12;1973
12;2025-11-07;13;2065
12;2025-11-07;14;2060
12;2025-11-07;15;2352
12;2025-11-07;16;2926
12;2025-11-07;17;2987
12;2025-11-07;18;2625
12;2025-11-07;19;2213
12;2025-11-07;20;1397
12;2025-11-07;21;922
12;2025-11-07;22;506
12;2025-11-07;23;272
12;2025-11-08;0;77
12;2025-11-08;1;5
12;2025-11-08;2;0
12;2025-11-08;3;0
12;2025-11-08;4;0
12;2025-11-08;5;221
12;2025-11-08;6;816
12;2025-11-08;7;866
12;2025-11-08;8;945
12;2025-11-08;9;1097
12;2025-11-08;10;1342
12;2025-11-08;11;1455
12;2025-11-08;12;1438
12;2025-11-08;13;1695
12;2025-11-08;14;1618
12;2025-11-08;15;1502
12;2025-11-08;16;1607
12;2025-11-08;17;1512
12;2025-11-08;18;1409
12;2025-11-08;19;1373
12;2025-11-08;20;909
12;2025-11-08;21;652
12;2025-11-08;22;403
12;2025-11-08;23;249
12;2025-11-09;0;83
12;2025-11-09;1;1
12;2025-11-09;2;0
12;2025-11-09;3;0
12;2025-11-09;4;0
12;2025-11-09;5;146
12;2025-11-09;6;513
12;2025-11-09;7;596
12;2025-11-09;8;690
12;2025-11-09;9;854
12;2025-11-09;10;1100
12;2025-11-09;11;1267
12;2025-11-09;12;1342
12;2025-11-09;13;1536
12;2025-11-09;14;1488
12;2025-11-09;15;1364
12;2025-11-09;16;1472
12;2025-11-09;17;1478
12;2025-11-09;18;1220
12;2025-11-09;19;961
12;2025-11-09;20;718
12;2025-11-09;21;569
12;2025-11-09;22;354
12;2025-11-09;23;188
12;2025-11-10;0;65
12;2025-11-10;1;5
12;2025-11-10;2;0
12;2025-11-10;3;0
12;2025-11-10;4;8
12;2025-11-10;5;320
12;2025-11-10;6;1354
12;2025-11-10;7;2673
12;2025-11-10;8;3520
12;2025-11-10;9;2402
12;2025-11-10;10;1930
12;2025-11-10;11;1883
12;2025-11-10;12;1984
12;2025-11-10;13;1962
12;2025-11-10;14;1947
12;2025-11-10;15;2185
12;2025-11-10;16;2669
12;2025-11-10;17;3009
12;2025-11-10;18;3190
12;2025-11-10;19;2461
12;2025-11-10;20;1518
12;2025-11-10;21;890
12;2025-11-10;22;469
12;2025-11-10;23;221
12;2025-11-11;0;49
12;2025-11-11;1;3
12;2025-11-11;2;0
12;2025-11-11;3;0
12;2025-11-11;4;7
12;2025-11-11;5;332
12;2025-11-11;6;1409
12;2025-11-11;7;2837
12;2025-11-11;8;3755
12;2025-11-11;9;2534
12;2025-11-11;10;2113
12;2025-11-11;11;2068
12;2025-11-11;12;2134
12;2025-11-11;13;2128
12;2025-11-11;14;2070
12;2025-11-11;15;2309
12;2025-11-11;16;2783
12;2025-11-11;17;3152
12;2025-11-11;18;3331
12;2025-11-11;19;2546
12;2025-11-11;20;1514
12;2025-11-11;21;878
12;2025-11-11;22;501
12;2025-11-11;23;236
12;2025-11-12;0;57
12;2025-11-12;1;3
12;2025-11-12;2;0
12;2025-11-12;3;0
12;2025-11-12;4;10
12;2025-11-12;5;316
12;2025-11-12;6;1434
12;2025-11-12;7;2801
12;2025-11-12;8;3613
12;2025-11-12;9;2575
12;2025-11-12;10;2160
12;2025-11-12;11;2033
12;2025-11-12;12;2111
12;2025-11-12;13;2037
12;2025-11-12;14;2073
12;2025-11-12;15;2293
12;2025-11-12;16;2858
12;2025-11-12;17;3110
12;2025-11-12;18;3262
12;2025-11-12;19;2549
12;2025-11-12;20;1519
12;2025-11-12;21;903
12;2025-11-12;22;499
12;2025-11-12;23;242
12;2025-11-13;0;54
12;2025-11-13;1;3
12;2025-11-13;2;0
12;2025-11-13;3;0
12;2025-11-13;4;9
12;2025-11-13;5;314
12;2025-11-13;6;1363
12;2025-11-13;7;2845
12;2025-11-13;8;3688
12;2025-11-13;9;2480
12;2025-11-13;10;2068
12;2025-11-13;11;2070
12;2025-11-13;12;2085
12;2025-11-13;13;2104
12;2025-11-13;14;2104
12;2025-11-13;15;2335
12;2025-11-13;16;2852
12;2025-11-13;17;3159
12;2025-11-13;18;3354
12;2025-11-13;19;2569
12;2025-11-13;20;1574
12;2025-11-13;21;897
12;2025-11-13;22;496
12;2025-11-13;23;250
12;2025-11-14;0;58
12;2025-11-14;1;2
12;2025-11-14;2;0
12;2025-11-14;3;0
12;2025-11-14;4;6
12;2025-11-14;5;298
12;2025-11-14;6;1321
12;2025-11-14;7;2733
12;2025-11-14;8;3554
12;2025-11-14;9;2434
12;2025-11-14;10;2013
12;2025-11-14;11;2038
12;2025-11-14;12;2070
12;2025-11-14;13;2147
12;2025-11-14;14;2152
12;2025-11-14;15;2460
12;2025-11-14;16;3049
12;2025-11-14;17;3103
12;2025-11-14;18;2739
12;2025-11-14;19;2276
12;2025-11-14;20;1421
12;2025-11-14;21;922
12;2025-11-14;22;508
12;2025-11-14;23;274
12;2025-11-15;0;67
12;2025-11-15;1;4
12;2025-11-15;2;0
12;2025-11-15;3;0
12;2025-11-15;4;6
12;2025-11-15;5;210
12;2025-11-15;6;739
12;2025-11-15;7;779
12;2025-11-15;8;883
12;2025-11-15;9;1052
12;2025-11-15;10;1317
12;2025-11-15;11;1462
12;2025-11-15;12;1436
12;2025-11-15;13;1695
12;2025-11-15;14;1656
12;2025-11-15;15;1563
12;2025-11-15;16;1628
12;2025-11-15;17;1531
12;2025-11-15;18;1418
12;2025-11-15;19;1395
12;2025-11-15;20;928
12;2025-11-15;21;679
12;2025-11-15;22;410
12;2025-11-15;23;253
12;2025-11-16;0;83
12;2025-11-16;1;4
12;2025-11-16;2;0
12;2025-11-16;3;0
12;2025-11-16;4;2
12;2025-11-16;5;140
12;2025-11-16;6;481
12;2025-11-16;7;586
12;2025-11-16;8;678
12;2025-11-16;9;877
12;2025-11-16;10;1131
12;2025-11-16;11;1308
12;2025-11-16;12;1395
12;2025-11-16;13;1587
12;2025-11-16;14;1540
12;2025-11-16;15;1399
12;2025-11-16;16;1479
12;2025-11-16;17;1479
12;2025-11-16;18;1233
12;2025-11-16;19;969
12;2025-11-16;20;728
12;2025-11-16;21;570
12;2025-11-16;22;364
12;2025-11-16;23;194
12;2025-11-17;0;65
12;2025-11-17;1;4
12;2025-11-17;2;0
12;2025-11-17;3;0
12;2025-11-17;4;7
12;2025-11-17;5;313
12;2025-11-17;6;1352
12;2025-11-17;7;2775
12;2025-11-17;8;3596
12;2025-11-17;9;2494
12;2025-11-17;10;2033
12;2025-11-17;11;1957
12;2025-11-17;12;2084
12;2025-11-17;13;1983
12;2025-11-17;14;1983
12;2025-11-17;15;2259
12;2025-11-17;16;2766
12;2025-11-17;17;3123
12;2025-11-17;18;3301
12;2025-11-17;19;2535
12;2025-11-17;20;1546
12;2025-11-17;21;877
12;2025-11-17;22;463
12;2025-11-17;23;220
12;2025-11-18;0;50
12;2025-11-18;1;4
12;2025-11-18;2;0
12;2025-11-18;3;0
12;2025-11-18;4;8
12;2025-11-18;5;328
12;2025-11-18;6;1411
12;2025-11-18;7;2852
12;2025-11-18;8;3770
12;2025-11-18;9;2548
12;2025-11-18;10;2100
12;2025-11-18;11;2094
12;2025-11-18;12;2166
12;2025-11-18;13;2116
12;2025-11-18;14;2071
12;2025-11-18;15;2315
12;2025-11-18;16;2800
12;2025-11-18;17;3185
12;2025-11-18;18;3373
12;2025-11-18;19;2566
12;2025-11-18;20;1511
12;2025-11-18;21;877
12;2025-11-18;22;485
12;2025-11-18;23;220
12;2025-11-19;0;56
12;2025-11-19;1;1
12;2025-11-19;2;0
12;2025-11-19;3;0
12;2025-11-19;4;8
12;2025-11-19;5;314
12;2025-11-19;6;1440
12;2025-11-19;7;2798
12;2025-11-19;8;3627
12;2025-11-19;9;2572
12;2025-11-19;10;2172
12;2025-11-19;11;2064
12;2025-11-19;12;2149
12;2025-11-19;13;2095
12;2025-11-19;14;2104
12;2025-11-19;15;2323
12;2025-11-19;16;2860
12;2025-11-19;17;3102
12;2025-11-19;18;3246
12;2025-11-19;19;2538
12;2025-11-19;20;1549
12;2025-11-19;21;919
12;2025-11-19;22;503
12;2025-11-19;23;240
12;2025-11-20;0;53
12;2025-11-20;1;3
12;2025-11-20;2;0
12;2025-11-20;3;0
12;2025-11-20;4;9
12;2025-11-20;5;311
12;2025-11-20;6;1369
12;2025-11-20;7;2803
12;2025-11-20;8;3647
12;2025-11-20;9;2479
12;2025-11-20;10;2087
12;2025-11-20;11;2087
12;2025-11-20;12;2118
12;2025-11-20;13;2130
12;2025-11-20;14;2136
12;2025-11-20;15;2351
12;2025-11-20;16;2844
12;2025-11-20;17;3153
12;2025-11-20;18;3339
12;2025-11-20;19;2558
12;2025-11-20;20;1589
12;2025-11-20;21;902
12;2025-11-20;22;489
12;2025-11-20;23;252
12;2025-11-21;0;53
12;2025-11-21;1;0
12;2025-11-21;2;0
12;2025-11-21;3;0
12;2025-11-21;4;4
12;2025-11-21;5;287
12;2025-11-21;6;1323
12;2025-11-21;7;2735
12;2025-11-21;8;3535
12;2025-11-21;9;2445
12;2025-11-21;10;2036
12;2025-11-21;11;2046
12;2025-11-21;12;2081
12;2025-11-21;13;2167
12;2025-11-21;14;2161
12;2025-11-21;15;2444
12;2025-11-21;16;3006
12;2025-11-21;17;3086
12;2025-11-21;18;2730
12;2025-11-21;19;2270
12;2025-11-21;20;1439
12;2025-11-21;21;930
12;2025-11-21;22;510
12;2025-11-21;23;281
12;2025-11-22;0;77
12;2025-11-22;1;4
12;2025-11-22;2;0
12;2025-11-22;3;0
12;2025-11-22;4;7
12;2025-11-22;5;206
12;2025-11-22;6;761
12;2025-11-22;7;835
12;2025-11-22;8;911
12;2025-11-22;9;1087
12;2025-11-22;10;1373
12;2025-11-22;11;1511
12;2025-11-22;12;1477
12;2025-11-22;13;1711
12;2025-11-22;14;1640
12;2025-11-22;15;1526
12;2025-11-22;16;1599
12;2025-11-22;17;1518
12;2025-11-22;18;1420
12;2025-11-22;19;1361
12;2025-11-22;20;907
12;2025-11-22;21;632
12;2025-11-22;22;399
12;2025-11-22;23;245
12;2025-11-23;0;81
12;2025-11-23;1;4
12;2025-11-23;2;0
12;2025-11-23;3;0
12;2025-11-23;4;1
12;2025-11-23;5;143
12;2025-11-23;6;480
12;2025-11-23;7;569
12;2025-11-23;8;667
12;2025-11-23;9;860
12;2025-11-23;10;1127
12;2025-11-23;11;1317
12;2025-11-23;12;1410
12;2025-11-23;13;1601
12;2025-11-23;14;1553
12;2025-11-23;15;1413
12;2025-11-23;16;1510
12;2025-11-23;17;1496
12;2025-11-23;18;1232
12;2025-11-23;19;960
12;2025-11-23;20;732
12;2025-11-23;21;563
12;2025-11-23;22;357
12;2025-11-23;23;192
12;2025-11-24;0;64
12;2025-11-24;1;4
12;2025-11-24;2;0
12;2025-11-24;3;0
12;2025-11-24;4;7
12;2025-11-24;5;312
12;2025-11-24;6;1345
12;2025-11-24;7;2703
12;2025-11-24;8;3530
12;2025-11-24;9;2445
12;2025-11-24;10;1999
12;2025-11-24;11;1903
12;2025-11-24;12;2051
12;2025-11-24;13;2024
12;2025-11-24;14;1963
12;2025-11-24;15;2193
12;2025-11-24;16;2685
12;2025-11-24;17;3039
12;2025-11-24;18;3238
12;2025-11-24;19;2468
12;2025-11-24;20;1547
12;2025-11-24;21;894
12;2025-11-24;22;466
12;2025-11-24;23;223
12;2025-11-25;0;45
12;2025-11-25;1;1
12;2025-11-25;2;1
12;2025-11-25;3;0
12;2025-11-25;4;7
12;2025-11-25;5;335
12;2025-11-25;6;1406
12;2025-11-25;7;2771
12;2025-11-25;8;3691
12;2025-11-25;9;2538
12;2025-11-25;10;2139
12;2025-11-25;11;2075
12;2025-11-25;12;2161
12;2025-11-25;13;2131
12;2025-11-25;14;2065
12;2025-11-25;15;2283
12;2025-11-25;16;2737
12;2025-11-25;17;3127
12;2025-11-25;18;3320
12;2025-11-25;19;2517
12;2025-11-25;20;1539
12;2025-11-25;21;883
12;2025-11-25;22;493
12;2025-11-25;23;235
12;2025-11-26;0;58
12;2025-11-26;1;3
12;2025-11-26;2;0
12;2025-11-26;3;0
12;2025-11-26;4;10
12;2025-11-26;5;307
12;2025-11-26;6;1403
12;2025-11-26;7;2651
12;2025-11-26;8;3453
12;2025-11-26;9;2491
12;2025-11-26;10;2122
12;2025-11-26;11;1991
12;2025-11-26;12;2081
12;2025-11-26;13;2020
12;2025-11-26;14;2033
12;2025-11-26;15;2235
12;2025-11-26;16;2687
12;2025-11-26;17;2986
12;2025-11-26;18;3146
12;2025-11-26;19;2451
12;2025-11-26;20;1510
12;2025-11-26;21;896
12;2025-11-26;22;483
12;2025-11-26;23;241
12;2025-11-27;0;52
12;2025-11-27;1;3
12;2025-11-27;2;0
12;2025-11-27;3;0
12;2025-11-27;4;7
12;2025-11-27;5;306
12;2025-11-27;6;1340
12;2025-11-27;7;2637
12;2025-11-27;8;3501
12;2025-11-27;9;2394
12;2025-11-27;10;2014
12;2025-11-27;11;2011
12;2025-11-27;12;2052
12;2025-11-27;13;2038
12;2025-11-27;14;2031
12;2025-11-27;15;2244
12;2025-11-27;16;2667
12;2025-11-27;17;2992
12;2025-11-27;18;3210
12;2025-11-27;19;2420
12;2025-11-27;20;1555
12;2025-11-27;21;877
12;2025-11-27;22;471
12;2025-11-27;23;250
12;2025-11-28;0;57
12;2025-11-28;1;3
12;2025-11-28;2;0
12;2025-11-28;3;0
12;2025-11-28;4;9
12;2025-11-28;5;296
12;2025-11-28;6;1294
12;2025-11-28;7;2537
12;2025-11-28;8;3343
12;2025-11-28;9;2327
12;2025-11-28;10;1968
12;2025-11-28;11;1983
12;2025-11-28;12;2006
12;2025-11-28;13;2061
12;2025-11-28;14;2045
12;2025-11-28;15;2315
12;2025-11-28;16;2828
12;2025-11-28;17;2908
12;2025-11-28;18;2559
12;2025-11-28;19;2162
12;2025-11-28;20;1408
12;2025-11-28;21;925
12;2025-11-28;22;497
12;2025-11-28;23;282
12;2025-11-29;0;66
12;2025-11-29;1;4
12;2025-11-29;2;0
12;2025-11-29;3;0
12;2025-11-29;4;4
12;2025-11-29;5;191
12;2025-11-29;6;691
12;2025-11-29;7;765
12;2025-11-29;8;861
12;2025-11-29;9;1031
12;2025-11-29;10;1298
12;2025-11-29;11;1426
12;2025-11-29;12;1410
12;2025-11-29;13;1584
12;2025-11-29;14;1503
12;2025-11-29;15;1433
12;2025-11-29;16;1483
12;2025-11-29;17;1393
12;2025-11-29;18;1313
12;2025-11-29;19;1267
12;2025-11-29;20;838
12;2025-11-29;21;602
12;2025-11-29;22;370
12;2025-11-29;23;225
12;2025-11-30;0;68
12;2025-11-30;1;4
12;2025-11-30;2;0
12;2025-11-30;3;0
12;2025-11-30;4;3
12;2025-11-30;5;122
12;2025-11-30;6;428
12;2025-11-30;7;519
12;2025-11-30;8;622
12;2025-11-30;9;796
12;2025-11-30;10;1055
12;2025-11-30;11;1246
12;2025-11-30;12;1315
12;2025-11-30;13;1441
12;2025-11-30;14;1406
12;2025-11-30;15;1314
12;2025-11-30;16;1372
12;2025-11-30;17;1353
12;2025-11-30;18;1153
12;2025-11-30;19;883
12;2025-11-30;20;668
12;2025-11-30;21;523
12;2025-11-30;22;336
12;2025-11-30;23;183
12;2025-12-01;0;60
12;2025-12-01;1;4
12;2025-12-01;2;0
12;2025-12-01;3;0
12;2025-12-01;4;8
12;2025-12-01;5;284
12;2025-12-01;6;1225
12;2025-12-01;7;2284
12;2025-12-01;8;3179
12;2025-12-01;9;2104
12;2025-12-01;10;1722
12;2025-12-01;11;1685
12;2025-12-01;12;1785
12;2025-12-01;13;1771
12;2025-12-01;14;1758
12;2025-12-01;15;1929
12;2025-12-01;16;2291
12;2025-12-01;17;2709
12;2025-12-01;18;2860
12;2025-12-01;19;2117
12;2025-12-01;20;1360
12;2025-12-01;21;768
12;2025-12-01;22;386
12;2025-12-01;23;197
12;2025-12-02;0;47
12;2025-12-02;1;1
12;2025-12-02;2;0
12;2025-12-02;3;0
12;2025-12-02;4;5
12;2025-12-02;5;296
12;2025-12-02;6;1253
12;2025-12-02;7;2392
12;2025-12-02;8;3372
12;2025-12-02;9;2180
12;2025-12-02;10;1829
12;2025-12-02;11;1776
12;2025-12-02;12;1868
12;2025-12-02;13;1861
12;2025-12-02;14;1793
12;2025-12-02;15;1975
12;2025-12-02;16;2365
12;2025-12-02;17;2803
12;2025-12-02;18;2968
12;2025-12-02;19;2182
12;2025-12-02;20;1368
12;2025-12-02;21;767
12;2025-12-02;22;403
12;2025-12-02;23;205
12;2025-12-03;0;56
12;2025-12-03;1;3
12;2025-12-03;2;0
12;2025-12-03;3;0
12;2025-12-03;4;6
12;2025-12-03;5;276
12;2025-12-03;6;1293
12;2025-12-03;7;2354
12;2025-12-03;8;3189
12;2025-12-03;9;2220
12;2025-12-03;10;1889
12;2025-12-03;11;1786
12;2025-12-03;12;1906
12;2025-12-03;13;1843
12;2025-12-03;14;1849
12;2025-12-03;15;2035
12;2025-12-03;16;2444
12;2025-12-03;17;2764
12;2025-12-03;18;2878
12;2025-12-03;19;2190
12;2025-12-03;20;1381
12;2025-12-03;21;803
12;2025-12-03;22;413
12;2025-12-03;23;214
12;2025-12-04;0;54
12;2025-12-04;1;3
12;2025-12-04;2;0
12;2025-12-04;3;0
12;2025-12-04;4;7
12;2025-12-04;5;273
12;2025-12-04;6;1253
12;2025-12-04;7;2349
12;2025-12-04;8;3236
12;2025-12-04;9;2126
12;2025-12-04;10;1799
12;2025-12-04;11;1798
12;2025-12-04;12;1853
12;2025-12-04;13;1850
12;2025-12-04;14;1835
12;2025-12-04;15;1995
12;2025-12-04;16;2402
12;2025-12-04;17;2775
12;2025-12-04;18;2946
12;2025-12-04;19;2209
12;2025-12-04;20;1434
12;2025-12-04;21;801
12;2025-12-04;22;428
12;2025-12-04;23;236
12;2025-12-05;0;58
12;2025-12-05;1;4
12;2025-12-05;2;0
12;2025-12-05;3;0
12;2025-12-05;4;7
12;2025-12-05;5;261
12;2025-12-05;6;1230
12;2025-12-05;7;2309
12;2025-12-05;8;3142
12;2025-12-05;9;2098
12;2025-12-05;10;1770
12;2025-12-05;11;1787
12;2025-12-05;12;1843
12;2025-12-05;13;1873
12;2025-12-05;14;1866
12;2025-12-05;15;2100
12;2025-12-05;16;2628
12;2025-12-05;17;2722
12;2025-12-05;18;2329
12;2025-12-05;19;1973
12;2025-12-05;20;1321
12;2025-12-05;21;829
12;2025-12-05;22;431
12;2025-12-05;23;254
12;2025-12-06;0;66
12;2025-12-06;1;6
12;2025-12-06;2;0
12;2025-12-06;3;0
12;2025-12-06;4;6
12;2025-12-06;5;185
12;2025-12-06;6;657
12;2025-12-06;7;721
12;2025-12-06;8;828
12;2025-12-06;9;986
12;2025-12-06;10;1242
12;2025-12-06;11;1362
12;2025-12-06;12;1358
12;2025-12-06;13;1518
12;2025-12-06;14;1444
12;2025-12-06;15;1380
12;2025-12-06;16;1425
12;2025-12-06;17;1343
12;2025-12-06;18;1264
12;2025-12-06;19;1220
12;2025-12-06;20;805
12;2025-12-06;21;553
12;2025-12-06;22;362
12;2025-12-06;23;224
12;2025-12-07;0;68
12;2025-12-07;1;5
12;2025-12-07;2;0
12;2025-12-07;3;0
12;2025-12-07;4;2
12;2025-12-07;5;114
12;2025-12-07;6;399
12;2025-12-07;7;468
12;2025-12-07;8;570
12;2025-12-07;9;729
12;2025-12-07;10;973
12;2025-12-07;11;1171
12;2025-12-07;12;1251
12;2025-12-07;13;1380
12;2025-12-07;14;1346
12;2025-12-07;15;1269
12;2025-12-07;16;1321
12;2025-12-07;17;1302
12;2025-12-07;18;1106
12;2025-12-07;19;844
12;2025-12-07;20;634
12;2025-12-07;21;488
12;2025-12-07;22;328
12;2025-12-07;23;176
12;2025-12-08;0;60
12;2025-12-08;1;3
12;2025-12-08;2;0
12;2025-12-08;3;0
12;2025-12-08;4;6
12;2025-12-08;5;276
12;2025-12-08;6;1220
12;2025-12-08;7;2309
12;2025-12-08;8;3208
12;2025-12-08;9;2141
12;2025-12-08;10;1730
12;2025-12-08;11;1702
12;2025-12-08;12;1814
12;2025-12-08;13;1793
12;2025-12-08;14;1759
12;2025-12-08;15;1960
12;2025-12-08;16;2349
12;2025-12-08;17;2749
12;2025-12-08;18;2899
12;2025-12-08;19;2161
12;2025-12-08;20;1361
12;2025-12-08;21;755
12;2025-12-08;22;388
12;2025-12-08;23;201
12;2025-12-09;0;48
12;2025-12-09;1;2
12;2025-12-09;2;0
12;2025-12-09;3;0
12;2025-12-09;4;6
12;2025-12-09;5;284
12;2025-12-09;6;1211
12;2025-12-09;7;2409
12;2025-12-09;8;3407
12;2025-12-09;9;2201
12;2025-12-09;10;1817
12;2025-12-09;11;1775
12;2025-12-09;12;1869
12;2025-12-09;13;1857
12;2025-12-09;14;1798
12;2025-12-09;15;2001
12;2025-12-09;16;2423
12;2025-12-09;17;2865
12;2025-12-09;18;3010
12;2025-12-09;19;2221
12;2025-12-09;20;1341
12;2025-12-09;21;722
12;2025-12-09;22;385
12;2025-12-09;23;198
12;2025-12-10;0;10
12;2025-12-10;1;0
12;2025-12-10;2;0
12;2025-12-10;3;0
12;2025-12-10;4;0
12;2025-12-10;5;211
12;2025-12-10;6;1126
12;2025-12-10;7;2261
12;2025-12-10;8;3133
12;2025-12-10;9;2117
12;2025-12-10;10;1732
12;2025-12-10;11;1628
12;2025-12-10;12;1754
12;2025-12-10;13;1694
12;2025-12-10;14;1714
12;2025-12-10;15;1902
12;2025-12-10;16;2371
12;2025-12-10;17;2682
12;2025-12-10;18;2817
12;2025-12-10;19;2112
12;2025-12-10;20;1237
12;2025-12-10;21;653
12;2025-12-10;22;328
12;2025-12-10;23;154
12;2025-12-11;0;0
12;2025-12-11;1;0
12;2025-12-11;2;0
12;2025-12-11;3;0
12;2025-12-11;4;0
12;2025-12-11;5;214
12;2025-12-11;6;1103
12;2025-12-11;7;2281
12;2025-12-11;8;3156
12;2025-12-11;9;2017
12;2025-12-11;10;1651
12;2025-12-11;11;1668
12;2025-12-11;12;1738
12;2025-12-11;13;1734
12;2025-12-11;14;1735
12;2025-12-11;15;1905
12;2025-12-11;16;2346
12;2025-12-11;17;2675
12;2025-12-11;18;2866
12;2025-12-11;19;2095
12;2025-12-11;20;1281
12;2025-12-11;21;644
12;2025-12-11;22;341
12;2025-12-11;23;179
12;2025-12-12;0;11
12;2025-12-12;1;0
12;2025-12-12;2;0
12;2025-12-12;3;0
12;2025-12-12;4;0
12;2025-12-12;5;205
12;2025-12-12;6;1043
12;2025-12-12;7;2263
12;2025-12-12;8;3115
12;2025-12-12;9;1973
12;2025-12-12;10;1601
12;2025-12-12;11;1631
12;2025-12-12;12;1680
12;2025-12-12;13;1713
12;2025-12-12;14;1721
12;2025-12-12;15;1978
12;2025-12-12;16;2572
12;2025-12-12;17;2684
12;2025-12-12;18;2284
12;2025-12-12;19;1883
12;2025-12-12;20;1165
12;2025-12-12;21;692
12;2025-12-12;22;359
12;2025-12-12;23;191
12;2025-12-13;0;16
12;2025-12-13;1;0
12;2025-12-13;2;0
12;2025-12-13;3;0
12;2025-12-13;4;0
12;2025-12-13;5;135
12;2025-12-13;6;513
12;2025-12-13;7;567
12;2025-12-13;8;657
12;2025-12-13;9;814
12;2025-12-13;10;1089
12;2025-12-13;11;1226
12;2025-12-13;12;1209
12;2025-12-13;13;1399
12;2025-12-13;14;1313
12;2025-12-13;15;1246
12;2025-12-13;16;1299
12;2025-12-13;17;1218
12;2025-12-13;18;1142
12;2025-12-13;19;1115
12;2025-12-13;20;671
12;2025-12-13;21;456
12;2025-12-13;22;299
12;2025-12-13;23;171
12;2025-12-14;0;19
12;2025-12-14;1;0
12;2025-12-14;2;0
12;2025-12-14;3;0
12;2025-12-14;4;0
12;2025-12-14;5;61
12;2025-12-14;6;306
12;2025-12-14;7;366
12;2025-12-14;8;442
12;2025-12-14;9;577
12;2025-12-14;10;823
12;2025-12-14;11;1015
12;2025-12-14;12;1115
12;2025-12-14;13;1254
12;2025-12-14;14;1223
12;2025-12-14;15;1140
12;2025-12-14;16;1201
12;2025-12-14;17;1176
12;2025-12-14;18;982
12;2025-12-14;19;714
12;2025-12-14;20;512
12;2025-12-14;21;391
12;2025-12-14;22;254
12;2025-12-14;23;116
12;2025-12-15;0;0
12;2025-12-15;1;0
12;2025-12-15;2;0
12;2025-12-15;3;0
12;2025-12-15;4;0
12;2025-12-15;5;205
12;2025-12-15;6;1055
12;2025-12-15;7;2221
12;2025-12-15;8;3126
12;2025-12-15;9;2023
12;2025-12-15;10;1601
12;2025-12-15;11;1561
12;2025-12-15;12;1684
12;2025-12-15;13;1676
12;2025-12-15;14;1616
12;2025-12-15;15;1848
12;2025-12-15;16;2283
12;2025-12-15;17;2672
12;2025-12-15;18;2843
12;2025-12-15;19;2076
12;2025-12-15;20;1230
12;2025-12-15;21;621
12;2025-12-15;22;301
12;2025-12-15;23;131
12;2025-12-16;0;0
12;2025-12-16;1;0
12;2025-12-16;2;0
12;2025-12-16;3;0
12;2025-12-16;4;0
12;2025-12-16;5;222
12;2025-12-16;6;1092
12;2025-12-16;7;2331
12;2025-12-16;8;3312
12;2025-12-16;9;2101
12;2025-12-16;10;1705
12;2025-12-16;11;1656
12;2025-12-16;12;1732
12;2025-12-16;13;1745
12;2025-12-16;14;1682
12;2025-12-16;15;1906
12;2025-12-16;16;2362
12;2025-12-16;17;2792
12;2025-12-16;18;2963
12;2025-12-16;19;2139
12;2025-12-16;20;1239
12;2025-12-16;21;626
12;2025-12-16;22;323
12;2025-12-16;23;144
12;2025-12-17;0;0
12;2025-12-17;1;0
12;2025-12-17;2;0
12;2025-12-17;3;0
12;2025-12-17;4;0
12;2025-12-17;5;203
12;2025-12-17;6;1110
12;2025-12-17;7;2248
12;2025-12-17;8;3114
12;2025-12-17;9;2106
12;2025-12-17;10;1709
12;2025-12-17;11;1619
12;2025-12-17;12;1742
12;2025-12-17;13;1695
12;2025-12-17;14;1700
12;2025-12-17;15;1891
12;2025-12-17;16;2366
12;2025-12-17;17;2687
12;2025-12-17;18;2811
12;2025-12-17;19;2100
12;2025-12-17;20;1230
12;2025-12-17;21;648
12;2025-12-17;22;332
12;2025-12-17;23;152
12;2025-12-18;0;0
12;2025-12-18;1;0
12;2025-12-18;2;0
12;2025-12-18;3;0
12;2025-12-18;4;0
12;2025-12-18;5;201
12;2025-12-18;6;1063
12;2025-12-18;7;2267
12;2025-12-18;8;3173
12;2025-12-18;9;1990
12;2025-12-18;10;1623
12;2025-12-18;11;1639
12;2025-12-18;12;1709
12;2025-12-18;13;1705
12;2025-12-18;14;1690
12;2025-12-18;15;1889
12;2025-12-18;16;2347
12;2025-12-18;17;2713
12;2025-12-18;18;2885
12;2025-12-18;19;2105
12;2025-12-18;20;1264
12;2025-12-18;21;635
12;2025-12-18;22;328
12;2025-12-18;23;165
12;2025-12-19;0;4
12;2025-12-19;1;0
12;2025-12-19;2;0
12;2025-12-19;3;0
12;2025-12-19;4;0
12;2025-12-19;5;192
12;2025-12-19;6;1035
12;2025-12-19;7;2234
12;2025-12-19;8;3085
12;2025-12-19;9;1960
12;2025-12-19;10;1583
12;2025-12-19;11;1607
12;2025-12-19;12;1689
12;2025-12-19;13;1730
12;2025-12-19;14;1723
12;2025-12-19;15;1974
12;2025-12-19;16;2556
12;2025-12-19;17;2653
12;2025-12-19;18;2234
12;2025-12-19;19;1837
12;2025-12-19;20;1139
12;2025-12-19;21;658
12;2025-12-19;22;335
12;2025-12-19;23;182
12;2025-12-20;0;3
12;2025-12-20;1;0
12;2025-12-20;2;0
12;2025-12-20;3;0
12;2025-12-20;4;0
12;2025-12-20;5;113
12;2025-12-20;6;488
12;2025-12-20;7;556
12;2025-12-20;8;633
12;2025-12-20;9;787
12;2025-12-20;10;1049
12;2025-12-20;11;1185
12;2025-12-20;12;1160
12;2025-12-20;13;1349
12;2025-12-20;14;1274
12;2025-12-20;15;1206
12;2025-12-20;16;1258
12;2025-12-20;17;1181
12;2025-12-20;18;1108
12;2025-12-20;19;1061
12;2025-12-20;20;647
12;2025-12-20;21;446
12;2025-12-20;22;283
12;2025-12-20;23;155
12;2025-12-21;0;15
12;2025-12-21;1;0
12;2025-12-21;2;0
12;2025-12-21;3;0
12;2025-12-21;4;0
12;2025-12-21;5;46
12;2025-12-21;6;296
12;2025-12-21;7;362
12;2025-12-21;8;432
12;2025-12-21;9;561
12;2025-12-21;10;805
12;2025-12-21;11;1002
12;2025-12-21;12;1086
12;2025-12-21;13;1212
12;2025-12-21;14;1178
12;2025-12-21;15;1103
12;2025-12-21;16;1164
12;2025-12-21;17;1140
12;2025-12-21;18;958
12;2025-12-21;19;687
12;2025-12-21;20;496
12;2025-12-21;21;387
12;2025-12-21;22;253
12;2025-12-21;23;117
12;2025-12-22;0;2
12;2025-12-22;1;0
12;2025-12-22;2;0
12;2025-12-22;3;0
12;2025-12-22;4;0
12;2025-12-22;5;211
12;2025-12-22;6;1074
12;2025-12-22;7;2216
12;2025-12-22;8;3138
12;2025-12-22;9;2015
12;2025-12-22;10;1590
12;2025-12-22;11;1557
12;2025-12-22;12;1704
12;2025-12-22;13;1682
12;2025-12-22;14;1639
12;2025-12-22;15;1870
12;2025-12-22;16;2291
12;2025-12-22;17;2690
12;2025-12-22;18;2840
12;2025-12-22;19;2083
12;2025-12-22;20;1259
12;2025-12-22;21;659
12;2025-12-22;22;324
12;2025-12-22;23;145
12;2025-12-23;0;0
12;2025-12-23;1;0
12;2025-12-23;2;0
12;2025-12-23;3;0
12;2025-12-23;4;0
12;2025-12-23;5;252
12;2025-12-23;6;1120
12;2025-12-23;7;2325
12;2025-12-23;8;3317
12;2025-12-23;9;2133
12;2025-12-23;10;1737
12;2025-12-23;11;1699
12;2025-12-23;12;1792
12;2025-12-23;13;1781
12;2025-12-23;14;1704
12;2025-12-23;15;1912
12;2025-12-23;16;2341
12;2025-12-23;17;2771
12;2025-12-23;18;2920
12;2025-12-23;19;2119
12;2025-12-23;20;1242
12;2025-12-23;21;621
12;2025-12-23;22;324
12;2025-12-23;23;142
12;2025-12-24;0;0
12;2025-12-24;1;0
12;2025-12-24;2;0
12;2025-12-24;3;0
12;2025-12-24;4;0
12;2025-12-24;5;210
12;2025-12-24;6;1120
12;2025-12-24;7;2221
12;2025-12-24;8;3092
12;2025-12-24;9;2098
12;2025-12-24;10;1716
12;2025-12-24;11;1626
12;2025-12-24;12;1744
12;2025-12-24;13;1699
12;2025-12-24;14;1700
12;2025-12-24;15;1902
12;2025-12-24;16;2370
12;2025-12-24;17;2677
12;2025-12-24;18;2793
12;2025-12-24;19;2095
12;2025-12-24;20;1226
12;2025-12-24;21;609
12;2025-12-24;22;315
12;2025-12-24;23;141
12;2025-12-25;0;0
12;2025-12-25;1;0
12;2025-12-25;2;0
12;2025-12-25;3;0
12;2025-12-25;4;0
12;2025-12-25;5;187
12;2025-12-25;6;1043
12;2025-12-25;7;2206
12;2025-12-25;8;3100
12;2025-12-25;9;1976
12;2025-12-25;10;1614
12;2025-12-25;11;1617
12;2025-12-25;12;1704
12;2025-12-25;13;1696
12;2025-12-25;14;1685
12;2025-12-25;15;1869
12;2025-12-25;16;2319
12;2025-12-25;17;2682
12;2025-12-25;18;2819
12;2025-12-25;19;2094
12;2025-12-25;20;1244
12;2025-12-25;21;630
12;2025-12-25;22;326
12;2025-12-25;23;165
12;2025-12-26;0;5
12;2025-12-26;1;0
12;2025-12-26;2;0
12;2025-12-26;3;0
12;2025-12-26;4;0
12;2025-12-26;5;184
12;2025-12-26;6;1043
12;2025-12-26;7;2156
12;2025-12-26;8;3012
12;2025-12-26;9;1965
12;2025-12-26;10;1585
12;2025-12-26;11;1600
12;2025-12-26;12;1664
12;2025-12-26;13;1732
12;2025-12-26;14;1731
12;2025-12-26;15;1985
12;2025-12-26;16;2559
12;2025-12-26;17;2634
12;2025-12-26;18;2217
12;2025-12-26;19;1823
12;2025-12-26;20;1131
12;2025-12-26;21;668
12;2025-12-26;22;341
12;2025-12-26;23;188
12;2025-12-27;0;10
12;2025-12-27;1;0
12;2025-12-27;2;0
12;2025-12-27;3;0
12;2025-12-27;4;0
12;2025-12-27;5;113
12;2025-12-27;6;493
12;2025-12-27;7;567
12;2025-12-27;8;649
12;2025-12-27;9;772
12;2025-12-27;10;1053
12;2025-12-27;11;1170
12;2025-12-27;12;1155
12;2025-12-27;13;1344
12;2025-12-27;14;1251
12;2025-12-27;15;1186
12;2025-12-27;16;1244
12;2025-12-27;17;1157
12;2025-12-27;18;1089
12;2025-12-27;19;1062
12;2025-12-27;20;624
12;2025-12-27;21;422
12;2025-12-27;22;282
12;2025-12-27;23;155
12;2025-12-28;0;3
12;2025-12-28;1;0
12;2025-12-28;2;0
12;2025-12-28;3;0
12;2025-12-28;4;0
12;2025-12-28;5;35
12;2025-12-28;6;292
12;2025-12-28;7;329
12;2025-12-28;8;404
12;2025-12-28;9;543
12;2025-12-28;10;811
12;2025-12-28;11;978
12;2025-12-28;12;1066
12;2025-12-28;13;1203
12;2025-12-28;14;1156
12;2025-12-28;15;1083
12;2025-12-28;16;1159
12;2025-12-28;17;1129
12;2025-12-28;18;959
12;2025-12-28;19;683
12;2025-12-28;20;472
12;2025-12-28;21;366
12;2025-12-28;22;246
12;2025-12-28;23;111
12;2025-12-29;0;0
12;2025-12-29;1;0
12;2025-12-29;2;0
12;2025-12-29;3;0
12;2025-12-29;4;0
12;2025-12-29;5;194
12;2025-12-29;6;1032
12;2025-12-29;7;2147
12;2025-12-29;8;2994
12;2025-12-29;9;1968
12;2025-12-29;10;1583
12;2025-12-29;11;1525
12;2025-12-29;12;1660
12;2025-12-29;13;1640
12;2025-12-29;14;1572
12;2025-12-29;15;1817
12;2025-12-29;16;2232
12;2025-12-29;17;2617
12;2025-12-29;18;2733
12;2025-12-29;19;2024
12;2025-12-29;20;1192
12;2025-12-29;21;591
12;2025-12-29;22;296
12;2025-12-29;23;134
12;2025-12-30;0;0
12;2025-12-30;1;0
12;2025-12-30;2;0
12;2025-12-30;3;0
12;2025-12-30;4;0
12;2025-12-30;5;207
12;2025-12-30;6;1049
12;2025-12-30;7;2237
12;2025-12-30;8;3095
12;2025-12-30;9;2028
12;2025-12-30;10;1652
12;2025-12-30;11;1607
12;2025-12-30;12;1711
12;2025-12-30;13;1726
12;2025-12-30;14;1644
12;2025-12-30;15;1870
12;2025-12-30;16;2306
12;2025-12-30;17;2685
12;2025-12-30;18;2771
12;2025-12-30;19;2036
12;2025-12-30;20;1183
12;2025-12-30;21;586
12;2025-12-30;22;310
12;2025-12-30;23;138
12;2025-12-31;0;0
12;2025-12-31;1;0
12;2025-12-31;2;0
12;2025-12-31;3;0
12;2025-12-31;4;0
12;2025-12-31;5;108
12;2025-12-31;6;289
12;2025-12-31;7;462
12;2025-12-31;8;648
12;2025-12-31;9;482
12;2025-12-31;10;588
12;2025-12-31;11;645
12;2025-12-31;12;834
12;2025-12-31;13;931
12;2025-12-31;14;914
12;2025-12-31;15;938
12;2025-12-31;16;1049
12;2025-12-31;17;957
12;2025-12-31;18;893
12;2025-12-31;19;764
12;2025-12-31;20;566
12;2025-12-31;21;386
12;2025-12-31;22;231
12;2025-12-31;23;116
17;2025-11-01;0;192
17;2025-11-01;1;26
17;2025-11-01;2;0
17;2025-11-01;3;0
17;2025-11-01;4;11
17;2025-11-01;5;129
17;2025-11-01;6;554
17;2025-11-01;7;1121
17;2025-11-01;8;1644
17;2025-11-01;9;2126
17;2025-11-01;10;2431
17;2025-11-01;11;2897
17;2025-11-01;12;3209
17;2025-11-01;13;3473
17;2025-11-01;14;3560
17;2025-11-01;15;3561
17;2025-11-01;16;3577
17;2025-11-01;17;3413
17;2025-11-01;18;2907
17;2025-11-01;19;2404
17;2025-11-01;20;1886
17;2025-11-01;21;1368
17;2025-11-01;22;832
17;2025-11-01;23;433
17;2025-11-02;0;179
17;2025-11-02;1;29
17;2025-11-02;2;0
17;2025-11-02;3;1
17;2025-11-02;4;2
17;2025-11-02;5;98
17;2025-11-02;6;375
17;2025-11-02;7;694
17;2025-11-02;8;1046
17;2025-11-02;9;1468
17;2025-11-02;10;1634
17;2025-11-02;11;2025
17;2025-11-02;12;2449
17;2025-11-02;13;2658
17;2025-11-02;14;2773
17;2025-11-02;15;2733
17;2025-11-02;16;2723
17;2025-11-02;17;2600
17;2025-11-02;18;2225
17;2025-11-02;19;1879
17;2025-11-02;20;1508
17;2025-11-02;21;1038
17;2025-11-02;22;708
17;2025-11-02;23;310
17;2025-11-03;0;116
17;2025-11-03;1;13
17;2025-11-03;2;0
17;2025-11-03;3;0
17;2025-11-03;4;14
17;2025-11-03;5;214
17;2025-11-03;6;652
17;2025-11-03;7;2002
17;2025-11-03;8;3257
17;2025-11-03;9;2029
17;2025-11-03;10;1979
17;2025-11-03;11;2203
17;2025-11-03;12;2284
17;2025-11-03;13;2210
17;2025-11-03;14;2333
17;2025-11-03;15;2282
17;2025-11-03;16;2217
17;2025-11-03;17;2833
17;2025-11-03;18;3213
17;2025-11-03;19;2253
17;2025-11-03;20;1794
17;2025-11-03;21;1184
17;2025-11-03;22;750
17;2025-11-03;23;329
17;2025-11-04;0;126
17;2025-11-04;1;12
17;2025-11-04;2;1
17;2025-11-04;3;0
17;2025-11-04;4;23
17;2025-11-04;5;213
17;2025-11-04;6;668
17;2025-11-04;7;2154
17;2025-11-04;8;3170
17;2025-11-04;9;2061
17;2025-11-04;10;1846
17;2025-11-04;11;2030
17;2025-11-04;12;2136
17;2025-11-04;13;2161
17;2025-11-04;14;2557
17;2025-11-04;15;2462
17;2025-11-04;16;2269
17;2025-11-04;17;2958
17;2025-11-04;18;3271
17;2025-11-04;19;2245
17;2025-11-04;20;1835
17;2025-11-04;21;1257
17;2025-11-04;22;785
17;2025-11-04;23;352
17;2025-11-05;0;130
17;2025-11-05;1;13
17;2025-11-05;2;0
17;2025-11-05;3;0
17;2025-11-05;4;30
17;2025-11-05;5;306
17;2025-11-05;6;1454
17;2025-11-05;7;3858
17;2025-11-05;8;5078
17;2025-11-05;9;3613
17;2025-11-05;10;2940
17;2025-11-05;11;2909
17;2025-11-05;12;2972
17;2025-11-05;13;3054
17;2025-11-05;14;3153
17;2025-11-05;15;3339
17;2025-11-05;16;3535
17;2025-11-05;17;4261
17;2025-11-05;18;4716
17;2025-11-05;19;3365
17;2025-11-05;20;2319
17;2025-11-05;21;1455
17;2025-11-05;22;842
17;2025-11-05;23;354
17;2025-11-06;0;131
17;2025-11-06;1;7
17;2025-11-06;2;0
17;2025-11-06;3;0
17;2025-11-06;4;23
17;2025-11-06;5;299
17;2025-11-06;6;1470
17;2025-11-06;7;3870
17;2025-11-06;8;5146
17;2025-11-06;9;3645
17;2025-11-06;10;2941
17;2025-11-06;11;2794
17;2025-11-06;12;3024
17;2025-11-06;13;3062
17;2025-11-06;14;3120
17;2025-11-06;15;3305
17;2025-11-06;16;3623
17;2025-11-06;17;4344
17;2025-11-06;18;4846
17;2025-11-06;19;3460
17;2025-11-06;20;2292
17;2025-11-06;21;1480
17;2025-11-06;22;859
17;2025-11-06;23;370
17;2025-11-07;0;142
17;2025-11-07;1;11
17;2025-11-07;2;0
17;2025-11-07;3;0
17;2025-11-07;4;22
17;2025-11-07;5;285
17;2025-11-07;6;1435
17;2025-11-07;7;3924
17;2025-11-07;8;5126
17;2025-11-07;9;3577
17;2025-11-07;10;2890
17;2025-11-07;11;2938
17;2025-11-07;12;2969
17;2025-11-07;13;3080
17;2025-11-07;14;3225
17;2025-11-07;15;3487
17;2025-11-07;16;4081
17;2025-11-07;17;4488
17;2025-11-07;18;4314
17;2025-11-07;19;3219
17;2025-11-07;20;2318
17;2025-11-07;21;1524
17;2025-11-07;22;893
17;2025-11-07;23;444
17;2025-11-08;0;193
17;2025-11-08;1;27
17;2025-11-08;2;0
17;2025-11-08;3;0
17;2025-11-08;4;3
17;2025-11-08;5;136
17;2025-11-08;6;552
17;2025-11-08;7;1119
17;2025-11-08;8;1647
17;2025-11-08;9;2088
17;2025-11-08;10;2344
17;2025-11-08;11;2794
17;2025-11-08;12;3123
17;2025-11-08;13;3361
17;2025-11-08;14;3383
17;2025-11-08;15;3441
17;2025-11-08;16;3440
17;2025-11-08;17;3304
17;2025-11-08;18;2936
17;2025-11-08;19;2416
17;2025-11-08;20;1914
17;2025-11-08;21;1344
17;2025-11-08;22;874
17;2025-11-08;23;412
17;2025-11-09;0;175
17;2025-11-09;1;28
17;2025-11-09;2;0
17;2025-11-09;3;0
17;2025-11-09;4;2
17;2025-11-09;5;106
17;2025-11-09;6;404
17;2025-11-09;7;769
17;2025-11-09;8;1170
17;2025-11-09;9;1628
17;2025-11-09;10;1863
17;2025-11-09;11;2379
17;2025-11-09;12;2742
17;2025-11-09;13;2993
17;2025-11-09;14;3086
17;2025-11-09;15;3089
17;2025-11-09;16;3037
17;2025-11-09;17;2913
17;2025-11-09;18;2568
17;2025-11-09;19;2055
17;2025-11-09;20;1546
17;2025-11-09;21;1118
17;2025-11-09;22;706
17;2025-11-09;23;292
17;2025-11-10;0;99
17;2025-11-10;1;9
17;2025-11-10;2;0
17;2025-11-10;3;0
17;2025-11-10;4;22
17;2025-11-10;5;292
17;2025-11-10;6;1460
17;2025-11-10;7;3983
17;2025-11-10;8;5227
17;2025-11-10;9;3741
17;2025-11-10;10;2823
17;2025-11-10;11;2765
17;2025-11-10;12;2836
17;2025-11-10;13;2933
17;2025-11-10;14;2983
17;2025-11-10;15;3198
17;2025-11-10;16;3575
17;2025-11-10;17;4353
17;2025-11-10;18;4845
17;2025-11-10;19;3385
17;2025-11-10;20;2286
17;2025-11-10;21;1331
17;2025-11-10;22;741
17;2025-11-10;23;307
17;2025-11-11;0;102
17;2025-11-11;1;8
17;2025-11-11;2;0
17;2025-11-11;3;0
17;2025-11-11;4;18
17;2025-11-11;5;297
17;2025-11-11;6;1508
17;2025-11-11;7;4135
17;2025-11-11;8;5292
17;2025-11-11;9;3830
17;2025-11-11;10;2958
17;2025-11-11;11;2883
17;2025-11-11;12;2959
17;2025-11-11;13;2972
17;2025-11-11;14;3137
17;2025-11-11;15;3253
17;2025-11-11;16;3617
17;2025-11-11;17;4496
17;2025-11-11;18;4933
17;2025-11-11;19;3487
17;2025-11-11;20;2328
17;2025-11-11;21;1399
17;2025-11-11;22;779
17;2025-11-11;23;332
17;2025-11-12;0;114
17;2025-11-12;1;11
17;2025-11-12;2;0
17;2025-11-12;3;0
17;2025-11-12;4;29
17;2025-11-12;5;302
17;2025-11-12;6;1474
17;2025-11-12;7;4021
17;2025-11-12;8;5255
17;2025-11-12;9;3776
17;2025-11-12;10;2965
17;2025-11-12;11;2886
17;2025-11-12;12;2947
17;2025-11-12;13;2989
17;2025-11-12;14;3110
17;2025-11-12;15;3276
17;2025-11-12;16;3620
17;2025-11-12;17;4428
17;2025-11-12;18;4861
17;2025-11-12;19;3433
17;2025-11-12;20;2324
17;2025-11-12;21;1447
17;2025-11-12;22;804
17;2025-11-12;23;354
17;2025-11-13;0;131
17;2025-11-13;1;13
17;2025-11-13;2;0
17;2025-11-13;3;0
17;2025-11-13;4;28
17;2025-11-13;5;301
17;2025-11-13;6;1497
17;2025-11-13;7;4024
17;2025-11-13;8;5279
17;2025-11-13;9;3808
17;2025-11-13;10;3007
17;2025-11-13;11;2957
17;2025-11-13;12;3060
17;2025-11-13;13;3098
17;2025-11-13;14;3174
17;2025-11-13;15;3349
17;2025-11-13;16;3733
17;2025-11-13;17;4467
17;2025-11-13;18;4920
17;2025-11-13;19;3505
17;2025-11-13;20;2383
17;2025-11-13;21;1469
17;2025-11-13;22;848
17;2025-11-13;23;369
17;2025-11-14;0;136
17;2025-11-14;1;14
17;2025-11-14;2;0
17;2025-11-14;3;0
17;2025-11-14;4;24
17;2025-11-14;5;296
17;2025-11-14;6;1442
17;2025-11-14;7;3936
17;2025-11-14;8;5156
17;2025-11-14;9;3666
17;2025-11-14;10;2884
17;2025-11-14;11;2934
17;2025-11-14;12;3015
17;2025-11-14;13;3110
17;2025-11-14;14;3262
17;2025-11-14;15;3523
17;2025-11-14;16;4123
17;2025-11-14;17;4528
17;2025-11-14;18;4368
17;2025-11-14;19;3265
17;2025-11-14;20;2330
17;2025-11-14;21;1504
17;2025-11-14;22;870
17;2025-11-14;23;440
17;2025-11-15;0;173
17;2025-11-15;1;20
17;2025-11-15;2;0
17;2025-11-15;3;0
17;2025-11-15;4;3
17;2025-11-15;5;124
17;2025-11-15;6;512
17;2025-11-15;7;966
17;2025-11-15;8;1536
17;2025-11-15;9;1987
17;2025-11-15;10;2258
17;2025-11-15;11;2689
17;2025-11-15;12;3014
17;2025-11-15;13;3349
17;2025-11-15;14;3424
17;2025-11-15;15;3462
17;2025-11-15;16;3491
17;2025-11-15;17;3325
17;2025-11-15;18;2945
17;2025-11-15;19;2414
17;2025-11-15;20;1880
17;2025-11-15;21;1340
17;2025-11-15;22;864
17;2025-11-15;23;406
17;2025-11-16;0;165
17;2025-11-16;1;22
17;2025-11-16;2;0
17;2025-11-16;3;0
17;2025-11-16;4;4
17;2025-11-16;5;100
17;2025-11-16;6;394
17;2025-11-16;7;724
17;2025-11-16;8;1139
17;2025-11-16;9;1600
17;2025-11-16;10;1879
17;2025-11-16;11;2450
17;2025-11-16;12;2855
17;2025-11-16;13;3086
17;2025-11-16;14;3169
17;2025-11-16;15;3148
17;2025-11-16;16;3098
17;2025-11-16;17;2976
17;2025-11-16;18;2596
17;2025-11-16;19;2052
17;2025-11-16;20;1524
17;2025-11-16;21;1110
17;2025-11-16;22;705
17;2025-11-16;23;287
17;2025-11-17;0;97
17;2025-11-17;1;9
17;2025-11-17;2;0
17;2025-11-17;3;0
17;2025-11-17;4;29
17;2025-11-17;5;294
17;2025-11-17;6;1468
17;2025-11-17;7;3971
17;2025-11-17;8;5226
17;2025-11-17;9;3734
17;2025-11-17;10;2837
17;2025-11-17;11;2786
17;2025-11-17;12;2790
17;2025-11-17;13;2816
17;2025-11-17;14;2882
17;2025-11-17;15;3121
17;2025-11-17;16;3565
17;2025-11-17;17;4360
17;2025-11-17;18;4885
17;2025-11-17;19;3422
17;2025-11-17;20;2288
17;2025-11-17;21;1314
17;2025-11-17;22;737
17;2025-11-17;23;304
17;2025-11-18;0;105
17;2025-11-18;1;11
17;2025-11-18;2;1
17;2025-11-18;3;0
17;2025-11-18;4;19
17;2025-11-18;5;291
17;2025-11-18;6;1500
17;2025-11-18;7;4101
17;2025-11-18;8;5258
17;2025-11-18;9;3779
17;2025-11-18;10;2855
17;2025-11-18;11;2840
17;2025-11-18;12;2921
17;2025-11-18;13;2868
17;2025-11-18;14;3031
17;2025-11-18;15;3211
17;2025-11-18;16;3579
17;2025-11-18;17;4478
17;2025-11-18;18;4935
17;2025-11-18;19;3464
17;2025-11-18;20;2313
17;2025-11-18;21;1398
17;2025-11-18;22;759
17;2025-11-18;23;317
17;2025-11-19;0;112
17;2025-11-19;1;7
17;2025-11-19;2;0
17;2025-11-19;3;0
17;2025-11-19;4;25
17;2025-11-19;5;308
17;2025-11-19;6;1496
17;2025-11-19;7;4015
17;2025-11-19;8;5270
17;2025-11-19;9;3760
17;2025-11-19;10;2926
17;2025-11-19;11;2878
17;2025-11-19;12;2967
17;2025-11-19;13;3029
17;2025-11-19;14;3116
17;2025-11-19;15;3283
17;2025-11-19;16;3635
17;2025-11-19;17;4450
17;2025-11-19;18;4883
17;2025-11-19;19;3431
17;2025-11-19;20;2322
17;2025-11-19;21;1465
17;2025-11-19;22;818
17;2025-11-19;23;352
17;2025-11-20;0;130
17;2025-11-20;1;12
17;2025-11-20;2;0
17;2025-11-20;3;0
17;2025-11-20;4;28
17;2025-11-20;5;302
17;2025-11-20;6;1507
17;2025-11-20;7;3967
17;2025-11-20;8;5262
17;2025-11-20;9;3785
17;2025-11-20;10;2987
17;2025-11-20;11;2942
17;2025-11-20;12;3061
17;2025-11-20;13;3107
17;2025-11-20;14;3168
17;2025-11-20;15;3343
17;2025-11-20;16;3742
17;2025-11-20;17;4491
17;2025-11-20;18;4931
17;2025-11-20;19;3518
17;2025-11-20;20;2376
17;2025-11-20;21;1476
17;2025-11-20;22;845
17;2025-11-20;23;374
17;2025-11-21;0;134
17;2025-11-21;1;14
17;2025-11-21;2;0
17;2025-11-21;3;0
17;2025-11-21;4;33
17;2025-11-21;5;285
17;2025-11-21;6;1458
17;2025-11-21;7;3909
17;2025-11-21;8;5175
17;2025-11-21;9;3657
17;2025-11-21;10;2906
17;2025-11-21;11;2956
17;2025-11-21;12;3004
17;2025-11-21;13;3128
17;2025-11-21;14;3241
17;2025-11-21;15;3502
17;2025-11-21;16;4113
17;2025-11-21;17;4528
17;2025-11-21;18;4364
17;2025-11-21;19;3234
17;2025-11-21;20;2314
17;2025-11-21;21;1533
17;2025-11-21;22;875
17;2025-11-21;23;450
17;2025-11-22;0;182
17;2025-11-22;1;26
17;2025-11-22;2;0
17;2025-11-22;3;0
17;2025-11-22;4;2
17;2025-11-22;5;121
17;2025-11-22;6;532
17;2025-11-22;7;1045
17;2025-11-22;8;1570
17;2025-11-22;9;1996
17;2025-11-22;10;2311
17;2025-11-22;11;2790
17;2025-11-22;12;3095
17;2025-11-22;13;3334
17;2025-11-22;14;3374
17;2025-11-22;15;3423
17;2025-11-22;16;3426
17;2025-11-22;17;3260
17;2025-11-22;18;2882
17;2025-11-22;19;2348
17;2025-11-22;20;1861
17;2025-11-22;21;1311
17;2025-11-22;22;817
17;2025-11-22;23;393
17;2025-11-23;0;159
17;2025-11-23;1;27
17;2025-11-23;2;0
17;2025-11-23;3;0
17;2025-11-23;4;4
17;2025-11-23;5;102
17;2025-11-23;6;395
17;2025-11-23;7;702
17;2025-11-23;8;1134
17;2025-11-23;9;1562
17;2025-11-23;10;1869
17;2025-11-23;11;2426
17;2025-11-23;12;2819
17;2025-11-23;13;3047
17;2025-11-23;14;3142
17;2025-11-23;15;3133
17;2025-11-23;16;3087
17;2025-11-23;17;2954
17;2025-11-23;18;2562
17;2025-11-23;19;2046
17;2025-11-23;20;1538
17;2025-11-23;21;1107
17;2025-11-23;22;692
17;2025-11-23;23;290
17;2025-11-24;0;96
17;2025-11-24;1;12
17;2025-11-24;2;0
17;2025-11-24;3;0
17;2025-11-24;4;24
17;2025-11-24;5;285
17;2025-11-24;6;1429
17;2025-11-24;7;3894
17;2025-11-24;8;5253
17;2025-11-24;9;3674
17;2025-11-24;10;2753
17;2025-11-24;11;2668
17;2025-11-24;12;2768
17;2025-11-24;13;2912
17;2025-11-24;14;2911
17;2025-11-24;15;3091
17;2025-11-24;16;3514
17;2025-11-24;17;4312
17;2025-11-24;18;4871
17;2025-11-24;19;3393
17;2025-11-24;20;2259
17;2025-11-24;21;1356
17;2025-11-24;22;734
17;2025-11-24;23;309
17;2025-11-25;0;105
17;2025-11-25;1;10
17;2025-11-25;2;1
17;2025-11-25;3;0
17;2025-11-25;4;32
17;2025-11-25;5;302
17;2025-11-25;6;1508
17;2025-11-25;7;4069
17;2025-11-25;8;5297
17;2025-11-25;9;3814
17;2025-11-25;10;2953
17;2025-11-25;11;2871
17;2025-11-25;12;2960
17;2025-11-25;13;2973
17;2025-11-25;14;3126
17;2025-11-25;15;3242
17;2025-11-25;16;3609
17;2025-11-25;17;4501
17;2025-11-25;18;4972
17;2025-11-25;19;3488
17;2025-11-25;20;2315
17;2025-11-25;21;1425
17;2025-11-25;22;782
17;2025-11-25;23;338
17;2025-11-26;0;117
17;2025-11-26;1;13
17;2025-11-26;2;0
17;2025-11-26;3;0
17;2025-11-26;4;29
17;2025-11-26;5;294
17;2025-11-26;6;1431
17;2025-11-26;7;3903
17;2025-11-26;8;5203
17;2025-11-26;9;3680
17;2025-11-26;10;2857
17;2025-11-26;11;2793
17;2025-11-26;12;2894
17;2025-11-26;13;2965
17;2025-11-26;14;3034
17;2025-11-26;15;3198
17;2025-11-26;16;3493
17;2025-11-26;17;4350
17;2025-11-26;18;4832
17;2025-11-26;19;3350
17;2025-11-26;20;2254
17;2025-11-26;21;1428
17;2025-11-26;22;788
17;2025-11-26;23;356
17;2025-11-27;0;131
17;2025-11-27;1;16
17;2025-11-27;2;0
17;2025-11-27;3;0
17;2025-11-27;4;29
17;2025-11-27;5;302
17;2025-11-27;6;1459
17;2025-11-27;7;3873
17;2025-11-27;8;5236
17;2025-11-27;9;3691
17;2025-11-27;10;2876
17;2025-11-27;11;2787
17;2025-11-27;12;2903
17;2025-11-27;13;2974
17;2025-11-27;14;2996
17;2025-11-27;15;3207
17;2025-11-27;16;3609
17;2025-11-27;17;4370
17;2025-11-27;18;4843
17;2025-11-27;19;3392
17;2025-11-27;20;2257
17;2025-11-27;21;1444
17;2025-11-27;22;801
17;2025-11-27;23;369
17;2025-11-28;0;135
17;2025-11-28;1;19
17;2025-11-28;2;0
17;2025-11-28;3;0
17;2025-11-28;4;31
17;2025-11-28;5;294
17;2025-11-28;6;1393
17;2025-11-28;7;3831
17;2025-11-28;8;5155
17;2025-11-28;9;3564
17;2025-11-28;10;2804
17;2025-11-28;11;2864
17;2025-11-28;12;2931
17;2025-11-28;13;3031
17;2025-11-28;14;3125
17;2025-11-28;15;3399
17;2025-11-28;16;4062
17;2025-11-28;17;4504
17;2025-11-28;18;4309
17;2025-11-28;19;3136
17;2025-11-28;20;2239
17;2025-11-28;21;1518
17;2025-11-28;22;889
17;2025-11-28;23;448
17;2025-11-29;0;163
17;2025-11-29;1;26
17;2025-11-29;2;0
17;2025-11-29;3;0
17;2025-11-29;4;7
17;2025-11-29;5;109
17;2025-11-29;6;475
17;2025-11-29;7;988
17;2025-11-29;8;1447
17;2025-11-29;9;1772
17;2025-11-29;10;2035
17;2025-11-29;11;2460
17;2025-11-29;12;2802
17;2025-11-29;13;3093
17;2025-11-29;14;3140
17;2025-11-29;15;3181
17;2025-11-29;16;3187
17;2025-11-29;17;2993
17;2025-11-29;18;2587
17;2025-11-29;19;2125
17;2025-11-29;20;1675
17;2025-11-29;21;1284
17;2025-11-29;22;802
17;2025-11-29;23;375
17;2025-11-30;0;140
17;2025-11-30;1;24
17;2025-11-30;2;0
17;2025-11-30;3;0
17;2025-11-30;4;4
17;2025-11-30;5;87
17;2025-11-30;6;362
17;2025-11-30;7;665
17;2025-11-30;8;1077
17;2025-11-30;9;1412
17;2025-11-30;10;1655
17;2025-11-30;11;2120
17;2025-11-30;12;2524
17;2025-11-30;13;2724
17;2025-11-30;14;2849
17;2025-11-30;15;2831
17;2025-11-30;16;2740
17;2025-11-30;17;2653
17;2025-11-30;18;2302
17;2025-11-30;19;1828
17;2025-11-30;20;1405
17;2025-11-30;21;1076
17;2025-11-30;22;673
17;2025-11-30;23;284
17;2025-12-01;0;88
17;2025-12-01;1;16
17;2025-12-01;2;0
17;2025-12-01;3;0
17;2025-12-01;4;24
17;2025-12-01;5;249
17;2025-12-01;6;1285
17;2025-12-01;7;3657
17;2025-12-01;8;4965
17;2025-12-01;9;3452
17;2025-12-01;10;2498
17;2025-12-01;11;2422
17;2025-12-01;12;2545
17;2025-12-01;13;2665
17;2025-12-01;14;2698
17;2025-12-01;15;2867
17;2025-12-01;16;3264
17;2025-12-01;17;4078
17;2025-12-01;18;4585
17;2025-12-01;19;3122
17;2025-12-01;20;1993
17;2025-12-01;21;1244
17;2025-12-01;22;669
17;2025-12-01;23;276
17;2025-12-02;0;92
17;2025-12-02;1;9
17;2025-12-02;2;1
17;2025-12-02;3;0
17;2025-12-02;4;23
17;2025-12-02;5;254
17;2025-12-02;6;1315
17;2025-12-02;7;3802
17;2025-12-02;8;4987
17;2025-12-02;9;3544
17;2025-12-02;10;2661
17;2025-12-02;11;2561
17;2025-12-02;12;2675
17;2025-12-02;13;2693
17;2025-12-02;14;2808
17;2025-12-02;15;2925
17;2025-12-02;16;3323
17;2025-12-02;17;4200
17;2025-12-02;18;4663
17;2025-12-02;19;3227
17;2025-12-02;20;2040
17;2025-12-02;21;1287
17;2025-12-02;22;678
17;2025-12-02;23;304
17;2025-12-03;0;101
17;2025-12-03;1;15
17;2025-12-03;2;0
17;2025-12-03;3;0
17;2025-12-03;4;25
17;2025-12-03;5;255
17;2025-12-03;6;1312
17;2025-12-03;7;3703
17;2025-12-03;8;4955
17;2025-12-03;9;3492
17;2025-12-03;10;2667
17;2025-12-03;11;2605
17;2025-12-03;12;2726
17;2025-12-03;13;2778
17;2025-12-03;14;2844
17;2025-12-03;15;2994
17;2025-12-03;16;3342
17;2025-12-03;17;4165
17;2025-12-03;18;4593
17;2025-12-03;19;3147
17;2025-12-03;20;2042
17;2025-12-03;21;1344
17;2025-12-03;22;726
17;2025-12-03;23;329
17;2025-12-04;0;119
17;2025-12-04;1;17
17;2025-12-04;2;0
17;2025-12-04;3;0
17;2025-12-04;4;28
17;2025-12-04;5;258
17;2025-12-04;6;1336
17;2025-12-04;7;3651
17;2025-12-04;8;4948
17;2025-12-04;9;3481
17;2025-12-04;10;2672
17;2025-12-04;11;2608
17;2025-12-04;12;2770
17;2025-12-04;13;2814
17;2025-12-04;14;2842
17;2025-12-04;15;2998
17;2025-12-04;16;3422
17;2025-12-04;17;4189
17;2025-12-04;18;4634
17;2025-12-04;19;3261
17;2025-12-04;20;2107
17;2025-12-04;21;1371
17;2025-12-04;22;783
17;2025-12-04;23;362
17;2025-12-05;0;126
17;2025-12-05;1;24
17;2025-12-05;2;0
17;2025-12-05;3;0
17;2025-12-05;4;33
17;2025-12-05;5;254
17;2025-12-05;6;1304
17;2025-12-05;7;3639
17;2025-12-05;8;4896
17;2025-12-05;9;3392
17;2025-12-05;10;2611
17;2025-12-05;11;2676
17;2025-12-05;12;2766
17;2025-12-05;13;2857
17;2025-12-05;14;2941
17;2025-12-05;15;3190
17;2025-12-05;16;3850
17;2025-12-05;17;4289
17;2025-12-05;18;4097
17;2025-12-05;19;2984
17;2025-12-05;20;2070
17;2025-12-05;21;1419
17;2025-12-05;22;803
17;2025-12-05;23;402
17;2025-12-06;0;158
17;2025-12-06;1;30
17;2025-12-06;2;0
17;2025-12-06;3;0
17;2025-12-06;4;11
17;2025-12-06;5;105
17;2025-12-06;6;448
17;2025-12-06;7;948
17;2025-12-06;8;1395
17;2025-12-06;9;1707
17;2025-12-06;10;1961
17;2025-12-06;11;2366
17;2025-12-06;12;2691
17;2025-12-06;13;2981
17;2025-12-06;14;3022
17;2025-12-06;15;3071
17;2025-12-06;16;3051
17;2025-12-06;17;2881
17;2025-12-06;18;2483
17;2025-12-06;19;2041
17;2025-12-06;20;1627
17;2025-12-06;21;1254
17;2025-12-06;22;763
17;2025-12-06;23;371
17;2025-12-07;0;143
17;2025-12-07;1;31
17;2025-12-07;2;0
17;2025-12-07;3;0
17;2025-12-07;4;9
17;2025-12-07;5;83
17;2025-12-07;6;341
17;2025-12-07;7;603
17;2025-12-07;8;1007
17;2025-12-07;9;1329
17;2025-12-07;10;1568
17;2025-12-07;11;2016
17;2025-12-07;12;2416
17;2025-12-07;13;2623
17;2025-12-07;14;2752
17;2025-12-07;15;2751
17;2025-12-07;16;2662
17;2025-12-07;17;2556
17;2025-12-07;18;2216
17;2025-12-07;19;1759
17;2025-12-07;20;1356
17;2025-12-07;21;1029
17;2025-12-07;22;641
17;2025-12-07;23;283
17;2025-12-08;0;90
17;2025-12-08;1;19
17;2025-12-08;2;0
17;2025-12-08;3;0
17;2025-12-08;4;28
17;2025-12-08;5;246
17;2025-12-08;6;1292
17;2025-12-08;7;3704
17;2025-12-08;8;4992
17;2025-12-08;9;3498
17;2025-12-08;10;2555
17;2025-12-08;11;2491
17;2025-12-08;12;2607
17;2025-12-08;13;2712
17;2025-12-08;14;2737
17;2025-12-08;15;2941
17;2025-12-08;16;3340
17;2025-12-08;17;4139
17;2025-12-08;18;4620
17;2025-12-08;19;3176
17;2025-12-08;20;2042
17;2025-12-08;21;1247
17;2025-12-08;22;656
17;2025-12-08;23;294
17;2025-12-09;0;90
17;2025-12-09;1;15
17;2025-12-09;2;1
17;2025-12-09;3;0
17;2025-12-09;4;28
17;2025-12-09;5;242
17;2025-12-09;6;1289
17;2025-12-09;7;3792
17;2025-12-09;8;4988
17;2025-12-09;9;3559
17;2025-12-09;10;2687
17;2025-12-09;11;2608
17;2025-12-09;12;2710
17;2025-12-09;13;2737
17;2025-12-09;14;2870
17;2025-12-09;15;2999
17;2025-12-09;16;3396
17;2025-12-09;17;4246
17;2025-12-09;18;4691
17;2025-12-09;19;3296
17;2025-12-09;20;2071
17;2025-12-09;21;1275
17;2025-12-09;22;619
17;2025-12-09;23;307
17;2025-12-10;0;55
17;2025-12-10;1;0
17;2025-12-10;2;0
17;2025-12-10;3;0
17;2025-12-10;4;0
17;2025-12-10;5;189
17;2025-12-10;6;1151
17;2025-12-10;7;3600
17;2025-12-10;8;4912
17;2025-12-10;9;3418
17;2025-12-10;10;2592
17;2025-12-10;11;2530
17;2025-12-10;12;2646
17;2025-12-10;13;2712
17;2025-12-10;14;2788
17;2025-12-10;15;2945
17;2025-12-10;16;3306
17;2025-12-10;17;4114
17;2025-12-10;18;4563
17;2025-12-10;19;3113
17;2025-12-10;20;1967
17;2025-12-10;21;1218
17;2025-12-10;22;592
17;2025-12-10;23;280
17;2025-12-11;0;57
17;2025-12-11;1;0
17;2025-12-11;2;0
17;2025-12-11;3;0
17;2025-12-11;4;0
17;2025-12-11;5;196
17;2025-12-11;6;1187
17;2025-12-11;7;3586
17;2025-12-11;8;4887
17;2025-12-11;9;3368
17;2025-12-11;10;2575
17;2025-12-11;11;2515
17;2025-12-11;12;2704
17;2025-12-11;13;2758
17;2025-12-11;14;2802
17;2025-12-11;15;2959
17;2025-12-11;16;3357
17;2025-12-11;17;4103
17;2025-12-11;18;4605
17;2025-12-11;19;3154
17;2025-12-11;20;1984
17;2025-12-11;21;1223
17;2025-12-11;22;622
17;2025-12-11;23;307
17;2025-12-12;0;71
17;2025-12-12;1;0
17;2025-12-12;2;0
17;2025-12-12;3;0
17;2025-12-12;4;0
17;2025-12-12;5;192
17;2025-12-12;6;1126
17;2025-12-12;7;3610
17;2025-12-12;8;4876
17;2025-12-12;9;3338
17;2025-12-12;10;2564
17;2025-12-12;11;2640
17;2025-12-12;12;2660
17;2025-12-12;13;2736
17;2025-12-12;14;2835
17;2025-12-12;15;3079
17;2025-12-12;16;3743
17;2025-12-12;17;4224
17;2025-12-12;18;4082
17;2025-12-12;19;2942
17;2025-12-12;20;1981
17;2025-12-12;21;1289
17;2025-12-12;22;634
17;2025-12-12;23;338
17;2025-12-13;0;102
17;2025-12-13;1;0
17;2025-12-13;2;0
17;2025-12-13;3;0
17;2025-12-13;4;0
17;2025-12-13;5;44
17;2025-12-13;6;350
17;2025-12-13;7;748
17;2025-12-13;8;1228
17;2025-12-13;9;1560
17;2025-12-13;10;1832
17;2025-12-13;11;2279
17;2025-12-13;12;2643
17;2025-12-13;13;2918
17;2025-12-13;14;2951
17;2025-12-13;15;2999
17;2025-12-13;16;3024
17;2025-12-13;17;2850
17;2025-12-13;18;2450
17;2025-12-13;19;1962
17;2025-12-13;20;1525
17;2025-12-13;21;1109
17;2025-12-13;22;635
17;2025-12-13;23;318
17;2025-12-14;0;83
17;2025-12-14;1;0
17;2025-12-14;2;0
17;2025-12-14;3;0
17;2025-12-14;4;0
17;2025-12-14;5;27
17;2025-12-14;6;256
17;2025-12-14;7;486
17;2025-12-14;8;858
17;2025-12-14;9;1205
17;2025-12-14;10;1466
17;2025-12-14;11;1933
17;2025-12-14;12;2356
17;2025-12-14;13;2579
17;2025-12-14;14;2703
17;2025-12-14;15;2699
17;2025-12-14;16;2638
17;2025-12-14;17;2500
17;2025-12-14;18;2156
17;2025-12-14;19;1661
17;2025-12-14;20;1239
17;2025-12-14;21;902
17;2025-12-14;22;522
17;2025-12-14;23;224
17;2025-12-15;0;23
17;2025-12-15;1;0
17;2025-12-15;2;0
17;2025-12-15;3;0
17;2025-12-15;4;0
17;2025-12-15;5;176
17;2025-12-15;6;1140
17;2025-12-15;7;3639
17;2025-12-15;8;4967
17;2025-12-15;9;3448
17;2025-12-15;10;2505
17;2025-12-15;11;2445
17;2025-12-15;12;2556
17;2025-12-15;13;2656
17;2025-12-15;14;2680
17;2025-12-15;15;2903
17;2025-12-15;16;3313
17;2025-12-15;17;4091
17;2025-12-15;18;4601
17;2025-12-15;19;3125
17;2025-12-15;20;1984
17;2025-12-15;21;1125
17;2025-12-15;22;547
17;2025-12-15;23;233
17;2025-12-16;0;28
17;2025-12-16;1;0
17;2025-12-16;2;0
17;2025-12-16;3;0
17;2025-12-16;4;0
17;2025-12-16;5;180
17;2025-12-16;6;1171
17;2025-12-16;7;3741
17;2025-12-16;8;4968
17;2025-12-16;9;3510
17;2025-12-16;10;2614
17;2025-12-16;11;2518
17;2025-12-16;12;2584
17;2025-12-16;13;2593
17;2025-12-16;14;2795
17;2025-12-16;15;2941
17;2025-12-16;16;3344
17;2025-12-16;17;4206
17;2025-12-16;18;4689
17;2025-12-16;19;3240
17;2025-12-16;20;2010
17;2025-12-16;21;1179
17;2025-12-16;22;547
17;2025-12-16;23;252
17;2025-12-17;0;43
17;2025-12-17;1;0
17;2025-12-17;2;0
17;2025-12-17;3;0
17;2025-12-17;4;0
17;2025-12-17;5;186
17;2025-12-17;6;1143
17;2025-12-17;7;3613
17;2025-12-17;8;4926
17;2025-12-17;9;3412
17;2025-12-17;10;2573
17;2025-12-17;11;2525
17;2025-12-17;12;2637
17;2025-12-17;13;2708
17;2025-12-17;14;2781
17;2025-12-17;15;2947
17;2025-12-17;16;3307
17;2025-12-17;17;4124
17;2025-12-17;18;4564
17;2025-12-17;19;3112
17;2025-12-17;20;1970
17;2025-12-17;21;1214
17;2025-12-17;22;587
17;2025-12-17;23;280
17;2025-12-18;0;58
17;2025-12-18;1;0
17;2025-12-18;2;0
17;2025-12-18;3;0
17;2025-12-18;4;0
17;2025-12-18;5;179
17;2025-12-18;6;1146
17;2025-12-18;7;3577
17;2025-12-18;8;4926
17;2025-12-18;9;3392
17;2025-12-18;10;2589
17;2025-12-18;11;2526
17;2025-12-18;12;2707
17;2025-12-18;13;2730
17;2025-12-18;14;2771
17;2025-12-18;15;2939
17;2025-12-18;16;3369
17;2025-12-18;17;4112
17;2025-12-18;18;4600
17;2025-12-18;19;3175
17;2025-12-18;20;1992
17;2025-12-18;21;1199
17;2025-12-18;22;606
17;2025-12-18;23;289
17;2025-12-19;0;60
17;2025-12-19;1;0
17;2025-12-19;2;0
17;2025-12-19;3;0
17;2025-12-19;4;0
17;2025-12-19;5;181
17;2025-12-19;6;1116
17;2025-12-19;7;3555
17;2025-12-19;8;4850
17;2025-12-19;9;3307
17;2025-12-19;10;2505
17;2025-12-19;11;2578
17;2025-12-19;12;2668
17;2025-12-19;13;2762
17;2025-12-19;14;2863
17;2025-12-19;15;3119
17;2025-12-19;16;3765
17;2025-12-19;17;4203
17;2025-12-19;18;4023
17;2025-12-19;19;2893
17;2025-12-19;20;1961
17;2025-12-19;21;1264
17;2025-12-19;22;618
17;2025-12-19;23;335
17;2025-12-20;0;93
17;2025-12-20;1;0
17;2025-12-20;2;0
17;2025-12-20;3;0
17;2025-12-20;4;0
17;2025-12-20;5;36
17;2025-12-20;6;334
17;2025-12-20;7;748
17;2025-12-20;8;1212
17;2025-12-20;9;1535
17;2025-12-20;10;1803
17;2025-12-20;11;2252
17;2025-12-20;12;2611
17;2025-12-20;13;2884
17;2025-12-20;14;2935
17;2025-12-20;15;2968
17;2025-12-20;16;2970
17;2025-12-20;17;2800
17;2025-12-20;18;2400
17;2025-12-20;19;1907
17;2025-12-20;20;1492
17;2025-12-20;21;1089
17;2025-12-20;22;604
17;2025-12-20;23;304
17;2025-12-21;0;83
17;2025-12-21;1;0
17;2025-12-21;2;0
17;2025-12-21;3;0
17;2025-12-21;4;0
17;2025-12-21;5;12
17;2025-12-21;6;255
17;2025-12-21;7;458
17;2025-12-21;8;835
17;2025-12-21;9;1149
17;2025-12-21;10;1414
17;2025-12-21;11;1880
17;2025-12-21;12;2309
17;2025-12-21;13;2539
17;2025-12-21;14;2658
17;2025-12-21;15;2646
17;2025-12-21;16;2580
17;2025-12-21;17;2454
17;2025-12-21;18;2109
17;2025-12-21;19;1623
17;2025-12-21;20;1198
17;2025-12-21;21;869
17;2025-12-21;22;488
17;2025-12-21;23;221
17;2025-12-22;0;28
17;2025-12-22;1;0
17;2025-12-22;2;0
17;2025-12-22;3;0
17;2025-12-22;4;0
17;2025-12-22;5;177
17;2025-12-22;6;1135
17;2025-12-22;7;3606
17;2025-12-22;8;4949
17;2025-12-22;9;3409
17;2025-12-22;10;2432
17;2025-12-22;11;2402
17;2025-12-22;12;2523
17;2025-12-22;13;2621
17;2025-12-22;14;2650
17;2025-12-22;15;2873
17;2025-12-22;16;3262
17;2025-12-22;17;4060
17;2025-12-22;18;4560
17;2025-12-22;19;3102
17;2025-12-22;20;1947
17;2025-12-22;21;1122
17;2025-12-22;22;543
17;2025-12-22;23;229
17;2025-12-23;0;31
17;2025-12-23;1;0
17;2025-12-23;2;0
17;2025-12-23;3;0
17;2025-12-23;4;0
17;2025-12-23;5;201
17;2025-12-23;6;1191
17;2025-12-23;7;3726
17;2025-12-23;8;4928
17;2025-12-23;9;3493
17;2025-12-23;10;2607
17;2025-12-23;11;2530
17;2025-12-23;12;2620
17;2025-12-23;13;2649
17;2025-12-23;14;2786
17;2025-12-23;15;2918
17;2025-12-23;16;3327
17;2025-12-23;17;4177
17;2025-12-23;18;4638
17;2025-12-23;19;3209
17;2025-12-23;20;1998
17;2025-12-23;21;1193
17;2025-12-23;22;553
17;2025-12-23;23;256
17;2025-12-24;0;33
17;2025-12-24;1;0
17;2025-12-24;2;0
17;2025-12-24;3;0
17;2025-12-24;4;0
17;2025-12-24;5;189
17;2025-12-24;6;1157
17;2025-12-24;7;3594
17;2025-12-24;8;4882
17;2025-12-24;9;3410
17;2025-12-24;10;2575
17;2025-12-24;11;2538
17;2025-12-24;12;2631
17;2025-12-24;13;2701
17;2025-12-24;14;2771
17;2025-12-24;15;2945
17;2025-12-24;16;3297
17;2025-12-24;17;4095
17;2025-12-24;18;4528
17;2025-12-24;19;3099
17;2025-12-24;20;1974
17;2025-12-24;21;1192
17;2025-12-24;22;555
17;2025-12-24;23;267
17;2025-12-25;0;50
17;2025-12-25;1;0
17;2025-12-25;2;0
17;2025-12-25;3;0
17;2025-12-25;4;0
17;2025-12-25;5;158
17;2025-12-25;6;1118
17;2025-12-25;7;3490
17;2025-12-25;8;4836
17;2025-12-25;9;3374
17;2025-12-25;10;2566
17;2025-12-25;11;2511
17;2025-12-25;12;2686
17;2025-12-25;13;2715
17;2025-12-25;14;2766
17;2025-12-25;15;2932
17;2025-12-25;16;3349
17;2025-12-25;17;4074
17;2025-12-25;18;4518
17;2025-12-25;19;3152
17;2025-12-25;20;1944
17;2025-12-25;21;1220
17;2025-12-25;22;586
17;2025-12-25;23;281
17;2025-12-26;0;59
17;2025-12-26;1;0
17;2025-12-26;2;0
17;2025-12-26;3;0
17;2025-12-26;4;0
17;2025-12-26;5;166
17;2025-12-26;6;1111
17;2025-12-26;7;3407
17;2025-12-26;8;4766
17;2025-12-26;9;3252
17;2025-12-26;10;2459
17;2025-12-26;11;2480
17;2025-12-26;12;2605
17;2025-12-26;13;2740
17;2025-12-26;14;2848
17;2025-12-26;15;3092
17;2025-12-26;16;3730
17;2025-12-26;17;4158
17;2025-12-26;18;3947
17;2025-12-26;19;2805
17;2025-12-26;20;1929
17;2025-12-26;21;1277
17;2025-12-26;22;617
17;2025-12-26;23;337
17;2025-12-27;0;94
17;2025-12-27;1;0
17;2025-12-27;2;0
17;2025-12-27;3;0
17;2025-12-27;4;0
17;2025-12-27;5;37
17;2025-12-27;6;333
17;2025-12-27;7;759
17;2025-12-27;8;1231
17;2025-12-27;9;1530
17;2025-12-27;10;1800
17;2025-12-27;11;2235
17;2025-12-27;12;2579
17;2025-12-27;13;2862
17;2025-12-27;14;2899
17;2025-12-27;15;2963
17;2025-12-27;16;2963
17;2025-12-27;17;2780
17;2025-12-27;18;2374
17;2025-12-27;19;1907
17;2025-12-27;20;1492
17;2025-12-27;21;1081
17;2025-12-27;22;594
17;2025-12-27;23;304
17;2025-12-28;0;78
17;2025-12-28;1;0
17;2025-12-28;2;0
17;2025-12-28;3;0
17;2025-12-28;4;0
17;2025-12-28;5;0
17;2025-12-28;6;235
17;2025-12-28;7;415
17;2025-12-28;8;807
17;2025-12-28;9;1150
17;2025-12-28;10;1448
17;2025-12-28;11;1884
17;2025-12-28;12;2342
17;2025-12-28;13;2574
17;2025-12-28;14;2688
17;2025-12-28;15;2695
17;2025-12-28;16;2623
17;2025-12-28;17;2498
17;2025-12-28;18;2150
17;2025-12-28;19;1654
17;2025-12-28;20;1208
17;2025-12-28;21;875
17;2025-12-28;22;497
17;2025-12-28;23;220
17;2025-12-29;0;28
17;2025-12-29;1;0
17;2025-12-29;2;0
17;2025-12-29;3;0
17;2025-12-29;4;0
17;2025-12-29;5;152
17;2025-12-29;6;1091
17;2025-12-29;7;3440
17;2025-12-29;8;4740
17;2025-12-29;9;3329
17;2025-12-29;10;2452
17;2025-12-29;11;2388
17;2025-12-29;12;2518
17;2025-12-29;13;2647
17;2025-12-29;14;2652
17;2025-12-29;15;2877
17;2025-12-29;16;3251
17;2025-12-29;17;3939
17;2025-12-29;18;4391
17;2025-12-29;19;3047
17;2025-12-29;20;1942
17;2025-12-29;21;1103
17;2025-12-29;22;535
17;2025-12-29;23;238
17;2025-12-30;0;38
17;2025-12-30;1;0
17;2025-12-30;2;0
17;2025-12-30;3;1
17;2025-12-30;4;0
17;2025-12-30;5;154
17;2025-12-30;6;1112
17;2025-12-30;7;3472
17;2025-12-30;8;4617
17;2025-12-30;9;3290
17;2025-12-30;10;2526
17;2025-12-30;11;2434
17;2025-12-30;12;2592
17;2025-12-30;13;2648
17;2025-12-30;14;2821
17;2025-12-30;15;2962
17;2025-12-30;16;3277
17;2025-12-30;17;3942
17;2025-12-30;18;4352
17;2025-12-30;19;3067
17;2025-12-30;20;1946
17;2025-12-30;21;1163
17;2025-12-30;22;529
17;2025-12-30;23;255
17;2025-12-31;0;41
17;2025-12-31;1;0
17;2025-12-31;2;0
17;2025-12-31;3;0
17;2025-12-31;4;0
17;2025-12-31;5;68
17;2025-12-31;6;288
17;2025-12-31;7;1465
17;2025-12-31;8;2742
17;2025-12-31;9;1515
17;2025-12-31;10;1355
17;2025-12-31;11;1638
17;2025-12-31;12;1824
17;2025-12-31;13;1860
17;2025-12-31;14;1961
17;2025-12-31;15;1928
17;2025-12-31;16;1761
17;2025-12-31;17;2358
17;2025-12-31;18;2737
17;2025-12-31;19;1716
17;2025-12-31;20;1297
17;2025-12-31;21;835
17;2025-12-31;22;487
17;2025-12-31;23;263
25;2025-11-01;0;1
25;2025-11-01;1;0
25;2025-11-01;2;0
25;2025-11-01;3;0
25;2025-11-01;4;0
25;2025-11-01;5;15
25;2025-11-01;6;96
25;2025-11-01;7;124
25;2025-11-01;8;269
25;2025-11-01;9;261
25;2025-11-01;10;267
25;2025-11-01;11;370
25;2025-11-01;12;378
25;2025-11-01;13;565
25;2025-11-01;14;583
25;2025-11-01;15;662
25;2025-11-01;16;588
25;2025-11-01;17;500
25;2025-11-01;18;457
25;2025-11-01;19;405
25;2025-11-01;20;244
25;2025-11-01;21;200
25;2025-11-01;22;109
25;2025-11-01;23;57
25;2025-11-02;0;16
25;2025-11-02;1;1
25;2025-11-02;2;0
25;2025-11-02;3;0
25;2025-11-02;4;0
25;2025-11-02;5;6
25;2025-11-02;6;50
25;2025-11-02;7;81
25;2025-11-02;8;147
25;2025-11-02;9;150
25;2025-11-02;10;170
25;2025-11-02;11;216
25;2025-11-02;12;285
25;2025-11-02;13;338
25;2025-11-02;14;393
25;2025-11-02;15;485
25;2025-11-02;16;397
25;2025-11-02;17;359
25;2025-11-02;18;327
25;2025-11-02;19;255
25;2025-11-02;20;187
25;2025-11-02;21;154
25;2025-11-02;22;106
25;2025-11-02;23;35
25;2025-11-03;0;10
25;2025-11-03;1;0
25;2025-11-03;2;0
25;2025-11-03;3;0
25;2025-11-03;4;0
25;2025-11-03;5;2
25;2025-11-03;6;90
25;2025-11-03;7;304
25;2025-11-03;8;359
25;2025-11-03;9;252
25;2025-11-03;10;200
25;2025-11-03;11;229
25;2025-11-03;12;250
25;2025-11-03;13;379
25;2025-11-03;14;295
25;2025-11-03;15;355
25;2025-11-03;16;413
25;2025-11-03;17;403
25;2025-11-03;18;399
25;2025-11-03;19;359
25;2025-11-03;20;233
25;2025-11-03;21;155
25;2025-11-03;22;93
25;2025-11-03;23;16
25;2025-11-04;0;2
25;2025-11-04;1;0
25;2025-11-04;2;0
25;2025-11-04;3;0
25;2025-11-04;4;0
25;2025-11-04;5;10
25;2025-11-04;6;95
25;2025-11-04;7;299
25;2025-11-04;8;350
25;2025-11-04;9;280
25;2025-11-04;10;220
25;2025-11-04;11;256
25;2025-11-04;12;229
25;2025-11-04;13;318
25;2025-11-04;14;346
25;2025-11-04;15;432
25;2025-11-04;16;434
25;2025-11-04;17;380
25;2025-11-04;18;371
25;2025-11-04;19;379
25;2025-11-04;20;241
25;2025-11-04;21;153
25;2025-11-04;22;93
25;2025-11-04;23;16
25;2025-11-05;0;1
25;2025-11-05;1;0
25;2025-11-05;2;0
25;2025-11-05;3;0
25;2025-11-05;4;0
25;2025-11-05;5;6
25;2025-11-05;6;156
25;2025-11-05;7;463
25;2025-11-05;8;785
25;2025-11-05;9;394
25;2025-11-05;10;300
25;2025-11-05;11;346
25;2025-11-05;12;347
25;2025-11-05;13;464
25;2025-11-05;14;379
25;2025-11-05;15;480
25;2025-11-05;16;565
25;2025-11-05;17;612
25;2025-11-05;18;656
25;2025-11-05;19;445
25;2025-11-05;20;282
25;2025-11-05;21;187
25;2025-11-05;22;111
25;2025-11-05;23;4
25;2025-11-06;0;0
25;2025-11-06;1;0
25;2025-11-06;2;0
25;2025-11-06;3;0
25;2025-11-06;4;0
25;2025-11-06;5;6
25;2025-11-06;6;160
25;2025-11-06;7;471
25;2025-11-06;8;781
25;2025-11-06;9;392
25;2025-11-06;10;306
25;2025-11-06;11;321
25;2025-11-06;12;343
25;2025-11-06;13;399
25;2025-11-06;14;384
25;2025-11-06;15;480
25;2025-11-06;16;567
25;2025-11-06;17;649
25;2025-11-06;18;691
25;2025-11-06;19;450
25;2025-11-06;20;265
25;2025-11-06;21;182
25;2025-11-06;22;113
25;2025-11-06;23;7
25;2025-11-07;0;1
25;2025-11-07;1;0
25;2025-11-07;2;0
25;2025-11-07;3;0
25;2025-11-07;4;0
25;2025-11-07;5;6
25;2025-11-07;6;160
25;2025-11-07;7;471
25;2025-11-07;8;748
25;2025-11-07;9;370
25;2025-11-07;10;301
25;2025-11-07;11;350
25;2025-11-07;12;350
25;2025-11-07;13;452
25;2025-11-07;14;421
25;2025-11-07;15;528
25;2025-11-07;16;658
25;2025-11-07;17;673
25;2025-11-07;18;577
25;2025-11-07;19;395
25;2025-11-07;20;255
25;2025-11-07;21;185
25;2025-11-07;22;120
25;2025-11-07;23;13
25;2025-11-08;0;1
25;2025-11-08;1;1
25;2025-11-08;2;0
25;2025-11-08;3;0
25;2025-11-08;4;0
25;2025-11-08;5;6
25;2025-11-08;6;63
25;2025-11-08;7;123
25;2025-11-08;8;241
25;2025-11-08;9;243
25;2025-11-08;10;238
25;2025-11-08;11;306
25;2025-11-08;12;325
25;2025-11-08;13;480
25;2025-11-08;14;501
25;2025-11-08;15;590
25;2025-11-08;16;521
25;2025-11-08;17;421
25;2025-11-08;18;407
25;2025-11-08;19;344
25;2025-11-08;20;224
25;2025-11-08;21;194
25;2025-11-08;22;129
25;2025-11-08;23;51
25;2025-11-09;0;18
25;2025-11-09;1;0
25;2025-11-09;2;0
25;2025-11-09;3;0
25;2025-11-09;4;0
25;2025-11-09;5;4
25;2025-11-09;6;55
25;2025-11-09;7;90
25;2025-11-09;8;153
25;2025-11-09;9;176
25;2025-11-09;10;193
25;2025-11-09;11;237
25;2025-11-09;12;289
25;2025-11-09;13;353
25;2025-11-09;14;397
25;2025-11-09;15;505
25;2025-11-09;16;408
25;2025-11-09;17;366
25;2025-11-09;18;331
25;2025-11-09;19;252
25;2025-11-09;20;184
25;2025-11-09;21;153
25;2025-11-09;22;106
25;2025-11-09;23;33
25;2025-11-10;0;9
25;2025-11-10;1;0
25;2025-11-10;2;0
25;2025-11-10;3;0
25;2025-11-10;4;0
25;2025-11-10;5;5
25;2025-11-10;6;155
25;2025-11-10;7;490
25;2025-11-10;8;806
25;2025-11-10;9;378
25;2025-11-10;10;274
25;2025-11-10;11;298
25;2025-11-10;12;317
25;2025-11-10;13;445
25;2025-11-10;14;334
25;2025-11-10;15;400
25;2025-11-10;16;611
25;2025-11-10;17;665
25;2025-11-10;18;715
25;2025-11-10;19;416
25;2025-11-10;20;251
25;2025-11-10;21;172
25;2025-11-10;22;93
25;2025-11-10;23;11
25;2025-11-11;0;0
25;2025-11-11;1;0
25;2025-11-11;2;0
25;2025-11-11;3;0
25;2025-11-11;4;0
25;2025-11-11;5;3
25;2025-11-11;6;152
25;2025-11-11;7;492
25;2025-11-11;8;816
25;2025-11-11;9;400
25;2025-11-11;10;302
25;2025-11-11;11;337
25;2025-11-11;12;309
25;2025-11-11;13;374
25;2025-11-11;14;346
25;2025-11-11;15;444
25;2025-11-11;16;580
25;2025-11-11;17;626
25;2025-11-11;18;701
25;2025-11-11;19;451
25;2025-11-11;20;263
25;2025-11-11;21;172
25;2025-11-11;22;107
25;2025-11-11;23;7
25;2025-11-12;0;0
25;2025-11-12;1;0
25;2025-11-12;2;0
25;2025-11-12;3;0
25;2025-11-12;4;0
25;2025-11-12;5;4
25;2025-11-12;6;155
25;2025-11-12;7;491
25;2025-11-12;8;829
25;2025-11-12;9;402
25;2025-11-12;10;301
25;2025-11-12;11;340
25;2025-11-12;12;340
25;2025-11-12;13;445
25;2025-11-12;14;358
25;2025-11-12;15;457
25;2025-11-12;16;596
25;2025-11-12;17;677
25;2025-11-12;18;715
25;2025-11-12;19;446
25;2025-11-12;20;281
25;2025-11-12;21;187
25;2025-11-12;22;110
25;2025-11-12;23;6
25;2025-11-13;0;1
25;2025-11-13;1;0
25;2025-11-13;2;0
25;2025-11-13;3;0
25;2025-11-13;4;0
25;2025-11-13;5;4
25;2025-11-13;6;156
25;2025-11-13;7;481
25;2025-11-13;8;814
25;2025-11-13;9;387
25;2025-11-13;10;303
25;2025-11-13;11;314
25;2025-11-13;12;333
25;2025-11-13;13;388
25;2025-11-13;14;375
25;2025-11-13;15;475
25;2025-11-13;16;575
25;2025-11-13;17;678
25;2025-11-13;18;718
25;2025-11-13;19;444
25;2025-11-13;20;259
25;2025-11-13;21;175
25;2025-11-13;22;119
25;2025-11-13;23;4
25;2025-11-14;0;1
25;2025-11-14;1;0
25;2025-11-14;2;0
25;2025-11-14;3;0
25;2025-11-14;4;0
25;2025-11-14;5;3
25;2025-11-14;6;153
25;2025-11-14;7;487
25;2025-11-14;8;780
25;2025-11-14;9;378
25;2025-11-14;10;297
25;2025-11-14;11;342
25;2025-11-14;12;347
25;2025-11-14;13;441
25;2025-11-14;14;405
25;2025-11-14;15;532
25;2025-11-14;16;669
25;2025-11-14;17;686
25;2025-11-14;18;587
25;2025-11-14;19;393
25;2025-11-14;20;253
25;2025-11-14;21;178
25;2025-11-14;22;122
25;2025-11-14;23;10
25;2025-11-15;0;0
25;2025-11-15;1;0
25;2025-11-15;2;0
25;2025-11-15;3;0
25;2025-11-15;4;0
25;2025-11-15;5;3
25;2025-11-15;6;54
25;2025-11-15;7;104
25;2025-11-15;8;223
25;2025-11-15;9;220
25;2025-11-15;10;217
25;2025-11-15;11;277
25;2025-11-15;12;294
25;2025-11-15;13;437
25;2025-11-15;14;476
25;2025-11-15;15;570
25;2025-11-15;16;500
25;2025-11-15;17;399
25;2025-11-15;18;375
25;2025-11-15;19;329
25;2025-11-15;20;217
25;2025-11-15;21;181
25;2025-11-15;22;124
25;2025-11-15;23;47
25;2025-11-16;0;14
25;2025-11-16;1;0
25;2025-11-16;2;0
25;2025-11-16;3;0
25;2025-11-16;4;0
25;2025-11-16;5;4
25;2025-11-16;6;46
25;2025-11-16;7;97
25;2025-11-16;8;154
25;2025-11-16;9;178
25;2025-11-16;10;201
25;2025-11-16;11;236
25;2025-11-16;12;299
25;2025-11-16;13;365
25;2025-11-16;14;400
25;2025-11-16;15;515
25;2025-11-16;16;399
25;2025-11-16;17;355
25;2025-11-16;18;322
25;2025-11-16;19;245
25;2025-11-16;20;180
25;2025-11-16;21;145
25;2025-11-16;22;101
25;2025-11-16;23;33
25;2025-11-17;0;7
25;2025-11-17;1;0
25;2025-11-17;2;0
25;2025-11-17;3;0
25;2025-11-17;4;0
25;2025-11-17;5;6
25;2025-11-17;6;153
25;2025-11-17;7;507
25;2025-11-17;8;825
25;2025-11-17;9;385
25;2025-11-17;10;282
25;2025-11-17;11;299
25;2025-11-17;12;311
25;2025-11-17;13;415
25;2025-11-17;14;323
25;2025-11-17;15;394
25;2025-11-17;16;594
25;2025-11-17;17;649
25;2025-11-17;18;706
25;2025-11-17;19;398
25;2025-11-17;20;241
25;2025-11-17;21;163
25;2025-11-17;22;89
25;2025-11-17;23;8
25;2025-11-18;0;0
25;2025-11-18;1;0
25;2025-11-18;2;0
25;2025-11-18;3;0
25;2025-11-18;4;0
25;2025-11-18;5;7
25;2025-11-18;6;152
25;2025-11-18;7;502
25;2025-11-18;8;834
25;2025-11-18;9;412
25;2025-11-18;10;303
25;2025-11-18;11;339
25;2025-11-18;12;309
25;2025-11-18;13;370
25;2025-11-18;14;348
25;2025-11-18;15;443
25;2025-11-18;16;567
25;2025-11-18;17;616
25;2025-11-18;18;707
25;2025-11-18;19;440
25;2025-11-18;20;260
25;2025-11-18;21;167
25;2025-11-18;22;104
25;2025-11-18;23;2
25;2025-11-19;0;1
25;2025-11-19;1;0
25;2025-11-19;2;0
25;2025-11-19;3;0
25;2025-11-19;4;0
25;2025-11-19;5;4
25;2025-11-19;6;153
25;2025-11-19;7;494
25;2025-11-19;8;839
25;2025-11-19;9;408
25;2025-11-19;10;296
25;2025-11-19;11;333
25;2025-11-19;12;341
25;2025-11-19;13;454
25;2025-11-19;14;364
25;2025-11-19;15;468
25;2025-11-19;16;602
25;2025-11-19;17;685
25;2025-11-19;18;714
25;2025-11-19;19;446
25;2025-11-19;20;282
25;2025-11-19;21;185
25;2025-11-19;22;112
25;2025-11-19;23;2
25;2025-11-20;0;0
25;2025-11-20;1;0
25;2025-11-20;2;0
25;2025-11-20;3;0
25;2025-11-20;4;0
25;2025-11-20;5;5
25;2025-11-20;6;152
25;2025-11-20;7;481
25;2025-11-20;8;826
25;2025-11-20;9;399
25;2025-11-20;10;309
25;2025-11-20;11;321
25;2025-11-20;12;338
25;2025-11-20;13;393
25;2025-11-20;14;375
25;2025-11-20;15;478
25;2025-11-20;16;576
25;2025-11-20;17;680
25;2025-11-20;18;719
25;2025-11-20;19;441
25;2025-11-20;20;256
25;2025-11-20;21;169
25;2025-11-20;22;111
25;2025-11-20;23;5
25;2025-11-21;0;1
25;2025-11-21;1;0
25;2025-11-21;2;0
25;2025-11-21;3;0
25;2025-11-21;4;0
25;2025-11-21;5;4
25;2025-11-21;6;155
25;2025-11-21;7;495
25;2025-11-21;8;783
25;2025-11-21;9;375
25;2025-11-21;10;294
25;2025-11-21;11;338
25;2025-11-21;12;343
25;2025-11-21;13;439
25;2025-11-21;14;408
25;2025-11-21;15;520
25;2025-11-21;16;650
25;2025-11-21;17;680
25;2025-11-21;18;573
25;2025-11-21;19;384
25;2025-11-21;20;250
25;2025-11-21;21;177
25;2025-11-21;22;116
25;2025-11-21;23;12
25;2025-11-22;0;0
25;2025-11-22;1;0
25;2025-11-22;2;0
25;2025-11-22;3;0
25;2025-11-22;4;0
25;2025-11-22;5;6
25;2025-11-22;6;60
25;2025-11-22;7;120
25;2025-11-22;8;227
25;2025-11-22;9;230
25;2025-11-22;10;226
25;2025-11-22;11;292
25;2025-11-22;12;305
25;2025-11-22;13;450
25;2025-11-22;14;477
25;2025-11-22;15;565
25;2025-11-22;16;489
25;2025-11-22;17;405
25;2025-11-22;18;383
25;2025-11-22;19;320
25;2025-11-22;20;212
25;2025-11-22;21;180
25;2025-11-22;22;121
25;2025-11-22;23;47
25;2025-11-23;0;15
25;2025-11-23;1;0
25;2025-11-23;2;0
25;2025-11-23;3;0
25;2025-11-23;4;0
25;2025-11-23;5;5
25;2025-11-23;6;50
25;2025-11-23;7;94
25;2025-11-23;8;158
25;2025-11-23;9;171
25;2025-11-23;10;197
25;2025-11-23;11;239
25;2025-11-23;12;315
25;2025-11-23;13;380
25;2025-11-23;14;420
25;2025-11-23;15;533
25;2025-11-23;16;422
25;2025-11-23;17;378
25;2025-11-23;18;336
25;2025-11-23;19;254
25;2025-11-23;20;190
25;2025-11-23;21;145
25;2025-11-23;22;99
25;2025-11-23;23;32
25;2025-11-24;0;8
25;2025-11-24;1;0
25;2025-11-24;2;0
25;2025-11-24;3;0
25;2025-11-24;4;0
25;2025-11-24;5;8
25;2025-11-24;6;157
25;2025-11-24;7;499
25;2025-11-24;8;807
25;2025-11-24;9;382
25;2025-11-24;10;281
25;2025-11-24;11;290
25;2025-11-24;12;313
25;2025-11-24;13;432
25;2025-11-24;14;327
25;2025-11-24;15;388
25;2025-11-24;16;594
25;2025-11-24;17;648
25;2025-11-24;18;693
25;2025-11-24;19;399
25;2025-11-24;20;241
25;2025-11-24;21;171
25;2025-11-24;22;88
25;2025-11-24;23;7
25;2025-11-25;0;1
25;2025-11-25;1;0
25;2025-11-25;2;0
25;2025-11-25;3;0
25;2025-11-25;4;0
25;2025-11-25;5;6
25;2025-11-25;6;150
25;2025-11-25;7;493
25;2025-11-25;8;821
25;2025-11-25;9;416
25;2025-11-25;10;304
25;2025-11-25;11;341
25;2025-11-25;12;313
25;2025-11-25;13;386
25;2025-11-25;14;362
25;2025-11-25;15;454
25;2025-11-25;16;592
25;2025-11-25;17;643
25;2025-11-25;18;699
25;2025-11-25;19;444
25;2025-11-25;20;257
25;2025-11-25;21;164
25;2025-11-25;22;101
25;2025-11-25;23;4
25;2025-11-26;0;1
25;2025-11-26;1;0
25;2025-11-26;2;0
25;2025-11-26;3;0
25;2025-11-26;4;0
25;2025-11-26;5;8
25;2025-11-26;6;159
25;2025-11-26;7;491
25;2025-11-26;8;831
25;2025-11-26;9;411
25;2025-11-26;10;306
25;2025-11-26;11;339
25;2025-11-26;12;350
25;2025-11-26;13;450
25;2025-11-26;14;371
25;2025-11-26;15;463
25;2025-11-26;16;605
25;2025-11-26;17;693
25;2025-11-26;18;711
25;2025-11-26;19;444
25;2025-11-26;20;289
25;2025-11-26;21;189
25;2025-11-26;22;109
25;2025-11-26;23;5
25;2025-11-27;0;0
25;2025-11-27;1;0
25;2025-11-27;2;0
25;2025-11-27;3;0
25;2025-11-27;4;0
25;2025-11-27;5;7
25;2025-11-27;6;157
25;2025-11-27;7;480
25;2025-11-27;8;813
25;2025-11-27;9;396
25;2025-11-27;10;309
25;2025-11-27;11;318
25;2025-11-27;12;337
25;2025-11-27;13;393
25;2025-11-27;14;381
25;2025-11-27;15;467
25;2025-11-27;16;573
25;2025-11-27;17;684
25;2025-11-27;18;713
25;2025-11-27;19;441
25;2025-11-27;20;263
25;2025-11-27;21;177
25;2025-11-27;22;112
25;2025-11-27;23;6
25;2025-11-28;0;1
25;2025-11-28;1;1
25;2025-11-28;2;0
25;2025-11-28;3;0
25;2025-11-28;4;0
25;2025-11-28;5;8
25;2025-11-28;6;157
25;2025-11-28;7;477
25;2025-11-28;8;766
25;2025-11-28;9;374
25;2025-11-28;10;300
25;2025-11-28;11;346
25;2025-11-28;12;344
25;2025-11-28;13;449
25;2025-11-28;14;416
25;2025-11-28;15;513
25;2025-11-28;16;671
25;2025-11-28;17;694
25;2025-11-28;18;569
25;2025-11-28;19;386
25;2025-11-28;20;249
25;2025-11-28;21;178
25;2025-11-28;22;116
25;2025-11-28;23;12
25;2025-11-29;0;1
25;2025-11-29;1;0
25;2025-11-29;2;0
25;2025-11-29;3;0
25;2025-11-29;4;0
25;2025-11-29;5;4
25;2025-11-29;6;54
25;2025-11-29;7;96
25;2025-11-29;8;192
25;2025-11-29;9;200
25;2025-11-29;10;197
25;2025-11-29;11;264
25;2025-11-29;12;286
25;2025-11-29;13;415
25;2025-11-29;14;436
25;2025-11-29;15;517
25;2025-11-29;16;441
25;2025-11-29;17;370
25;2025-11-29;18;351
25;2025-11-29;19;296
25;2025-11-29;20;188
25;2025-11-29;21;160
25;2025-11-29;22;104
25;2025-11-29;23;46
25;2025-11-30;0;14
25;2025-11-30;1;0
25;2025-11-30;2;0
25;2025-11-30;3;0
25;2025-11-30;4;0
25;2025-11-30;5;6
25;2025-11-30;6;48
25;2025-11-30;7;73
25;2025-11-30;8;131
25;2025-11-30;9;152
25;2025-11-30;10;169
25;2025-11-30;11;205
25;2025-11-30;12;270
25;2025-11-30;13;328
25;2025-11-30;14;375
25;2025-11-30;15;440
25;2025-11-30;16;368
25;2025-11-30;17;333
25;2025-11-30;18;299
25;2025-11-30;19;226
25;2025-11-30;20;167
25;2025-11-30;21;134
25;2025-11-30;22;89
25;2025-11-30;23;35
25;2025-12-01;0;7
25;2025-12-01;1;0
25;2025-12-01;2;0
25;2025-12-01;3;0
25;2025-12-01;4;0
25;2025-12-01;5;6
25;2025-12-01;6;135
25;2025-12-01;7;422
25;2025-12-01;8;656
25;2025-12-01;9;335
25;2025-12-01;10;235
25;2025-12-01;11;256
25;2025-12-01;12;283
25;2025-12-01;13;398
25;2025-12-01;14;297
25;2025-12-01;15;350
25;2025-12-01;16;503
25;2025-12-01;17;546
25;2025-12-01;18;565
25;2025-12-01;19;362
25;2025-12-01;20;213
25;2025-12-01;21;142
25;2025-12-01;22;72
25;2025-12-01;23;10
25;2025-12-02;0;0
25;2025-12-02;1;0
25;2025-12-02;2;0
25;2025-12-02;3;0
25;2025-12-02;4;0
25;2025-12-02;5;6
25;2025-12-02;6;137
25;2025-12-02;7;416
25;2025-12-02;8;666
25;2025-12-02;9;357
25;2025-12-02;10;267
25;2025-12-02;11;303
25;2025-12-02;12;276
25;2025-12-02;13;342
25;2025-12-02;14;324
25;2025-12-02;15;392
25;2025-12-02;16;479
25;2025-12-02;17;515
25;2025-12-02;18;560
25;2025-12-02;19;390
25;2025-12-02;20;228
25;2025-12-02;21;145
25;2025-12-02;22;81
25;2025-12-02;23;6
25;2025-12-03;0;1
25;2025-12-03;1;1
25;2025-12-03;2;0
25;2025-12-03;3;0
25;2025-12-03;4;0
25;2025-12-03;5;7
25;2025-12-03;6;136
25;2025-12-03;7;419
25;2025-12-03;8;677
25;2025-12-03;9;363
25;2025-12-03;10;265
25;2025-12-03;11;303
25;2025-12-03;12;316
25;2025-12-03;13;405
25;2025-12-03;14;333
25;2025-12-03;15;413
25;2025-12-03;16;500
25;2025-12-03;17;571
25;2025-12-03;18;574
25;2025-12-03;19;392
25;2025-12-03;20;251
25;2025-12-03;21;162
25;2025-12-03;22;89
25;2025-12-03;23;5
25;2025-12-04;0;1
25;2025-12-04;1;0
25;2025-12-04;2;0
25;2025-12-04;3;0
25;2025-12-04;4;0
25;2025-12-04;5;6
25;2025-12-04;6;138
25;2025-12-04;7;413
25;2025-12-04;8;660
25;2025-12-04;9;347
25;2025-12-04;10;271
25;2025-12-04;11;279
25;2025-12-04;12;298
25;2025-12-04;13;358
25;2025-12-04;14;344
25;2025-12-04;15;406
25;2025-12-04;16;475
25;2025-12-04;17;569
25;2025-12-04;18;580
25;2025-12-04;19;385
25;2025-12-04;20;227
25;2025-12-04;21;157
25;2025-12-04;22;95
25;2025-12-04;23;8
25;2025-12-05;0;2
25;2025-12-05;1;0
25;2025-12-05;2;0
25;2025-12-05;3;0
25;2025-12-05;4;0
25;2025-12-05;5;7
25;2025-12-05;6;136
25;2025-12-05;7;411
25;2025-12-05;8;622
25;2025-12-05;9;329
25;2025-12-05;10;257
25;2025-12-05;11;303
25;2025-12-05;12;310
25;2025-12-05;13;389
25;2025-12-05;14;371
25;2025-12-05;15;439
25;2025-12-05;16;555
25;2025-12-05;17;575
25;2025-12-05;18;483
25;2025-12-05;19;354
25;2025-12-05;20;221
25;2025-12-05;21;160
25;2025-12-05;22;100
25;2025-12-05;23;15
25;2025-12-06;0;1
25;2025-12-06;1;0
25;2025-12-06;2;0
25;2025-12-06;3;0
25;2025-12-06;4;0
25;2025-12-06;5;8
25;2025-12-06;6;57
25;2025-12-06;7;89
25;2025-12-06;8;188
25;2025-12-06;9;190
25;2025-12-06;10;190
25;2025-12-06;11;251
25;2025-12-06;12;276
25;2025-12-06;13;395
25;2025-12-06;14;426
25;2025-12-06;15;471
25;2025-12-06;16;416
25;2025-12-06;17;361
25;2025-12-06;18;340
25;2025-12-06;19;291
25;2025-12-06;20;187
25;2025-12-06;21;158
25;2025-12-06;22;104
25;2025-12-06;23;54
25;2025-12-07;0;12
25;2025-12-07;1;0
25;2025-12-07;2;0
25;2025-12-07;3;0
25;2025-12-07;4;0
25;2025-12-07;5;8
25;2025-12-07;6;45
25;2025-12-07;7;61
25;2025-12-07;8;118
25;2025-12-07;9;133
25;2025-12-07;10;146
25;2025-12-07;11;186
25;2025-12-07;12;256
25;2025-12-07;13;317
25;2025-12-07;14;364
25;2025-12-07;15;432
25;2025-12-07;16;368
25;2025-12-07;17;332
25;2025-12-07;18;300
25;2025-12-07;19;226
25;2025-12-07;20;168
25;2025-12-07;21;136
25;2025-12-07;22;89
25;2025-12-07;23;44
25;2025-12-08;0;8
25;2025-12-08;1;0
25;2025-12-08;2;0
25;2025-12-08;3;0
25;2025-12-08;4;0
25;2025-12-08;5;11
25;2025-12-08;6;129
25;2025-12-08;7;401
25;2025-12-08;8;630
25;2025-12-08;9;324
25;2025-12-08;10;220
25;2025-12-08;11;249
25;2025-12-08;12;278
25;2025-12-08;13;391
25;2025-12-08;14;302
25;2025-12-08;15;360
25;2025-12-08;16;514
25;2025-12-08;17;543
25;2025-12-08;18;550
25;2025-12-08;19;370
25;2025-12-08;20;214
25;2025-12-08;21;145
25;2025-12-08;22;74
25;2025-12-08;23;18
25;2025-12-09;0;0
25;2025-12-09;1;0
25;2025-12-09;2;0
25;2025-12-09;3;0
25;2025-12-09;4;0
25;2025-12-09;5;8
25;2025-12-09;6;121
25;2025-12-09;7;376
25;2025-12-09;8;600
25;2025-12-09;9;335
25;2025-12-09;10;248
25;2025-12-09;11;290
25;2025-12-09;12;262
25;2025-12-09;13;332
25;2025-12-09;14;314
25;2025-12-09;15;395
25;2025-12-09;16;469
25;2025-12-09;17;483
25;2025-12-09;18;520
25;2025-12-09;19;391
25;2025-12-09;20;223
25;2025-12-09;21;138
25;2025-12-09;22;82
25;2025-12-09;23;18
25;2025-12-10;0;2
25;2025-12-10;1;0
25;2025-12-10;2;0
25;2025-12-10;3;0
25;2025-12-10;4;0
25;2025-12-10;5;3
25;2025-12-10;6;84
25;2025-12-10;7;339
25;2025-12-10;8;520
25;2025-12-10;9;287
25;2025-12-10;10;194
25;2025-12-10;11;239
25;2025-12-10;12;242
25;2025-12-10;13;325
25;2025-12-10;14;273
25;2025-12-10;15;340
25;2025-12-10;16;417
25;2025-12-10;17;451
25;2025-12-10;18;446
25;2025-12-10;19;323
25;2025-12-10;20;189
25;2025-12-10;21;106
25;2025-12-10;22;32
25;2025-12-10;23;0
25;2025-12-11;0;0
25;2025-12-11;1;0
25;2025-12-11;2;0
25;2025-12-11;3;0
25;2025-12-11;4;0
25;2025-12-11;5;0
25;2025-12-11;6;95
25;2025-12-11;7;346
25;2025-12-11;8;535
25;2025-12-11;9;294
25;2025-12-11;10;222
25;2025-12-11;11;234
25;2025-12-11;12;250
25;2025-12-11;13;317
25;2025-12-11;14;302
25;2025-12-11;15;364
25;2025-12-11;16;425
25;2025-12-11;17;460
25;2025-12-11;18;475
25;2025-12-11;19;334
25;2025-12-11;20;183
25;2025-12-11;21;110
25;2025-12-11;22;43
25;2025-12-11;23;7
25;2025-12-12;0;0
25;2025-12-12;1;0
25;2025-12-12;2;0
25;2025-12-12;3;0
25;2025-12-12;4;0
25;2025-12-12;5;5
25;2025-12-12;6;84
25;2025-12-12;7;337
25;2025-12-12;8;497
25;2025-12-12;9;253
25;2025-12-12;10;200
25;2025-12-12;11;239
25;2025-12-12;12;249
25;2025-12-12;13;332
25;2025-12-12;14;315
25;2025-12-12;15;379
25;2025-12-12;16;471
25;2025-12-12;17;467
25;2025-12-12;18;427
25;2025-12-12;19;307
25;2025-12-12;20;178
25;2025-12-12;21;111
25;2025-12-12;22;62
25;2025-12-12;23;10
25;2025-12-13;0;2
25;2025-12-13;1;0
25;2025-12-13;2;0
25;2025-12-13;3;0
25;2025-12-13;4;0
25;2025-12-13;5;0
25;2025-12-13;6;20
25;2025-12-13;7;45
25;2025-12-13;8;152
25;2025-12-13;9;148
25;2025-12-13;10;151
25;2025-12-13;11;221
25;2025-12-13;12;239
25;2025-12-13;13;364
25;2025-12-13;14;377
25;2025-12-13;15;420
25;2025-12-13;16;383
25;2025-12-13;17;332
25;2025-12-13;18;312
25;2025-12-13;19;271
25;2025-12-13;20;160
25;2025-12-13;21;123
25;2025-12-13;22;56
25;2025-12-13;23;28
25;2025-12-14;0;0
25;2025-12-14;1;0
25;2025-12-14;2;0
25;2025-12-14;3;0
25;2025-12-14;4;0
25;2025-12-14;5;4
25;2025-12-14;6;5
25;2025-12-14;7;8
25;2025-12-14;8;68
25;2025-12-14;9;77
25;2025-12-14;10;101
25;2025-12-14;11;135
25;2025-12-14;12;211
25;2025-12-14;13;279
25;2025-12-14;14;325
25;2025-12-14;15;379
25;2025-12-14;16;322
25;2025-12-14;17;284
25;2025-12-14;18;253
25;2025-12-14;19;182
25;2025-12-14;20;115
25;2025-12-14;21;77
25;2025-12-14;22;30
25;2025-12-14;23;2
25;2025-12-15;0;0
25;2025-12-15;1;0
25;2025-12-15;2;0
25;2025-12-15;3;0
25;2025-12-15;4;0
25;2025-12-15;5;4
25;2025-12-15;6;86
25;2025-12-15;7;336
25;2025-12-15;8;526
25;2025-12-15;9;265
25;2025-12-15;10;170
25;2025-12-15;11;213
25;2025-12-15;12;231
25;2025-12-15;13;349
25;2025-12-15;14;257
25;2025-12-15;15;316
25;2025-12-15;16;447
25;2025-12-15;17;456
25;2025-12-15;18;465
25;2025-12-15;19;320
25;2025-12-15;20;163
25;2025-12-15;21;90
25;2025-12-15;22;14
25;2025-12-15;23;2
25;2025-12-16;0;0
25;2025-12-16;1;0
25;2025-12-16;2;0
25;2025-12-16;3;0
25;2025-12-16;4;0
25;2025-12-16;5;0
25;2025-12-16;6;85
25;2025-12-16;7;315
25;2025-12-16;8;527
25;2025-12-16;9;283
25;2025-12-16;10;211
25;2025-12-16;11;258
25;2025-12-16;12;221
25;2025-12-16;13;294
25;2025-12-16;14;276
25;2025-12-16;15;346
25;2025-12-16;16;426
25;2025-12-16;17;437
25;2025-12-16;18;476
25;2025-12-16;19;362
25;2025-12-16;20;195
25;2025-12-16;21;95
25;2025-12-16;22;29
25;2025-12-16;23;3
25;2025-12-17;0;0
25;2025-12-17;1;0
25;2025-12-17;2;0
25;2025-12-17;3;0
25;2025-12-17;4;0
25;2025-12-17;5;5
25;2025-12-17;6;83
25;2025-12-17;7;336
25;2025-12-17;8;522
25;2025-12-17;9;287
25;2025-12-17;10;196
25;2025-12-17;11;241
25;2025-12-17;12;254
25;2025-12-17;13;346
25;2025-12-17;14;282
25;2025-12-17;15;360
25;2025-12-17;16;433
25;2025-12-17;17;463
25;2025-12-17;18;454
25;2025-12-17;19;338
25;2025-12-17;20;200
25;2025-12-17;21;113
25;2025-12-17;22;39
25;2025-12-17;23;1
25;2025-12-18;0;0
25;2025-12-18;1;0
25;2025-12-18;2;0
25;2025-12-18;3;0
25;2025-12-18;4;0
25;2025-12-18;5;0
25;2025-12-18;6;83
25;2025-12-18;7;331
25;2025-12-18;8;511
25;2025-12-18;9;275
25;2025-12-18;10;211
25;2025-12-18;11;226
25;2025-12-18;12;247
25;2025-12-18;13;301
25;2025-12-18;14;290
25;2025-12-18;15;351
25;2025-12-18;16;410
25;2025-12-18;17;456
25;2025-12-18;18;477
25;2025-12-18;19;331
25;2025-12-18;20;180
25;2025-12-18;21;100
25;2025-12-18;22;42
25;2025-12-18;23;0
25;2025-12-19;0;0
25;2025-12-19;1;0
25;2025-12-19;2;0
25;2025-12-19;3;0
25;2025-12-19;4;0
25;2025-12-19;5;0
25;2025-12-19;6;84
25;2025-12-19;7;322
25;2025-12-19;8;490
25;2025-12-19;9;255
25;2025-12-19;10;189
25;2025-12-19;11;243
25;2025-12-19;12;248
25;2025-12-19;13;332
25;2025-12-19;14;314
25;2025-12-19;15;365
25;2025-12-19;16;465
25;2025-12-19;17;456
25;2025-12-19;18;407
25;2025-12-19;19;299
25;2025-12-19;20;170
25;2025-12-19;21;101
25;2025-12-19;22;43
25;2025-12-19;23;2
25;2025-12-20;0;0
25;2025-12-20;1;0
25;2025-12-20;2;0
25;2025-12-20;3;0
25;2025-12-20;4;0
25;2025-12-20;5;1
25;2025-12-20;6;18
25;2025-12-20;7;30
25;2025-12-20;8;133
25;2025-12-20;9;126
25;2025-12-20;10;127
25;2025-12-20;11;201
25;2025-12-20;12;217
25;2025-12-20;13;341
25;2025-12-20;14;360
25;2025-12-20;15;396
25;2025-12-20;16;354
25;2025-12-20;17;314
25;2025-12-20;18;293
25;2025-12-20;19;249
25;2025-12-20;20;143
25;2025-12-20;21;110
25;2025-12-20;22;45
25;2025-12-20;23;18
25;2025-12-21;0;0
25;2025-12-21;1;0
25;2025-12-21;2;0
25;2025-12-21;3;0
25;2025-12-21;4;0
25;2025-12-21;5;1
25;2025-12-21;6;10
25;2025-12-21;7;11
25;2025-12-21;8;74
25;2025-12-21;9;74
25;2025-12-21;10;88
25;2025-12-21;11;133
25;2025-12-21;12;193
25;2025-12-21;13;265
25;2025-12-21;14;301
25;2025-12-21;15;355
25;2025-12-21;16;314
25;2025-12-21;17;277
25;2025-12-21;18;250
25;2025-12-21;19;182
25;2025-12-21;20;113
25;2025-12-21;21;76
25;2025-12-21;22;30
25;2025-12-21;23;10
25;2025-12-22;0;0
25;2025-12-22;1;0
25;2025-12-22;2;0
25;2025-12-22;3;0
25;2025-12-22;4;0
25;2025-12-22;5;5
25;2025-12-22;6;86
25;2025-12-22;7;329
25;2025-12-22;8;524
25;2025-12-22;9;267
25;2025-12-22;10;181
25;2025-12-22;11;212
25;2025-12-22;12;241
25;2025-12-22;13;356
25;2025-12-22;14;258
25;2025-12-22;15;326
25;2025-12-22;16;453
25;2025-12-22;17;468
25;2025-12-22;18;483
25;2025-12-22;19;325
25;2025-12-22;20;192
25;2025-12-22;21;111
25;2025-12-22;22;28
25;2025-12-22;23;13
25;2025-12-23;0;2
25;2025-12-23;1;0
25;2025-12-23;2;0
25;2025-12-23;3;0
25;2025-12-23;4;0
25;2025-12-23;5;0
25;2025-12-23;6;92
25;2025-12-23;7;345
25;2025-12-23;8;548
25;2025-12-23;9;304
25;2025-12-23;10;217
25;2025-12-23;11;267
25;2025-12-23;12;239
25;2025-12-23;13;312
25;2025-12-23;14;292
25;2025-12-23;15;366
25;2025-12-23;16;433
25;2025-12-23;17;433
25;2025-12-23;18;472
25;2025-12-23;19;343
25;2025-12-23;20;184
25;2025-12-23;21;87
25;2025-12-23;22;22
25;2025-12-23;23;0
25;2025-12-24;0;0
25;2025-12-24;1;0
25;2025-12-24;2;0
25;2025-12-24;3;0
25;2025-12-24;4;0
25;2025-12-24;5;0
25;2025-12-24;6;75
25;2025-12-24;7;320
25;2025-12-24;8;507
25;2025-12-24;9;274
25;2025-12-24;10;183
25;2025-12-24;11;250
25;2025-12-24;12;263
25;2025-12-24;13;356
25;2025-12-24;14;286
25;2025-12-24;15;374
25;2025-12-24;16;443
25;2025-12-24;17;461
25;2025-12-24;18;445
25;2025-12-24;19;342
25;2025-12-24;20;199
25;2025-12-24;21;101
25;2025-12-24;22;29
25;2025-12-24;23;0
25;2025-12-25;0;0
25;2025-12-25;1;0
25;2025-12-25;2;0
25;2025-12-25;3;0
25;2025-12-25;4;0
25;2025-12-25;5;0
25;2025-12-25;6;68
25;2025-12-25;7;306
25;2025-12-25;8;495
25;2025-12-25;9;263
25;2025-12-25;10;194
25;2025-12-25;11;213
25;2025-12-25;12;238
25;2025-12-25;13;299
25;2025-12-25;14;296
25;2025-12-25;15;364
25;2025-12-25;16;422
25;2025-12-25;17;468
25;2025-12-25;18;476
25;2025-12-25;19;334
25;2025-12-25;20;184
25;2025-12-25;21;114
25;2025-12-25;22;49
25;2025-12-25;23;10
25;2025-12-26;0;1
25;2025-12-26;1;0
25;2025-12-26;2;0
25;2025-12-26;3;0
25;2025-12-26;4;0
25;2025-12-26;5;9
25;2025-12-26;6;77
25;2025-12-26;7;323
25;2025-12-26;8;487
25;2025-12-26;9;268
25;2025-12-26;10;199
25;2025-12-26;11;248
25;2025-12-26;12;258
25;2025-12-26;13;340
25;2025-12-26;14;321
25;2025-12-26;15;387
25;2025-12-26;16;478
25;2025-12-26;17;471
25;2025-12-26;18;415
25;2025-12-26;19;306
25;2025-12-26;20;175
25;2025-12-26;21;115
25;2025-12-26;22;57
25;2025-12-26;23;14
25;2025-12-27;0;2
25;2025-12-27;1;0
25;2025-12-27;2;0
25;2025-12-27;3;0
25;2025-12-27;4;0
25;2025-12-27;5;8
25;2025-12-27;6;15
25;2025-12-27;7;31
25;2025-12-27;8;129
25;2025-12-27;9;119
25;2025-12-27;10;116
25;2025-12-27;11;188
25;2025-12-27;12;214
25;2025-12-27;13;337
25;2025-12-27;14;360
25;2025-12-27;15;407
25;2025-12-27;16;352
25;2025-12-27;17;302
25;2025-12-27;18;278
25;2025-12-27;19;238
25;2025-12-27;20;124
25;2025-12-27;21;103
25;2025-12-27;22;51
25;2025-12-27;23;19
25;2025-12-28;0;0
25;2025-12-28;1;0
25;2025-12-28;2;0
25;2025-12-28;3;0
25;2025-12-28;4;0
25;2025-12-28;5;0
25;2025-12-28;6;0
25;2025-12-28;7;0
25;2025-12-28;8;63
25;2025-12-28;9;65
25;2025-12-28;10;88
25;2025-12-28;11;132
25;2025-12-28;12;200
25;2025-12-28;13;263
25;2025-12-28;14;309
25;2025-12-28;15;364
25;2025-12-28;16;310
25;2025-12-28;17;265
25;2025-12-28;18;239
25;2025-12-28;19;161
25;2025-12-28;20;104
25;2025-12-28;21;79
25;2025-12-28;22;29
25;2025-12-28;23;3
25;2025-12-29;0;0
25;2025-12-29;1;0
25;2025-12-29;2;0
25;2025-12-29;3;0
25;2025-12-29;4;0
25;2025-12-29;5;0
25;2025-12-29;6;72
25;2025-12-29;7;296
25;2025-12-29;8;478
25;2025-12-29;9;252
25;2025-12-29;10;167
25;2025-12-29;11;200
25;2025-12-29;12;231
25;2025-12-29;13;338
25;2025-12-29;14;254
25;2025-12-29;15;319
25;2025-12-29;16;441
25;2025-12-29;17;442
25;2025-12-29;18;420
25;2025-12-29;19;306
25;2025-12-29;20;160
25;2025-12-29;21;97
25;2025-12-29;22;18
25;2025-12-29;23;4
25;2025-12-30;0;0
25;2025-12-30;1;0
25;2025-12-30;2;0
25;2025-12-30;3;0
25;2025-12-30;4;0
25;2025-12-30;5;0
25;2025-12-30;6;67
25;2025-12-30;7;273
25;2025-12-30;8;470
25;2025-12-30;9;260
25;2025-12-30;10;180
25;2025-12-30;11;230
25;2025-12-30;12;212
25;2025-12-30;13;276
25;2025-12-30;14;273
25;2025-12-30;15;339
25;2025-12-30;16;407
25;2025-12-30;17;399
25;2025-12-30;18;393
25;2025-12-30;19;319
25;2025-12-30;20;167
25;2025-12-30;21;88
25;2025-12-30;22;23
25;2025-12-30;23;0
25;2025-12-31;0;1
25;2025-12-31;1;0
25;2025-12-31;2;0
25;2025-12-31;3;0
25;2025-12-31;4;0
25;2025-12-31;5;0
25;2025-12-31;6;0
25;2025-12-31;7;124
25;2025-12-31;8;37
25;2025-12-31;9;137
25;2025-12-31;10;86
25;2025-12-31;11;131
25;2025-12-31;12;158
25;2025-12-31;13;245
25;2025-12-31;14;227
25;2025-12-31;15;280
25;2025-12-31;16;214
25;2025-12-31;17;172
25;2025-12-31;18;112
25;2025-12-31;19;239
25;2025-12-31;20;133
25;2025-12-31;21;65
25;2025-12-31;22;21
25;2025-12-31;23;6
26;2025-11-01;0;43
26;2025-11-01;1;1
26;2025-11-01;2;0
26;2025-11-01;3;0
26;2025-11-01;4;3
26;2025-11-01;5;46
26;2025-11-01;6;221
26;2025-11-01;7;321
26;2025-11-01;8;549
26;2025-11-01;9;638
26;2025-11-01;10;748
26;2025-11-01;11;926
26;2025-11-01;12;978
26;2025-11-01;13;1003
26;2025-11-01;14;1093
26;2025-11-01;15;990
26;2025-11-01;16;959
26;2025-11-01;17;909
26;2025-11-01;18;805
26;2025-11-01;19;735
26;2025-11-01;20;529
26;2025-11-01;21;356
26;2025-11-01;22;177
26;2025-11-01;23;155
26;2025-11-02;0;45
26;2025-11-02;1;3
26;2025-11-02;2;0
26;2025-11-02;3;1
26;2025-11-02;4;0
26;2025-11-02;5;31
26;2025-11-02;6;150
26;2025-11-02;7;216
26;2025-11-02;8;326
26;2025-11-02;9;430
26;2025-11-02;10;500
26;2025-11-02;11;629
26;2025-11-02;12;715
26;2025-11-02;13;747
26;2025-11-02;14;783
26;2025-11-02;15;730
26;2025-11-02;16;721
26;2025-11-02;17;688
26;2025-11-02;18;625
26;2025-11-02;19;486
26;2025-11-02;20;372
26;2025-11-02;21;250
26;2025-11-02;22;170
26;2025-11-02;23;95
26;2025-11-03;0;25
26;2025-11-03;1;1
26;2025-11-03;2;0
26;2025-11-03;3;1
26;2025-11-03;4;2
26;2025-11-03;5;50
26;2025-11-03;6;322
26;2025-11-03;7;452
26;2025-11-03;8;582
26;2025-11-03;9;517
26;2025-11-03;10;607
26;2025-11-03;11;644
26;2025-11-03;12;679
26;2025-11-03;13;682
26;2025-11-03;14;702
26;2025-11-03;15;702
26;2025-11-03;16;706
26;2025-11-03;17;697
26;2025-11-03;18;705
26;2025-11-03;19;678
26;2025-11-03;20;425
26;2025-11-03;21;352
26;2025-11-03;22;186
26;2025-11-03;23;93
26;2025-11-04;0;25
26;2025-11-04;1;1
26;2025-11-04;2;0
26;2025-11-04;3;2
26;2025-11-04;4;2
26;2025-11-04;5;46
26;2025-11-04;6;333
26;2025-11-04;7;429
26;2025-11-04;8;570
26;2025-11-04;9;492
26;2025-11-04;10;571
26;2025-11-04;11;590
26;2025-11-04;12;617
26;2025-11-04;13;655
26;2025-11-04;14;730
26;2025-11-04;15;730
26;2025-11-04;16;675
26;2025-11-04;17;665
26;2025-11-04;18;676
26;2025-11-04;19;627
26;2025-11-04;20;454
26;2025-11-04;21;351
26;2025-11-04;22;189
26;2025-11-04;23;104
26;2025-11-05;0;32
26;2025-11-05;1;0
26;2025-11-05;2;0
26;2025-11-05;3;2
26;2025-11-05;4;5
26;2025-11-05;5;85
26;2025-11-05;6;460
26;2025-11-05;7;982
26;2025-11-05;8;2063
26;2025-11-05;9;1342
26;2025-11-05;10;1077
26;2025-11-05;11;960
26;2025-11-05;12;1036
26;2025-11-05;13;1089
26;2025-11-05;14;1148
26;2025-11-05;15;1206
26;2025-11-05;16;1386
26;2025-11-05;17;1568
26;2025-11-05;18;1716
26;2025-11-05;19;1155
26;2025-11-05;20;706
26;2025-11-05;21;439
26;2025-11-05;22;212
26;2025-11-05;23;103
26;2025-11-06;0;28
26;2025-11-06;1;0
26;2025-11-06;2;0
26;2025-11-06;3;0
26;2025-11-06;4;1
26;2025-11-06;5;85
26;2025-11-06;6;477
26;2025-11-06;7;996
26;2025-11-06;8;2055
26;2025-11-06;9;1352
26;2025-11-06;10;1083
26;2025-11-06;11;1016
26;2025-11-06;12;1036
26;2025-11-06;13;1108
26;2025-11-06;14;1133
26;2025-11-06;15;1230
26;2025-11-06;16;1405
26;2025-11-06;17;1626
26;2025-11-06;18;1800
26;2025-11-06;19;1157
26;2025-11-06;20;702
26;2025-11-06;21;432
26;2025-11-06;22;214
26;2025-11-06;23;108
26;2025-11-07;0;30
26;2025-11-07;1;2
26;2025-11-07;2;0
26;2025-11-07;3;0
26;2025-11-07;4;2
26;2025-11-07;5;82
26;2025-11-07;6;478
26;2025-11-07;7;968
26;2025-11-07;8;1905
26;2025-11-07;9;1300
26;2025-11-07;10;1082
26;2025-11-07;11;959
26;2025-11-07;12;1021
26;2025-11-07;13;1111
26;2025-11-07;14;1130
26;2025-11-07;15;1291
26;2025-11-07;16;1562
26;2025-11-07;17;1643
26;2025-11-07;18;1297
26;2025-11-07;19;999
26;2025-11-07;20;663
26;2025-11-07;21;411
26;2025-11-07;22;209
26;2025-11-07;23;136
26;2025-11-08;0;41
26;2025-11-08;1;2
26;2025-11-08;2;0
26;2025-11-08;3;0
26;2025-11-08;4;4
26;2025-11-08;5;45
26;2025-11-08;6;238
26;2025-11-08;7;334
26;2025-11-08;8;529
26;2025-11-08;9;619
26;2025-11-08;10;720
26;2025-11-08;11;869
26;2025-11-08;12;923
26;2025-11-08;13;956
26;2025-11-08;14;986
26;2025-11-08;15;918
26;2025-11-08;16;907
26;2025-11-08;17;851
26;2025-11-08;18;801
26;2025-11-08;19;737
26;2025-11-08;20;511
26;2025-11-08;21;343
26;2025-11-08;22;203
26;2025-11-08;23;136
26;2025-11-09;0;47
26;2025-11-09;1;7
26;2025-11-09;2;0
26;2025-11-09;3;0
26;2025-11-09;4;0
26;2025-11-09;5;31
26;2025-11-09;6;161
26;2025-11-09;7;234
26;2025-11-09;8;345
26;2025-11-09;9;478
26;2025-11-09;10;545
26;2025-11-09;11;722
26;2025-11-09;12;785
26;2025-11-09;13;798
26;2025-11-09;14;787
26;2025-11-09;15;736
26;2025-11-09;16;736
26;2025-11-09;17;730
26;2025-11-09;18;655
26;2025-11-09;19;492
26;2025-11-09;20;373
26;2025-11-09;21;254
26;2025-11-09;22;173
26;2025-11-09;23;96
26;2025-11-10;0;27
26;2025-11-10;1;1
26;2025-11-10;2;0
26;2025-11-10;3;0
26;2025-11-10;4;2
26;2025-11-10;5;85
26;2025-11-10;6;493
26;2025-11-10;7;1013
26;2025-11-10;8;2038
26;2025-11-10;9;1344
26;2025-11-10;10;1092
26;2025-11-10;11;944
26;2025-11-10;12;987
26;2025-11-10;13;1073
26;2025-11-10;14;1093
26;2025-11-10;15;1176
26;2025-11-10;16;1378
26;2025-11-10;17;1617
26;2025-11-10;18;1820
26;2025-11-10;19;1194
26;2025-11-10;20;740
26;2025-11-10;21;403
26;2025-11-10;22;199
26;2025-11-10;23;96
26;2025-11-11;0;25
26;2025-11-11;1;1
26;2025-11-11;2;0
26;2025-11-11;3;0
26;2025-11-11;4;3
26;2025-11-11;5;81
26;2025-11-11;6;505
26;2025-11-11;7;1037
26;2025-11-11;8;2094
26;2025-11-11;9;1374
26;2025-11-11;10;1086
26;2025-11-11;11;1029
26;2025-11-11;12;1059
26;2025-11-11;13;1067
26;2025-11-11;14;1106
26;2025-11-11;15;1201
26;2025-11-11;16;1398
26;2025-11-11;17;1641
26;2025-11-11;18;1834
26;2025-11-11;19;1222
26;2025-11-11;20;760
26;2025-11-11;21;424
26;2025-11-11;22;206
26;2025-11-11;23;107
26;2025-11-12;0;30
26;2025-11-12;1;0
26;2025-11-12;2;0
26;2025-11-12;3;2
26;2025-11-12;4;5
26;2025-11-12;5;84
26;2025-11-12;6;481
26;2025-11-12;7;1026
26;2025-11-12;8;2110
26;2025-11-12;9;1382
26;2025-11-12;10;1104
26;2025-11-12;11;983
26;2025-11-12;12;1058
26;2025-11-12;13;1081
26;2025-11-12;14;1146
26;2025-11-12;15;1208
26;2025-11-12;16;1387
26;2025-11-12;17;1573
26;2025-11-12;18;1714
26;2025-11-12;19;1166
26;2025-11-12;20;737
26;2025-11-12;21;453
26;2025-11-12;22;211
26;2025-11-12;23;112
26;2025-11-13;0;29
26;2025-11-13;1;0
26;2025-11-13;2;0
26;2025-11-13;3;0
26;2025-11-13;4;2
26;2025-11-13;5;82
26;2025-11-13;6;481
26;2025-11-13;7;1015
26;2025-11-13;8;2111
26;2025-11-13;9;1366
26;2025-11-13;10;1094
26;2025-11-13;11;1034
26;2025-11-13;12;1036
26;2025-11-13;13;1115
26;2025-11-13;14;1141
26;2025-11-13;15;1251
26;2025-11-13;16;1425
26;2025-11-13;17;1641
26;2025-11-13;18;1814
26;2025-11-13;19;1177
26;2025-11-13;20;741
26;2025-11-13;21;435
26;2025-11-13;22;212
26;2025-11-13;23;111
26;2025-11-14;0;26
26;2025-11-14;1;0
26;2025-11-14;2;0
26;2025-11-14;3;0
26;2025-11-14;4;1
26;2025-11-14;5;82
26;2025-11-14;6;497
26;2025-11-14;7;991
26;2025-11-14;8;1898
26;2025-11-14;9;1325
26;2025-11-14;10;1095
26;2025-11-14;11;983
26;2025-11-14;12;1043
26;2025-11-14;13;1110
26;2025-11-14;14;1132
26;2025-11-14;15;1292
26;2025-11-14;16;1552
26;2025-11-14;17;1626
26;2025-11-14;18;1315
26;2025-11-14;19;1013
26;2025-11-14;20;688
26;2025-11-14;21;404
26;2025-11-14;22;205
26;2025-11-14;23;135
26;2025-11-15;0;32
26;2025-11-15;1;3
26;2025-11-15;2;0
26;2025-11-15;3;0
26;2025-11-15;4;3
26;2025-11-15;5;41
26;2025-11-15;6;232
26;2025-11-15;7;321
26;2025-11-15;8;506
26;2025-11-15;9;603
26;2025-11-15;10;674
26;2025-11-15;11;858
26;2025-11-15;12;906
26;2025-11-15;13;930
26;2025-11-15;14;980
26;2025-11-15;15;920
26;2025-11-15;16;908
26;2025-11-15;17;855
26;2025-11-15;18;798
26;2025-11-15;19;753
26;2025-11-15;20;526
26;2025-11-15;21;344
26;2025-11-15;22;206
26;2025-11-15;23;139
26;2025-11-16;0;43
26;2025-11-16;1;3
26;2025-11-16;2;0
26;2025-11-16;3;0
26;2025-11-16;4;1
26;2025-11-16;5;27
26;2025-11-16;6;155
26;2025-11-16;7;235
26;2025-11-16;8;342
26;2025-11-16;9;490
26;2025-11-16;10;565
26;2025-11-16;11;774
26;2025-11-16;12;832
26;2025-11-16;13;854
26;2025-11-16;14;815
26;2025-11-16;15;758
26;2025-11-16;16;745
26;2025-11-16;17;733
26;2025-11-16;18;662
26;2025-11-16;19;502
26;2025-11-16;20;377
26;2025-11-16;21;253
26;2025-11-16;22;171
26;2025-11-16;23;95
26;2025-11-17;0;23
26;2025-11-17;1;1
26;2025-11-17;2;0
26;2025-11-17;3;0
26;2025-11-17;4;1
26;2025-11-17;5;85
26;2025-11-17;6;493
26;2025-11-17;7;1039
26;2025-11-17;8;2080
26;2025-11-17;9;1364
26;2025-11-17;10;1098
26;2025-11-17;11;963
26;2025-11-17;12;997
26;2025-11-17;13;1038
26;2025-11-17;14;1080
26;2025-11-17;15;1174
26;2025-11-17;16;1372
26;2025-11-17;17;1606
26;2025-11-17;18;1818
26;2025-11-17;19;1192
26;2025-11-17;20;741
26;2025-11-17;21;393
26;2025-11-17;22;196
26;2025-11-17;23;95
26;2025-11-18;0;24
26;2025-11-18;1;1
26;2025-11-18;2;0
26;2025-11-18;3;0
26;2025-11-18;4;4
26;2025-11-18;5;85
26;2025-11-18;6;509
26;2025-11-18;7;1066
26;2025-11-18;8;2122
26;2025-11-18;9;1415
26;2025-11-18;10;1067
26;2025-11-18;11;1038
26;2025-11-18;12;1071
26;2025-11-18;13;1067
26;2025-11-18;14;1097
26;2025-11-18;15;1200
26;2025-11-18;16;1385
26;2025-11-18;17;1620
26;2025-11-18;18;1820
26;2025-11-18;19;1226
26;2025-11-18;20;764
26;2025-11-18;21;421
26;2025-11-18;22;203
26;2025-11-18;23;99
26;2025-11-19;0;22
26;2025-11-19;1;1
26;2025-11-19;2;0
26;2025-11-19;3;1
26;2025-11-19;4;4
26;2025-11-19;5;83
26;2025-11-19;6;488
26;2025-11-19;7;1041
26;2025-11-19;8;2102
26;2025-11-19;9;1394
26;2025-11-19;10;1108
26;2025-11-19;11;993
26;2025-11-19;12;1066
26;2025-11-19;13;1109
26;2025-11-19;14;1167
26;2025-11-19;15;1231
26;2025-11-19;16;1399
26;2025-11-19;17;1575
26;2025-11-19;18;1731
26;2025-11-19;19;1175
26;2025-11-19;20;747
26;2025-11-19;21;460
26;2025-11-19;22;214
26;2025-11-19;23;110
26;2025-11-20;0;29
26;2025-11-20;1;0
26;2025-11-20;2;0
26;2025-11-20;3;0
26;2025-11-20;4;0
26;2025-11-20;5;85
26;2025-11-20;6;496
26;2025-11-20;7;1024
26;2025-11-20;8;2071
26;2025-11-20;9;1387
26;2025-11-20;10;1110
26;2025-11-20;11;1054
26;2025-11-20;12;1051
26;2025-11-20;13;1133
26;2025-11-20;14;1141
26;2025-11-20;15;1251
26;2025-11-20;16;1418
26;2025-11-20;17;1628
26;2025-11-20;18;1809
26;2025-11-20;19;1177
26;2025-11-20;20;742
26;2025-11-20;21;435
26;2025-11-20;22;211
26;2025-11-20;23;111
26;2025-11-21;0;26
26;2025-11-21;1;0
26;2025-11-21;2;0
26;2025-11-21;3;0
26;2025-11-21;4;1
26;2025-11-21;5;82
26;2025-11-21;6;488
26;2025-11-21;7;1009
26;2025-11-21;8;1894
26;2025-11-21;9;1333
26;2025-11-21;10;1106
26;2025-11-21;11;993
26;2025-11-21;12;1041
26;2025-11-21;13;1123
26;2025-11-21;14;1138
26;2025-11-21;15;1295
26;2025-11-21;16;1540
26;2025-11-21;17;1628
26;2025-11-21;18;1320
26;2025-11-21;19;1011
26;2025-11-21;20;687
26;2025-11-21;21;411
26;2025-11-21;22;209
26;2025-11-21;23;138
26;2025-11-22;0;41
26;2025-11-22;1;2
26;2025-11-22;2;0
26;2025-11-22;3;0
26;2025-11-22;4;4
26;2025-11-22;5;43
26;2025-11-22;6;239
26;2025-11-22;7;333
26;2025-11-22;8;518
26;2025-11-22;9;628
26;2025-11-22;10;716
26;2025-11-22;11;895
26;2025-11-22;12;925
26;2025-11-22;13;960
26;2025-11-22;14;994
26;2025-11-22;15;912
26;2025-11-22;16;899
26;2025-11-22;17;855
26;2025-11-22;18;797
26;2025-11-22;19;728
26;2025-11-22;20;520
26;2025-11-22;21;344
26;2025-11-22;22;203
26;2025-11-22;23;138
26;2025-11-23;0;46
26;2025-11-23;1;5
26;2025-11-23;2;0
26;2025-11-23;3;1
26;2025-11-23;4;1
26;2025-11-23;5;31
26;2025-11-23;6;161
26;2025-11-23;7;231
26;2025-11-23;8;346
26;2025-11-23;9;481
26;2025-11-23;10;554
26;2025-11-23;11;756
26;2025-11-23;12;835
26;2025-11-23;13;870
26;2025-11-23;14;843
26;2025-11-23;15;798
26;2025-11-23;16;789
26;2025-11-23;17;770
26;2025-11-23;18;682
26;2025-11-23;19;512
26;2025-11-23;20;386
26;2025-11-23;21;256
26;2025-11-23;22;173
26;2025-11-23;23;96
26;2025-11-24;0;27
26;2025-11-24;1;3
26;2025-11-24;2;0
26;2025-11-24;3;0
26;2025-11-24;4;1
26;2025-11-24;5;89
26;2025-11-24;6;495
26;2025-11-24;7;1044
26;2025-11-24;8;2037
26;2025-11-24;9;1381
26;2025-11-24;10;1091
26;2025-11-24;11;925
26;2025-11-24;12;993
26;2025-11-24;13;1077
26;2025-11-24;14;1090
26;2025-11-24;15;1163
26;2025-11-24;16;1366
26;2025-11-24;17;1600
26;2025-11-24;18;1804
26;2025-11-24;19;1202
26;2025-11-24;20;742
26;2025-11-24;21;411
26;2025-11-24;22;198
26;2025-11-24;23;94
26;2025-11-25;0;25
26;2025-11-25;1;0
26;2025-11-25;2;0
26;2025-11-25;3;0
26;2025-11-25;4;1
26;2025-11-25;5;86
26;2025-11-25;6;510
26;2025-11-25;7;1052
26;2025-11-25;8;2059
26;2025-11-25;9;1422
26;2025-11-25;10;1115
26;2025-11-25;11;1059
26;2025-11-25;12;1091
26;2025-11-25;13;1090
26;2025-11-25;14;1112
26;2025-11-25;15;1208
26;2025-11-25;16;1392
26;2025-11-25;17;1632
26;2025-11-25;18;1826
26;2025-11-25;19;1229
26;2025-11-25;20;747
26;2025-11-25;21;413
26;2025-11-25;22;206
26;2025-11-25;23;106
26;2025-11-26;0;33
26;2025-11-26;1;2
26;2025-11-26;2;0
26;2025-11-26;3;0
26;2025-11-26;4;5
26;2025-11-26;5;86
26;2025-11-26;6;484
26;2025-11-26;7;1040
26;2025-11-26;8;2067
26;2025-11-26;9;1411
26;2025-11-26;10;1130
26;2025-11-26;11;1003
26;2025-11-26;12;1085
26;2025-11-26;13;1115
26;2025-11-26;14;1161
26;2025-11-26;15;1223
26;2025-11-26;16;1384
26;2025-11-26;17;1559
26;2025-11-26;18;1719
26;2025-11-26;19;1188
26;2025-11-26;20;756
26;2025-11-26;21;464
26;2025-11-26;22;212
26;2025-11-26;23;117
26;2025-11-27;0;33
26;2025-11-27;1;1
26;2025-11-27;2;0
26;2025-11-27;3;0
26;2025-11-27;4;1
26;2025-11-27;5;86
26;2025-11-27;6;495
26;2025-11-27;7;1021
26;2025-11-27;8;2025
26;2025-11-27;9;1401
26;2025-11-27;10;1122
26;2025-11-27;11;1050
26;2025-11-27;12;1059
26;2025-11-27;13;1138
26;2025-11-27;14;1151
26;2025-11-27;15;1240
26;2025-11-27;16;1408
26;2025-11-27;17;1622
26;2025-11-27;18;1810
26;2025-11-27;19;1192
26;2025-11-27;20;749
26;2025-11-27;21;446
26;2025-11-27;22;216
26;2025-11-27;23;116
26;2025-11-28;0;32
26;2025-11-28;1;3
26;2025-11-28;2;0
26;2025-11-28;3;0
26;2025-11-28;4;2
26;2025-11-28;5;87
26;2025-11-28;6;487
26;2025-11-28;7;993
26;2025-11-28;8;1849
26;2025-11-28;9;1342
26;2025-11-28;10;1136
26;2025-11-28;11;1015
26;2025-11-28;12;1069
26;2025-11-28;13;1149
26;2025-11-28;14;1148
26;2025-11-28;15;1295
26;2025-11-28;16;1525
26;2025-11-28;17;1624
26;2025-11-28;18;1348
26;2025-11-28;19;1037
26;2025-11-28;20;701
26;2025-11-28;21;419
26;2025-11-28;22;208
26;2025-11-28;23;140
26;2025-11-29;0;39
26;2025-11-29;1;1
26;2025-11-29;2;0
26;2025-11-29;3;0
26;2025-11-29;4;2
26;2025-11-29;5;42
26;2025-11-29;6;205
26;2025-11-29;7;294
26;2025-11-29;8;472
26;2025-11-29;9;619
26;2025-11-29;10;689
26;2025-11-29;11;851
26;2025-11-29;12;906
26;2025-11-29;13;932
26;2025-11-29;14;961
26;2025-11-29;15;882
26;2025-11-29;16;870
26;2025-11-29;17;813
26;2025-11-29;18;751
26;2025-11-29;19;695
26;2025-11-29;20;475
26;2025-11-29;21;310
26;2025-11-29;22;179
26;2025-11-29;23;123
26;2025-11-30;0;45
26;2025-11-30;1;4
26;2025-11-30;2;0
26;2025-11-30;3;0
26;2025-11-30;4;1
26;2025-11-30;5;31
26;2025-11-30;6;141
26;2025-11-30;7;201
26;2025-11-30;8;314
26;2025-11-30;9;443
26;2025-11-30;10;499
26;2025-11-30;11;690
26;2025-11-30;12;766
26;2025-11-30;13;790
26;2025-11-30;14;761
26;2025-11-30;15;706
26;2025-11-30;16;703
26;2025-11-30;17;691
26;2025-11-30;18;617
26;2025-11-30;19;459
26;2025-11-30;20;359
26;2025-11-30;21;237
26;2025-11-30;22;159
26;2025-11-30;23;91
26;2025-12-01;0;26
26;2025-12-01;1;2
26;2025-12-01;2;0
26;2025-12-01;3;1
26;2025-12-01;4;1
26;2025-12-01;5;66
26;2025-12-01;6;415
26;2025-12-01;7;877
26;2025-12-01;8;1758
26;2025-12-01;9;1261
26;2025-12-01;10;992
26;2025-12-01;11;853
26;2025-12-01;12;912
26;2025-12-01;13;1010
26;2025-12-01;14;1025
26;2025-12-01;15;1094
26;2025-12-01;16;1279
26;2025-12-01;17;1446
26;2025-12-01;18;1622
26;2025-12-01;19;1105
26;2025-12-01;20;634
26;2025-12-01;21;346
26;2025-12-01;22;170
26;2025-12-01;23;85
26;2025-12-02;0;25
26;2025-12-02;1;0
26;2025-12-02;2;0
26;2025-12-02;3;0
26;2025-12-02;4;2
26;2025-12-02;5;66
26;2025-12-02;6;422
26;2025-12-02;7;912
26;2025-12-02;8;1775
26;2025-12-02;9;1298
26;2025-12-02;10;992
26;2025-12-02;11;937
26;2025-12-02;12;990
26;2025-12-02;13;997
26;2025-12-02;14;1030
26;2025-12-02;15;1103
26;2025-12-02;16;1291
26;2025-12-02;17;1481
26;2025-12-02;18;1631
26;2025-12-02;19;1138
26;2025-12-02;20;637
26;2025-12-02;21;370
26;2025-12-02;22;177
26;2025-12-02;23;92
26;2025-12-03;0;31
26;2025-12-03;1;2
26;2025-12-03;2;0
26;2025-12-03;3;0
26;2025-12-03;4;3
26;2025-12-03;5;64
26;2025-12-03;6;408
26;2025-12-03;7;883
26;2025-12-03;8;1774
26;2025-12-03;9;1299
26;2025-12-03;10;1012
26;2025-12-03;11;899
26;2025-12-03;12;1004
26;2025-12-03;13;1041
26;2025-12-03;14;1092
26;2025-12-03;15;1140
26;2025-12-03;16;1305
26;2025-12-03;17;1431
26;2025-12-03;18;1584
26;2025-12-03;19;1077
26;2025-12-03;20;626
26;2025-12-03;21;400
26;2025-12-03;22;179
26;2025-12-03;23;100
26;2025-12-04;0;29
26;2025-12-04;1;2
26;2025-12-04;2;0
26;2025-12-04;3;0
26;2025-12-04;4;2
26;2025-12-04;5;65
26;2025-12-04;6;412
26;2025-12-04;7;871
26;2025-12-04;8;1773
26;2025-12-04;9;1285
26;2025-12-04;10;998
26;2025-12-04;11;941
26;2025-12-04;12;971
26;2025-12-04;13;1056
26;2025-12-04;14;1064
26;2025-12-04;15;1147
26;2025-12-04;16;1313
26;2025-12-04;17;1482
26;2025-12-04;18;1649
26;2025-12-04;19;1083
26;2025-12-04;20;636
26;2025-12-04;21;393
26;2025-12-04;22;185
26;2025-12-04;23;102
26;2025-12-05;0;29
26;2025-12-05;1;2
26;2025-12-05;2;0
26;2025-12-05;3;0
26;2025-12-05;4;4
26;2025-12-05;5;65
26;2025-12-05;6;412
26;2025-12-05;7;850
26;2025-12-05;8;1685
26;2025-12-05;9;1236
26;2025-12-05;10;1000
26;2025-12-05;11;890
26;2025-12-05;12;972
26;2025-12-05;13;1049
26;2025-12-05;14;1064
26;2025-12-05;15;1194
26;2025-12-05;16;1400
26;2025-12-05;17;1492
26;2025-12-05;18;1253
26;2025-12-05;19;929
26;2025-12-05;20;589
26;2025-12-05;21;375
26;2025-12-05;22;180
26;2025-12-05;23;124
26;2025-12-06;0;37
26;2025-12-06;1;3
26;2025-12-06;2;0
26;2025-12-06;3;0
26;2025-12-06;4;5
26;2025-12-06;5;41
26;2025-12-06;6;192
26;2025-12-06;7;275
26;2025-12-06;8;430
26;2025-12-06;9;540
26;2025-12-06;10;613
26;2025-12-06;11;782
26;2025-12-06;12;836
26;2025-12-06;13;862
26;2025-12-06;14;893
26;2025-12-06;15;814
26;2025-12-06;16;794
26;2025-12-06;17;745
26;2025-12-06;18;689
26;2025-12-06;19;636
26;2025-12-06;20;429
26;2025-12-06;21;298
26;2025-12-06;22;172
26;2025-12-06;23;122
26;2025-12-07;0;41
26;2025-12-07;1;6
26;2025-12-07;2;0
26;2025-12-07;3;1
26;2025-12-07;4;3
26;2025-12-07;5;29
26;2025-12-07;6;124
26;2025-12-07;7;178
26;2025-12-07;8;288
26;2025-12-07;9;390
26;2025-12-07;10;447
26;2025-12-07;11;628
26;2025-12-07;12;702
26;2025-12-07;13;719
26;2025-12-07;14;708
26;2025-12-07;15;659
26;2025-12-07;16;652
26;2025-12-07;17;637
26;2025-12-07;18;563
26;2025-12-07;19;429
26;2025-12-07;20;341
26;2025-12-07;21;227
26;2025-12-07;22;154
26;2025-12-07;23;92
26;2025-12-08;0;26
26;2025-12-08;1;3
26;2025-12-08;2;0
26;2025-12-08;3;0
26;2025-12-08;4;4
26;2025-12-08;5;65
26;2025-12-08;6;385
26;2025-12-08;7;820
26;2025-12-08;8;1758
26;2025-12-08;9;1225
26;2025-12-08;10;956
26;2025-12-08;11;819
26;2025-12-08;12;884
26;2025-12-08;13;970
26;2025-12-08;14;993
26;2025-12-08;15;1068
26;2025-12-08;16;1264
26;2025-12-08;17;1436
26;2025-12-08;18;1624
26;2025-12-08;19;1079
26;2025-12-08;20;602
26;2025-12-08;21;352
26;2025-12-08;22;168
26;2025-12-08;23;87
26;2025-12-09;0;27
26;2025-12-09;1;1
26;2025-12-09;2;0
26;2025-12-09;3;0
26;2025-12-09;4;5
26;2025-12-09;5;57
26;2025-12-09;6;378
26;2025-12-09;7;831
26;2025-12-09;8;1753
26;2025-12-09;9;1236
26;2025-12-09;10;918
26;2025-12-09;11;879
26;2025-12-09;12;936
26;2025-12-09;13;935
26;2025-12-09;14;974
26;2025-12-09;15;1050
26;2025-12-09;16;1262
26;2025-12-09;17;1451
26;2025-12-09;18;1617
26;2025-12-09;19;1094
26;2025-12-09;20;596
26;2025-12-09;21;357
26;2025-12-09;22;176
26;2025-12-09;23;92
26;2025-12-10;0;0
26;2025-12-10;1;0
26;2025-12-10;2;0
26;2025-12-10;3;0
26;2025-12-10;4;0
26;2025-12-10;5;6
26;2025-12-10;6;301
26;2025-12-10;7;702
26;2025-12-10;8;1651
26;2025-12-10;9;1106
26;2025-12-10;10;817
26;2025-12-10;11;700
26;2025-12-10;12;813
26;2025-12-10;13;847
26;2025-12-10;14;909
26;2025-12-10;15;950
26;2025-12-10;16;1122
26;2025-12-10;17;1251
26;2025-12-10;18;1434
26;2025-12-10;19;911
26;2025-12-10;20;487
26;2025-12-10;21;307
26;2025-12-10;22;116
26;2025-12-10;23;45
26;2025-12-11;0;0
26;2025-12-11;1;0
26;2025-12-11;2;0
26;2025-12-11;3;0
26;2025-12-11;4;0
26;2025-12-11;5;18
26;2025-12-11;6;318
26;2025-12-11;7;715
26;2025-12-11;8;1661
26;2025-12-11;9;1125
26;2025-12-11;10;840
26;2025-12-11;11;782
26;2025-12-11;12;815
26;2025-12-11;13;895
26;2025-12-11;14;915
26;2025-12-11;15;978
26;2025-12-11;16;1151
26;2025-12-11;17;1321
26;2025-12-11;18;1510
26;2025-12-11;19;932
26;2025-12-11;20;513
26;2025-12-11;21;318
26;2025-12-11;22;133
26;2025-12-11;23;59
26;2025-12-12;0;0
26;2025-12-12;1;0
26;2025-12-12;2;0
26;2025-12-12;3;0
26;2025-12-12;4;0
26;2025-12-12;5;16
26;2025-12-12;6;306
26;2025-12-12;7;680
26;2025-12-12;8;1533
26;2025-12-12;9;1024
26;2025-12-12;10;797
26;2025-12-12;11;690
26;2025-12-12;12;767
26;2025-12-12;13;852
26;2025-12-12;14;876
26;2025-12-12;15;1019
26;2025-12-12;16;1241
26;2025-12-12;17;1327
26;2025-12-12;18;1086
26;2025-12-12;19;781
26;2025-12-12;20;478
26;2025-12-12;21;302
26;2025-12-12;22;140
26;2025-12-12;23;81
26;2025-12-13;0;0
26;2025-12-13;1;0
26;2025-12-13;2;0
26;2025-12-13;3;0
26;2025-12-13;4;0
26;2025-12-13;5;0
26;2025-12-13;6;141
26;2025-12-13;7;236
26;2025-12-13;8;373
26;2025-12-13;9;437
26;2025-12-13;10;504
26;2025-12-13;11;653
26;2025-12-13;12;698
26;2025-12-13;13;724
26;2025-12-13;14;747
26;2025-12-13;15;682
26;2025-12-13;16;680
26;2025-12-13;17;622
26;2025-12-13;18;576
26;2025-12-13;19;538
26;2025-12-13;20;380
26;2025-12-13;21;259
26;2025-12-13;22;118
26;2025-12-13;23;77
26;2025-12-14;0;3
26;2025-12-14;1;0
26;2025-12-14;2;0
26;2025-12-14;3;0
26;2025-12-14;4;0
26;2025-12-14;5;0
26;2025-12-14;6;62
26;2025-12-14;7;118
26;2025-12-14;8;229
26;2025-12-14;9;305
26;2025-12-14;10;366
26;2025-12-14;11;499
26;2025-12-14;12;573
26;2025-12-14;13;596
26;2025-12-14;14;590
26;2025-12-14;15;547
26;2025-12-14;16;540
26;2025-12-14;17;522
26;2025-12-14;18;466
26;2025-12-14;19;354
26;2025-12-14;20;285
26;2025-12-14;21;163
26;2025-12-14;22;91
26;2025-12-14;23;35
26;2025-12-15;0;0
26;2025-12-15;1;0
26;2025-12-15;2;0
26;2025-12-15;3;0
26;2025-12-15;4;0
26;2025-12-15;5;2
26;2025-12-15;6;301
26;2025-12-15;7;674
26;2025-12-15;8;1642
26;2025-12-15;9;1061
26;2025-12-15;10;806
26;2025-12-15;11;666
26;2025-12-15;12;729
26;2025-12-15;13;829
26;2025-12-15;14;850
26;2025-12-15;15;927
26;2025-12-15;16;1123
26;2025-12-15;17;1309
26;2025-12-15;18;1513
26;2025-12-15;19;938
26;2025-12-15;20;499
26;2025-12-15;21;287
26;2025-12-15;22;104
26;2025-12-15;23;25
26;2025-12-16;0;0
26;2025-12-16;1;0
26;2025-12-16;2;0
26;2025-12-16;3;0
26;2025-12-16;4;0
26;2025-12-16;5;0
26;2025-12-16;6;309
26;2025-12-16;7;717
26;2025-12-16;8;1671
26;2025-12-16;9;1107
26;2025-12-16;10;807
26;2025-12-16;11;764
26;2025-12-16;12;805
26;2025-12-16;13;818
26;2025-12-16;14;858
26;2025-12-16;15;953
26;2025-12-16;16;1168
26;2025-12-16;17;1361
26;2025-12-16;18;1531
26;2025-12-16;19;1008
26;2025-12-16;20;538
26;2025-12-16;21;299
26;2025-12-16;22;118
26;2025-12-16;23;41
26;2025-12-17;0;0
26;2025-12-17;1;0
26;2025-12-17;2;0
26;2025-12-17;3;1
26;2025-12-17;4;0
26;2025-12-17;5;9
26;2025-12-17;6;300
26;2025-12-17;7;690
26;2025-12-17;8;1644
26;2025-12-17;9;1103
26;2025-12-17;10;809
26;2025-12-17;11;703
26;2025-12-17;12;807
26;2025-12-17;13;846
26;2025-12-17;14;910
26;2025-12-17;15;955
26;2025-12-17;16;1122
26;2025-12-17;17;1252
26;2025-12-17;18;1426
26;2025-12-17;19;902
26;2025-12-17;20;496
26;2025-12-17;21;311
26;2025-12-17;22;122
26;2025-12-17;23;49
26;2025-12-18;0;0
26;2025-12-18;1;0
26;2025-12-18;2;0
26;2025-12-18;3;0
26;2025-12-18;4;0
26;2025-12-18;5;10
26;2025-12-18;6;301
26;2025-12-18;7;679
26;2025-12-18;8;1641
26;2025-12-18;9;1068
26;2025-12-18;10;805
26;2025-12-18;11;758
26;2025-12-18;12;787
26;2025-12-18;13;864
26;2025-12-18;14;884
26;2025-12-18;15;976
26;2025-12-18;16;1155
26;2025-12-18;17;1308
26;2025-12-18;18;1482
26;2025-12-18;19;908
26;2025-12-18;20;513
26;2025-12-18;21;301
26;2025-12-18;22;124
26;2025-12-18;23;50
26;2025-12-19;0;0
26;2025-12-19;1;0
26;2025-12-19;2;0
26;2025-12-19;3;0
26;2025-12-19;4;0
26;2025-12-19;5;10
26;2025-12-19;6;305
26;2025-12-19;7;659
26;2025-12-19;8;1523
26;2025-12-19;9;1020
26;2025-12-19;10;798
26;2025-12-19;11;690
26;2025-12-19;12;774
26;2025-12-19;13;860
26;2025-12-19;14;873
26;2025-12-19;15;1009
26;2025-12-19;16;1228
26;2025-12-19;17;1305
26;2025-12-19;18;1047
26;2025-12-19;19;741
26;2025-12-19;20;457
26;2025-12-19;21;283
26;2025-12-19;22;117
26;2025-12-19;23;66
26;2025-12-20;0;0
26;2025-12-20;1;0
26;2025-12-20;2;0
26;2025-12-20;3;0
26;2025-12-20;4;0
26;2025-12-20;5;0
26;2025-12-20;6;120
26;2025-12-20;7;208
26;2025-12-20;8;334
26;2025-12-20;9;413
26;2025-12-20;10;472
26;2025-12-20;11;611
26;2025-12-20;12;664
26;2025-12-20;13;689
26;2025-12-20;14;723
26;2025-12-20;15;657
26;2025-12-20;16;650
26;2025-12-20;17;589
26;2025-12-20;18;539
26;2025-12-20;19;501
26;2025-12-20;20;360
26;2025-12-20;21;246
26;2025-12-20;22;107
26;2025-12-20;23;63
26;2025-12-21;0;1
26;2025-12-21;1;0
26;2025-12-21;2;0
26;2025-12-21;3;1
26;2025-12-21;4;0
26;2025-12-21;5;0
26;2025-12-21;6;67
26;2025-12-21;7;132
26;2025-12-21;8;225
26;2025-12-21;9;293
26;2025-12-21;10;346
26;2025-12-21;11;490
26;2025-12-21;12;547
26;2025-12-21;13;565
26;2025-12-21;14;567
26;2025-12-21;15;528
26;2025-12-21;16;522
26;2025-12-21;17;501
26;2025-12-21;18;445
26;2025-12-21;19;334
26;2025-12-21;20;281
26;2025-12-21;21;165
26;2025-12-21;22;94
26;2025-12-21;23;39
26;2025-12-22;0;0
26;2025-12-22;1;0
26;2025-12-22;2;0
26;2025-12-22;3;0
26;2025-12-22;4;0
26;2025-12-22;5;10
26;2025-12-22;6;304
26;2025-12-22;7;685
26;2025-12-22;8;1644
26;2025-12-22;9;1063
26;2025-12-22;10;817
26;2025-12-22;11;666
26;2025-12-22;12;740
26;2025-12-22;13;850
26;2025-12-22;14;874
26;2025-12-22;15;938
26;2025-12-22;16;1143
26;2025-12-22;17;1318
26;2025-12-22;18;1503
26;2025-12-22;19;963
26;2025-12-22;20;530
26;2025-12-22;21;309
26;2025-12-22;22;123
26;2025-12-22;23;42
26;2025-12-23;0;0
26;2025-12-23;1;0
26;2025-12-23;2;0
26;2025-12-23;3;0
26;2025-12-23;4;0
26;2025-12-23;5;13
26;2025-12-23;6;352
26;2025-12-23;7;744
26;2025-12-23;8;1675
26;2025-12-23;9;1154
26;2025-12-23;10;853
26;2025-12-23;11;806
26;2025-12-23;12;848
26;2025-12-23;13;851
26;2025-12-23;14;892
26;2025-12-23;15;965
26;2025-12-23;16;1172
26;2025-12-23;17;1354
26;2025-12-23;18;1524
26;2025-12-23;19;993
26;2025-12-23;20;516
26;2025-12-23;21;292
26;2025-12-23;22;114
26;2025-12-23;23;36
26;2025-12-24;0;0
26;2025-12-24;1;0
26;2025-12-24;2;0
26;2025-12-24;3;0
26;2025-12-24;4;0
26;2025-12-24;5;4
26;2025-12-24;6;296
26;2025-12-24;7;671
26;2025-12-24;8;1622
26;2025-12-24;9;1097
26;2025-12-24;10;818
26;2025-12-24;11;720
26;2025-12-24;12;819
26;2025-12-24;13;860
26;2025-12-24;14;916
26;2025-12-24;15;964
26;2025-12-24;16;1130
26;2025-12-24;17;1241
26;2025-12-24;18;1406
26;2025-12-24;19;909
26;2025-12-24;20;498
26;2025-12-24;21;298
26;2025-12-24;22;108
26;2025-12-24;23;39
26;2025-12-25;0;0
26;2025-12-25;1;0
26;2025-12-25;2;0
26;2025-12-25;3;0
26;2025-12-25;4;0
26;2025-12-25;5;0
26;2025-12-25;6;279
26;2025-12-25;7;646
26;2025-12-25;8;1606
26;2025-12-25;9;1065
26;2025-12-25;10;807
26;2025-12-25;11;756
26;2025-12-25;12;791
26;2025-12-25;13;867
26;2025-12-25;14;884
26;2025-12-25;15;972
26;2025-12-25;16;1141
26;2025-12-25;17;1300
26;2025-12-25;18;1488
26;2025-12-25;19;921
26;2025-12-25;20;509
26;2025-12-25;21;319
26;2025-12-25;22;134
26;2025-12-25;23;62
26;2025-12-26;0;0
26;2025-12-26;1;0
26;2025-12-26;2;0
26;2025-12-26;3;0
26;2025-12-26;4;0
26;2025-12-26;5;10
26;2025-12-26;6;314
26;2025-12-26;7;663
26;2025-12-26;8;1512
26;2025-12-26;9;1055
26;2025-12-26;10;828
26;2025-12-26;11;707
26;2025-12-26;12;799
26;2025-12-26;13;870
26;2025-12-26;14;884
26;2025-12-26;15;1021
26;2025-12-26;16;1247
26;2025-12-26;17;1315
26;2025-12-26;18;1065
26;2025-12-26;19;770
26;2025-12-26;20;456
26;2025-12-26;21;306
26;2025-12-26;22;129
26;2025-12-26;23;79
26;2025-12-27;0;0
26;2025-12-27;1;0
26;2025-12-27;2;0
26;2025-12-27;3;0
26;2025-12-27;4;0
26;2025-12-27;5;0
26;2025-12-27;6;121
26;2025-12-27;7;212
26;2025-12-27;8;346
26;2025-12-27;9;409
26;2025-12-27;10;462
26;2025-12-27;11;611
26;2025-12-27;12;662
26;2025-12-27;13;686
26;2025-12-27;14;720
26;2025-12-27;15;665
26;2025-12-27;16;647
26;2025-12-27;17;582
26;2025-12-27;18;535
26;2025-12-27;19;489
26;2025-12-27;20;336
26;2025-12-27;21;239
26;2025-12-27;22;109
26;2025-12-27;23;68
26;2025-12-28;0;0
26;2025-12-28;1;0
26;2025-12-28;2;0
26;2025-12-28;3;1
26;2025-12-28;4;0
26;2025-12-28;5;0
26;2025-12-28;6;52
26;2025-12-28;7;119
26;2025-12-28;8;227
26;2025-12-28;9;294
26;2025-12-28;10;354
26;2025-12-28;11;475
26;2025-12-28;12;539
26;2025-12-28;13;559
26;2025-12-28;14;555
26;2025-12-28;15;518
26;2025-12-28;16;513
26;2025-12-28;17;492
26;2025-12-28;18;441
26;2025-12-28;19;329
26;2025-12-28;20;276
26;2025-12-28;21;168
26;2025-12-28;22;89
26;2025-12-28;23;34
26;2025-12-29;0;0
26;2025-12-29;1;0
26;2025-12-29;2;0
26;2025-12-29;3;1
26;2025-12-29;4;0
26;2025-12-29;5;0
26;2025-12-29;6;281
26;2025-12-29;7;636
26;2025-12-29;8;1605
26;2025-12-29;9;1033
26;2025-12-29;10;783
26;2025-12-29;11;635
26;2025-12-29;12;697
26;2025-12-29;13;802
26;2025-12-29;14;825
26;2025-12-29;15;905
26;2025-12-29;16;1086
26;2025-12-29;17;1269
26;2025-12-29;18;1455
26;2025-12-29;19;922
26;2025-12-29;20;481
26;2025-12-29;21;290
26;2025-12-29;22;105
26;2025-12-29;23;31
26;2025-12-30;0;0
26;2025-12-30;1;0
26;2025-12-30;2;0
26;2025-12-30;3;0
26;2025-12-30;4;0
26;2025-12-30;5;0
26;2025-12-30;6;287
26;2025-12-30;7;657
26;2025-12-30;8;1615
26;2025-12-30;9;1084
26;2025-12-30;10;777
26;2025-12-30;11;738
26;2025-12-30;12;786
26;2025-12-30;13;803
26;2025-12-30;14;836
26;2025-12-30;15;927
26;2025-12-30;16;1113
26;2025-12-30;17;1295
26;2025-12-30;18;1447
26;2025-12-30;19;961
26;2025-12-30;20;496
26;2025-12-30;21;283
26;2025-12-30;22;109
26;2025-12-30;23;41
26;2025-12-31;0;0
26;2025-12-31;1;0
26;2025-12-31;2;0
26;2025-12-31;3;1
26;2025-12-31;4;0
26;2025-12-31;5;0
26;2025-12-31;6;107
26;2025-12-31;7;81
26;2025-12-31;8;170
26;2025-12-31;9;175
26;2025-12-31;10;230
26;2025-12-31;11;281
26;2025-12-31;12;398
26;2025-12-31;13;382
26;2025-12-31;14;403
26;2025-12-31;15;424
26;2025-12-31;16;428
26;2025-12-31;17;414
26;2025-12-31;18;370
26;2025-12-31;19;335
26;2025-12-31;20;156
26;2025-12-31;21;203
26;2025-12-31;22;83
26;2025-12-31;23;29
28;2025-11-01;0;1
28;2025-11-01;1;0
28;2025-11-01;2;0
28;2025-11-01;3;0
28;2025-11-01;4;0
28;2025-11-01;5;36
28;2025-11-01;6;96
28;2025-11-01;7;201
28;2025-11-01;8;330
28;2025-11-01;9;415
28;2025-11-01;10;448
28;2025-11-01;11;451
28;2025-11-01;12;569
28;2025-11-01;13;567
28;2025-11-01;14;595
28;2025-11-01;15;590
28;2025-11-01;16;540
28;2025-11-01;17;559
28;2025-11-01;18;449
28;2025-11-01;19;378
28;2025-11-01;20;278
28;2025-11-01;21;254
28;2025-11-01;22;111
28;2025-11-01;23;20
28;2025-11-02;0;4
28;2025-11-02;1;1
28;2025-11-02;2;1
28;2025-11-02;3;0
28;2025-11-02;4;2
28;2025-11-02;5;34
28;2025-11-02;6;75
28;2025-11-02;7;134
28;2025-11-02;8;203
28;2025-11-02;9;272
28;2025-11-02;10;305
28;2025-11-02;11;334
28;2025-11-02;12;410
28;2025-11-02;13;442
28;2025-11-02;14;449
28;2025-11-02;15;454
28;2025-11-02;16;413
28;2025-11-02;17;409
28;2025-11-02;18;362
28;2025-11-02;19;315
28;2025-11-02;20;248
28;2025-11-02;21;221
28;2025-11-02;22;102
28;2025-11-02;23;13
28;2025-11-03;0;0
28;2025-11-03;1;0
28;2025-11-03;2;0
28;2025-11-03;3;0
28;2025-11-03;4;1
28;2025-11-03;5;49
28;2025-11-03;6;156
28;2025-11-03;7;353
28;2025-11-03;8;509
28;2025-11-03;9;448
28;2025-11-03;10;425
28;2025-11-03;11;363
28;2025-11-03;12;406
28;2025-11-03;13;434
28;2025-11-03;14;424
28;2025-11-03;15;432
28;2025-11-03;16;470
28;2025-11-03;17;539
28;2025-11-03;18;502
28;2025-11-03;19;424
28;2025-11-03;20;387
28;2025-11-03;21;246
28;2025-11-03;22;106
28;2025-11-03;23;16
28;2025-11-04;0;2
28;2025-11-04;1;0
28;2025-11-04;2;0
28;2025-11-04;3;0
28;2025-11-04;4;2
28;2025-11-04;5;43
28;2025-11-04;6;150
28;2025-11-04;7;332
28;2025-11-04;8;473
28;2025-11-04;9;437
28;2025-11-04;10;366
28;2025-11-04;11;378
28;2025-11-04;12;386
28;2025-11-04;13;440
28;2025-11-04;14;459
28;2025-11-04;15;465
28;2025-11-04;16;441
28;2025-11-04;17;509
28;2025-11-04;18;456
28;2025-11-04;19;406
28;2025-11-04;20;393
28;2025-11-04;21;237
28;2025-11-04;22;114
28;2025-11-04;23;22
28;2025-11-05;0;1
28;2025-11-05;1;0
28;2025-11-05;2;0
28;2025-11-05;3;0
28;2025-11-05;4;2
28;2025-11-05;5;84
28;2025-11-05;6;247
28;2025-11-05;7;686
28;2025-11-05;8;1107
28;2025-11-05;9;746
28;2025-11-05;10;570
28;2025-11-05;11;540
28;2025-11-05;12;591
28;2025-11-05;13;639
28;2025-11-05;14;594
28;2025-11-05;15;641
28;2025-11-05;16;804
28;2025-11-05;17;890
28;2025-11-05;18;887
28;2025-11-05;19;628
28;2025-11-05;20;469
28;2025-11-05;21;283
28;2025-11-05;22;137
28;2025-11-05;23;14
28;2025-11-06;0;0
28;2025-11-06;1;0
28;2025-11-06;2;0
28;2025-11-06;3;0
28;2025-11-06;4;2
28;2025-11-06;5;84
28;2025-11-06;6;249
28;2025-11-06;7;751
28;2025-11-06;8;1130
28;2025-11-06;9;802
28;2025-11-06;10;601
28;2025-11-06;11;523
28;2025-11-06;12;648
28;2025-11-06;13;683
28;2025-11-06;14;631
28;2025-11-06;15;655
28;2025-11-06;16;817
28;2025-11-06;17;937
28;2025-11-06;18;952
28;2025-11-06;19;679
28;2025-11-06;20;472
28;2025-11-06;21;306
28;2025-11-06;22;129
28;2025-11-06;23;15
28;2025-11-07;0;1
28;2025-11-07;1;0
28;2025-11-07;2;0
28;2025-11-07;3;0
28;2025-11-07;4;2
28;2025-11-07;5;82
28;2025-11-07;6;238
28;2025-11-07;7;726
28;2025-11-07;8;1071
28;2025-11-07;9;757
28;2025-11-07;10;562
28;2025-11-07;11;523
28;2025-11-07;12;629
28;2025-11-07;13;690
28;2025-11-07;14;653
28;2025-11-07;15;693
28;2025-11-07;16;879
28;2025-11-07;17;878
28;2025-11-07;18;768
28;2025-11-07;19;603
28;2025-11-07;20;432
28;2025-11-07;21;284
28;2025-11-07;22;142
28;2025-11-07;23;17
28;2025-11-08;0;1
28;2025-11-08;1;0
28;2025-11-08;2;0
28;2025-11-08;3;0
28;2025-11-08;4;2
28;2025-11-08;5;41
28;2025-11-08;6;100
28;2025-11-08;7;202
28;2025-11-08;8;312
28;2025-11-08;9;421
28;2025-11-08;10;434
28;2025-11-08;11;428
28;2025-11-08;12;539
28;2025-11-08;13;568
28;2025-11-08;14;564
28;2025-11-08;15;564
28;2025-11-08;16;511
28;2025-11-08;17;519
28;2025-11-08;18;433
28;2025-11-08;19;368
28;2025-11-08;20;277
28;2025-11-08;21;258
28;2025-11-08;22;134
28;2025-11-08;23;18
28;2025-11-09;0;2
28;2025-11-09;1;1
28;2025-11-09;2;0
28;2025-11-09;3;0
28;2025-11-09;4;1
28;2025-11-09;5;34
28;2025-11-09;6;87
28;2025-11-09;7;147
28;2025-11-09;8;229
28;2025-11-09;9;298
28;2025-11-09;10;331
28;2025-11-09;11;369
28;2025-11-09;12;414
28;2025-11-09;13;483
28;2025-11-09;14;478
28;2025-11-09;15;477
28;2025-11-09;16;442
28;2025-11-09;17;431
28;2025-11-09;18;372
28;2025-11-09;19;319
28;2025-11-09;20;256
28;2025-11-09;21;221
28;2025-11-09;22;103
28;2025-11-09;23;10
28;2025-11-10;0;1
28;2025-11-10;1;0
28;2025-11-10;2;0
28;2025-11-10;3;0
28;2025-11-10;4;3
28;2025-11-10;5;83
28;2025-11-10;6;251
28;2025-11-10;7;762
28;2025-11-10;8;1155
28;2025-11-10;9;845
28;2025-11-10;10;581
28;2025-11-10;11;507
28;2025-11-10;12;635
28;2025-11-10;13;662
28;2025-11-10;14;630
28;2025-11-10;15;653
28;2025-11-10;16;829
28;2025-11-10;17;907
28;2025-11-10;18;904
28;2025-11-10;19;716
28;2025-11-10;20;472
28;2025-11-10;21;279
28;2025-11-10;22;116
28;2025-11-10;23;13
28;2025-11-11;0;1
28;2025-11-11;1;0
28;2025-11-11;2;0
28;2025-11-11;3;0
28;2025-11-11;4;3
28;2025-11-11;5;79
28;2025-11-11;6;248
28;2025-11-11;7;782
28;2025-11-11;8;1167
28;2025-11-11;9;841
28;2025-11-11;10;644
28;2025-11-11;11;559
28;2025-11-11;12;643
28;2025-11-11;13;706
28;2025-11-11;14;637
28;2025-11-11;15;657
28;2025-11-11;16;799
28;2025-11-11;17;924
28;2025-11-11;18;901
28;2025-11-11;19;728
28;2025-11-11;20;511
28;2025-11-11;21;286
28;2025-11-11;22;133
28;2025-11-11;23;20
28;2025-11-12;0;0
28;2025-11-12;1;0
28;2025-11-12;2;0
28;2025-11-12;3;0
28;2025-11-12;4;3
28;2025-11-12;5;85
28;2025-11-12;6;254
28;2025-11-12;7;771
28;2025-11-12;8;1171
28;2025-11-12;9;811
28;2025-11-12;10;611
28;2025-11-12;11;567
28;2025-11-12;12;645
28;2025-11-12;13;703
28;2025-11-12;14;634
28;2025-11-12;15;694
28;2025-11-12;16;825
28;2025-11-12;17;939
28;2025-11-12;18;935
28;2025-11-12;19;715
28;2025-11-12;20;495
28;2025-11-12;21;292
28;2025-11-12;22;143
28;2025-11-12;23;16
28;2025-11-13;0;0
28;2025-11-13;1;0
28;2025-11-13;2;0
28;2025-11-13;3;0
28;2025-11-13;4;2
28;2025-11-13;5;80
28;2025-11-13;6;245
28;2025-11-13;7;782
28;2025-11-13;8;1156
28;2025-11-13;9;839
28;2025-11-13;10;621
28;2025-11-13;11;540
28;2025-11-13;12;660
28;2025-11-13;13;706
28;2025-11-13;14;645
28;2025-11-13;15;668
28;2025-11-13;16;840
28;2025-11-13;17;974
28;2025-11-13;18;986
28;2025-11-13;19;718
28;2025-11-13;20;501
28;2025-11-13;21;317
28;2025-11-13;22;135
28;2025-11-13;23;16
28;2025-11-14;0;1
28;2025-11-14;1;0
28;2025-11-14;2;0
28;2025-11-14;3;0
28;2025-11-14;4;3
28;2025-11-14;5;84
28;2025-11-14;6;246
28;2025-11-14;7;764
28;2025-11-14;8;1097
28;2025-11-14;9;807
28;2025-11-14;10;594
28;2025-11-14;11;550
28;2025-11-14;12;659
28;2025-11-14;13;709
28;2025-11-14;14;661
28;2025-11-14;15;703
28;2025-11-14;16;899
28;2025-11-14;17;904
28;2025-11-14;18;802
28;2025-11-14;19;623
28;2025-11-14;20;439
28;2025-11-14;21;286
28;2025-11-14;22;147
28;2025-11-14;23;19
28;2025-11-15;0;0
28;2025-11-15;1;0
28;2025-11-15;2;0
28;2025-11-15;3;0
28;2025-11-15;4;1
28;2025-11-15;5;39
28;2025-11-15;6;99
28;2025-11-15;7;187
28;2025-11-15;8;300
28;2025-11-15;9;412
28;2025-11-15;10;430
28;2025-11-15;11;422
28;2025-11-15;12;528
28;2025-11-15;13;566
28;2025-11-15;14;568
28;2025-11-15;15;567
28;2025-11-15;16;515
28;2025-11-15;17;531
28;2025-11-15;18;439
28;2025-11-15;19;375
28;2025-11-15;20;282
28;2025-11-15;21;258
28;2025-11-15;22;131
28;2025-11-15;23;17
28;2025-11-16;0;1
28;2025-11-16;1;0
28;2025-11-16;2;1
28;2025-11-16;3;0
28;2025-11-16;4;1
28;2025-11-16;5;27
28;2025-11-16;6;78
28;2025-11-16;7;144
28;2025-11-16;8;220
28;2025-11-16;9;306
28;2025-11-16;10;348
28;2025-11-16;11;380
28;2025-11-16;12;430
28;2025-11-16;13;508
28;2025-11-16;14;499
28;2025-11-16;15;490
28;2025-11-16;16;443
28;2025-11-16;17;436
28;2025-11-16;18;377
28;2025-11-16;19;327
28;2025-11-16;20;261
28;2025-11-16;21;224
28;2025-11-16;22;101
28;2025-11-16;23;13
28;2025-11-17;0;0
28;2025-11-17;1;0
28;2025-11-17;2;0
28;2025-11-17;3;0
28;2025-11-17;4;3
28;2025-11-17;5;78
28;2025-11-17;6;251
28;2025-11-17;7;781
28;2025-11-17;8;1167
28;2025-11-17;9;879
28;2025-11-17;10;596
28;2025-11-17;11;516
28;2025-11-17;12;635
28;2025-11-17;13;643
28;2025-11-17;14;622
28;2025-11-17;15;655
28;2025-11-17;16;826
28;2025-11-17;17;911
28;2025-11-17;18;912
28;2025-11-17;19;718
28;2025-11-17;20;466
28;2025-11-17;21;264
28;2025-11-17;22;113
28;2025-11-17;23;12
28;2025-11-18;0;0
28;2025-11-18;1;0
28;2025-11-18;2;0
28;2025-11-18;3;0
28;2025-11-18;4;4
28;2025-11-18;5;79
28;2025-11-18;6;246
28;2025-11-18;7;799
28;2025-11-18;8;1196
28;2025-11-18;9;859
28;2025-11-18;10;638
28;2025-11-18;11;564
28;2025-11-18;12;648
28;2025-11-18;13;709
28;2025-11-18;14;639
28;2025-11-18;15;664
28;2025-11-18;16;795
28;2025-11-18;17;923
28;2025-11-18;18;916
28;2025-11-18;19;733
28;2025-11-18;20;497
28;2025-11-18;21;282
28;2025-11-18;22;132
28;2025-11-18;23;19
28;2025-11-19;0;0
28;2025-11-19;1;0
28;2025-11-19;2;0
28;2025-11-19;3;0
28;2025-11-19;4;3
28;2025-11-19;5;81
28;2025-11-19;6;257
28;2025-11-19;7;777
28;2025-11-19;8;1184
28;2025-11-19;9;814
28;2025-11-19;10;607
28;2025-11-19;11;569
28;2025-11-19;12;651
28;2025-11-19;13;709
28;2025-11-19;14;639
28;2025-11-19;15;688
28;2025-11-19;16;829
28;2025-11-19;17;940
28;2025-11-19;18;930
28;2025-11-19;19;710
28;2025-11-19;20;496
28;2025-11-19;21;290
28;2025-11-19;22;143
28;2025-11-19;23;16
28;2025-11-20;0;0
28;2025-11-20;1;0
28;2025-11-20;2;0
28;2025-11-20;3;0
28;2025-11-20;4;1
28;2025-11-20;5;78
28;2025-11-20;6;254
28;2025-11-20;7;783
28;2025-11-20;8;1163
28;2025-11-20;9;858
28;2025-11-20;10;624
28;2025-11-20;11;548
28;2025-11-20;12;667
28;2025-11-20;13;705
28;2025-11-20;14;641
28;2025-11-20;15;657
28;2025-11-20;16;833
28;2025-11-20;17;973
28;2025-11-20;18;979
28;2025-11-20;19;712
28;2025-11-20;20;498
28;2025-11-20;21;310
28;2025-11-20;22;132
28;2025-11-20;23;15
28;2025-11-21;0;0
28;2025-11-21;1;0
28;2025-11-21;2;0
28;2025-11-21;3;0
28;2025-11-21;4;2
28;2025-11-21;5;78
28;2025-11-21;6;236
28;2025-11-21;7;760
28;2025-11-21;8;1103
28;2025-11-21;9;795
28;2025-11-21;10;574
28;2025-11-21;11;532
28;2025-11-21;12;638
28;2025-11-21;13;698
28;2025-11-21;14;647
28;2025-11-21;15;687
28;2025-11-21;16;879
28;2025-11-21;17;890
28;2025-11-21;18;781
28;2025-11-21;19;607
28;2025-11-21;20;437
28;2025-11-21;21;284
28;2025-11-21;22;139
28;2025-11-21;23;16
28;2025-11-22;0;0
28;2025-11-22;1;0
28;2025-11-22;2;0
28;2025-11-22;3;0
28;2025-11-22;4;2
28;2025-11-22;5;36
28;2025-11-22;6;98
28;2025-11-22;7;198
28;2025-11-22;8;303
28;2025-11-22;9;414
28;2025-11-22;10;439
28;2025-11-22;11;434
28;2025-11-22;12;534
28;2025-11-22;13;567
28;2025-11-22;14;563
28;2025-11-22;15;556
28;2025-11-22;16;507
28;2025-11-22;17;521
28;2025-11-22;18;435
28;2025-11-22;19;367
28;2025-11-22;20;281
28;2025-11-22;21;254
28;2025-11-22;22;130
28;2025-11-22;23;20
28;2025-11-23;0;2
28;2025-11-23;1;0
28;2025-11-23;2;1
28;2025-11-23;3;0
28;2025-11-23;4;1
28;2025-11-23;5;28
28;2025-11-23;6;77
28;2025-11-23;7;145
28;2025-11-23;8;223
28;2025-11-23;9;301
28;2025-11-23;10;340
28;2025-11-23;11;379
28;2025-11-23;12;439
28;2025-11-23;13;510
28;2025-11-23;14;498
28;2025-11-23;15;498
28;2025-11-23;16;457
28;2025-11-23;17;449
28;2025-11-23;18;378
28;2025-11-23;19;324
28;2025-11-23;20;262
28;2025-11-23;21;223
28;2025-11-23;22;99
28;2025-11-23;23;11
28;2025-11-24;0;1
28;2025-11-24;1;1
28;2025-11-24;2;0
28;2025-11-24;3;0
28;2025-11-24;4;3
28;2025-11-24;5;84
28;2025-11-24;6;256
28;2025-11-24;7;781
28;2025-11-24;8;1180
28;2025-11-24;9;872
28;2025-11-24;10;593
28;2025-11-24;11;506
28;2025-11-24;12;644
28;2025-11-24;13;678
28;2025-11-24;14;627
28;2025-11-24;15;664
28;2025-11-24;16;829
28;2025-11-24;17;914
28;2025-11-24;18;915
28;2025-11-24;19;726
28;2025-11-24;20;472
28;2025-11-24;21;287
28;2025-11-24;22;121
28;2025-11-24;23;16
28;2025-11-25;0;0
28;2025-11-25;1;0
28;2025-11-25;2;0
28;2025-11-25;3;0
28;2025-11-25;4;2
28;2025-11-25;5;79
28;2025-11-25;6;252
28;2025-11-25;7;778
28;2025-11-25;8;1178
28;2025-11-25;9;865
28;2025-11-25;10;660
28;2025-11-25;11;566
28;2025-11-25;12;666
28;2025-11-25;13;717
28;2025-11-25;14;653
28;2025-11-25;15;669
28;2025-11-25;16;791
28;2025-11-25;17;924
28;2025-11-25;18;905
28;2025-11-25;19;719
28;2025-11-25;20;502
28;2025-11-25;21;284
28;2025-11-25;22;131
28;2025-11-25;23;18
28;2025-11-26;0;1
28;2025-11-26;1;0
28;2025-11-26;2;0
28;2025-11-26;3;0
28;2025-11-26;4;3
28;2025-11-26;5;86
28;2025-11-26;6;254
28;2025-11-26;7;775
28;2025-11-26;8;1175
28;2025-11-26;9;816
28;2025-11-26;10;626
28;2025-11-26;11;573
28;2025-11-26;12;667
28;2025-11-26;13;722
28;2025-11-26;14;653
28;2025-11-26;15;707
28;2025-11-26;16;824
28;2025-11-26;17;948
28;2025-11-26;18;937
28;2025-11-26;19;732
28;2025-11-26;20;487
28;2025-11-26;21;293
28;2025-11-26;22;144
28;2025-11-26;23;15
28;2025-11-27;0;1
28;2025-11-27;1;0
28;2025-11-27;2;0
28;2025-11-27;3;0
28;2025-11-27;4;1
28;2025-11-27;5;81
28;2025-11-27;6;253
28;2025-11-27;7;787
28;2025-11-27;8;1171
28;2025-11-27;9;862
28;2025-11-27;10;642
28;2025-11-27;11;544
28;2025-11-27;12;690
28;2025-11-27;13;730
28;2025-11-27;14;665
28;2025-11-27;15;672
28;2025-11-27;16;835
28;2025-11-27;17;983
28;2025-11-27;18;986
28;2025-11-27;19;730
28;2025-11-27;20;497
28;2025-11-27;21;316
28;2025-11-27;22;138
28;2025-11-27;23;14
28;2025-11-28;0;1
28;2025-11-28;1;1
28;2025-11-28;2;0
28;2025-11-28;3;0
28;2025-11-28;4;3
28;2025-11-28;5;82
28;2025-11-28;6;242
28;2025-11-28;7;758
28;2025-11-28;8;1105
28;2025-11-28;9;800
28;2025-11-28;10;573
28;2025-11-28;11;533
28;2025-11-28;12;665
28;2025-11-28;13;727
28;2025-11-28;14;671
28;2025-11-28;15;713
28;2025-11-28;16;904
28;2025-11-28;17;915
28;2025-11-28;18;802
28;2025-11-28;19;623
28;2025-11-28;20;444
28;2025-11-28;21;292
28;2025-11-28;22;147
28;2025-11-28;23;21
28;2025-11-29;0;1
28;2025-11-29;1;0
28;2025-11-29;2;0
28;2025-11-29;3;0
28;2025-11-29;4;2
28;2025-11-29;5;34
28;2025-11-29;6;82
28;2025-11-29;7;170
28;2025-11-29;8;271
28;2025-11-29;9;390
28;2025-11-29;10;411
28;2025-11-29;11;405
28;2025-11-29;12;495
28;2025-11-29;13;524
28;2025-11-29;14;517
28;2025-11-29;15;506
28;2025-11-29;16;464
28;2025-11-29;17;473
28;2025-11-29;18;400
28;2025-11-29;19;343
28;2025-11-29;20;249
28;2025-11-29;21;231
28;2025-11-29;22;117
28;2025-11-29;23;18
28;2025-11-30;0;1
28;2025-11-30;1;0
28;2025-11-30;2;1
28;2025-11-30;3;0
28;2025-11-30;4;1
28;2025-11-30;5;30
28;2025-11-30;6;68
28;2025-11-30;7;125
28;2025-11-30;8;197
28;2025-11-30;9;280
28;2025-11-30;10;315
28;2025-11-30;11;350
28;2025-11-30;12;406
28;2025-11-30;13;458
28;2025-11-30;14;450
28;2025-11-30;15;444
28;2025-11-30;16;408
28;2025-11-30;17;407
28;2025-11-30;18;348
28;2025-11-30;19;304
28;2025-11-30;20;239
28;2025-11-30;21;209
28;2025-11-30;22;92
28;2025-11-30;23;12
28;2025-12-01;0;1
28;2025-12-01;1;1
28;2025-12-01;2;0
28;2025-12-01;3;0
28;2025-12-01;4;3
28;2025-12-01;5;66
28;2025-12-01;6;210
28;2025-12-01;7;627
28;2025-12-01;8;1031
28;2025-12-01;9;713
28;2025-12-01;10;502
28;2025-12-01;11;442
28;2025-12-01;12;547
28;2025-12-01;13;586
28;2025-12-01;14;542
28;2025-12-01;15;559
28;2025-12-01;16;718
28;2025-12-01;17;782
28;2025-12-01;18;778
28;2025-12-01;19;601
28;2025-12-01;20;412
28;2025-12-01;21;241
28;2025-12-01;22;103
28;2025-12-01;23;14
28;2025-12-02;0;1
28;2025-12-02;1;0
28;2025-12-02;2;0
28;2025-12-02;3;0
28;2025-12-02;4;2
28;2025-12-02;5;65
28;2025-12-02;6;209
28;2025-12-02;7;636
28;2025-12-02;8;1039
28;2025-12-02;9;707
28;2025-12-02;10;539
28;2025-12-02;11;475
28;2025-12-02;12;564
28;2025-12-02;13;603
28;2025-12-02;14;545
28;2025-12-02;15;560
28;2025-12-02;16;684
28;2025-12-02;17;788
28;2025-12-02;18;761
28;2025-12-02;19;598
28;2025-12-02;20;433
28;2025-12-02;21;249
28;2025-12-02;22;113
28;2025-12-02;23;17
28;2025-12-03;0;1
28;2025-12-03;1;0
28;2025-12-03;2;0
28;2025-12-03;3;0
28;2025-12-03;4;2
28;2025-12-03;5;62
28;2025-12-03;6;211
28;2025-12-03;7;619
28;2025-12-03;8;1039
28;2025-12-03;9;667
28;2025-12-03;10;514
28;2025-12-03;11;473
28;2025-12-03;12;562
28;2025-12-03;13;608
28;2025-12-03;14;547
28;2025-12-03;15;599
28;2025-12-03;16;715
28;2025-12-03;17;819
28;2025-12-03;18;800
28;2025-12-03;19;588
28;2025-12-03;20;425
28;2025-12-03;21;257
28;2025-12-03;22;123
28;2025-12-03;23;16
28;2025-12-04;0;1
28;2025-12-04;1;0
28;2025-12-04;2;0
28;2025-12-04;3;0
28;2025-12-04;4;2
28;2025-12-04;5;63
28;2025-12-04;6;209
28;2025-12-04;7;636
28;2025-12-04;8;1034
28;2025-12-04;9;692
28;2025-12-04;10;527
28;2025-12-04;11;457
28;2025-12-04;12;567
28;2025-12-04;13;615
28;2025-12-04;14;542
28;2025-12-04;15;546
28;2025-12-04;16;704
28;2025-12-04;17;838
28;2025-12-04;18;839
28;2025-12-04;19;583
28;2025-12-04;20;424
28;2025-12-04;21;283
28;2025-12-04;22;120
28;2025-12-04;23;16
28;2025-12-05;0;2
28;2025-12-05;1;0
28;2025-12-05;2;0
28;2025-12-05;3;0
28;2025-12-05;4;4
28;2025-12-05;5;64
28;2025-12-05;6;199
28;2025-12-05;7;611
28;2025-12-05;8;954
28;2025-12-05;9;643
28;2025-12-05;10;487
28;2025-12-05;11;451
28;2025-12-05;12;553
28;2025-12-05;13;604
28;2025-12-05;14;553
28;2025-12-05;15;594
28;2025-12-05;16;768
28;2025-12-05;17;775
28;2025-12-05;18;674
28;2025-12-05;19;508
28;2025-12-05;20;391
28;2025-12-05;21;257
28;2025-12-05;22;127
28;2025-12-05;23;22
28;2025-12-06;0;0
28;2025-12-06;1;0
28;2025-12-06;2;0
28;2025-12-06;3;0
28;2025-12-06;4;4
28;2025-12-06;5;36
28;2025-12-06;6;80
28;2025-12-06;7;160
28;2025-12-06;8;265
28;2025-12-06;9;369
28;2025-12-06;10;389
28;2025-12-06;11;382
28;2025-12-06;12;463
28;2025-12-06;13;483
28;2025-12-06;14;483
28;2025-12-06;15;468
28;2025-12-06;16;434
28;2025-12-06;17;447
28;2025-12-06;18;385
28;2025-12-06;19;327
28;2025-12-06;20;242
28;2025-12-06;21;226
28;2025-12-06;22;117
28;2025-12-06;23;26
28;2025-12-07;0;2
28;2025-12-07;1;0
28;2025-12-07;2;0
28;2025-12-07;3;0
28;2025-12-07;4;1
28;2025-12-07;5;28
28;2025-12-07;6;57
28;2025-12-07;7;106
28;2025-12-07;8;178
28;2025-12-07;9;253
28;2025-12-07;10;284
28;2025-12-07;11;322
28;2025-12-07;12;383
28;2025-12-07;13;428
28;2025-12-07;14;428
28;2025-12-07;15;426
28;2025-12-07;16;398
28;2025-12-07;17;392
28;2025-12-07;18;339
28;2025-12-07;19;291
28;2025-12-07;20;231
28;2025-12-07;21;202
28;2025-12-07;22;90
28;2025-12-07;23;16
28;2025-12-08;0;1
28;2025-12-08;1;1
28;2025-12-08;2;0
28;2025-12-08;3;0
28;2025-12-08;4;3
28;2025-12-08;5;60
28;2025-12-08;6;197
28;2025-12-08;7;576
28;2025-12-08;8;980
28;2025-12-08;9;665
28;2025-12-08;10;474
28;2025-12-08;11;417
28;2025-12-08;12;531
28;2025-12-08;13;562
28;2025-12-08;14;533
28;2025-12-08;15;542
28;2025-12-08;16;689
28;2025-12-08;17;745
28;2025-12-08;18;750
28;2025-12-08;19;577
28;2025-12-08;20;404
28;2025-12-08;21;240
28;2025-12-08;22;102
28;2025-12-08;23;19
28;2025-12-09;0;1
28;2025-12-09;1;0
28;2025-12-09;2;0
28;2025-12-09;3;0
28;2025-12-09;4;4
28;2025-12-09;5;56
28;2025-12-09;6;185
28;2025-12-09;7;557
28;2025-12-09;8;957
28;2025-12-09;9;624
28;2025-12-09;10;484
28;2025-12-09;11;438
28;2025-12-09;12;519
28;2025-12-09;13;544
28;2025-12-09;14;505
28;2025-12-09;15;519
28;2025-12-09;16;627
28;2025-12-09;17;728
28;2025-12-09;18;717
28;2025-12-09;19;546
28;2025-12-09;20;403
28;2025-12-09;21;238
28;2025-12-09;22;111
28;2025-12-09;23;26
28;2025-12-10;0;2
28;2025-12-10;1;0
28;2025-12-10;2;0
28;2025-12-10;3;0
28;2025-12-10;4;0
28;2025-12-10;5;4
28;2025-12-10;6;139
28;2025-12-10;7;476
28;2025-12-10;8;842
28;2025-12-10;9;503
28;2025-12-10;10;402
28;2025-12-10;11;372
28;2025-12-10;12;432
28;2025-12-10;13;471
28;2025-12-10;14;445
28;2025-12-10;15;468
28;2025-12-10;16;561
28;2025-12-10;17;648
28;2025-12-10;18;651
28;2025-12-10;19;461
28;2025-12-10;20;343
28;2025-12-10;21;192
28;2025-12-10;22;63
28;2025-12-10;23;0
28;2025-12-11;0;0
28;2025-12-11;1;0
28;2025-12-11;2;0
28;2025-12-11;3;0
28;2025-12-11;4;0
28;2025-12-11;5;15
28;2025-12-11;6;144
28;2025-12-11;7;503
28;2025-12-11;8;863
28;2025-12-11;9;544
28;2025-12-11;10;439
28;2025-12-11;11;375
28;2025-12-11;12;468
28;2025-12-11;13;501
28;2025-12-11;14;466
28;2025-12-11;15;458
28;2025-12-11;16;575
28;2025-12-11;17;682
28;2025-12-11;18;705
28;2025-12-11;19;470
28;2025-12-11;20;337
28;2025-12-11;21;220
28;2025-12-11;22;62
28;2025-12-11;23;6
28;2025-12-12;0;0
28;2025-12-12;1;0
28;2025-12-12;2;0
28;2025-12-12;3;0
28;2025-12-12;4;0
28;2025-12-12;5;18
28;2025-12-12;6;126
28;2025-12-12;7;488
28;2025-12-12;8;770
28;2025-12-12;9;481
28;2025-12-12;10;380
28;2025-12-12;11;345
28;2025-12-12;12;430
28;2025-12-12;13;474
28;2025-12-12;14;455
28;2025-12-12;15;483
28;2025-12-12;16;636
28;2025-12-12;17;624
28;2025-12-12;18;565
28;2025-12-12;19;427
28;2025-12-12;20;327
28;2025-12-12;21;203
28;2025-12-12;22;84
28;2025-12-12;23;10
28;2025-12-13;0;0
28;2025-12-13;1;1
28;2025-12-13;2;0
28;2025-12-13;3;0
28;2025-12-13;4;0
28;2025-12-13;5;0
28;2025-12-13;6;24
28;2025-12-13;7;113
28;2025-12-13;8;218
28;2025-12-13;9;314
28;2025-12-13;10;332
28;2025-12-13;11;331
28;2025-12-13;12;392
28;2025-12-13;13;413
28;2025-12-13;14;414
28;2025-12-13;15;400
28;2025-12-13;16;373
28;2025-12-13;17;377
28;2025-12-13;18;337
28;2025-12-13;19;289
28;2025-12-13;20;204
28;2025-12-13;21;176
28;2025-12-13;22;66
28;2025-12-13;23;9
28;2025-12-14;0;3
28;2025-12-14;1;3
28;2025-12-14;2;1
28;2025-12-14;3;0
28;2025-12-14;4;1
28;2025-12-14;5;0
28;2025-12-14;6;0
28;2025-12-14;7;44
28;2025-12-14;8;111
28;2025-12-14;9;194
28;2025-12-14;10;227
28;2025-12-14;11;253
28;2025-12-14;12;324
28;2025-12-14;13;362
28;2025-12-14;14;369
28;2025-12-14;15;367
28;2025-12-14;16;325
28;2025-12-14;17;315
28;2025-12-14;18;274
28;2025-12-14;19;228
28;2025-12-14;20;171
28;2025-12-14;21;131
28;2025-12-14;22;28
28;2025-12-14;23;0
28;2025-12-15;0;0
28;2025-12-15;1;2
28;2025-12-15;2;0
28;2025-12-15;3;0
28;2025-12-15;4;0
28;2025-12-15;5;0
28;2025-12-15;6;134
28;2025-12-15;7;455
28;2025-12-15;8;818
28;2025-12-15;9;533
28;2025-12-15;10;379
28;2025-12-15;11;331
28;2025-12-15;12;435
28;2025-12-15;13;455
28;2025-12-15;14;439
28;2025-12-15;15;450
28;2025-12-15;16;561
28;2025-12-15;17;611
28;2025-12-15;18;624
28;2025-12-15;19;464
28;2025-12-15;20;334
28;2025-12-15;21;177
28;2025-12-15;22;38
28;2025-12-15;23;0
28;2025-12-16;0;0
28;2025-12-16;1;0
28;2025-12-16;2;0
28;2025-12-16;3;0
28;2025-12-16;4;0
28;2025-12-16;5;0
28;2025-12-16;6;128
28;2025-12-16;7;464
28;2025-12-16;8;827
28;2025-12-16;9;522
28;2025-12-16;10;416
28;2025-12-16;11;374
28;2025-12-16;12;434
28;2025-12-16;13;464
28;2025-12-16;14;445
28;2025-12-16;15;459
28;2025-12-16;16;542
28;2025-12-16;17;639
28;2025-12-16;18;634
28;2025-12-16;19;480
28;2025-12-16;20;356
28;2025-12-16;21;183
28;2025-12-16;22;51
28;2025-12-16;23;0
28;2025-12-17;0;1
28;2025-12-17;1;0
28;2025-12-17;2;0
28;2025-12-17;3;0
28;2025-12-17;4;0
28;2025-12-17;5;1
28;2025-12-17;6;139
28;2025-12-17;7;462
28;2025-12-17;8;830
28;2025-12-17;9;490
28;2025-12-17;10;396
28;2025-12-17;11;368
28;2025-12-17;12;432
28;2025-12-17;13;472
28;2025-12-17;14;450
28;2025-12-17;15;472
28;2025-12-17;16;558
28;2025-12-17;17;642
28;2025-12-17;18;639
28;2025-12-17;19;456
28;2025-12-17;20;349
28;2025-12-17;21;192
28;2025-12-17;22;65
28;2025-12-17;23;0
28;2025-12-18;0;0
28;2025-12-18;1;0
28;2025-12-18;2;0
28;2025-12-18;3;0
28;2025-12-18;4;0
28;2025-12-18;5;5
28;2025-12-18;6;131
28;2025-12-18;7;482
28;2025-12-18;8;825
28;2025-12-18;9;507
28;2025-12-18;10;415
28;2025-12-18;11;362
28;2025-12-18;12;448
28;2025-12-18;13;474
28;2025-12-18;14;437
28;2025-12-18;15;436
28;2025-12-18;16;566
28;2025-12-18;17;664
28;2025-12-18;18;686
28;2025-12-18;19;459
28;2025-12-18;20;326
28;2025-12-18;21;210
28;2025-12-18;22;55
28;2025-12-18;23;0
28;2025-12-19;0;0
28;2025-12-19;1;0
28;2025-12-19;2;0
28;2025-12-19;3;0
28;2025-12-19;4;0
28;2025-12-19;5;9
28;2025-12-19;6;126
28;2025-12-19;7;467
28;2025-12-19;8;750
28;2025-12-19;9;482
28;2025-12-19;10;371
28;2025-12-19;11;346
28;2025-12-19;12;429
28;2025-12-19;13;471
28;2025-12-19;14;446
28;2025-12-19;15;468
28;2025-12-19;16;615
28;2025-12-19;17;600
28;2025-12-19;18;538
28;2025-12-19;19;398
28;2025-12-19;20;313
28;2025-12-19;21;181
28;2025-12-19;22;61
28;2025-12-19;23;0
28;2025-12-20;0;0
28;2025-12-20;1;0
28;2025-12-20;2;0
28;2025-12-20;3;0
28;2025-12-20;4;0
28;2025-12-20;5;0
28;2025-12-20;6;7
28;2025-12-20;7;88
28;2025-12-20;8;181
28;2025-12-20;9;283
28;2025-12-20;10;304
28;2025-12-20;11;307
28;2025-12-20;12;359
28;2025-12-20;13;378
28;2025-12-20;14;385
28;2025-12-20;15;377
28;2025-12-20;16;347
28;2025-12-20;17;350
28;2025-12-20;18;314
28;2025-12-20;19;264
28;2025-12-20;20;190
28;2025-12-20;21;162
28;2025-12-20;22;48
28;2025-12-20;23;0
28;2025-12-21;0;1
28;2025-12-21;1;0
28;2025-12-21;2;0
28;2025-12-21;3;0
28;2025-12-21;4;0
28;2025-12-21;5;0
28;2025-12-21;6;0
28;2025-12-21;7;53
28;2025-12-21;8;112
28;2025-12-21;9;181
28;2025-12-21;10;213
28;2025-12-21;11;252
28;2025-12-21;12;305
28;2025-12-21;13;342
28;2025-12-21;14;340
28;2025-12-21;15;346
28;2025-12-21;16;318
28;2025-12-21;17;312
28;2025-12-21;18;272
28;2025-12-21;19;227
28;2025-12-21;20;166
28;2025-12-21;21;129
28;2025-12-21;22;28
28;2025-12-21;23;0
28;2025-12-22;0;0
28;2025-12-22;1;0
28;2025-12-22;2;0
28;2025-12-22;3;0
28;2025-12-22;4;0
28;2025-12-22;5;7
28;2025-12-22;6;133
28;2025-12-22;7;458
28;2025-12-22;8;834
28;2025-12-22;9;530
28;2025-12-22;10;390
28;2025-12-22;11;330
28;2025-12-22;12;446
28;2025-12-22;13;472
28;2025-12-22;14;449
28;2025-12-22;15;465
28;2025-12-22;16;581
28;2025-12-22;17;639
28;2025-12-22;18;647
28;2025-12-22;19;477
28;2025-12-22;20;354
28;2025-12-22;21;193
28;2025-12-22;22;51
28;2025-12-22;23;6
28;2025-12-23;0;0
28;2025-12-23;1;0
28;2025-12-23;2;1
28;2025-12-23;3;0
28;2025-12-23;4;0
28;2025-12-23;5;10
28;2025-12-23;6;157
28;2025-12-23;7;480
28;2025-12-23;8;859
28;2025-12-23;9;532
28;2025-12-23;10;428
28;2025-12-23;11;387
28;2025-12-23;12;442
28;2025-12-23;13;477
28;2025-12-23;14;450
28;2025-12-23;15;461
28;2025-12-23;16;551
28;2025-12-23;17;634
28;2025-12-23;18;623
28;2025-12-23;19;456
28;2025-12-23;20;337
28;2025-12-23;21;180
28;2025-12-23;22;51
28;2025-12-23;23;0
28;2025-12-24;0;0
28;2025-12-24;1;0
28;2025-12-24;2;0
28;2025-12-24;3;0
28;2025-12-24;4;0
28;2025-12-24;5;1
28;2025-12-24;6;131
28;2025-12-24;7;447
28;2025-12-24;8;804
28;2025-12-24;9;487
28;2025-12-24;10;398
28;2025-12-24;11;384
28;2025-12-24;12;448
28;2025-12-24;13;498
28;2025-12-24;14;457
28;2025-12-24;15;489
28;2025-12-24;16;566
28;2025-12-24;17;639
28;2025-12-24;18;641
28;2025-12-24;19;466
28;2025-12-24;20;354
28;2025-12-24;21;183
28;2025-12-24;22;57
28;2025-12-24;23;0
28;2025-12-25;0;0
28;2025-12-25;1;0
28;2025-12-25;2;0
28;2025-12-25;3;0
28;2025-12-25;4;0
28;2025-12-25;5;0
28;2025-12-25;6;111
28;2025-12-25;7;437
28;2025-12-25;8;796
28;2025-12-25;9;496
28;2025-12-25;10;404
28;2025-12-25;11;342
28;2025-12-25;12;447
28;2025-12-25;13;480
28;2025-12-25;14;451
28;2025-12-25;15;441
28;2025-12-25;16;560
28;2025-12-25;17;673
28;2025-12-25;18;693
28;2025-12-25;19;460
28;2025-12-25;20;332
28;2025-12-25;21;221
28;2025-12-25;22;70
28;2025-12-25;23;9
28;2025-12-26;0;0
28;2025-12-26;1;2
28;2025-12-26;2;0
28;2025-12-26;3;0
28;2025-12-26;4;0
28;2025-12-26;5;8
28;2025-12-26;6;126
28;2025-12-26;7;457
28;2025-12-26;8;745
28;2025-12-26;9;490
28;2025-12-26;10;395
28;2025-12-26;11;360
28;2025-12-26;12;453
28;2025-12-26;13;484
28;2025-12-26;14;466
28;2025-12-26;15;483
28;2025-12-26;16;630
28;2025-12-26;17;606
28;2025-12-26;18;539
28;2025-12-26;19;421
28;2025-12-26;20;314
28;2025-12-26;21;197
28;2025-12-26;22;77
28;2025-12-26;23;9
28;2025-12-27;0;0
28;2025-12-27;1;0
28;2025-12-27;2;0
28;2025-12-27;3;0
28;2025-12-27;4;0
28;2025-12-27;5;0
28;2025-12-27;6;10
28;2025-12-27;7;88
28;2025-12-27;8;180
28;2025-12-27;9;279
28;2025-12-27;10;295
28;2025-12-27;11;293
28;2025-12-27;12;355
28;2025-12-27;13;373
28;2025-12-27;14;382
28;2025-12-27;15;376
28;2025-12-27;16;332
28;2025-12-27;17;334
28;2025-12-27;18;294
28;2025-12-27;19;249
28;2025-12-27;20;163
28;2025-12-27;21;151
28;2025-12-27;22;50
28;2025-12-27;23;0
28;2025-12-28;0;0
28;2025-12-28;1;0
28;2025-12-28;2;1
28;2025-12-28;3;0
28;2025-12-28;4;0
28;2025-12-28;5;0
28;2025-12-28;6;0
28;2025-12-28;7;33
28;2025-12-28;8;102
28;2025-12-28;9;180
28;2025-12-28;10;214
28;2025-12-28;11;245
28;2025-12-28;12;313
28;2025-12-28;13;339
28;2025-12-28;14;347
28;2025-12-28;15;349
28;2025-12-28;16;309
28;2025-12-28;17;299
28;2025-12-28;18;256
28;2025-12-28;19;204
28;2025-12-28;20;154
28;2025-12-28;21;124
28;2025-12-28;22;21
28;2025-12-28;23;0
28;2025-12-29;0;0
28;2025-12-29;1;0
28;2025-12-29;2;0
28;2025-12-29;3;0
28;2025-12-29;4;0
28;2025-12-29;5;0
28;2025-12-29;6;112
28;2025-12-29;7;399
28;2025-12-29;8;757
28;2025-12-29;9;492
28;2025-12-29;10;372
28;2025-12-29;11;308
28;2025-12-29;12;429
28;2025-12-29;13;439
28;2025-12-29;14;429
28;2025-12-29;15;446
28;2025-12-29;16;534
28;2025-12-29;17;578
28;2025-12-29;18;570
28;2025-12-29;19;437
28;2025-12-29;20;315
28;2025-12-29;21;171
28;2025-12-29;22;35
28;2025-12-29;23;0
28;2025-12-30;0;0
28;2025-12-30;1;0
28;2025-12-30;2;0
28;2025-12-30;3;0
28;2025-12-30;4;0
28;2025-12-30;5;0
28;2025-12-30;6;105
28;2025-12-30;7;390
28;2025-12-30;8;745
28;2025-12-30;9;466
28;2025-12-30;10;382
28;2025-12-30;11;337
28;2025-12-30;12;418
28;2025-12-30;13;440
28;2025-12-30;14;435
28;2025-12-30;15;446
28;2025-12-30;16;497
28;2025-12-30;17;572
28;2025-12-30;18;535
28;2025-12-30;19;425
28;2025-12-30;20;312
28;2025-12-30;21;166
28;2025-12-30;22;40
28;2025-12-30;23;0
28;2025-12-31;0;0
28;2025-12-31;1;0
28;2025-12-31;2;0
28;2025-12-31;3;0
28;2025-12-31;4;0
28;2025-12-31;5;0
28;2025-12-31;6;10
28;2025-12-31;7;20
28;2025-12-31;8;118
28;2025-12-31;9;79
28;2025-12-31;10;192
28;2025-12-31;11;183
28;2025-12-31;12;193
28;2025-12-31;13;208
28;2025-12-31;14;239
28;2025-12-31;15;228
28;2025-12-31;16;202
28;2025-12-31;17;223
28;2025-12-31;18;162
28;2025-12-31;19;150
28;2025-12-31;20;232
28;2025-12-31;21;124
28;2025-12-31;22;37
28;2025-12-31;23;0
50;2025-11-01;0;47
50;2025-11-01;1;3
50;2025-11-01;2;1
50;2025-11-01;3;0
50;2025-11-01;4;0
50;2025-11-01;5;12
50;2025-11-01;6;46
50;2025-11-01;7;151
50;2025-11-01;8;232
50;2025-11-01;9;123
50;2025-11-01;10;133
50;2025-11-01;11;179
50;2025-11-01;12;294
50;2025-11-01;13;364
50;2025-11-01;14;352
50;2025-11-01;15;281
50;2025-11-01;16;217
50;2025-11-01;17;239
50;2025-11-01;18;118
50;2025-11-01;19;105
50;2025-11-01;20;278
50;2025-11-01;21;191
50;2025-11-01;22;42
50;2025-11-01;23;51
50;2025-11-02;0;53
50;2025-11-02;1;9
50;2025-11-02;2;0
50;2025-11-02;3;0
50;2025-11-02;4;2
50;2025-11-02;5;31
50;2025-11-02;6;143
50;2025-11-02;7;200
50;2025-11-02;8;317
50;2025-11-02;9;411
50;2025-11-02;10;440
50;2025-11-02;11;569
50;2025-11-02;12;669
50;2025-11-02;13;702
50;2025-11-02;14;751
50;2025-11-02;15;691
50;2025-11-02;16;717
50;2025-11-02;17;677
50;2025-11-02;18;603
50;2025-11-02;19;502
50;2025-11-02;20;403
50;2025-11-02;21;323
50;2025-11-02;22;184
50;2025-11-02;23;111
50;2025-11-03;0;36
50;2025-11-03;1;6
50;2025-11-03;2;0
50;2025-11-03;3;0
50;2025-11-03;4;1
50;2025-11-03;5;45
50;2025-11-03;6;364
50;2025-11-03;7;523
50;2025-11-03;8;759
50;2025-11-03;9;626
50;2025-11-03;10;651
50;2025-11-03;11;668
50;2025-11-03;12;715
50;2025-11-03;13;717
50;2025-11-03;14;711
50;2025-11-03;15;700
50;2025-11-03;16;725
50;2025-11-03;17;839
50;2025-11-03;18;821
50;2025-11-03;19;689
50;2025-11-03;20;551
50;2025-11-03;21;424
50;2025-11-03;22;229
50;2025-11-03;23;138
50;2025-11-04;0;38
50;2025-11-04;1;0
50;2025-11-04;2;1
50;2025-11-04;3;0
50;2025-11-04;4;4
50;2025-11-04;5;45
50;2025-11-04;6;359
50;2025-11-04;7;483
50;2025-11-04;8;681
50;2025-11-04;9;617
50;2025-11-04;10;602
50;2025-11-04;11;632
50;2025-11-04;12;644
50;2025-11-04;13;689
50;2025-11-04;14;730
50;2025-11-04;15;755
50;2025-11-04;16;718
50;2025-11-04;17;799
50;2025-11-04;18;777
50;2025-11-04;19;659
50;2025-11-04;20;539
50;2025-11-04;21;415
50;2025-11-04;22;219
50;2025-11-04;23;140
50;2025-11-05;0;37
50;2025-11-05;1;3
50;2025-11-05;2;0
50;2025-11-05;3;0
50;2025-11-05;4;1
50;2025-11-05;5;75
50;2025-11-05;6;528
50;2025-11-05;7;1697
50;2025-11-05;8;2676
50;2025-11-05;9;2117
50;2025-11-05;10;1595
50;2025-11-05;11;1500
50;2025-11-05;12;1442
50;2025-11-05;13;1438
50;2025-11-05;14;1394
50;2025-11-05;15;1569
50;2025-11-05;16;1691
50;2025-11-05;17;2344
50;2025-11-05;18;2413
50;2025-11-05;19;1433
50;2025-11-05;20;849
50;2025-11-05;21;553
50;2025-11-05;22;273
50;2025-11-05;23;142
50;2025-11-06;0;40
50;2025-11-06;1;2
50;2025-11-06;2;0
50;2025-11-06;3;0
50;2025-11-06;4;0
50;2025-11-06;5;74
50;2025-11-06;6;539
50;2025-11-06;7;1747
50;2025-11-06;8;2630
50;2025-11-06;9;2092
50;2025-11-06;10;1578
50;2025-11-06;11;1496
50;2025-11-06;12;1437
50;2025-11-06;13;1409
50;2025-11-06;14;1370
50;2025-11-06;15;1549
50;2025-11-06;16;1684
50;2025-11-06;17;2324
50;2025-11-06;18;2465
50;2025-11-06;19;1418
50;2025-11-06;20;889
50;2025-11-06;21;642
50;2025-11-06;22;271
50;2025-11-06;23;148
50;2025-11-07;0;44
50;2025-11-07;1;3
50;2025-11-07;2;0
50;2025-11-07;3;0
50;2025-11-07;4;2
50;2025-11-07;5;70
50;2025-11-07;6;533
50;2025-11-07;7;1691
50;2025-11-07;8;2625
50;2025-11-07;9;1999
50;2025-11-07;10;1500
50;2025-11-07;11;1495
50;2025-11-07;12;1477
50;2025-11-07;13;1454
50;2025-11-07;14;1426
50;2025-11-07;15;1713
50;2025-11-07;16;2044
50;2025-11-07;17;2171
50;2025-11-07;18;1750
50;2025-11-07;19;1187
50;2025-11-07;20;778
50;2025-11-07;21;542
50;2025-11-07;22;280
50;2025-11-07;23;153
50;2025-11-08;0;48
50;2025-11-08;1;0
50;2025-11-08;2;0
50;2025-11-08;3;0
50;2025-11-08;4;2
50;2025-11-08;5;26
50;2025-11-08;6;141
50;2025-11-08;7;308
50;2025-11-08;8;488
50;2025-11-08;9;517
50;2025-11-08;10;512
50;2025-11-08;11;626
50;2025-11-08;12;666
50;2025-11-08;13;705
50;2025-11-08;14;716
50;2025-11-08;15;682
50;2025-11-08;16;659
50;2025-11-08;17;658
50;2025-11-08;18;571
50;2025-11-08;19;516
50;2025-11-08;20;401
50;2025-11-08;21;310
50;2025-11-08;22;170
50;2025-11-08;23;115
50;2025-11-09;0;36
50;2025-11-09;1;0
50;2025-11-09;2;0
50;2025-11-09;3;0
50;2025-11-09;4;0
50;2025-11-09;5;15
50;2025-11-09;6;119
50;2025-11-09;7;172
50;2025-11-09;8;288
50;2025-11-09;9;381
50;2025-11-09;10;411
50;2025-11-09;11;515
50;2025-11-09;12;571
50;2025-11-09;13;612
50;2025-11-09;14;668
50;2025-11-09;15;594
50;2025-11-09;16;613
50;2025-11-09;17;615
50;2025-11-09;18;546
50;2025-11-09;19;490
50;2025-11-09;20;380
50;2025-11-09;21;308
50;2025-11-09;22;182
50;2025-11-09;23;103
50;2025-11-10;0;36
50;2025-11-10;1;8
50;2025-11-10;2;0
50;2025-11-10;3;0
50;2025-11-10;4;3
50;2025-11-10;5;73
50;2025-11-10;6;538
50;2025-11-10;7;1730
50;2025-11-10;8;2690
50;2025-11-10;9;2105
50;2025-11-10;10;1570
50;2025-11-10;11;1474
50;2025-11-10;12;1384
50;2025-11-10;13;1414
50;2025-11-10;14;1375
50;2025-11-10;15;1581
50;2025-11-10;16;1632
50;2025-11-10;17;2301
50;2025-11-10;18;2513
50;2025-11-10;19;1443
50;2025-11-10;20;872
50;2025-11-10;21;581
50;2025-11-10;22;246
50;2025-11-10;23;130
50;2025-11-11;0;39
50;2025-11-11;1;3
50;2025-11-11;2;0
50;2025-11-11;3;0
50;2025-11-11;4;1
50;2025-11-11;5;70
50;2025-11-11;6;575
50;2025-11-11;7;1826
50;2025-11-11;8;2846
50;2025-11-11;9;2180
50;2025-11-11;10;1640
50;2025-11-11;11;1533
50;2025-11-11;12;1460
50;2025-11-11;13;1459
50;2025-11-11;14;1401
50;2025-11-11;15;1600
50;2025-11-11;16;1650
50;2025-11-11;17;2418
50;2025-11-11;18;2580
50;2025-11-11;19;1484
50;2025-11-11;20;909
50;2025-11-11;21;611
50;2025-11-11;22;259
50;2025-11-11;23;144
50;2025-11-12;0;37
50;2025-11-12;1;3
50;2025-11-12;2;0
50;2025-11-12;3;0
50;2025-11-12;4;1
50;2025-11-12;5;73
50;2025-11-12;6;543
50;2025-11-12;7;1743
50;2025-11-12;8;2755
50;2025-11-12;9;2164
50;2025-11-12;10;1647
50;2025-11-12;11;1529
50;2025-11-12;12;1473
50;2025-11-12;13;1465
50;2025-11-12;14;1422
50;2025-11-12;15;1570
50;2025-11-12;16;1705
50;2025-11-12;17;2378
50;2025-11-12;18;2463
50;2025-11-12;19;1464
50;2025-11-12;20;871
50;2025-11-12;21;606
50;2025-11-12;22;277
50;2025-11-12;23;140
50;2025-11-13;0;39
50;2025-11-13;1;2
50;2025-11-13;2;0
50;2025-11-13;3;0
50;2025-11-13;4;0
50;2025-11-13;5;74
50;2025-11-13;6;544
50;2025-11-13;7;1780
50;2025-11-13;8;2721
50;2025-11-13;9;2141
50;2025-11-13;10;1613
50;2025-11-13;11;1540
50;2025-11-13;12;1450
50;2025-11-13;13;1431
50;2025-11-13;14;1391
50;2025-11-13;15;1585
50;2025-11-13;16;1721
50;2025-11-13;17;2386
50;2025-11-13;18;2544
50;2025-11-13;19;1458
50;2025-11-13;20;926
50;2025-11-13;21;644
50;2025-11-13;22;278
50;2025-11-13;23;148
50;2025-11-14;0;45
50;2025-11-14;1;2
50;2025-11-14;2;0
50;2025-11-14;3;0
50;2025-11-14;4;0
50;2025-11-14;5;75
50;2025-11-14;6;553
50;2025-11-14;7;1731
50;2025-11-14;8;2700
50;2025-11-14;9;2064
50;2025-11-14;10;1544
50;2025-11-14;11;1559
50;2025-11-14;12;1529
50;2025-11-14;13;1480
50;2025-11-14;14;1450
50;2025-11-14;15;1723
50;2025-11-14;16;2097
50;2025-11-14;17;2234
50;2025-11-14;18;1799
50;2025-11-14;19;1218
50;2025-11-14;20;806
50;2025-11-14;21;557
50;2025-11-14;22;287
50;2025-11-14;23;154
50;2025-11-15;0;53
50;2025-11-15;1;1
50;2025-11-15;2;0
50;2025-11-15;3;1
50;2025-11-15;4;0
50;2025-11-15;5;33
50;2025-11-15;6;164
50;2025-11-15;7;340
50;2025-11-15;8;517
50;2025-11-15;9;588
50;2025-11-15;10;583
50;2025-11-15;11;710
50;2025-11-15;12;751
50;2025-11-15;13;804
50;2025-11-15;14;818
50;2025-11-15;15;796
50;2025-11-15;16;762
50;2025-11-15;17;757
50;2025-11-15;18;678
50;2025-11-15;19;619
50;2025-11-15;20;449
50;2025-11-15;21;353
50;2025-11-15;22;200
50;2025-11-15;23;136
50;2025-11-16;0;48
50;2025-11-16;1;3
50;2025-11-16;2;1
50;2025-11-16;3;1
50;2025-11-16;4;1
50;2025-11-16;5;23
50;2025-11-16;6;130
50;2025-11-16;7;209
50;2025-11-16;8;322
50;2025-11-16;9;431
50;2025-11-16;10;471
50;2025-11-16;11;624
50;2025-11-16;12;693
50;2025-11-16;13;742
50;2025-11-16;14;761
50;2025-11-16;15;696
50;2025-11-16;16;696
50;2025-11-16;17;683
50;2025-11-16;18;605
50;2025-11-16;19;512
50;2025-11-16;20;395
50;2025-11-16;21;324
50;2025-11-16;22;177
50;2025-11-16;23;102
50;2025-11-17;0;29
50;2025-11-17;1;1
50;2025-11-17;2;0
50;2025-11-17;3;0
50;2025-11-17;4;2
50;2025-11-17;5;66
50;2025-11-17;6;536
50;2025-11-17;7;1759
50;2025-11-17;8;2779
50;2025-11-17;9;2186
50;2025-11-17;10;1579
50;2025-11-17;11;1489
50;2025-11-17;12;1380
50;2025-11-17;13;1378
50;2025-11-17;14;1374
50;2025-11-17;15;1587
50;2025-11-17;16;1643
50;2025-11-17;17;2370
50;2025-11-17;18;2591
50;2025-11-17;19;1458
50;2025-11-17;20;868
50;2025-11-17;21;582
50;2025-11-17;22;244
50;2025-11-17;23;127
50;2025-11-18;0;35
50;2025-11-18;1;2
50;2025-11-18;2;1
50;2025-11-18;3;1
50;2025-11-18;4;0
50;2025-11-18;5;72
50;2025-11-18;6;573
50;2025-11-18;7;1857
50;2025-11-18;8;2882
50;2025-11-18;9;2235
50;2025-11-18;10;1621
50;2025-11-18;11;1539
50;2025-11-18;12;1464
50;2025-11-18;13;1451
50;2025-11-18;14;1408
50;2025-11-18;15;1601
50;2025-11-18;16;1645
50;2025-11-18;17;2442
50;2025-11-18;18;2624
50;2025-11-18;19;1496
50;2025-11-18;20;909
50;2025-11-18;21;602
50;2025-11-18;22;256
50;2025-11-18;23;135
50;2025-11-19;0;32
50;2025-11-19;1;3
50;2025-11-19;2;0
50;2025-11-19;3;0
50;2025-11-19;4;0
50;2025-11-19;5;72
50;2025-11-19;6;551
50;2025-11-19;7;1775
50;2025-11-19;8;2760
50;2025-11-19;9;2171
50;2025-11-19;10;1655
50;2025-11-19;11;1558
50;2025-11-19;12;1505
50;2025-11-19;13;1487
50;2025-11-19;14;1434
50;2025-11-19;15;1600
50;2025-11-19;16;1719
50;2025-11-19;17;2393
50;2025-11-19;18;2482
50;2025-11-19;19;1477
50;2025-11-19;20;882
50;2025-11-19;21;610
50;2025-11-19;22;276
50;2025-11-19;23;138
50;2025-11-20;0;40
50;2025-11-20;1;0
50;2025-11-20;2;0
50;2025-11-20;3;0
50;2025-11-20;4;1
50;2025-11-20;5;73
50;2025-11-20;6;553
50;2025-11-20;7;1795
50;2025-11-20;8;2686
50;2025-11-20;9;2149
50;2025-11-20;10;1622
50;2025-11-20;11;1557
50;2025-11-20;12;1472
50;2025-11-20;13;1447
50;2025-11-20;14;1391
50;2025-11-20;15;1593
50;2025-11-20;16;1709
50;2025-11-20;17;2386
50;2025-11-20;18;2552
50;2025-11-20;19;1460
50;2025-11-20;20;926
50;2025-11-20;21;630
50;2025-11-20;22;272
50;2025-11-20;23;141
50;2025-11-21;0;42
50;2025-11-21;1;0
50;2025-11-21;2;0
50;2025-11-21;3;0
50;2025-11-21;4;3
50;2025-11-21;5;69
50;2025-11-21;6;537
50;2025-11-21;7;1749
50;2025-11-21;8;2677
50;2025-11-21;9;2052
50;2025-11-21;10;1546
50;2025-11-21;11;1554
50;2025-11-21;12;1510
50;2025-11-21;13;1480
50;2025-11-21;14;1435
50;2025-11-21;15;1723
50;2025-11-21;16;2061
50;2025-11-21;17;2221
50;2025-11-21;18;1796
50;2025-11-21;19;1202
50;2025-11-21;20;779
50;2025-11-21;21;546
50;2025-11-21;22;288
50;2025-11-21;23;150
50;2025-11-22;0;56
50;2025-11-22;1;2
50;2025-11-22;2;0
50;2025-11-22;3;0
50;2025-11-22;4;0
50;2025-11-22;5;33
50;2025-11-22;6;164
50;2025-11-22;7;342
50;2025-11-22;8;518
50;2025-11-22;9;602
50;2025-11-22;10;599
50;2025-11-22;11;714
50;2025-11-22;12;749
50;2025-11-22;13;798
50;2025-11-22;14;800
50;2025-11-22;15;762
50;2025-11-22;16;729
50;2025-11-22;17;736
50;2025-11-22;18;657
50;2025-11-22;19;593
50;2025-11-22;20;435
50;2025-11-22;21;348
50;2025-11-22;22;191
50;2025-11-22;23;135
50;2025-11-23;0;48
50;2025-11-23;1;4
50;2025-11-23;2;0
50;2025-11-23;3;0
50;2025-11-23;4;0
50;2025-11-23;5;24
50;2025-11-23;6;134
50;2025-11-23;7;198
50;2025-11-23;8;319
50;2025-11-23;9;425
50;2025-11-23;10;465
50;2025-11-23;11;606
50;2025-11-23;12;687
50;2025-11-23;13;742
50;2025-11-23;14;766
50;2025-11-23;15;709
50;2025-11-23;16;722
50;2025-11-23;17;688
50;2025-11-23;18;610
50;2025-11-23;19;516
50;2025-11-23;20;392
50;2025-11-23;21;321
50;2025-11-23;22;171
50;2025-11-23;23;100
50;2025-11-24;0;29
50;2025-11-24;1;4
50;2025-11-24;2;0
50;2025-11-24;3;0
50;2025-11-24;4;1
50;2025-11-24;5;72
50;2025-11-24;6;527
50;2025-11-24;7;1745
50;2025-11-24;8;2711
50;2025-11-24;9;2165
50;2025-11-24;10;1576
50;2025-11-24;11;1437
50;2025-11-24;12;1391
50;2025-11-24;13;1420
50;2025-11-24;14;1381
50;2025-11-24;15;1554
50;2025-11-24;16;1629
50;2025-11-24;17;2307
50;2025-11-24;18;2520
50;2025-11-24;19;1442
50;2025-11-24;20;874
50;2025-11-24;21;583
50;2025-11-24;22;241
50;2025-11-24;23;124
50;2025-11-25;0;32
50;2025-11-25;1;0
50;2025-11-25;2;0
50;2025-11-25;3;0
50;2025-11-25;4;0
50;2025-11-25;5;65
50;2025-11-25;6;566
50;2025-11-25;7;1841
50;2025-11-25;8;2768
50;2025-11-25;9;2174
50;2025-11-25;10;1635
50;2025-11-25;11;1535
50;2025-11-25;12;1468
50;2025-11-25;13;1455
50;2025-11-25;14;1395
50;2025-11-25;15;1576
50;2025-11-25;16;1624
50;2025-11-25;17;2392
50;2025-11-25;18;2556
50;2025-11-25;19;1469
50;2025-11-25;20;899
50;2025-11-25;21;589
50;2025-11-25;22;256
50;2025-11-25;23;139
50;2025-11-26;0;39
50;2025-11-26;1;1
50;2025-11-26;2;0
50;2025-11-26;3;0
50;2025-11-26;4;3
50;2025-11-26;5;74
50;2025-11-26;6;539
50;2025-11-26;7;1729
50;2025-11-26;8;2628
50;2025-11-26;9;2143
50;2025-11-26;10;1630
50;2025-11-26;11;1503
50;2025-11-26;12;1458
50;2025-11-26;13;1447
50;2025-11-26;14;1405
50;2025-11-26;15;1543
50;2025-11-26;16;1661
50;2025-11-26;17;2338
50;2025-11-26;18;2399
50;2025-11-26;19;1461
50;2025-11-26;20;877
50;2025-11-26;21;600
50;2025-11-26;22;278
50;2025-11-26;23;144
50;2025-11-27;0;41
50;2025-11-27;1;3
50;2025-11-27;2;0
50;2025-11-27;3;1
50;2025-11-27;4;0
50;2025-11-27;5;71
50;2025-11-27;6;534
50;2025-11-27;7;1750
50;2025-11-27;8;2558
50;2025-11-27;9;2102
50;2025-11-27;10;1585
50;2025-11-27;11;1501
50;2025-11-27;12;1447
50;2025-11-27;13;1423
50;2025-11-27;14;1373
50;2025-11-27;15;1550
50;2025-11-27;16;1678
50;2025-11-27;17;2327
50;2025-11-27;18;2456
50;2025-11-27;19;1452
50;2025-11-27;20;919
50;2025-11-27;21;623
50;2025-11-27;22;278
50;2025-11-27;23;148
50;2025-11-28;0;48
50;2025-11-28;1;5
50;2025-11-28;2;0
50;2025-11-28;3;0
50;2025-11-28;4;4
50;2025-11-28;5;72
50;2025-11-28;6;522
50;2025-11-28;7;1678
50;2025-11-28;8;2526
50;2025-11-28;9;1995
50;2025-11-28;10;1506
50;2025-11-28;11;1518
50;2025-11-28;12;1485
50;2025-11-28;13;1468
50;2025-11-28;14;1425
50;2025-11-28;15;1675
50;2025-11-28;16;2008
50;2025-11-28;17;2162
50;2025-11-28;18;1768
50;2025-11-28;19;1212
50;2025-11-28;20;779
50;2025-11-28;21;536
50;2025-11-28;22;284
50;2025-11-28;23;151
50;2025-11-29;0;54
50;2025-11-29;1;0
50;2025-11-29;2;0
50;2025-11-29;3;0
50;2025-11-29;4;0
50;2025-11-29;5;27
50;2025-11-29;6;142
50;2025-11-29;7;315
50;2025-11-29;8;462
50;2025-11-29;9;554
50;2025-11-29;10;553
50;2025-11-29;11;697
50;2025-11-29;12;733
50;2025-11-29;13;773
50;2025-11-29;14;766
50;2025-11-29;15;744
50;2025-11-29;16;722
50;2025-11-29;17;708
50;2025-11-29;18;642
50;2025-11-29;19;557
50;2025-11-29;20;399
50;2025-11-29;21;324
50;2025-11-29;22;167
50;2025-11-29;23;119
50;2025-11-30;0;47
50;2025-11-30;1;3
50;2025-11-30;2;0
50;2025-11-30;3;0
50;2025-11-30;4;0
50;2025-11-30;5;23
50;2025-11-30;6;119
50;2025-11-30;7;176
50;2025-11-30;8;286
50;2025-11-30;9;392
50;2025-11-30;10;418
50;2025-11-30;11;539
50;2025-11-30;12;611
50;2025-11-30;13;679
50;2025-11-30;14;698
50;2025-11-30;15;625
50;2025-11-30;16;651
50;2025-11-30;17;632
50;2025-11-30;18;539
50;2025-11-30;19;444
50;2025-11-30;20;366
50;2025-11-30;21;308
50;2025-11-30;22;160
50;2025-11-30;23;95
50;2025-12-01;0;31
50;2025-12-01;1;5
50;2025-12-01;2;0
50;2025-12-01;3;0
50;2025-12-01;4;1
50;2025-12-01;5;58
50;2025-12-01;6;429
50;2025-12-01;7;1516
50;2025-12-01;8;2314
50;2025-12-01;9;1840
50;2025-12-01;10;1372
50;2025-12-01;11;1332
50;2025-12-01;12;1282
50;2025-12-01;13;1309
50;2025-12-01;14;1265
50;2025-12-01;15;1408
50;2025-12-01;16;1462
50;2025-12-01;17;2009
50;2025-12-01;18;2168
50;2025-12-01;19;1306
50;2025-12-01;20;732
50;2025-12-01;21;461
50;2025-12-01;22;212
50;2025-12-01;23;115
50;2025-12-02;0;34
50;2025-12-02;1;2
50;2025-12-02;2;0
50;2025-12-02;3;0
50;2025-12-02;4;0
50;2025-12-02;5;59
50;2025-12-02;6;456
50;2025-12-02;7;1606
50;2025-12-02;8;2411
50;2025-12-02;9;1864
50;2025-12-02;10;1432
50;2025-12-02;11;1372
50;2025-12-02;12;1338
50;2025-12-02;13;1326
50;2025-12-02;14;1279
50;2025-12-02;15;1406
50;2025-12-02;16;1455
50;2025-12-02;17;2080
50;2025-12-02;18;2217
50;2025-12-02;19;1319
50;2025-12-02;20;759
50;2025-12-02;21;491
50;2025-12-02;22;223
50;2025-12-02;23;124
50;2025-12-03;0;35
50;2025-12-03;1;4
50;2025-12-03;2;0
50;2025-12-03;3;0
50;2025-12-03;4;1
50;2025-12-03;5;59
50;2025-12-03;6;446
50;2025-12-03;7;1532
50;2025-12-03;8;2308
50;2025-12-03;9;1872
50;2025-12-03;10;1451
50;2025-12-03;11;1382
50;2025-12-03;12;1368
50;2025-12-03;13;1358
50;2025-12-03;14;1313
50;2025-12-03;15;1415
50;2025-12-03;16;1510
50;2025-12-03;17;2052
50;2025-12-03;18;2105
50;2025-12-03;19;1324
50;2025-12-03;20;743
50;2025-12-03;21;496
50;2025-12-03;22;244
50;2025-12-03;23;127
50;2025-12-04;0;38
50;2025-12-04;1;4
50;2025-12-04;2;0
50;2025-12-04;3;0
50;2025-12-04;4;1
50;2025-12-04;5;61
50;2025-12-04;6;449
50;2025-12-04;7;1568
50;2025-12-04;8;2270
50;2025-12-04;9;1865
50;2025-12-04;10;1418
50;2025-12-04;11;1389
50;2025-12-04;12;1349
50;2025-12-04;13;1333
50;2025-12-04;14;1281
50;2025-12-04;15;1417
50;2025-12-04;16;1526
50;2025-12-04;17;2073
50;2025-12-04;18;2193
50;2025-12-04;19;1324
50;2025-12-04;20;785
50;2025-12-04;21;520
50;2025-12-04;22;244
50;2025-12-04;23;131
50;2025-12-05;0;46
50;2025-12-05;1;3
50;2025-12-05;2;0
50;2025-12-05;3;0
50;2025-12-05;4;4
50;2025-12-05;5;60
50;2025-12-05;6;443
50;2025-12-05;7;1524
50;2025-12-05;8;2276
50;2025-12-05;9;1774
50;2025-12-05;10;1384
50;2025-12-05;11;1406
50;2025-12-05;12;1378
50;2025-12-05;13;1361
50;2025-12-05;14;1332
50;2025-12-05;15;1528
50;2025-12-05;16;1811
50;2025-12-05;17;1960
50;2025-12-05;18;1606
50;2025-12-05;19;1106
50;2025-12-05;20;673
50;2025-12-05;21;457
50;2025-12-05;22;253
50;2025-12-05;23;136
50;2025-12-06;0;56
50;2025-12-06;1;7
50;2025-12-06;2;0
50;2025-12-06;3;0
50;2025-12-06;4;2
50;2025-12-06;5;33
50;2025-12-06;6;144
50;2025-12-06;7;306
50;2025-12-06;8;436
50;2025-12-06;9;510
50;2025-12-06;10;509
50;2025-12-06;11;633
50;2025-12-06;12;674
50;2025-12-06;13;716
50;2025-12-06;14;712
50;2025-12-06;15;685
50;2025-12-06;16;659
50;2025-12-06;17;650
50;2025-12-06;18;584
50;2025-12-06;19;515
50;2025-12-06;20;390
50;2025-12-06;21;318
50;2025-12-06;22;162
50;2025-12-06;23;124
50;2025-12-07;0;48
50;2025-12-07;1;8
50;2025-12-07;2;1
50;2025-12-07;3;0
50;2025-12-07;4;1
50;2025-12-07;5;25
50;2025-12-07;6;113
50;2025-12-07;7;165
50;2025-12-07;8;265
50;2025-12-07;9;362
50;2025-12-07;10;388
50;2025-12-07;11;508
50;2025-12-07;12;573
50;2025-12-07;13;636
50;2025-12-07;14;663
50;2025-12-07;15;600
50;2025-12-07;16;624
50;2025-12-07;17;598
50;2025-12-07;18;514
50;2025-12-07;19;433
50;2025-12-07;20;363
50;2025-12-07;21;305
50;2025-12-07;22;158
50;2025-12-07;23;98
50;2025-12-08;0;32
50;2025-12-08;1;7
50;2025-12-08;2;0
50;2025-12-08;3;0
50;2025-12-08;4;0
50;2025-12-08;5;56
50;2025-12-08;6;412
50;2025-12-08;7;1497
50;2025-12-08;8;2323
50;2025-12-08;9;1845
50;2025-12-08;10;1356
50;2025-12-08;11;1312
50;2025-12-08;12;1253
50;2025-12-08;13;1291
50;2025-12-08;14;1250
50;2025-12-08;15;1399
50;2025-12-08;16;1465
50;2025-12-08;17;2029
50;2025-12-08;18;2195
50;2025-12-08;19;1289
50;2025-12-08;20;702
50;2025-12-08;21;458
50;2025-12-08;22;209
50;2025-12-08;23;121
50;2025-12-09;0;37
50;2025-12-09;1;4
50;2025-12-09;2;0
50;2025-12-09;3;0
50;2025-12-09;4;0
50;2025-12-09;5;60
50;2025-12-09;6;416
50;2025-12-09;7;1569
50;2025-12-09;8;2439
50;2025-12-09;9;1863
50;2025-12-09;10;1385
50;2025-12-09;11;1323
50;2025-12-09;12;1279
50;2025-12-09;13;1277
50;2025-12-09;14;1228
50;2025-12-09;15;1375
50;2025-12-09;16;1434
50;2025-12-09;17;2113
50;2025-12-09;18;2247
50;2025-12-09;19;1287
50;2025-12-09;20;711
50;2025-12-09;21;463
50;2025-12-09;22;218
50;2025-12-09;23;125
50;2025-12-10;0;8
50;2025-12-10;1;0
50;2025-12-10;2;0
50;2025-12-10;3;0
50;2025-12-10;4;0
50;2025-12-10;5;6
50;2025-12-10;6;351
50;2025-12-10;7;1374
50;2025-12-10;8;2232
50;2025-12-10;9;1739
50;2025-12-10;10;1265
50;2025-12-10;11;1189
50;2025-12-10;12;1172
50;2025-12-10;13;1172
50;2025-12-10;14;1137
50;2025-12-10;15;1230
50;2025-12-10;16;1361
50;2025-12-10;17;1943
50;2025-12-10;18;2023
50;2025-12-10;19;1159
50;2025-12-10;20;600
50;2025-12-10;21;392
50;2025-12-10;22;181
50;2025-12-10;23;75
50;2025-12-11;0;0
50;2025-12-11;1;0
50;2025-12-11;2;0
50;2025-12-11;3;1
50;2025-12-11;4;0
50;2025-12-11;5;16
50;2025-12-11;6;367
50;2025-12-11;7;1433
50;2025-12-11;8;2216
50;2025-12-11;9;1763
50;2025-12-11;10;1264
50;2025-12-11;11;1222
50;2025-12-11;12;1186
50;2025-12-11;13;1179
50;2025-12-11;14;1144
50;2025-12-11;15;1264
50;2025-12-11;16;1385
50;2025-12-11;17;1966
50;2025-12-11;18;2113
50;2025-12-11;19;1177
50;2025-12-11;20;652
50;2025-12-11;21;408
50;2025-12-11;22;191
50;2025-12-11;23;92
50;2025-12-12;0;12
50;2025-12-12;1;0
50;2025-12-12;2;0
50;2025-12-12;3;0
50;2025-12-12;4;0
50;2025-12-12;5;22
50;2025-12-12;6;352
50;2025-12-12;7;1368
50;2025-12-12;8;2235
50;2025-12-12;9;1620
50;2025-12-12;10;1180
50;2025-12-12;11;1202
50;2025-12-12;12;1181
50;2025-12-12;13;1179
50;2025-12-12;14;1164
50;2025-12-12;15;1386
50;2025-12-12;16;1698
50;2025-12-12;17;1838
50;2025-12-12;18;1472
50;2025-12-12;19;976
50;2025-12-12;20;561
50;2025-12-12;21;391
50;2025-12-12;22;209
50;2025-12-12;23;98
50;2025-12-13;0;21
50;2025-12-13;1;0
50;2025-12-13;2;0
50;2025-12-13;3;0
50;2025-12-13;4;0
50;2025-12-13;5;0
50;2025-12-13;6;83
50;2025-12-13;7;265
50;2025-12-13;8;370
50;2025-12-13;9;435
50;2025-12-13;10;428
50;2025-12-13;11;523
50;2025-12-13;12;551
50;2025-12-13;13;582
50;2025-12-13;14;579
50;2025-12-13;15;560
50;2025-12-13;16;545
50;2025-12-13;17;517
50;2025-12-13;18;484
50;2025-12-13;19;446
50;2025-12-13;20;345
50;2025-12-13;21;268
50;2025-12-13;22;111
50;2025-12-13;23;79
50;2025-12-14;0;13
50;2025-12-14;1;0
50;2025-12-14;2;0
50;2025-12-14;3;0
50;2025-12-14;4;0
50;2025-12-14;5;0
50;2025-12-14;6;45
50;2025-12-14;7;94
50;2025-12-14;8;192
50;2025-12-14;9;284
50;2025-12-14;10;305
50;2025-12-14;11;399
50;2025-12-14;12;474
50;2025-12-14;13;509
50;2025-12-14;14;533
50;2025-12-14;15;494
50;2025-12-14;16;493
50;2025-12-14;17;470
50;2025-12-14;18;419
50;2025-12-14;19;346
50;2025-12-14;20;287
50;2025-12-14;21;228
50;2025-12-14;22;97
50;2025-12-14;23;39
50;2025-12-15;0;0
50;2025-12-15;1;0
50;2025-12-15;2;0
50;2025-12-15;3;0
50;2025-12-15;4;0
50;2025-12-15;5;0
50;2025-12-15;6;333
50;2025-12-15;7;1363
50;2025-12-15;8;2278
50;2025-12-15;9;1737
50;2025-12-15;10;1213
50;2025-12-15;11;1154
50;2025-12-15;12;1098
50;2025-12-15;13;1140
50;2025-12-15;14;1108
50;2025-12-15;15;1266
50;2025-12-15;16;1332
50;2025-12-15;17;1941
50;2025-12-15;18;2138
50;2025-12-15;19;1146
50;2025-12-15;20;597
50;2025-12-15;21;382
50;2025-12-15;22;156
50;2025-12-15;23;65
50;2025-12-16;0;0
50;2025-12-16;1;0
50;2025-12-16;2;0
50;2025-12-16;3;0
50;2025-12-16;4;0
50;2025-12-16;5;2
50;2025-12-16;6;355
50;2025-12-16;7;1462
50;2025-12-16;8;2363
50;2025-12-16;9;1761
50;2025-12-16;10;1268
50;2025-12-16;11;1192
50;2025-12-16;12;1146
50;2025-12-16;13;1162
50;2025-12-16;14;1111
50;2025-12-16;15;1260
50;2025-12-16;16;1326
50;2025-12-16;17;2025
50;2025-12-16;18;2181
50;2025-12-16;19;1184
50;2025-12-16;20;640
50;2025-12-16;21;398
50;2025-12-16;22;161
50;2025-12-16;23;72
50;2025-12-17;0;0
50;2025-12-17;1;0
50;2025-12-17;2;0
50;2025-12-17;3;0
50;2025-12-17;4;0
50;2025-12-17;5;2
50;2025-12-17;6;352
50;2025-12-17;7;1358
50;2025-12-17;8;2217
50;2025-12-17;9;1735
50;2025-12-17;10;1269
50;2025-12-17;11;1188
50;2025-12-17;12;1170
50;2025-12-17;13;1177
50;2025-12-17;14;1137
50;2025-12-17;15;1234
50;2025-12-17;16;1358
50;2025-12-17;17;1947
50;2025-12-17;18;2019
50;2025-12-17;19;1159
50;2025-12-17;20;607
50;2025-12-17;21;399
50;2025-12-17;22;184
50;2025-12-17;23;77
50;2025-12-18;0;0
50;2025-12-18;1;0
50;2025-12-18;2;0
50;2025-12-18;3;1
50;2025-12-18;4;0
50;2025-12-18;5;0
50;2025-12-18;6;348
50;2025-12-18;7;1395
50;2025-12-18;8;2205
50;2025-12-18;9;1714
50;2025-12-18;10;1236
50;2025-12-18;11;1202
50;2025-12-18;12;1167
50;2025-12-18;13;1158
50;2025-12-18;14;1120
50;2025-12-18;15;1258
50;2025-12-18;16;1370
50;2025-12-18;17;1954
50;2025-12-18;18;2106
50;2025-12-18;19;1157
50;2025-12-18;20;628
50;2025-12-18;21;400
50;2025-12-18;22;180
50;2025-12-18;23;82
50;2025-12-19;0;5
50;2025-12-19;1;0
50;2025-12-19;2;0
50;2025-12-19;3;0
50;2025-12-19;4;0
50;2025-12-19;5;14
50;2025-12-19;6;349
50;2025-12-19;7;1344
50;2025-12-19;8;2201
50;2025-12-19;9;1613
50;2025-12-19;10;1187
50;2025-12-19;11;1197
50;2025-12-19;12;1193
50;2025-12-19;13;1191
50;2025-12-19;14;1166
50;2025-12-19;15;1378
50;2025-12-19;16;1671
50;2025-12-19;17;1815
50;2025-12-19;18;1431
50;2025-12-19;19;930
50;2025-12-19;20;543
50;2025-12-19;21;367
50;2025-12-19;22;187
50;2025-12-19;23;78
50;2025-12-20;0;9
50;2025-12-20;1;0
50;2025-12-20;2;0
50;2025-12-20;3;0
50;2025-12-20;4;0
50;2025-12-20;5;0
50;2025-12-20;6;65
50;2025-12-20;7;218
50;2025-12-20;8;319
50;2025-12-20;9;387
50;2025-12-20;10;384
50;2025-12-20;11;476
50;2025-12-20;12;505
50;2025-12-20;13;537
50;2025-12-20;14;542
50;2025-12-20;15;521
50;2025-12-20;16;513
50;2025-12-20;17;483
50;2025-12-20;18;451
50;2025-12-20;19;405
50;2025-12-20;20;325
50;2025-12-20;21;260
50;2025-12-20;22;95
50;2025-12-20;23;61
50;2025-12-21;0;11
50;2025-12-21;1;0
50;2025-12-21;2;0
50;2025-12-21;3;1
50;2025-12-21;4;0
50;2025-12-21;5;0
50;2025-12-21;6;49
50;2025-12-21;7;102
50;2025-12-21;8;192
50;2025-12-21;9;283
50;2025-12-21;10;305
50;2025-12-21;11;398
50;2025-12-21;12;445
50;2025-12-21;13;489
50;2025-12-21;14;512
50;2025-12-21;15;472
50;2025-12-21;16;482
50;2025-12-21;17;459
50;2025-12-21;18;408
50;2025-12-21;19;334
50;2025-12-21;20;294
50;2025-12-21;21;237
50;2025-12-21;22;96
50;2025-12-21;23;44
50;2025-12-22;0;0
50;2025-12-22;1;0
50;2025-12-22;2;0
50;2025-12-22;3;0
50;2025-12-22;4;0
50;2025-12-22;5;9
50;2025-12-22;6;334
50;2025-12-22;7;1354
50;2025-12-22;8;2257
50;2025-12-22;9;1735
50;2025-12-22;10;1212
50;2025-12-22;11;1148
50;2025-12-22;12;1106
50;2025-12-22;13;1151
50;2025-12-22;14;1122
50;2025-12-22;15;1266
50;2025-12-22;16;1337
50;2025-12-22;17;1939
50;2025-12-22;18;2126
50;2025-12-22;19;1169
50;2025-12-22;20;619
50;2025-12-22;21;404
50;2025-12-22;22;166
50;2025-12-22;23;75
50;2025-12-23;0;0
50;2025-12-23;1;0
50;2025-12-23;2;0
50;2025-12-23;3;0
50;2025-12-23;4;0
50;2025-12-23;5;10
50;2025-12-23;6;378
50;2025-12-23;7;1490
50;2025-12-23;8;2386
50;2025-12-23;9;1788
50;2025-12-23;10;1308
50;2025-12-23;11;1244
50;2025-12-23;12;1189
50;2025-12-23;13;1185
50;2025-12-23;14;1141
50;2025-12-23;15;1287
50;2025-12-23;16;1347
50;2025-12-23;17;2033
50;2025-12-23;18;2163
50;2025-12-23;19;1189
50;2025-12-23;20;624
50;2025-12-23;21;397
50;2025-12-23;22;165
50;2025-12-23;23;73
50;2025-12-24;0;0
50;2025-12-24;1;0
50;2025-12-24;2;0
50;2025-12-24;3;0
50;2025-12-24;4;0
50;2025-12-24;5;0
50;2025-12-24;6;352
50;2025-12-24;7;1373
50;2025-12-24;8;2236
50;2025-12-24;9;1753
50;2025-12-24;10;1288
50;2025-12-24;11;1221
50;2025-12-24;12;1201
50;2025-12-24;13;1198
50;2025-12-24;14;1159
50;2025-12-24;15;1263
50;2025-12-24;16;1382
50;2025-12-24;17;1966
50;2025-12-24;18;2039
50;2025-12-24;19;1170
50;2025-12-24;20;612
50;2025-12-24;21;382
50;2025-12-24;22;169
50;2025-12-24;23;75
50;2025-12-25;0;0
50;2025-12-25;1;0
50;2025-12-25;2;0
50;2025-12-25;3;0
50;2025-12-25;4;0
50;2025-12-25;5;0
50;2025-12-25;6;331
50;2025-12-25;7;1369
50;2025-12-25;8;2183
50;2025-12-25;9;1715
50;2025-12-25;10;1235
50;2025-12-25;11;1201
50;2025-12-25;12;1161
50;2025-12-25;13;1153
50;2025-12-25;14;1125
50;2025-12-25;15;1248
50;2025-12-25;16;1368
50;2025-12-25;17;1964
50;2025-12-25;18;2107
50;2025-12-25;19;1168
50;2025-12-25;20;647
50;2025-12-25;21;402
50;2025-12-25;22;186
50;2025-12-25;23;95
50;2025-12-26;0;12
50;2025-12-26;1;0
50;2025-12-26;2;0
50;2025-12-26;3;0
50;2025-12-26;4;0
50;2025-12-26;5;16
50;2025-12-26;6;356
50;2025-12-26;7;1336
50;2025-12-26;8;2200
50;2025-12-26;9;1641
50;2025-12-26;10;1206
50;2025-12-26;11;1213
50;2025-12-26;12;1192
50;2025-12-26;13;1188
50;2025-12-26;14;1167
50;2025-12-26;15;1402
50;2025-12-26;16;1696
50;2025-12-26;17;1828
50;2025-12-26;18;1440
50;2025-12-26;19;960
50;2025-12-26;20;546
50;2025-12-26;21;383
50;2025-12-26;22;199
50;2025-12-26;23;91
50;2025-12-27;0;20
50;2025-12-27;1;0
50;2025-12-27;2;0
50;2025-12-27;3;1
50;2025-12-27;4;0
50;2025-12-27;5;0
50;2025-12-27;6;59
50;2025-12-27;7;214
50;2025-12-27;8;300
50;2025-12-27;9;358
50;2025-12-27;10;358
50;2025-12-27;11;437
50;2025-12-27;12;474
50;2025-12-27;13;521
50;2025-12-27;14;516
50;2025-12-27;15;490
50;2025-12-27;16;471
50;2025-12-27;17;445
50;2025-12-27;18;398
50;2025-12-27;19;369
50;2025-12-27;20;298
50;2025-12-27;21;240
50;2025-12-27;22;88
50;2025-12-27;23;56
50;2025-12-28;0;0
50;2025-12-28;1;0
50;2025-12-28;2;1
50;2025-12-28;3;1
50;2025-12-28;4;0
50;2025-12-28;5;0
50;2025-12-28;6;30
50;2025-12-28;7;87
50;2025-12-28;8;180
50;2025-12-28;9;283
50;2025-12-28;10;302
50;2025-12-28;11;373
50;2025-12-28;12;407
50;2025-12-28;13;453
50;2025-12-28;14;481
50;2025-12-28;15;424
50;2025-12-28;16;422
50;2025-12-28;17;402
50;2025-12-28;18;365
50;2025-12-28;19;312
50;2025-12-28;20;280
50;2025-12-28;21;229
50;2025-12-28;22;85
50;2025-12-28;23;33
50;2025-12-29;0;0
50;2025-12-29;1;0
50;2025-12-29;2;0
50;2025-12-29;3;0
50;2025-12-29;4;0
50;2025-12-29;5;0
50;2025-12-29;6;310
50;2025-12-29;7;1311
50;2025-12-29;8;2205
50;2025-12-29;9;1708
50;2025-12-29;10;1186
50;2025-12-29;11;1119
50;2025-12-29;12;1064
50;2025-12-29;13;1103
50;2025-12-29;14;1073
50;2025-12-29;15;1233
50;2025-12-29;16;1297
50;2025-12-29;17;1887
50;2025-12-29;18;2071
50;2025-12-29;19;1128
50;2025-12-29;20;580
50;2025-12-29;21;378
50;2025-12-29;22;150
50;2025-12-29;23;66
50;2025-12-30;0;0
50;2025-12-30;1;0
50;2025-12-30;2;0
50;2025-12-30;3;0
50;2025-12-30;4;0
50;2025-12-30;5;0
50;2025-12-30;6;317
50;2025-12-30;7;1396
50;2025-12-30;8;2287
50;2025-12-30;9;1743
50;2025-12-30;10;1231
50;2025-12-30;11;1167
50;2025-12-30;12;1112
50;2025-12-30;13;1127
50;2025-12-30;14;1075
50;2025-12-30;15;1226
50;2025-12-30;16;1280
50;2025-12-30;17;1962
50;2025-12-30;18;2078
50;2025-12-30;19;1134
50;2025-12-30;20;595
50;2025-12-30;21;380
50;2025-12-30;22;146
50;2025-12-30;23;71
50;2025-12-31;0;0
50;2025-12-31;1;0
50;2025-12-31;2;0
50;2025-12-31;3;0
50;2025-12-31;4;0
50;2025-12-31;5;0
50;2025-12-31;6;141
50;2025-12-31;7;110
50;2025-12-31;8;270
50;2025-12-31;9;214
50;2025-12-31;10;265
50;2025-12-31;11;303
50;2025-12-31;12;445
50;2025-12-31;13;387
50;2025-12-31;14;389
50;2025-12-31;15;435
50;2025-12-31;16;459
50;2025-12-31;17;504
50;2025-12-31;18;413
50;2025-12-31;19;300
50;2025-12-31;20;240
50;2025-12-31;21;198
50;2025-12-31;22;130
50;2025-12-31;23;65
