route;date;hour;prediction
1;2025-11-01;0;3
1;2025-11-01;1;0
1;2025-11-01;2;0
1;2025-11-01;3;0
1;2025-11-01;4;0
1;2025-11-01;5;27
1;2025-11-01;6;148
1;2025-11-01;7;285
1;2025-11-01;8;404
1;2025-11-01;9;694
1;2025-11-01;10;800
1;2025-11-01;11;743
1;2025-11-01;12;950
1;2025-11-01;13;1012
1;2025-11-01;14;952
1;2025-11-01;15;799
1;2025-11-01;16;769
1;2025-11-01;17;700
1;2025-11-01;18;584
1;2025-11-01;19;522
1;2025-11-01;20;366
1;2025-11-01;21;272
1;2025-11-01;22;110
1;2025-11-01;23;28
1;2025-11-02;0;0
1;2025-11-02;1;0
1;2025-11-02;2;0
1;2025-11-02;3;0
1;2025-11-02;4;1
1;2025-11-02;5;28
1;2025-11-02;6;127
1;2025-11-02;7;218
1;2025-11-02;8;304
1;2025-11-02;9;510
1;2025-11-02;10;630
1;2025-11-02;11;600
1;2025-11-02;12;753
1;2025-11-02;13;769
1;2025-11-02;14;764
1;2025-11-02;15;711
1;2025-11-02;16;618
1;2025-11-02;17;530
1;2025-11-02;18;472
1;2025-11-02;19;415
1;2025-11-02;20;334
1;2025-11-02;21;237
1;2025-11-02;22;107
1;2025-11-02;23;28
1;2025-11-03;0;0
1;2025-11-03;1;0
1;2025-11-03;2;0
1;2025-11-03;3;0
1;2025-11-03;4;11
1;2025-11-03;5;87
1;2025-11-03;6;352
1;2025-11-03;7;487
1;2025-11-03;8;505
1;2025-11-03;9;577
1;2025-11-03;10;646
1;2025-11-03;11;648
1;2025-11-03;12;660
1;2025-11-03;13;690
1;2025-11-03;14;719
1;2025-11-03;15;686
1;2025-11-03;16;667
1;2025-11-03;17;668
1;2025-11-03;18;629
1;2025-11-03;19;627
1;2025-11-03;20;503
1;2025-11-03;21;387
1;2025-11-03;22;189
1;2025-11-03;23;41
1;2025-11-04;0;2
1;2025-11-04;1;0
1;2025-11-04;2;0
1;2025-11-04;3;2
1;2025-11-04;4;13
1;2025-11-04;5;80
1;2025-11-04;6;344
1;2025-11-04;7;448
1;2025-11-04;8;457
1;2025-11-04;9;495
1;2025-11-04;10;554
1;2025-11-04;11;569
1;2025-11-04;12;605
1;2025-11-04;13;671
1;2025-11-04;14;733
1;2025-11-04;15;721
1;2025-11-04;16;642
1;2025-11-04;17;605
1;2025-11-04;18;540
1;2025-11-04;19;577
1;2025-11-04;20;496
1;2025-11-04;21;384
1;2025-11-04;22;185
1;2025-11-04;23;41
1;2025-11-05;0;6
1;2025-11-05;1;0
1;2025-11-05;2;0
1;2025-11-05;3;0
1;2025-11-05;4;7
1;2025-11-05;5;132
1;2025-11-05;6;525
1;2025-11-05;7;1381
1;2025-11-05;8;1845
1;2025-11-05;9;1366
1;2025-11-05;10;1231
1;2025-11-05;11;1282
1;2025-11-05;12;1318
1;2025-11-05;13;1387
1;2025-11-05;14;1317
1;2025-11-05;15;1458
1;2025-11-05;16;1435
1;2025-11-05;17;1709
1;2025-11-05;18;1734
1;2025-11-05;19;1300
1;2025-11-05;20;850
1;2025-11-05;21;452
1;2025-11-05;22;223
1;2025-11-05;23;40
1;2025-11-06;0;5
1;2025-11-06;1;0
1;2025-11-06;2;0
1;2025-11-06;3;0
1;2025-11-06;4;7
1;2025-11-06;5;126
1;2025-11-06;6;514
1;2025-11-06;7;1429
1;2025-11-06;8;1864
1;2025-11-06;9;1406
1;2025-11-06;10;1270
1;2025-11-06;11;1320
1;2025-11-06;12;1379
1;2025-11-06;13;1389
1;2025-11-06;14;1334
1;2025-11-06;15;1489
1;2025-11-06;16;1497
1;2025-11-06;17;1746
1;2025-11-06;18;1724
1;2025-11-06;19;1289
1;2025-11-06;20;832
1;2025-11-06;21;474
1;2025-11-06;22;220
1;2025-11-06;23;48
1;2025-11-07;0;6
1;2025-11-07;1;0
1;2025-11-07;2;0
1;2025-11-07;3;0
1;2025-11-07;4;8
1;2025-11-07;5;137
1;2025-11-07;6;492
1;2025-11-07;7;1415
1;2025-11-07;8;1770
1;2025-11-07;9;1367
1;2025-11-07;10;1225
1;2025-11-07;11;1311
1;2025-11-07;12;1323
1;2025-11-07;13;1372
1;2025-11-07;14;1308
1;2025-11-07;15;1512
1;2025-11-07;16;1574
1;2025-11-07;17;1728
1;2025-11-07;18;1500
1;2025-11-07;19;1110
1;2025-11-07;20;774
1;2025-11-07;21;472
1;2025-11-07;22;227
1;2025-11-07;23;51
1;2025-11-08;0;8
1;2025-11-08;1;0
1;2025-11-08;2;0
1;2025-11-08;3;0
1;2025-11-08;4;1
1;2025-11-08;5;35
1;2025-11-08;6;166
1;2025-11-08;7;296
1;2025-11-08;8;410
1;2025-11-08;9;702
1;2025-11-08;10;762
1;2025-11-08;11;725
1;2025-11-08;12;890
1;2025-11-08;13;956
1;2025-11-08;14;873
1;2025-11-08;15;768
1;2025-11-08;16;738
1;2025-11-08;17;666
1;2025-11-08;18;584
1;2025-11-08;19;511
1;2025-11-08;20;360
1;2025-11-08;21;274
1;2025-11-08;22;139
1;2025-11-08;23;32
1;2025-11-09;0;3
1;2025-11-09;1;0
1;2025-11-09;2;0
1;2025-11-09;3;0
1;2025-11-09;4;1
1;2025-11-09;5;25
1;2025-11-09;6;134
1;2025-11-09;7;229
1;2025-11-09;8;319
1;2025-11-09;9;551
1;2025-11-09;10;666
1;2025-11-09;11;641
1;2025-11-09;12;799
1;2025-11-09;13;823
1;2025-11-09;14;744
1;2025-11-09;15;689
1;2025-11-09;16;606
1;2025-11-09;17;551
1;2025-11-09;18;499
1;2025-11-09;19;428
1;2025-11-09;20;330
1;2025-11-09;21;237
1;2025-11-09;22;110
1;2025-11-09;23;29
1;2025-11-10;0;2
1;2025-11-10;1;0
1;2025-11-10;2;0
1;2025-11-10;3;0
1;2025-11-10;4;8
1;2025-11-10;5;135
1;2025-11-10;6;536
1;2025-11-10;7;1424
1;2025-11-10;8;1842
1;2025-11-10;9;1330
1;2025-11-10;10;1171
1;2025-11-10;11;1255
1;2025-11-10;12;1306
1;2025-11-10;13;1323
1;2025-11-10;14;1258
1;2025-11-10;15;1429
1;2025-11-10;16;1465
1;2025-11-10;17;1724
1;2025-11-10;18;1776
1;2025-11-10;19;1323
1;2025-11-10;20;848
1;2025-11-10;21;464
1;2025-11-10;22;210
1;2025-11-10;23;39
1;2025-11-11;0;4
1;2025-11-11;1;0
1;2025-11-11;2;0
1;2025-11-11;3;0
1;2025-11-11;4;3
1;2025-11-11;5;132
1;2025-11-11;6;548
1;2025-11-11;7;1495
1;2025-11-11;8;1871
1;2025-11-11;9;1409
1;2025-11-11;10;1269
1;2025-11-11;11;1302
1;2025-11-11;12;1324
1;2025-11-11;13;1359
1;2025-11-11;14;1270
1;2025-11-11;15;1420
1;2025-11-11;16;1418
1;2025-11-11;17;1681
1;2025-11-11;18;1720
1;2025-11-11;19;1318
1;2025-11-11;20;865
1;2025-11-11;21;487
1;2025-11-11;22;220
1;2025-11-11;23;43
1;2025-11-12;0;4
1;2025-11-12;1;0
1;2025-11-12;2;0
1;2025-11-12;3;0
1;2025-11-12;4;9
1;2025-11-12;5;135
1;2025-11-12;6;555
1;2025-11-12;7;1436
1;2025-11-12;8;1888
1;2025-11-12;9;1418
1;2025-11-12;10;1279
1;2025-11-12;11;1319
1;2025-11-12;12;1342
1;2025-11-12;13;1393
1;2025-11-12;14;1344
1;2025-11-12;15;1470
1;2025-11-12;16;1437
1;2025-11-12;17;1715
1;2025-11-12;18;1738
1;2025-11-12;19;1303
1;2025-11-12;20;858
1;2025-11-12;21;473
1;2025-11-12;22;224
1;2025-11-12;23;42
1;2025-11-13;0;4
1;2025-11-13;1;0
1;2025-11-13;2;0
1;2025-11-13;3;0
1;2025-11-13;4;6
1;2025-11-13;5;126
1;2025-11-13;6;523
1;2025-11-13;7;1457
1;2025-11-13;8;1879
1;2025-11-13;9;1420
1;2025-11-13;10;1282
1;2025-11-13;11;1346
1;2025-11-13;12;1385
1;2025-11-13;13;1400
1;2025-11-13;14;1357
1;2025-11-13;15;1516
1;2025-11-13;16;1516
1;2025-11-13;17;1774
1;2025-11-13;18;1747
1;2025-11-13;19;1311
1;2025-11-13;20;862
1;2025-11-13;21;488
1;2025-11-13;22;222
1;2025-11-13;23;50
1;2025-11-14;0;5
1;2025-11-14;1;0
1;2025-11-14;2;0
1;2025-11-14;3;0
1;2025-11-14;4;0
1;2025-11-14;5;134
1;2025-11-14;6;514
1;2025-11-14;7;1435
1;2025-11-14;8;1769
1;2025-11-14;9;1388
1;2025-11-14;10;1238
1;2025-11-14;11;1347
1;2025-11-14;12;1356
1;2025-11-14;13;1375
1;2025-11-14;14;1324
1;2025-11-14;15;1511
1;2025-11-14;16;1575
1;2025-11-14;17;1720
1;2025-11-14;18;1516
1;2025-11-14;19;1129
1;2025-11-14;20;795
1;2025-11-14;21;480
1;2025-11-14;22;223
1;2025-11-14;23;54
1;2025-11-15;0;3
1;2025-11-15;1;0
1;2025-11-15;2;0
1;2025-11-15;3;0
1;2025-11-15;4;0
1;2025-11-15;5;33
1;2025-11-15;6;165
1;2025-11-15;7;278
1;2025-11-15;8;397
1;2025-11-15;9;678
1;2025-11-15;10;723
1;2025-11-15;11;724
1;2025-11-15;12;886
1;2025-11-15;13;957
1;2025-11-15;14;902
1;2025-11-15;15;797
1;2025-11-15;16;765
1;2025-11-15;17;691
1;2025-11-15;18;594
1;2025-11-15;19;535
1;2025-11-15;20;377
1;2025-11-15;21;282
1;2025-11-15;22;143
1;2025-11-15;23;34
1;2025-11-16;0;0
1;2025-11-16;1;0
1;2025-11-16;2;0
1;2025-11-16;3;0
1;2025-11-16;4;0
1;2025-11-16;5;25
1;2025-11-16;6;132
1;2025-11-16;7;242
1;2025-11-16;8;326
1;2025-11-16;9;575
1;2025-11-16;10;727
1;2025-11-16;11;705
1;2025-11-16;12;864
1;2025-11-16;13;878
1;2025-11-16;14;786
1;2025-11-16;15;725
1;2025-11-16;16;619
1;2025-11-16;17;552
1;2025-11-16;18;507
1;2025-11-16;19;438
1;2025-11-16;20;342
1;2025-11-16;21;243
1;2025-11-16;22;110
1;2025-11-16;23;32
1;2025-11-17;0;0
1;2025-11-17;1;0
1;2025-11-17;2;0
1;2025-11-17;3;0
1;2025-11-17;4;10
1;2025-11-17;5;134
1;2025-11-17;6;548
1;2025-11-17;7;1450
1;2025-11-17;8;1846
1;2025-11-17;9;1347
1;2025-11-17;10;1183
1;2025-11-17;11;1273
1;2025-11-17;12;1301
1;2025-11-17;13;1274
1;2025-11-17;14;1249
1;2025-11-17;15;1426
1;2025-11-17;16;1467
1;2025-11-17;17;1725
1;2025-11-17;18;1778
1;2025-11-17;19;1318
1;2025-11-17;20;854
1;2025-11-17;21;451
1;2025-11-17;22;209
1;2025-11-17;23;40
1;2025-11-18;0;1
1;2025-11-18;1;0
1;2025-11-18;2;0
1;2025-11-18;3;0
1;2025-11-18;4;2
1;2025-11-18;5;131
1;2025-11-18;6;547
1;2025-11-18;7;1507
1;2025-11-18;8;1894
1;2025-11-18;9;1451
1;2025-11-18;10;1251
1;2025-11-18;11;1312
1;2025-11-18;12;1331
1;2025-11-18;13;1343
1;2025-11-18;14;1263
1;2025-11-18;15;1421
1;2025-11-18;16;1401
1;2025-11-18;17;1668
1;2025-11-18;18;1721
1;2025-11-18;19;1328
1;2025-11-18;20;875
1;2025-11-18;21;480
1;2025-11-18;22;219
1;2025-11-18;23;38
1;2025-11-19;0;4
1;2025-11-19;1;0
1;2025-11-19;2;0
1;2025-11-19;3;0
1;2025-11-19;4;5
1;2025-11-19;5;132
1;2025-11-19;6;566
1;2025-11-19;7;1454
1;2025-11-19;8;1885
1;2025-11-19;9;1422
1;2025-11-19;10;1270
1;2025-11-19;11;1328
1;2025-11-19;12;1355
1;2025-11-19;13;1408
1;2025-11-19;14;1351
1;2025-11-19;15;1480
1;2025-11-19;16;1448
1;2025-11-19;17;1710
1;2025-11-19;18;1736
1;2025-11-19;19;1305
1;2025-11-19;20;868
1;2025-11-19;21;476
1;2025-11-19;22;228
1;2025-11-19;23;42
1;2025-11-20;0;4
1;2025-11-20;1;0
1;2025-11-20;2;0
1;2025-11-20;3;0
1;2025-11-20;4;6
1;2025-11-20;5;124
1;2025-11-20;6;545
1;2025-11-20;7;1471
1;2025-11-20;8;1887
1;2025-11-20;9;1442
1;2025-11-20;10;1299
1;2025-11-20;11;1371
1;2025-11-20;12;1409
1;2025-11-20;13;1418
1;2025-11-20;14;1364
1;2025-11-20;15;1513
1;2025-11-20;16;1504
1;2025-11-20;17;1759
1;2025-11-20;18;1739
1;2025-11-20;19;1297
1;2025-11-20;20;861
1;2025-11-20;21;484
1;2025-11-20;22;222
1;2025-11-20;23;52
1;2025-11-21;0;4
1;2025-11-21;1;0
1;2025-11-21;2;0
1;2025-11-21;3;1
1;2025-11-21;4;6
1;2025-11-21;5;131
1;2025-11-21;6;508
1;2025-11-21;7;1465
1;2025-11-21;8;1777
1;2025-11-21;9;1400
1;2025-11-21;10;1260
1;2025-11-21;11;1366
1;2025-11-21;12;1360
1;2025-11-21;13;1400
1;2025-11-21;14;1326
1;2025-11-21;15;1513
1;2025-11-21;16;1550
1;2025-11-21;17;1714
1;2025-11-21;18;1506
1;2025-11-21;19;1109
1;2025-11-21;20;780
1;2025-11-21;21;487
1;2025-11-21;22;231
1;2025-11-21;23;54
1;2025-11-22;0;6
1;2025-11-22;1;0
1;2025-11-22;2;0
1;2025-11-22;3;0
1;2025-11-22;4;0
1;2025-11-22;5;33
1;2025-11-22;6;170
1;2025-11-22;7;298
1;2025-11-22;8;405
1;2025-11-22;9;718
1;2025-11-22;10;774
1;2025-11-22;11;757
1;2025-11-22;12;910
1;2025-11-22;13;976
1;2025-11-22;14;892
1;2025-11-22;15;773
1;2025-11-22;16;738
1;2025-11-22;17;675
1;2025-11-22;18;588
1;2025-11-22;19;504
1;2025-11-22;20;370
1;2025-11-22;21;273
1;2025-11-22;22;136
1;2025-11-22;23;32
1;2025-11-23;0;0
1;2025-11-23;1;0
1;2025-11-23;2;0
1;2025-11-23;3;0
1;2025-11-23;4;1
1;2025-11-23;5;27
1;2025-11-23;6;136
1;2025-11-23;7;238
1;2025-11-23;8;331
1;2025-11-23;9;572
1;2025-11-23;10;710
1;2025-11-23;11;691
1;2025-11-23;12;875
1;2025-11-23;13;904
1;2025-11-23;14;812
1;2025-11-23;15;768
1;2025-11-23;16;660
1;2025-11-23;17;584
1;2025-11-23;18;521
1;2025-11-23;19;441
1;2025-11-23;20;346
1;2025-11-23;21;242
1;2025-11-23;22;109
1;2025-11-23;23;31
1;2025-11-24;0;0
1;2025-11-24;1;0
1;2025-11-24;2;0
1;2025-11-24;3;0
1;2025-11-24;4;3
1;2025-11-24;5;132
1;2025-11-24;6;533
1;2025-11-24;7;1437
1;2025-11-24;8;1840
1;2025-11-24;9;1371
1;2025-11-24;10;1174
1;2025-11-24;11;1247
1;2025-11-24;12;1316
1;2025-11-24;13;1317
1;2025-11-24;14;1248
1;2025-11-24;15;1403
1;2025-11-24;16;1442
1;2025-11-24;17;1697
1;2025-11-24;18;1762
1;2025-11-24;19;1321
1;2025-11-24;20;859
1;2025-11-24;21;460
1;2025-11-24;22;208
1;2025-11-24;23;41
1;2025-11-25;0;3
1;2025-11-25;1;0
1;2025-11-25;2;0
1;2025-11-25;3;1
1;2025-11-25;4;11
1;2025-11-25;5;131
1;2025-11-25;6;562
1;2025-11-25;7;1501
1;2025-11-25;8;1886
1;2025-11-25;9;1469
1;2025-11-25;10;1322
1;2025-11-25;11;1348
1;2025-11-25;12;1368
1;2025-11-25;13;1385
1;2025-11-25;14;1283
1;2025-11-25;15;1424
1;2025-11-25;16;1424
1;2025-11-25;17;1686
1;2025-11-25;18;1742
1;2025-11-25;19;1348
1;2025-11-25;20;873
1;2025-11-25;21;473
1;2025-11-25;22;220
1;2025-11-25;23;42
1;2025-11-26;0;6
1;2025-11-26;1;0
1;2025-11-26;2;0
1;2025-11-26;3;0
1;2025-11-26;4;6
1;2025-11-26;5;131
1;2025-11-26;6;550
1;2025-11-26;7;1430
1;2025-11-26;8;1872
1;2025-11-26;9;1427
1;2025-11-26;10;1283
1;2025-11-26;11;1326
1;2025-11-26;12;1346
1;2025-11-26;13;1392
1;2025-11-26;14;1340
1;2025-11-26;15;1450
1;2025-11-26;16;1418
1;2025-11-26;17;1683
1;2025-11-26;18;1723
1;2025-11-26;19;1312
1;2025-11-26;20;864
1;2025-11-26;21;462
1;2025-11-26;22;222
1;2025-11-26;23;44
1;2025-11-27;0;7
1;2025-11-27;1;0
1;2025-11-27;2;0
1;2025-11-27;3;0
1;2025-11-27;4;6
1;2025-11-27;5;123
1;2025-11-27;6;531
1;2025-11-27;7;1434
1;2025-11-27;8;1860
1;2025-11-27;9;1445
1;2025-11-27;10;1302
1;2025-11-27;11;1358
1;2025-11-27;12;1394
1;2025-11-27;13;1396
1;2025-11-27;14;1340
1;2025-11-27;15;1474
1;2025-11-27;16;1472
1;2025-11-27;17;1733
1;2025-11-27;18;1730
1;2025-11-27;19;1307
1;2025-11-27;20;858
1;2025-11-27;21;475
1;2025-11-27;22;221
1;2025-11-27;23;48
1;2025-11-28;0;5
1;2025-11-28;1;0
1;2025-11-28;2;0
1;2025-11-28;3;0
1;2025-11-28;4;8
1;2025-11-28;5;133
1;2025-11-28;6;498
1;2025-11-28;7;1401
1;2025-11-28;8;1735
1;2025-11-28;9;1391
1;2025-11-28;10;1274
1;2025-11-28;11;1359
1;2025-11-28;12;1364
1;2025-11-28;13;1392
1;2025-11-28;14;1322
1;2025-11-28;15;1481
1;2025-11-28;16;1527
1;2025-11-28;17;1696
1;2025-11-28;18;1492
1;2025-11-28;19;1139
1;2025-11-28;20;784
1;2025-11-28;21;474
1;2025-11-28;22;234
1;2025-11-28;23;60
1;2025-11-29;0;6
1;2025-11-29;1;0
1;2025-11-29;2;0
1;2025-11-29;3;0
1;2025-11-29;4;0
1;2025-11-29;5;29
1;2025-11-29;6;146
1;2025-11-29;7;267
1;2025-11-29;8;367
1;2025-11-29;9;684
1;2025-11-29;10;723
1;2025-11-29;11;731
1;2025-11-29;12;876
1;2025-11-29;13;933
1;2025-11-29;14;854
1;2025-11-29;15;758
1;2025-11-29;16;723
1;2025-11-29;17;658
1;2025-11-29;18;556
1;2025-11-29;19;462
1;2025-11-29;20;338
1;2025-11-29;21;244
1;2025-11-29;22;123
1;2025-11-29;23;34
1;2025-11-30;0;1
1;2025-11-30;1;0
1;2025-11-30;2;0
1;2025-11-30;3;0
1;2025-11-30;4;0
1;2025-11-30;5;24
1;2025-11-30;6;116
1;2025-11-30;7;201
1;2025-11-30;8;294
1;2025-11-30;9;513
1;2025-11-30;10;634
1;2025-11-30;11;609
1;2025-11-30;12;783
1;2025-11-30;13;803
1;2025-11-30;14;717
1;2025-11-30;15;664
1;2025-11-30;16;585
1;2025-11-30;17;506
1;2025-11-30;18;443
1;2025-11-30;19;392
1;2025-11-30;20;319
1;2025-11-30;21;220
1;2025-11-30;22;95
1;2025-11-30;23;32
1;2025-12-01;0;0
1;2025-12-01;1;0
1;2025-12-01;2;0
1;2025-12-01;3;1
1;2025-12-01;4;7
1;2025-12-01;5;109
1;2025-12-01;6;447
1;2025-12-01;7;1308
1;2025-12-01;8;1665
1;2025-12-01;9;1251
1;2025-12-01;10;1084
1;2025-12-01;11;1187
1;2025-12-01;12;1259
1;2025-12-01;13;1263
1;2025-12-01;14;1181
1;2025-12-01;15;1347
1;2025-12-01;16;1362
1;2025-12-01;17;1565
1;2025-12-01;18;1612
1;2025-12-01;19;1235
1;2025-12-01;20;714
1;2025-12-01;21;396
1;2025-12-01;22;182
1;2025-12-01;23;41
1;2025-12-02;0;3
1;2025-12-02;1;0
1;2025-12-02;2;0
1;2025-12-02;3;1
1;2025-12-02;4;4
1;2025-12-02;5;111
1;2025-12-02;6;458
1;2025-12-02;7;1351
1;2025-12-02;8;1689
1;2025-12-02;9;1337
1;2025-12-02;10;1218
1;2025-12-02;11;1250
1;2025-12-02;12;1266
1;2025-12-02;13;1294
1;2025-12-02;14;1202
1;2025-12-02;15;1328
1;2025-12-02;16;1333
1;2025-12-02;17;1550
1;2025-12-02;18;1580
1;2025-12-02;19;1244
1;2025-12-02;20;732
1;2025-12-02;21;411
1;2025-12-02;22;188
1;2025-12-02;23;40
1;2025-12-03;0;6
1;2025-12-03;1;0
1;2025-12-03;2;0
1;2025-12-03;3;0
1;2025-12-03;4;3
1;2025-12-03;5;107
1;2025-12-03;6;464
1;2025-12-03;7;1325
1;2025-12-03;8;1691
1;2025-12-03;9;1331
1;2025-12-03;10;1212
1;2025-12-03;11;1265
1;2025-12-03;12;1300
1;2025-12-03;13;1344
1;2025-12-03;14;1285
1;2025-12-03;15;1392
1;2025-12-03;16;1370
1;2025-12-03;17;1578
1;2025-12-03;18;1607
1;2025-12-03;19;1233
1;2025-12-03;20;728
1;2025-12-03;21;414
1;2025-12-03;22;195
1;2025-12-03;23;41
1;2025-12-04;0;6
1;2025-12-04;1;0
1;2025-12-04;2;0
1;2025-12-04;3;0
1;2025-12-04;4;5
1;2025-12-04;5;105
1;2025-12-04;6;454
1;2025-12-04;7;1339
1;2025-12-04;8;1706
1;2025-12-04;9;1358
1;2025-12-04;10;1234
1;2025-12-04;11;1286
1;2025-12-04;12;1339
1;2025-12-04;13;1344
1;2025-12-04;14;1287
1;2025-12-04;15;1398
1;2025-12-04;16;1400
1;2025-12-04;17;1621
1;2025-12-04;18;1598
1;2025-12-04;19;1234
1;2025-12-04;20;728
1;2025-12-04;21;431
1;2025-12-04;22;195
1;2025-12-04;23;50
1;2025-12-05;0;8
1;2025-12-05;1;0
1;2025-12-05;2;0
1;2025-12-05;3;0
1;2025-12-05;4;4
1;2025-12-05;5;110
1;2025-12-05;6;435
1;2025-12-05;7;1332
1;2025-12-05;8;1614
1;2025-12-05;9;1306
1;2025-12-05;10;1167
1;2025-12-05;11;1286
1;2025-12-05;12;1305
1;2025-12-05;13;1326
1;2025-12-05;14;1247
1;2025-12-05;15;1403
1;2025-12-05;16;1436
1;2025-12-05;17;1596
1;2025-12-05;18;1395
1;2025-12-05;19;1053
1;2025-12-05;20;668
1;2025-12-05;21;427
1;2025-12-05;22;201
1;2025-12-05;23;53
1;2025-12-06;0;6
1;2025-12-06;1;0
1;2025-12-06;2;0
1;2025-12-06;3;0
1;2025-12-06;4;0
1;2025-12-06;5;31
1;2025-12-06;6;143
1;2025-12-06;7;258
1;2025-12-06;8;361
1;2025-12-06;9;616
1;2025-12-06;10;676
1;2025-12-06;11;673
1;2025-12-06;12;838
1;2025-12-06;13;896
1;2025-12-06;14;812
1;2025-12-06;15;694
1;2025-12-06;16;653
1;2025-12-06;17;598
1;2025-12-06;18;514
1;2025-12-06;19;437
1;2025-12-06;20;331
1;2025-12-06;21;240
1;2025-12-06;22;118
1;2025-12-06;23;34
1;2025-12-07;0;0
1;2025-12-07;1;0
1;2025-12-07;2;0
1;2025-12-07;3;0
1;2025-12-07;4;0
1;2025-12-07;5;20
1;2025-12-07;6;102
1;2025-12-07;7;184
1;2025-12-07;8;279
1;2025-12-07;9;477
1;2025-12-07;10;582
1;2025-12-07;11;565
1;2025-12-07;12;741
1;2025-12-07;13;763
1;2025-12-07;14;685
1;2025-12-07;15;639
1;2025-12-07;16;566
1;2025-12-07;17;494
1;2025-12-07;18;434
1;2025-12-07;19;383
1;2025-12-07;20;309
1;2025-12-07;21;211
1;2025-12-07;22;91
1;2025-12-07;23;28
1;2025-12-08;0;0
1;2025-12-08;1;0
1;2025-12-08;2;0
1;2025-12-08;3;1
1;2025-12-08;4;2
1;2025-12-08;5;105
1;2025-12-08;6;431
1;2025-12-08;7;1286
1;2025-12-08;8;1657
1;2025-12-08;9;1218
1;2025-12-08;10;1054
1;2025-12-08;11;1155
1;2025-12-08;12;1241
1;2025-12-08;13;1248
1;2025-12-08;14;1167
1;2025-12-08;15;1334
1;2025-12-08;16;1364
1;2025-12-08;17;1575
1;2025-12-08;18;1626
1;2025-12-08;19;1232
1;2025-12-08;20;693
1;2025-12-08;21;396
1;2025-12-08;22;178
1;2025-12-08;23;39
1;2025-12-09;0;2
1;2025-12-09;1;0
1;2025-12-09;2;0
1;2025-12-09;3;1
1;2025-12-09;4;4
1;2025-12-09;5;95
1;2025-12-09;6;419
1;2025-12-09;7;1294
1;2025-12-09;8;1657
1;2025-12-09;9;1278
1;2025-12-09;10;1157
1;2025-12-09;11;1177
1;2025-12-09;12;1219
1;2025-12-09;13;1242
1;2025-12-09;14;1140
1;2025-12-09;15;1295
1;2025-12-09;16;1311
1;2025-12-09;17;1528
1;2025-12-09;18;1576
1;2025-12-09;19;1221
1;2025-12-09;20;695
1;2025-12-09;21;395
1;2025-12-09;22;177
1;2025-12-09;23;36
1;2025-12-10;0;0
1;2025-12-10;1;0
1;2025-12-10;2;0
1;2025-12-10;3;0
1;2025-12-10;4;0
1;2025-12-10;5;43
1;2025-12-10;6;363
1;2025-12-10;7;1145
1;2025-12-10;8;1546
1;2025-12-10;9;1146
1;2025-12-10;10;1018
1;2025-12-10;11;1060
1;2025-12-10;12;1106
1;2025-12-10;13;1157
1;2025-12-10;14;1102
1;2025-12-10;15;1206
1;2025-12-10;16;1198
1;2025-12-10;17;1418
1;2025-12-10;18;1466
1;2025-12-10;19;1065
1;2025-12-10;20;587
1;2025-12-10;21;334
1;2025-12-10;22;124
1;2025-12-10;23;0
1;2025-12-11;0;0
1;2025-12-11;1;0
1;2025-12-11;2;0
1;2025-12-11;3;0
1;2025-12-11;4;0
1;2025-12-11;5;48
1;2025-12-11;6;355
1;2025-12-11;7;1167
1;2025-12-11;8;1568
1;2025-12-11;9;1202
1;2025-12-11;10;1058
1;2025-12-11;11;1108
1;2025-12-11;12;1175
1;2025-12-11;13;1168
1;2025-12-11;14;1130
1;2025-12-11;15;1231
1;2025-12-11;16;1240
1;2025-12-11;17;1463
1;2025-12-11;18;1468
1;2025-12-11;19;1082
1;2025-12-11;20;606
1;2025-12-11;21;342
1;2025-12-11;22;131
1;2025-12-11;23;8
1;2025-12-12;0;0
1;2025-12-12;1;0
1;2025-12-12;2;0
1;2025-12-12;3;0
1;2025-12-12;4;0
1;2025-12-12;5;56
1;2025-12-12;6;326
1;2025-12-12;7;1153
1;2025-12-12;8;1454
1;2025-12-12;9;1095
1;2025-12-12;10;960
1;2025-12-12;11;1076
1;2025-12-12;12;1102
1;2025-12-12;13;1126
1;2025-12-12;14;1067
1;2025-12-12;15;1234
1;2025-12-12;16;1280
1;2025-12-12;17;1435
1;2025-12-12;18;1249
1;2025-12-12;19;910
1;2025-12-12;20;553
1;2025-12-12;21;352
1;2025-12-12;22;149
1;2025-12-12;23;16
1;2025-12-13;0;0
1;2025-12-13;1;0
1;2025-12-13;2;0
1;2025-12-13;3;0
1;2025-12-13;4;0
1;2025-12-13;5;0
1;2025-12-13;6;81
1;2025-12-13;7;210
1;2025-12-13;8;313
1;2025-12-13;9;515
1;2025-12-13;10;553
1;2025-12-13;11;569
1;2025-12-13;12;708
1;2025-12-13;13;760
1;2025-12-13;14;670
1;2025-12-13;15;577
1;2025-12-13;16;555
1;2025-12-13;17;497
1;2025-12-13;18;437
1;2025-12-13;19;380
1;2025-12-13;20;300
1;2025-12-13;21;195
1;2025-12-13;22;66
1;2025-12-13;23;2
1;2025-12-14;0;0
1;2025-12-14;1;0
1;2025-12-14;2;0
1;2025-12-14;3;0
1;2025-12-14;4;0
1;2025-12-14;5;0
1;2025-12-14;6;35
1;2025-12-14;7;114
1;2025-12-14;8;211
1;2025-12-14;9;385
1;2025-12-14;10;461
1;2025-12-14;11;447
1;2025-12-14;12;607
1;2025-12-14;13;630
1;2025-12-14;14;563
1;2025-12-14;15;526
1;2025-12-14;16;451
1;2025-12-14;17;394
1;2025-12-14;18;352
1;2025-12-14;19;313
1;2025-12-14;20;250
1;2025-12-14;21;146
1;2025-12-14;22;30
1;2025-12-14;23;0
1;2025-12-15;0;0
1;2025-12-15;1;0
1;2025-12-15;2;0
1;2025-12-15;3;0
1;2025-12-15;4;0
1;2025-12-15;5;39
1;2025-12-15;6;340
1;2025-12-15;7;1128
1;2025-12-15;8;1516
1;2025-12-15;9;1051
1;2025-12-15;10;897
1;2025-12-15;11;997
1;2025-12-15;12;1080
1;2025-12-15;13;1102
1;2025-12-15;14;1017
1;2025-12-15;15;1186
1;2025-12-15;16;1220
1;2025-12-15;17;1437
1;2025-12-15;18;1501
1;2025-12-15;19;1080
1;2025-12-15;20;579
1;2025-12-15;21;332
1;2025-12-15;22;111
1;2025-12-15;23;0
1;2025-12-16;0;0
1;2025-12-16;1;0
1;2025-12-16;2;0
1;2025-12-16;3;0
1;2025-12-16;4;0
1;2025-12-16;5;37
1;2025-12-16;6;348
1;2025-12-16;7;1167
1;2025-12-16;8;1544
1;2025-12-16;9;1147
1;2025-12-16;10;1038
1;2025-12-16;11;1066
1;2025-12-16;12;1088
1;2025-12-16;13;1121
1;2025-12-16;14;1024
1;2025-12-16;15;1182
1;2025-12-16;16;1203
1;2025-12-16;17;1425
1;2025-12-16;18;1479
1;2025-12-16;19;1113
1;2025-12-16;20;618
1;2025-12-16;21;338
1;2025-12-16;22;120
1;2025-12-16;23;0
1;2025-12-17;0;0
1;2025-12-17;1;0
1;2025-12-17;2;0
1;2025-12-17;3;0
1;2025-12-17;4;0
1;2025-12-17;5;40
1;2025-12-17;6;353
1;2025-12-17;7;1126
1;2025-12-17;8;1531
1;2025-12-17;9;1140
1;2025-12-17;10;1005
1;2025-12-17;11;1051
1;2025-12-17;12;1098
1;2025-12-17;13;1157
1;2025-12-17;14;1096
1;2025-12-17;15;1204
1;2025-12-17;16;1194
1;2025-12-17;17;1418
1;2025-12-17;18;1462
1;2025-12-17;19;1059
1;2025-12-17;20;588
1;2025-12-17;21;336
1;2025-12-17;22;127
1;2025-12-17;23;0
1;2025-12-18;0;0
1;2025-12-18;1;0
1;2025-12-18;2;0
1;2025-12-18;3;0
1;2025-12-18;4;0
1;2025-12-18;5;38
1;2025-12-18;6;336
1;2025-12-18;7;1139
1;2025-12-18;8;1529
1;2025-12-18;9;1148
1;2025-12-18;10;1026
1;2025-12-18;11;1084
1;2025-12-18;12;1157
1;2025-12-18;13;1159
1;2025-12-18;14;1108
1;2025-12-18;15;1234
1;2025-12-18;16;1245
1;2025-12-18;17;1453
1;2025-12-18;18;1448
1;2025-12-18;19;1060
1;2025-12-18;20;595
1;2025-12-18;21;334
1;2025-12-18;22;127
1;2025-12-18;23;0
1;2025-12-19;0;0
1;2025-12-19;1;0
1;2025-12-19;2;0
1;2025-12-19;3;0
1;2025-12-19;4;0
1;2025-12-19;5;48
1;2025-12-19;6;331
1;2025-12-19;7;1136
1;2025-12-19;8;1439
1;2025-12-19;9;1090
1;2025-12-19;10;964
1;2025-12-19;11;1074
1;2025-12-19;12;1114
1;2025-12-19;13;1146
1;2025-12-19;14;1076
1;2025-12-19;15;1233
1;2025-12-19;16;1277
1;2025-12-19;17;1412
1;2025-12-19;18;1204
1;2025-12-19;19;869
1;2025-12-19;20;532
1;2025-12-19;21;331
1;2025-12-19;22;130
1;2025-12-19;23;0
1;2025-12-20;0;0
1;2025-12-20;1;0
1;2025-12-20;2;0
1;2025-12-20;3;0
1;2025-12-20;4;0
1;2025-12-20;5;0
1;2025-12-20;6;66
1;2025-12-20;7;177
1;2025-12-20;8;280
1;2025-12-20;9;475
1;2025-12-20;10;519
1;2025-12-20;11;527
1;2025-12-20;12;671
1;2025-12-20;13;725
1;2025-12-20;14;648
1;2025-12-20;15;552
1;2025-12-20;16;522
1;2025-12-20;17;462
1;2025-12-20;18;408
1;2025-12-20;19;340
1;2025-12-20;20;277
1;2025-12-20;21;179
1;2025-12-20;22;50
1;2025-12-20;23;0
1;2025-12-21;0;0
1;2025-12-21;1;0
1;2025-12-21;2;0
1;2025-12-21;3;0
1;2025-12-21;4;0
1;2025-12-21;5;0
1;2025-12-21;6;36
1;2025-12-21;7;123
1;2025-12-21;8;216
1;2025-12-21;9;376
1;2025-12-21;10;446
1;2025-12-21;11;444
1;2025-12-21;12;578
1;2025-12-21;13;604
1;2025-12-21;14;537
1;2025-12-21;15;501
1;2025-12-21;16;441
1;2025-12-21;17;381
1;2025-12-21;18;337
1;2025-12-21;19;296
1;2025-12-21;20;247
1;2025-12-21;21;144
1;2025-12-21;22;26
1;2025-12-21;23;0
1;2025-12-22;0;0
1;2025-12-22;1;0
1;2025-12-22;2;0
1;2025-12-22;3;0
1;2025-12-22;4;0
1;2025-12-22;5;45
1;2025-12-22;6;338
1;2025-12-22;7;1133
1;2025-12-22;8;1531
1;2025-12-22;9;1067
1;2025-12-22;10;916
1;2025-12-22;11;1004
1;2025-12-22;12;1095
1;2025-12-22;13;1110
1;2025-12-22;14;1032
1;2025-12-22;15;1196
1;2025-12-22;16;1241
1;2025-12-22;17;1473
1;2025-12-22;18;1524
1;2025-12-22;19;1118
1;2025-12-22;20;611
1;2025-12-22;21;347
1;2025-12-22;22;124
1;2025-12-22;23;0
1;2025-12-23;0;0
1;2025-12-23;1;0
1;2025-12-23;2;0
1;2025-12-23;3;0
1;2025-12-23;4;0
1;2025-12-23;5;48
1;2025-12-23;6;381
1;2025-12-23;7;1201
1;2025-12-23;8;1582
1;2025-12-23;9;1198
1;2025-12-23;10;1082
1;2025-12-23;11;1104
1;2025-12-23;12;1136
1;2025-12-23;13;1160
1;2025-12-23;14;1059
1;2025-12-23;15;1202
1;2025-12-23;16;1219
1;2025-12-23;17;1433
1;2025-12-23;18;1481
1;2025-12-23;19;1118
1;2025-12-23;20;606
1;2025-12-23;21;336
1;2025-12-23;22;122
1;2025-12-23;23;0
1;2025-12-24;0;0
1;2025-12-24;1;0
1;2025-12-24;2;0
1;2025-12-24;3;0
1;2025-12-24;4;0
1;2025-12-24;5;44
1;2025-12-24;6;355
1;2025-12-24;7;1118
1;2025-12-24;8;1518
1;2025-12-24;9;1136
1;2025-12-24;10;1016
1;2025-12-24;11;1073
1;2025-12-24;12;1115
1;2025-12-24;13;1172
1;2025-12-24;14;1100
1;2025-12-24;15;1213
1;2025-12-24;16;1197
1;2025-12-24;17;1397
1;2025-12-24;18;1436
1;2025-12-24;19;1063
1;2025-12-24;20;590
1;2025-12-24;21;316
1;2025-12-24;22;113
1;2025-12-24;23;0
1;2025-12-25;0;0
1;2025-12-25;1;0
1;2025-12-25;2;0
1;2025-12-25;3;0
1;2025-12-25;4;0
1;2025-12-25;5;21
1;2025-12-25;6;311
1;2025-12-25;7;1086
1;2025-12-25;8;1510
1;2025-12-25;9;1141
1;2025-12-25;10;1027
1;2025-12-25;11;1088
1;2025-12-25;12;1151
1;2025-12-25;13;1146
1;2025-12-25;14;1103
1;2025-12-25;15;1206
1;2025-12-25;16;1214
1;2025-12-25;17;1430
1;2025-12-25;18;1437
1;2025-12-25;19;1055
1;2025-12-25;20;591
1;2025-12-25;21;339
1;2025-12-25;22;128
1;2025-12-25;23;7
1;2025-12-26;0;0
1;2025-12-26;1;0
1;2025-12-26;2;0
1;2025-12-26;3;0
1;2025-12-26;4;0
1;2025-12-26;5;43
1;2025-12-26;6;324
1;2025-12-26;7;1097
1;2025-12-26;8;1430
1;2025-12-26;9;1118
1;2025-12-26;10;980
1;2025-12-26;11;1057
1;2025-12-26;12;1108
1;2025-12-26;13;1124
1;2025-12-26;14;1059
1;2025-12-26;15;1214
1;2025-12-26;16;1276
1;2025-12-26;17;1413
1;2025-12-26;18;1202
1;2025-12-26;19;891
1;2025-12-26;20;525
1;2025-12-26;21;341
1;2025-12-26;22;135
1;2025-12-26;23;10
1;2025-12-27;0;0
1;2025-12-27;1;0
1;2025-12-27;2;0
1;2025-12-27;3;0
1;2025-12-27;4;0
1;2025-12-27;5;0
1;2025-12-27;6;62
1;2025-12-27;7;175
1;2025-12-27;8;284
1;2025-12-27;9;463
1;2025-12-27;10;512
1;2025-12-27;11;507
1;2025-12-27;12;660
1;2025-12-27;13;715
1;2025-12-27;14;640
1;2025-12-27;15;544
1;2025-12-27;16;512
1;2025-12-27;17;453
1;2025-12-27;18;400
1;2025-12-27;19;329
1;2025-12-27;20;251
1;2025-12-27;21;164
1;2025-12-27;22;49
1;2025-12-27;23;0
1;2025-12-28;0;0
1;2025-12-28;1;0
1;2025-12-28;2;0
1;2025-12-28;3;0
1;2025-12-28;4;0
1;2025-12-28;5;0
1;2025-12-28;6;16
1;2025-12-28;7;101
1;2025-12-28;8;207
1;2025-12-28;9;374
1;2025-12-28;10;437
1;2025-12-28;11;429
1;2025-12-28;12;562
1;2025-12-28;13;588
1;2025-12-28;14;521
1;2025-12-28;15;489
1;2025-12-28;16;432
1;2025-12-28;17;372
1;2025-12-28;18;325
1;2025-12-28;19;273
1;2025-12-28;20;227
1;2025-12-28;21;133
1;2025-12-28;22;18
1;2025-12-28;23;0
1;2025-12-29;0;0
1;2025-12-29;1;0
1;2025-12-29;2;0
1;2025-12-29;3;0
1;2025-12-29;4;0
1;2025-12-29;5;26
1;2025-12-29;6;309
1;2025-12-29;7;1061
1;2025-12-29;8;1466
1;2025-12-29;9;1011
1;2025-12-29;10;866
1;2025-12-29;11;946
1;2025-12-29;12;1035
1;2025-12-29;13;1055
1;2025-12-29;14;966
1;2025-12-29;15;1124
1;2025-12-29;16;1164
1;2025-12-29;17;1381
1;2025-12-29;18;1429
1;2025-12-29;19;1031
1;2025-12-29;20;544
1;2025-12-29;21;315
1;2025-12-29;22;100
1;2025-12-29;23;0
1;2025-12-30;0;0
1;2025-12-30;1;0
1;2025-12-30;2;0
1;2025-12-30;3;0
1;2025-12-30;4;0
1;2025-12-30;5;23
1;2025-12-30;6;310
1;2025-12-30;7;1086
1;2025-12-30;8;1478
1;2025-12-30;9;1116
1;2025-12-30;10;991
1;2025-12-30;11;1014
1;2025-12-30;12;1049
1;2025-12-30;13;1087
1;2025-12-30;14;989
1;2025-12-30;15;1125
1;2025-12-30;16;1138
1;2025-12-30;17;1344
1;2025-12-30;18;1392
1;2025-12-30;19;1055
1;2025-12-30;20;570
1;2025-12-30;21;311
1;2025-12-30;22;105
1;2025-12-30;23;0
1;2025-12-31;0;0
1;2025-12-31;1;0
1;2025-12-31;2;0
1;2025-12-31;3;0
1;2025-12-31;4;0
1;2025-12-31;5;0
1;2025-12-31;6;119
1;2025-12-31;7;104
1;2025-12-31;8;107
1;2025-12-31;9;190
1;2025-12-31;10;246
1;2025-12-31;11;244
1;2025-12-31;12;405
1;2025-12-31;13;385
1;2025-12-31;14;370
1;2025-12-31;15;398
1;2025-12-31;16;392
1;2025-12-31;17;377
1;2025-12-31;18;252
1;2025-12-31;19;241
1;2025-12-31;20;188
1;2025-12-31;21;217
1;2025-12-31;22;67
1;2025-12-31;23;0
5;2025-11-01;0;0
5;2025-11-01;1;0
5;2025-11-01;2;0
5;2025-11-01;3;0
5;2025-11-01;4;0
5;2025-11-01;5;0
5;2025-11-01;6;0
5;2025-11-01;7;0
5;2025-11-01;8;0
5;2025-11-01;9;0
5;2025-11-01;10;0
5;2025-11-01;11;0
5;2025-11-01;12;0
5;2025-11-01;13;0
5;2025-11-01;14;0
5;2025-11-01;15;0
5;2025-11-01;16;0
5;2025-11-01;17;0
5;2025-11-01;18;0
5;2025-11-01;19;0
5;2025-11-01;20;0
5;2025-11-01;21;0
5;2025-11-01;22;0
5;2025-11-01;23;0
5;2025-11-02;0;0
5;2025-11-02;1;0
5;2025-11-02;2;0
5;2025-11-02;3;0
5;2025-11-02;4;0
5;2025-11-02;5;0
5;2025-11-02;6;0
5;2025-11-02;7;0
5;2025-11-02;8;0
5;2025-11-02;9;0
5;2025-11-02;10;0
5;2025-11-02;11;0
5;2025-11-02;12;0
5;2025-11-02;13;0
5;2025-11-02;14;0
5;2025-11-02;15;0
5;2025-11-02;16;0
5;2025-11-02;17;0
5;2025-11-02;18;0
5;2025-11-02;19;0
5;2025-11-02;20;0
5;2025-11-02;21;0
5;2025-11-02;22;0
5;2025-11-02;23;0
5;2025-11-03;0;0
5;2025-11-03;1;0
5;2025-11-03;2;0
5;2025-11-03;3;0
5;2025-11-03;4;0
5;2025-11-03;5;0
5;2025-11-03;6;0
5;2025-11-03;7;0
5;2025-11-03;8;0
5;2025-11-03;9;0
5;2025-11-03;10;0
5;2025-11-03;11;0
5;2025-11-03;12;0
5;2025-11-03;13;0
5;2025-11-03;14;0
5;2025-11-03;15;0
5;2025-11-03;16;0
5;2025-11-03;17;0
5;2025-11-03;18;0
5;2025-11-03;19;0
5;2025-11-03;20;0
5;2025-11-03;21;0
5;2025-11-03;22;0
5;2025-11-03;23;0
5;2025-11-04;0;0
5;2025-11-04;1;0
5;2025-11-04;2;0
5;2025-11-04;3;0
5;2025-11-04;4;0
5;2025-11-04;5;0
5;2025-11-04;6;0
5;2025-11-04;7;0
5;2025-11-04;8;0
5;2025-11-04;9;0
5;2025-11-04;10;0
5;2025-11-04;11;0
5;2025-11-04;12;0
5;2025-11-04;13;0
5;2025-11-04;14;0
5;2025-11-04;15;0
5;2025-11-04;16;0
5;2025-11-04;17;0
5;2025-11-04;18;0
5;2025-11-04;19;0
5;2025-11-04;20;0
5;2025-11-04;21;0
5;2025-11-04;22;0
5;2025-11-04;23;0
5;2025-11-05;0;0
5;2025-11-05;1;0
5;2025-11-05;2;0
5;2025-11-05;3;0
5;2025-11-05;4;0
5;2025-11-05;5;0
5;2025-11-05;6;0
5;2025-11-05;7;0
5;2025-11-05;8;0
5;2025-11-05;9;0
5;2025-11-05;10;0
5;2025-11-05;11;0
5;2025-11-05;12;0
5;2025-11-05;13;0
5;2025-11-05;14;0
5;2025-11-05;15;0
5;2025-11-05;16;0
5;2025-11-05;17;0
5;2025-11-05;18;0
5;2025-11-05;19;0
5;2025-11-05;20;0
5;2025-11-05;21;0
5;2025-11-05;22;0
5;2025-11-05;23;0
5;2025-11-06;0;0
5;2025-11-06;1;0
5;2025-11-06;2;0
5;2025-11-06;3;0
5;2025-11-06;4;0
5;2025-11-06;5;0
5;2025-11-06;6;0
5;2025-11-06;7;0
5;2025-11-06;8;0
5;2025-11-06;9;0
5;2025-11-06;10;0
5;2025-11-06;11;0
5;2025-11-06;12;0
5;2025-11-06;13;0
5;2025-11-06;14;0
5;2025-11-06;15;0
5;2025-11-06;16;0
5;2025-11-06;17;0
5;2025-11-06;18;0
5;2025-11-06;19;0
5;2025-11-06;20;0
5;2025-11-06;21;0
5;2025-11-06;22;0
5;2025-11-06;23;0
5;2025-11-07;0;0
5;2025-11-07;1;0
5;2025-11-07;2;0
5;2025-11-07;3;0
5;2025-11-07;4;0
5;2025-11-07;5;0
5;2025-11-07;6;0
5;2025-11-07;7;0
5;2025-11-07;8;0
5;2025-11-07;9;0
5;2025-11-07;10;0
5;2025-11-07;11;0
5;2025-11-07;12;0
5;2025-11-07;13;0
5;2025-11-07;14;0
5;2025-11-07;15;0
5;2025-11-07;16;0
5;2025-11-07;17;0
5;2025-11-07;18;0
5;2025-11-07;19;0
5;2025-11-07;20;0
5;2025-11-07;21;0
5;2025-11-07;22;0
5;2025-11-07;23;0
5;2025-11-08;0;0
5;2025-11-08;1;0
5;2025-11-08;2;0
5;2025-11-08;3;0
5;2025-11-08;4;0
5;2025-11-08;5;0
5;2025-11-08;6;0
5;2025-11-08;7;0
5;2025-11-08;8;0
5;2025-11-08;9;0
5;2025-11-08;10;0
5;2025-11-08;11;0
5;2025-11-08;12;0
5;2025-11-08;13;0
5;2025-11-08;14;0
5;2025-11-08;15;0
5;2025-11-08;16;0
5;2025-11-08;17;0
5;2025-11-08;18;0
5;2025-11-08;19;0
5;2025-11-08;20;0
5;2025-11-08;21;0
5;2025-11-08;22;0
5;2025-11-08;23;0
5;2025-11-09;0;0
5;2025-11-09;1;0
5;2025-11-09;2;0
5;2025-11-09;3;0
5;2025-11-09;4;0
5;2025-11-09;5;0
5;2025-11-09;6;0
5;2025-11-09;7;0
5;2025-11-09;8;0
5;2025-11-09;9;0
5;2025-11-09;10;0
5;2025-11-09;11;0
5;2025-11-09;12;0
5;2025-11-09;13;0
5;2025-11-09;14;0
5;2025-11-09;15;0
5;2025-11-09;16;0
5;2025-11-09;17;0
5;2025-11-09;18;0
5;2025-11-09;19;0
5;2025-11-09;20;0
5;2025-11-09;21;0
5;2025-11-09;22;0
5;2025-11-09;23;0
5;2025-11-10;0;0
5;2025-11-10;1;0
5;2025-11-10;2;0
5;2025-11-10;3;0
5;2025-11-10;4;0
5;2025-11-10;5;0
5;2025-11-10;6;0
5;2025-11-10;7;0
5;2025-11-10;8;0
5;2025-11-10;9;0
5;2025-11-10;10;0
5;2025-11-10;11;0
5;2025-11-10;12;0
5;2025-11-10;13;0
5;2025-11-10;14;0
5;2025-11-10;15;0
5;2025-11-10;16;0
5;2025-11-10;17;0
5;2025-11-10;18;0
5;2025-11-10;19;0
5;2025-11-10;20;0
5;2025-11-10;21;0
5;2025-11-10;22;0
5;2025-11-10;23;0
5;2025-11-11;0;0
5;2025-11-11;1;0
5;2025-11-11;2;0
5;2025-11-11;3;0
5;2025-11-11;4;0
5;2025-11-11;5;0
5;2025-11-11;6;0
5;2025-11-11;7;0
5;2025-11-11;8;0
5;2025-11-11;9;0
5;2025-11-11;10;0
5;2025-11-11;11;0
5;2025-11-11;12;0
5;2025-11-11;13;0
5;2025-11-11;14;0
5;2025-11-11;15;0
5;2025-11-11;16;0
5;2025-11-11;17;0
5;2025-11-11;18;0
5;2025-11-11;19;0
5;2025-11-11;20;0
5;2025-11-11;21;0
5;2025-11-11;22;0
5;2025-11-11;23;0
5;2025-11-12;0;0
5;2025-11-12;1;0
5;2025-11-12;2;0
5;2025-11-12;3;0
5;2025-11-12;4;0
5;2025-11-12;5;0
5;2025-11-12;6;0
5;2025-11-12;7;0
5;2025-11-12;8;0
5;2025-11-12;9;0
5;2025-11-12;10;0
5;2025-11-12;11;0
5;2025-11-12;12;0
5;2025-11-12;13;0
5;2025-11-12;14;0
5;2025-11-12;15;0
5;2025-11-12;16;0
5;2025-11-12;17;0
5;2025-11-12;18;0
5;2025-11-12;19;0
5;2025-11-12;20;0
5;2025-11-12;21;0
5;2025-11-12;22;0
5;2025-11-12;23;0
5;2025-11-13;0;0
5;2025-11-13;1;0
5;2025-11-13;2;0
5;2025-11-13;3;0
5;2025-11-13;4;0
5;2025-11-13;5;0
5;2025-11-13;6;0
5;2025-11-13;7;0
5;2025-11-13;8;0
5;2025-11-13;9;0
5;2025-11-13;10;0
5;2025-11-13;11;0
5;2025-11-13;12;0
5;2025-11-13;13;0
5;2025-11-13;14;0
5;2025-11-13;15;0
5;2025-11-13;16;0
5;2025-11-13;17;0
5;2025-11-13;18;0
5;2025-11-13;19;0
5;2025-11-13;20;0
5;2025-11-13;21;0
5;2025-11-13;22;0
5;2025-11-13;23;0
5;2025-11-14;0;0
5;2025-11-14;1;0
5;2025-11-14;2;0
5;2025-11-14;3;0
5;2025-11-14;4;0
5;2025-11-14;5;0
5;2025-11-14;6;0
5;2025-11-14;7;0
5;2025-11-14;8;0
5;2025-11-14;9;0
5;2025-11-14;10;0
5;2025-11-14;11;0
5;2025-11-14;12;0
5;2025-11-14;13;0
5;2025-11-14;14;0
5;2025-11-14;15;0
5;2025-11-14;16;0
5;2025-11-14;17;0
5;2025-11-14;18;0
5;2025-11-14;19;0
5;2025-11-14;20;0
5;2025-11-14;21;0
5;2025-11-14;22;0
5;2025-11-14;23;0
5;2025-11-15;0;0
5;2025-11-15;1;0
5;2025-11-15;2;0
5;2025-11-15;3;0
5;2025-11-15;4;0
5;2025-11-15;5;0
5;2025-11-15;6;0
5;2025-11-15;7;0
5;2025-11-15;8;0
5;2025-11-15;9;0
5;2025-11-15;10;0
5;2025-11-15;11;0
5;2025-11-15;12;0
5;2025-11-15;13;0
5;2025-11-15;14;0
5;2025-11-15;15;0
5;2025-11-15;16;0
5;2025-11-15;17;0
5;2025-11-15;18;0
5;2025-11-15;19;0
5;2025-11-15;20;0
5;2025-11-15;21;0
5;2025-11-15;22;0
5;2025-11-15;23;0
5;2025-11-16;0;0
5;2025-11-16;1;0
5;2025-11-16;2;0
5;2025-11-16;3;0
5;2025-11-16;4;0
5;2025-11-16;5;0
5;2025-11-16;6;0
5;2025-11-16;7;0
5;2025-11-16;8;0
5;2025-11-16;9;0
5;2025-11-16;10;0
5;2025-11-16;11;0
5;2025-11-16;12;0
5;2025-11-16;13;0
5;2025-11-16;14;0
5;2025-11-16;15;0
5;2025-11-16;16;0
5;2025-11-16;17;0
5;2025-11-16;18;0
5;2025-11-16;19;0
5;2025-11-16;20;0
5;2025-11-16;21;0
5;2025-11-16;22;0
5;2025-11-16;23;0
5;2025-11-17;0;0
5;2025-11-17;1;0
5;2025-11-17;2;0
5;2025-11-17;3;0
5;2025-11-17;4;0
5;2025-11-17;5;0
5;2025-11-17;6;0
5;2025-11-17;7;0
5;2025-11-17;8;0
5;2025-11-17;9;0
5;2025-11-17;10;0
5;2025-11-17;11;0
5;2025-11-17;12;0
5;2025-11-17;13;0
5;2025-11-17;14;0
5;2025-11-17;15;0
5;2025-11-17;16;0
5;2025-11-17;17;0
5;2025-11-17;18;0
5;2025-11-17;19;0
5;2025-11-17;20;0
5;2025-11-17;21;0
5;2025-11-17;22;0
5;2025-11-17;23;0
5;2025-11-18;0;0
5;2025-11-18;1;0
5;2025-11-18;2;0
5;2025-11-18;3;0
5;2025-11-18;4;0
5;2025-11-18;5;0
5;2025-11-18;6;0
5;2025-11-18;7;0
5;2025-11-18;8;0
5;2025-11-18;9;0
5;2025-11-18;10;0
5;2025-11-18;11;0
5;2025-11-18;12;0
5;2025-11-18;13;0
5;2025-11-18;14;0
5;2025-11-18;15;0
5;2025-11-18;16;0
5;2025-11-18;17;0
5;2025-11-18;18;0
5;2025-11-18;19;0
5;2025-11-18;20;0
5;2025-11-18;21;0
5;2025-11-18;22;0
5;2025-11-18;23;0
5;2025-11-19;0;0
5;2025-11-19;1;0
5;2025-11-19;2;0
5;2025-11-19;3;0
5;2025-11-19;4;0
5;2025-11-19;5;0
5;2025-11-19;6;0
5;2025-11-19;7;0
5;2025-11-19;8;0
5;2025-11-19;9;0
5;2025-11-19;10;0
5;2025-11-19;11;0
5;2025-11-19;12;0
5;2025-11-19;13;0
5;2025-11-19;14;0
5;2025-11-19;15;0
5;2025-11-19;16;0
5;2025-11-19;17;0
5;2025-11-19;18;0
5;2025-11-19;19;0
5;2025-11-19;20;0
5;2025-11-19;21;0
5;2025-11-19;22;0
5;2025-11-19;23;0
5;2025-11-20;0;0
5;2025-11-20;1;0
5;2025-11-20;2;0
5;2025-11-20;3;0
5;2025-11-20;4;0
5;2025-11-20;5;0
5;2025-11-20;6;0
5;2025-11-20;7;0
5;2025-11-20;8;0
5;2025-11-20;9;0
5;2025-11-20;10;0
5;2025-11-20;11;0
5;2025-11-20;12;0
5;2025-11-20;13;0
5;2025-11-20;14;0
5;2025-11-20;15;0
5;2025-11-20;16;0
5;2025-11-20;17;0
5;2025-11-20;18;0
5;2025-11-20;19;0
5;2025-11-20;20;0
5;2025-11-20;21;0
5;2025-11-20;22;0
5;2025-11-20;23;0
5;2025-11-21;0;0
5;2025-11-21;1;0
5;2025-11-21;2;0
5;2025-11-21;3;0
5;2025-11-21;4;0
5;2025-11-21;5;0
5;2025-11-21;6;0
5;2025-11-21;7;0
5;2025-11-21;8;0
5;2025-11-21;9;0
5;2025-11-21;10;0
5;2025-11-21;11;0
5;2025-11-21;12;0
5;2025-11-21;13;0
5;2025-11-21;14;0
5;2025-11-21;15;0
5;2025-11-21;16;0
5;2025-11-21;17;0
5;2025-11-21;18;0
5;2025-11-21;19;0
5;2025-11-21;20;0
5;2025-11-21;21;0
5;2025-11-21;22;0
5;2025-11-21;23;0
5;2025-11-22;0;0
5;2025-11-22;1;0
5;2025-11-22;2;0
5;2025-11-22;3;0
5;2025-11-22;4;0
5;2025-11-22;5;0
5;2025-11-22;6;0
5;2025-11-22;7;0
5;2025-11-22;8;0
5;2025-11-22;9;0
5;2025-11-22;10;0
5;2025-11-22;11;0
5;2025-11-22;12;0
5;2025-11-22;13;0
5;2025-11-22;14;0
5;2025-11-22;15;0
5;2025-11-22;16;0
5;2025-11-22;17;0
5;2025-11-22;18;0
5;2025-11-22;19;0
5;2025-11-22;20;0
5;2025-11-22;21;0
5;2025-11-22;22;0
5;2025-11-22;23;0
5;2025-11-23;0;0
5;2025-11-23;1;0
5;2025-11-23;2;0
5;2025-11-23;3;0
5;2025-11-23;4;0
5;2025-11-23;5;0
5;2025-11-23;6;0
5;2025-11-23;7;0
5;2025-11-23;8;0
5;2025-11-23;9;0
5;2025-11-23;10;0
5;2025-11-23;11;0
5;2025-11-23;12;0
5;2025-11-23;13;0
5;2025-11-23;14;0
5;2025-11-23;15;0
5;2025-11-23;16;0
5;2025-11-23;17;0
5;2025-11-23;18;0
5;2025-11-23;19;0
5;2025-11-23;20;0
5;2025-11-23;21;0
5;2025-11-23;22;0
5;2025-11-23;23;0
5;2025-11-24;0;0
5;2025-11-24;1;0
5;2025-11-24;2;0
5;2025-11-24;3;0
5;2025-11-24;4;0
5;2025-11-24;5;0
5;2025-11-24;6;0
5;2025-11-24;7;0
5;2025-11-24;8;0
5;2025-11-24;9;0
5;2025-11-24;10;0
5;2025-11-24;11;0
5;2025-11-24;12;0
5;2025-11-24;13;0
5;2025-11-24;14;0
5;2025-11-24;15;0
5;2025-11-24;16;0
5;2025-11-24;17;0
5;2025-11-24;18;0
5;2025-11-24;19;0
5;2025-11-24;20;0
5;2025-11-24;21;0
5;2025-11-24;22;0
5;2025-11-24;23;0
5;2025-11-25;0;0
5;2025-11-25;1;0
5;2025-11-25;2;0
5;2025-11-25;3;0
5;2025-11-25;4;0
5;2025-11-25;5;0
5;2025-11-25;6;0
5;2025-11-25;7;0
5;2025-11-25;8;0
5;2025-11-25;9;0
5;2025-11-25;10;0
5;2025-11-25;11;0
5;2025-11-25;12;0
5;2025-11-25;13;0
5;2025-11-25;14;0
5;2025-11-25;15;0
5;2025-11-25;16;0
5;2025-11-25;17;0
5;2025-11-25;18;0
5;2025-11-25;19;0
5;2025-11-25;20;0
5;2025-11-25;21;0
5;2025-11-25;22;0
5;2025-11-25;23;0
5;2025-11-26;0;0
5;2025-11-26;1;0
5;2025-11-26;2;0
5;2025-11-26;3;0
5;2025-11-26;4;0
5;2025-11-26;5;0
5;2025-11-26;6;0
5;2025-11-26;7;0
5;2025-11-26;8;0
5;2025-11-26;9;0
5;2025-11-26;10;0
5;2025-11-26;11;0
5;2025-11-26;12;0
5;2025-11-26;13;0
5;2025-11-26;14;0
5;2025-11-26;15;0
5;2025-11-26;16;0
5;2025-11-26;17;0
5;2025-11-26;18;0
5;2025-11-26;19;0
5;2025-11-26;20;0
5;2025-11-26;21;0
5;2025-11-26;22;0
5;2025-11-26;23;0
5;2025-11-27;0;0
5;2025-11-27;1;0
5;2025-11-27;2;0
5;2025-11-27;3;0
5;2025-11-27;4;0
5;2025-11-27;5;0
5;2025-11-27;6;0
5;2025-11-27;7;0
5;2025-11-27;8;0
5;2025-11-27;9;0
5;2025-11-27;10;0
5;2025-11-27;11;0
5;2025-11-27;12;0
5;2025-11-27;13;0
5;2025-11-27;14;0
5;2025-11-27;15;0
5;2025-11-27;16;0
5;2025-11-27;17;0
5;2025-11-27;18;0
5;2025-11-27;19;0
5;2025-11-27;20;0
5;2025-11-27;21;0
5;2025-11-27;22;0
5;2025-11-27;23;0
5;2025-11-28;0;0
5;2025-11-28;1;0
5;2025-11-28;2;0
5;2025-11-28;3;0
5;2025-11-28;4;0
5;2025-11-28;5;0
5;2025-11-28;6;0
5;2025-11-28;7;0
5;2025-11-28;8;0
5;2025-11-28;9;0
5;2025-11-28;10;0
5;2025-11-28;11;0
5;2025-11-28;12;0
5;2025-11-28;13;0
5;2025-11-28;14;0
5;2025-11-28;15;0
5;2025-11-28;16;0
5;2025-11-28;17;0
5;2025-11-28;18;0
5;2025-11-28;19;0
5;2025-11-28;20;0
5;2025-11-28;21;0
5;2025-11-28;22;0
5;2025-11-28;23;0
5;2025-11-29;0;0
5;2025-11-29;1;0
5;2025-11-29;2;0
5;2025-11-29;3;0
5;2025-11-29;4;0
5;2025-11-29;5;0
5;2025-11-29;6;0
5;2025-11-29;7;0
5;2025-11-29;8;0
5;2025-11-29;9;0
5;2025-11-29;10;0
5;2025-11-29;11;0
5;2025-11-29;12;0
5;2025-11-29;13;0
5;2025-11-29;14;0
5;2025-11-29;15;0
5;2025-11-29;16;0
5;2025-11-29;17;0
5;2025-11-29;18;0
5;2025-11-29;19;0
5;2025-11-29;20;0
5;2025-11-29;21;0
5;2025-11-29;22;0
5;2025-11-29;23;0
5;2025-11-30;0;0
5;2025-11-30;1;0
5;2025-11-30;2;0
5;2025-11-30;3;0
5;2025-11-30;4;0
5;2025-11-30;5;0
5;2025-11-30;6;0
5;2025-11-30;7;0
5;2025-11-30;8;0
5;2025-11-30;9;0
5;2025-11-30;10;0
5;2025-11-30;11;0
5;2025-11-30;12;0
5;2025-11-30;13;0
5;2025-11-30;14;0
5;2025-11-30;15;0
5;2025-11-30;16;0
5;2025-11-30;17;0
5;2025-11-30;18;0
5;2025-11-30;19;0
5;2025-11-30;20;0
5;2025-11-30;21;0
5;2025-11-30;22;0
5;2025-11-30;23;0
5;2025-12-01;0;0
5;2025-12-01;1;0
5;2025-12-01;2;0
5;2025-12-01;3;0
5;2025-12-01;4;0
5;2025-12-01;5;0
5;2025-12-01;6;0
5;2025-12-01;7;0
5;2025-12-01;8;0
5;2025-12-01;9;0
5;2025-12-01;10;0
5;2025-12-01;11;0
5;2025-12-01;12;0
5;2025-12-01;13;0
5;2025-12-01;14;0
5;2025-12-01;15;0
5;2025-12-01;16;0
5;2025-12-01;17;0
5;2025-12-01;18;0
5;2025-12-01;19;0
5;2025-12-01;20;0
5;2025-12-01;21;0
5;2025-12-01;22;0
5;2025-12-01;23;0
5;2025-12-02;0;0
5;2025-12-02;1;0
5;2025-12-02;2;0
5;2025-12-02;3;0
5;2025-12-02;4;0
5;2025-12-02;5;0
5;2025-12-02;6;0
5;2025-12-02;7;0
5;2025-12-02;8;0
5;2025-12-02;9;0
5;2025-12-02;10;0
5;2025-12-02;11;0
5;2025-12-02;12;0
5;2025-12-02;13;0
5;2025-12-02;14;0
5;2025-12-02;15;0
5;2025-12-02;16;0
5;2025-12-02;17;0
5;2025-12-02;18;0
5;2025-12-02;19;0
5;2025-12-02;20;0
5;2025-12-02;21;0
5;2025-12-02;22;0
5;2025-12-02;23;0
5;2025-12-03;0;0
5;2025-12-03;1;0
5;2025-12-03;2;0
5;2025-12-03;3;0
5;2025-12-03;4;0
5;2025-12-03;5;0
5;2025-12-03;6;0
5;2025-12-03;7;0
5;2025-12-03;8;0
5;2025-12-03;9;0
5;2025-12-03;10;0
5;2025-12-03;11;0
5;2025-12-03;12;0
5;2025-12-03;13;0
5;2025-12-03;14;0
5;2025-12-03;15;0
5;2025-12-03;16;0
5;2025-12-03;17;0
5;2025-12-03;18;0
5;2025-12-03;19;0
5;2025-12-03;20;0
5;2025-12-03;21;0
5;2025-12-03;22;0
5;2025-12-03;23;0
5;2025-12-04;0;0
5;2025-12-04;1;0
5;2025-12-04;2;0
5;2025-12-04;3;0
5;2025-12-04;4;0
5;2025-12-04;5;0
5;2025-12-04;6;0
5;2025-12-04;7;0
5;2025-12-04;8;0
5;2025-12-04;9;0
5;2025-12-04;10;0
5;2025-12-04;11;0
5;2025-12-04;12;0
5;2025-12-04;13;0
5;2025-12-04;14;0
5;2025-12-04;15;0
5;2025-12-04;16;0
5;2025-12-04;17;0
5;2025-12-04;18;0
5;2025-12-04;19;0
5;2025-12-04;20;0
5;2025-12-04;21;0
5;2025-12-04;22;0
5;2025-12-04;23;0
5;2025-12-05;0;0
5;2025-12-05;1;0
5;2025-12-05;2;0
5;2025-12-05;3;0
5;2025-12-05;4;0
5;2025-12-05;5;0
5;2025-12-05;6;0
5;2025-12-05;7;0
5;2025-12-05;8;0
5;2025-12-05;9;0
5;2025-12-05;10;0
5;2025-12-05;11;0
5;2025-12-05;12;0
5;2025-12-05;13;0
5;2025-12-05;14;0
5;2025-12-05;15;0
5;2025-12-05;16;0
5;2025-12-05;17;0
5;2025-12-05;18;0
5;2025-12-05;19;0
5;2025-12-05;20;0
5;2025-12-05;21;0
5;2025-12-05;22;0
5;2025-12-05;23;0
5;2025-12-06;0;0
5;2025-12-06;1;0
5;2025-12-06;2;0
5;2025-12-06;3;0
5;2025-12-06;4;0
5;2025-12-06;5;0
5;2025-12-06;6;0
5;2025-12-06;7;0
5;2025-12-06;8;0
5;2025-12-06;9;0
5;2025-12-06;10;0
5;2025-12-06;11;0
5;2025-12-06;12;0
5;2025-12-06;13;0
5;2025-12-06;14;0
5;2025-12-06;15;0
5;2025-12-06;16;0
5;2025-12-06;17;0
5;2025-12-06;18;0
5;2025-12-06;19;0
5;2025-12-06;20;0
5;2025-12-06;21;0
5;2025-12-06;22;0
5;2025-12-06;23;0
5;2025-12-07;0;0
5;2025-12-07;1;0
5;2025-12-07;2;0
5;2025-12-07;3;0
5;2025-12-07;4;0
5;2025-12-07;5;0
5;2025-12-07;6;0
5;2025-12-07;7;0
5;2025-12-07;8;0
5;2025-12-07;9;0
5;2025-12-07;10;0
5;2025-12-07;11;0
5;2025-12-07;12;0
5;2025-12-07;13;0
5;2025-12-07;14;0
5;2025-12-07;15;0
5;2025-12-07;16;0
5;2025-12-07;17;0
5;2025-12-07;18;0
5;2025-12-07;19;0
5;2025-12-07;20;0
5;2025-12-07;21;0
5;2025-12-07;22;0
5;2025-12-07;23;0
5;2025-12-08;0;0
5;2025-12-08;1;0
5;2025-12-08;2;0
5;2025-12-08;3;0
5;2025-12-08;4;0
5;2025-12-08;5;0
5;2025-12-08;6;0
5;2025-12-08;7;0
5;2025-12-08;8;0
5;2025-12-08;9;0
5;2025-12-08;10;0
5;2025-12-08;11;0
5;2025-12-08;12;0
5;2025-12-08;13;0
5;2025-12-08;14;0
5;2025-12-08;15;0
5;2025-12-08;16;0
5;2025-12-08;17;0
5;2025-12-08;18;0
5;2025-12-08;19;0
5;2025-12-08;20;0
5;2025-12-08;21;0
5;2025-12-08;22;0
5;2025-12-08;23;0
5;2025-12-09;0;0
5;2025-12-09;1;0
5;2025-12-09;2;0
5;2025-12-09;3;0
5;2025-12-09;4;0
5;2025-12-09;5;0
5;2025-12-09;6;0
5;2025-12-09;7;0
5;2025-12-09;8;0
5;2025-12-09;9;0
5;2025-12-09;10;0
5;2025-12-09;11;0
5;2025-12-09;12;0
5;2025-12-09;13;0
5;2025-12-09;14;0
5;2025-12-09;15;0
5;2025-12-09;16;0
5;2025-12-09;17;0
5;2025-12-09;18;0
5;2025-12-09;19;0
5;2025-12-09;20;0
5;2025-12-09;21;0
5;2025-12-09;22;0
5;2025-12-09;23;0
5;2025-12-10;0;0
5;2025-12-10;1;0
5;2025-12-10;2;0
5;2025-12-10;3;0
5;2025-12-10;4;0
5;2025-12-10;5;0
5;2025-12-10;6;0
5;2025-12-10;7;0
5;2025-12-10;8;0
5;2025-12-10;9;0
5;2025-12-10;10;0
5;2025-12-10;11;0
5;2025-12-10;12;0
5;2025-12-10;13;0
5;2025-12-10;14;0
5;2025-12-10;15;0
5;2025-12-10;16;0
5;2025-12-10;17;0
5;2025-12-10;18;0
5;2025-12-10;19;0
5;2025-12-10;20;0
5;2025-12-10;21;0
5;2025-12-10;22;0
5;2025-12-10;23;0
5;2025-12-11;0;0
5;2025-12-11;1;0
5;2025-12-11;2;0
5;2025-12-11;3;0
5;2025-12-11;4;0
5;2025-12-11;5;0
5;2025-12-11;6;0
5;2025-12-11;7;0
5;2025-12-11;8;0
5;2025-12-11;9;0
5;2025-12-11;10;0
5;2025-12-11;11;0
5;2025-12-11;12;0
5;2025-12-11;13;0
5;2025-12-11;14;0
5;2025-12-11;15;0
5;2025-12-11;16;0
5;2025-12-11;17;0
5;2025-12-11;18;0
5;2025-12-11;19;0
5;2025-12-11;20;0
5;2025-12-11;21;0
5;2025-12-11;22;0
5;2025-12-11;23;0
5;2025-12-12;0;0
5;2025-12-12;1;0
5;2025-12-12;2;0
5;2025-12-12;3;0
5;2025-12-12;4;0
5;2025-12-12;5;0
5;2025-12-12;6;0
5;2025-12-12;7;0
5;2025-12-12;8;0
5;2025-12-12;9;0
5;2025-12-12;10;0
5;2025-12-12;11;0
5;2025-12-12;12;0
5;2025-12-12;13;0
5;2025-12-12;14;0
5;2025-12-12;15;0
5;2025-12-12;16;0
5;2025-12-12;17;0
5;2025-12-12;18;0
5;2025-12-12;19;0
5;2025-12-12;20;0
5;2025-12-12;21;0
5;2025-12-12;22;0
5;2025-12-12;23;0
5;2025-12-13;0;0
5;2025-12-13;1;0
5;2025-12-13;2;0
5;2025-12-13;3;0
5;2025-12-13;4;0
5;2025-12-13;5;0
5;2025-12-13;6;0
5;2025-12-13;7;0
5;2025-12-13;8;0
5;2025-12-13;9;0
5;2025-12-13;10;0
5;2025-12-13;11;0
5;2025-12-13;12;0
5;2025-12-13;13;0
5;2025-12-13;14;0
5;2025-12-13;15;0
5;2025-12-13;16;0
5;2025-12-13;17;0
5;2025-12-13;18;0
5;2025-12-13;19;0
5;2025-12-13;20;0
5;2025-12-13;21;0
5;2025-12-13;22;0
5;2025-12-13;23;0
5;2025-12-14;0;0
5;2025-12-14;1;0
5;2025-12-14;2;0
5;2025-12-14;3;0
5;2025-12-14;4;0
5;2025-12-14;5;0
5;2025-12-14;6;0
5;2025-12-14;7;0
5;2025-12-14;8;0
5;2025-12-14;9;0
5;2025-12-14;10;0
5;2025-12-14;11;0
5;2025-12-14;12;0
5;2025-12-14;13;0
5;2025-12-14;14;0
5;2025-12-14;15;0
5;2025-12-14;16;0
5;2025-12-14;17;0
5;2025-12-14;18;0
5;2025-12-14;19;0
5;2025-12-14;20;0
5;2025-12-14;21;0
5;2025-12-14;22;0
5;2025-12-14;23;0
5;2025-12-15;0;0
5;2025-12-15;1;0
5;2025-12-15;2;0
5;2025-12-15;3;0
5;2025-12-15;4;0
5;2025-12-15;5;0
5;2025-12-15;6;0
5;2025-12-15;7;0
5;2025-12-15;8;0
5;2025-12-15;9;0
5;2025-12-15;10;0
5;2025-12-15;11;0
5;2025-12-15;12;0
5;2025-12-15;13;0
5;2025-12-15;14;0
5;2025-12-15;15;0
5;2025-12-15;16;0
5;2025-12-15;17;0
5;2025-12-15;18;0
5;2025-12-15;19;0
5;2025-12-15;20;0
5;2025-12-15;21;0
5;2025-12-15;22;0
5;2025-12-15;23;0
5;2025-12-16;0;0
5;2025-12-16;1;0
5;2025-12-16;2;0
5;2025-12-16;3;0
5;2025-12-16;4;0
5;2025-12-16;5;0
5;2025-12-16;6;0
5;2025-12-16;7;0
5;2025-12-16;8;0
5;2025-12-16;9;0
5;2025-12-16;10;0
5;2025-12-16;11;0
5;2025-12-16;12;0
5;2025-12-16;13;0
5;2025-12-16;14;0
5;2025-12-16;15;0
5;2025-12-16;16;0
5;2025-12-16;17;0
5;2025-12-16;18;0
5;2025-12-16;19;0
5;2025-12-16;20;0
5;2025-12-16;21;0
5;2025-12-16;22;0
5;2025-12-16;23;0
5;2025-12-17;0;0
5;2025-12-17;1;0
5;2025-12-17;2;0
5;2025-12-17;3;0
5;2025-12-17;4;0
5;2025-12-17;5;0
5;2025-12-17;6;0
5;2025-12-17;7;0
5;2025-12-17;8;0
5;2025-12-17;9;0
5;2025-12-17;10;0
5;2025-12-17;11;0
5;2025-12-17;12;0
5;2025-12-17;13;0
5;2025-12-17;14;0
5;2025-12-17;15;0
5;2025-12-17;16;0
5;2025-12-17;17;0
5;2025-12-17;18;0
5;2025-12-17;19;0
5;2025-12-17;20;0
5;2025-12-17;21;0
5;2025-12-17;22;0
5;2025-12-17;23;0
5;2025-12-18;0;0
5;2025-12-18;1;0
5;2025-12-18;2;0
5;2025-12-18;3;0
5;2025-12-18;4;0
5;2025-12-18;5;0
5;2025-12-18;6;0
5;2025-12-18;7;0
5;2025-12-18;8;0
5;2025-12-18;9;0
5;2025-12-18;10;0
5;2025-12-18;11;0
5;2025-12-18;12;0
5;2025-12-18;13;0
5;2025-12-18;14;0
5;2025-12-18;15;0
5;2025-12-18;16;0
5;2025-12-18;17;0
5;2025-12-18;18;0
5;2025-12-18;19;0
5;2025-12-18;20;0
5;2025-12-18;21;0
5;2025-12-18;22;0
5;2025-12-18;23;0
5;2025-12-19;0;0
5;2025-12-19;1;0
5;2025-12-19;2;0
5;2025-12-19;3;0
5;2025-12-19;4;0
5;2025-12-19;5;0
5;2025-12-19;6;0
5;2025-12-19;7;0
5;2025-12-19;8;0
5;2025-12-19;9;0
5;2025-12-19;10;0
5;2025-12-19;11;0
5;2025-12-19;12;0
5;2025-12-19;13;0
5;2025-12-19;14;0
5;2025-12-19;15;0
5;2025-12-19;16;0
5;2025-12-19;17;0
5;2025-12-19;18;0
5;2025-12-19;19;0
5;2025-12-19;20;0
5;2025-12-19;21;0
5;2025-12-19;22;0
5;2025-12-19;23;0
5;2025-12-20;0;0
5;2025-12-20;1;0
5;2025-12-20;2;0
5;2025-12-20;3;0
5;2025-12-20;4;0
5;2025-12-20;5;0
5;2025-12-20;6;0
5;2025-12-20;7;0
5;2025-12-20;8;0
5;2025-12-20;9;0
5;2025-12-20;10;0
5;2025-12-20;11;0
5;2025-12-20;12;0
5;2025-12-20;13;0
5;2025-12-20;14;0
5;2025-12-20;15;0
5;2025-12-20;16;0
5;2025-12-20;17;0
5;2025-12-20;18;0
5;2025-12-20;19;0
5;2025-12-20;20;0
5;2025-12-20;21;0
5;2025-12-20;22;0
5;2025-12-20;23;0
5;2025-12-21;0;0
5;2025-12-21;1;0
5;2025-12-21;2;0
5;2025-12-21;3;0
5;2025-12-21;4;0
5;2025-12-21;5;0
5;2025-12-21;6;0
5;2025-12-21;7;0
5;2025-12-21;8;0
5;2025-12-21;9;0
5;2025-12-21;10;0
5;2025-12-21;11;0
5;2025-12-21;12;0
5;2025-12-21;13;0
5;2025-12-21;14;0
5;2025-12-21;15;0
5;2025-12-21;16;0
5;2025-12-21;17;0
5;2025-12-21;18;0
5;2025-12-21;19;0
5;2025-12-21;20;0
5;2025-12-21;21;0
5;2025-12-21;22;0
5;2025-12-21;23;0
5;2025-12-22;0;0
5;2025-12-22;1;0
5;2025-12-22;2;0
5;2025-12-22;3;0
5;2025-12-22;4;0
5;2025-12-22;5;0
5;2025-12-22;6;0
5;2025-12-22;7;0
5;2025-12-22;8;0
5;2025-12-22;9;0
5;2025-12-22;10;0
5;2025-12-22;11;0
5;2025-12-22;12;0
5;2025-12-22;13;0
5;2025-12-22;14;0
5;2025-12-22;15;0
5;2025-12-22;16;0
5;2025-12-22;17;0
5;2025-12-22;18;0
5;2025-12-22;19;0
5;2025-12-22;20;0
5;2025-12-22;21;0
5;2025-12-22;22;0
5;2025-12-22;23;0
5;2025-12-23;0;0
5;2025-12-23;1;0
5;2025-12-23;2;0
5;2025-12-23;3;0
5;2025-12-23;4;0
5;2025-12-23;5;0
5;2025-12-23;6;0
5;2025-12-23;7;0
5;2025-12-23;8;0
5;2025-12-23;9;0
5;2025-12-23;10;0
5;2025-12-23;11;0
5;2025-12-23;12;0
5;2025-12-23;13;0
5;2025-12-23;14;0
5;2025-12-23;15;0
5;2025-12-23;16;0
5;2025-12-23;17;0
5;2025-12-23;18;0
5;2025-12-23;19;0
5;2025-12-23;20;0
5;2025-12-23;21;0
5;2025-12-23;22;0
5;2025-12-23;23;0
5;2025-12-24;0;0
5;2025-12-24;1;0
5;2025-12-24;2;0
5;2025-12-24;3;0
5;2025-12-24;4;0
5;2025-12-24;5;0
5;2025-12-24;6;0
5;2025-12-24;7;0
5;2025-12-24;8;0
5;2025-12-24;9;0
5;2025-12-24;10;0
5;2025-12-24;11;0
5;2025-12-24;12;0
5;2025-12-24;13;0
5;2025-12-24;14;0
5;2025-12-24;15;0
5;2025-12-24;16;0
5;2025-12-24;17;0
5;2025-12-24;18;0
5;2025-12-24;19;0
5;2025-12-24;20;0
5;2025-12-24;21;0
5;2025-12-24;22;0
5;2025-12-24;23;0
5;2025-12-25;0;0
5;2025-12-25;1;0
5;2025-12-25;2;0
5;2025-12-25;3;0
5;2025-12-25;4;0
5;2025-12-25;5;0
5;2025-12-25;6;0
5;2025-12-25;7;0
5;2025-12-25;8;0
5;2025-12-25;9;0
5;2025-12-25;10;0
5;2025-12-25;11;0
5;2025-12-25;12;0
5;2025-12-25;13;0
5;2025-12-25;14;0
5;2025-12-25;15;0
5;2025-12-25;16;0
5;2025-12-25;17;0
5;2025-12-25;18;0
5;2025-12-25;19;0
5;2025-12-25;20;0
5;2025-12-25;21;0
5;2025-12-25;22;0
5;2025-12-25;23;0
5;2025-12-26;0;0
5;2025-12-26;1;0
5;2025-12-26;2;0
5;2025-12-26;3;0
5;2025-12-26;4;0
5;2025-12-26;5;0
5;2025-12-26;6;0
5;2025-12-26;7;0
5;2025-12-26;8;0
5;2025-12-26;9;0
5;2025-12-26;10;0
5;2025-12-26;11;0
5;2025-12-26;12;0
5;2025-12-26;13;0
5;2025-12-26;14;0
5;2025-12-26;15;0
5;2025-12-26;16;0
5;2025-12-26;17;0
5;2025-12-26;18;0
5;2025-12-26;19;0
5;2025-12-26;20;0
5;2025-12-26;21;0
5;2025-12-26;22;0
5;2025-12-26;23;0
5;2025-12-27;0;0
5;2025-12-27;1;0
5;2025-12-27;2;0
5;2025-12-27;3;0
5;2025-12-27;4;0
5;2025-12-27;5;0
5;2025-12-27;6;0
5;2025-12-27;7;0
5;2025-12-27;8;0
5;2025-12-27;9;0
5;2025-12-27;10;0
5;2025-12-27;11;0
5;2025-12-27;12;0
5;2025-12-27;13;0
5;2025-12-27;14;0
5;2025-12-27;15;0
5;2025-12-27;16;0
5;2025-12-27;17;0
5;2025-12-27;18;0
5;2025-12-27;19;0
5;2025-12-27;20;0
5;2025-12-27;21;0
5;2025-12-27;22;0
5;2025-12-27;23;0
5;2025-12-28;0;0
5;2025-12-28;1;0
5;2025-12-28;2;0
5;2025-12-28;3;0
5;2025-12-28;4;0
5;2025-12-28;5;0
5;2025-12-28;6;0
5;2025-12-28;7;0
5;2025-12-28;8;0
5;2025-12-28;9;0
5;2025-12-28;10;0
5;2025-12-28;11;0
5;2025-12-28;12;0
5;2025-12-28;13;0
5;2025-12-28;14;0
5;2025-12-28;15;0
5;2025-12-28;16;0
5;2025-12-28;17;0
5;2025-12-28;18;0
5;2025-12-28;19;0
5;2025-12-28;20;0
5;2025-12-28;21;0
5;2025-12-28;22;0
5;2025-12-28;23;0
5;2025-12-29;0;0
5;2025-12-29;1;0
5;2025-12-29;2;0
5;2025-12-29;3;0
5;2025-12-29;4;0
5;2025-12-29;5;0
5;2025-12-29;6;0
5;2025-12-29;7;0
5;2025-12-29;8;0
5;2025-12-29;9;0
5;2025-12-29;10;0
5;2025-12-29;11;0
5;2025-12-29;12;0
5;2025-12-29;13;0
5;2025-12-29;14;0
5;2025-12-29;15;0
5;2025-12-29;16;0
5;2025-12-29;17;0
5;2025-12-29;18;0
5;2025-12-29;19;0
5;2025-12-29;20;0
5;2025-12-29;21;0
5;2025-12-29;22;0
5;2025-12-29;23;0
5;2025-12-30;0;0
5;2025-12-30;1;0
5;2025-12-30;2;0
5;2025-12-30;3;0
5;2025-12-30;4;0
5;2025-12-30;5;0
5;2025-12-30;6;0
5;2025-12-30;7;0
5;2025-12-30;8;0
5;2025-12-30;9;0
5;2025-12-30;10;0
5;2025-12-30;11;0
5;2025-12-30;12;0
5;2025-12-30;13;0
5;2025-12-30;14;0
5;2025-12-30;15;0
5;2025-12-30;16;0
5;2025-12-30;17;0
5;2025-12-30;18;0
5;2025-12-30;19;0
5;2025-12-30;20;0
5;2025-12-30;21;0
5;2025-12-30;22;0
5;2025-12-30;23;0
5;2025-12-31;0;0
5;2025-12-31;1;0
5;2025-12-31;2;0
5;2025-12-31;3;0
5;2025-12-31;4;0
5;2025-12-31;5;0
5;2025-12-31;6;0
5;2025-12-31;7;0
5;2025-12-31;8;0
5;2025-12-31;9;0
5;2025-12-31;10;0
5;2025-12-31;11;0
5;2025-12-31;12;0
5;2025-12-31;13;0
5;2025-12-31;14;0
5;2025-12-31;15;0
5;2025-12-31;16;0
5;2025-12-31;17;0
5;2025-12-31;18;0
5;2025-12-31;19;0
5;2025-12-31;20;0
5;2025-12-31;21;0
5;2025-12-31;22;0
5;2025-12-31;23;0
7;2025-11-01;0;85
7;2025-11-01;1;19
7;2025-11-01;2;0
7;2025-11-01;3;0
7;2025-11-01;4;0
7;2025-11-01;5;49
7;2025-11-01;6;232
7;2025-11-01;7;382
7;2025-11-01;8;636
7;2025-11-01;9;610
7;2025-11-01;10;637
7;2025-11-01;11;818
7;2025-11-01;12;1026
7;2025-11-01;13;947
7;2025-11-01;14;1002
7;2025-11-01;15;994
7;2025-11-01;16;900
7;2025-11-01;17;846
7;2025-11-01;18;793
7;2025-11-01;19;707
7;2025-11-01;20;475
7;2025-11-01;21;418
7;2025-11-01;22;239
7;2025-11-01;23;189
7;2025-11-02;0;110
7;2025-11-02;1;21
7;2025-11-02;2;0
7;2025-11-02;3;0
7;2025-11-02;4;0
7;2025-11-02;5;38
7;2025-11-02;6;191
7;2025-11-02;7;283
7;2025-11-02;8;494
7;2025-11-02;9;620
7;2025-11-02;10;677
7;2025-11-02;11;917
7;2025-11-02;12;1024
7;2025-11-02;13;1113
7;2025-11-02;14;1186
7;2025-11-02;15;1160
7;2025-11-02;16;1109
7;2025-11-02;17;1109
7;2025-11-02;18;955
7;2025-11-02;19;825
7;2025-11-02;20;642
7;2025-11-02;21;505
7;2025-11-02;22;264
7;2025-11-02;23;166
7;2025-11-03;0;74
7;2025-11-03;1;12
7;2025-11-03;2;0
7;2025-11-03;3;0
7;2025-11-03;4;0
7;2025-11-03;5;139
7;2025-11-03;6;424
7;2025-11-03;7;609
7;2025-11-03;8;883
7;2025-11-03;9;847
7;2025-11-03;10;870
7;2025-11-03;11;914
7;2025-11-03;12;983
7;2025-11-03;13;978
7;2025-11-03;14;1010
7;2025-11-03;15;1009
7;2025-11-03;16;985
7;2025-11-03;17;1125
7;2025-11-03;18;1105
7;2025-11-03;19;1030
7;2025-11-03;20;747
7;2025-11-03;21;519
7;2025-11-03;22;264
7;2025-11-03;23;172
7;2025-11-04;0;67
7;2025-11-04;1;19
7;2025-11-04;2;0
7;2025-11-04;3;0
7;2025-11-04;4;2
7;2025-11-04;5;143
7;2025-11-04;6;399
7;2025-11-04;7;572
7;2025-11-04;8;840
7;2025-11-04;9;790
7;2025-11-04;10;827
7;2025-11-04;11;848
7;2025-11-04;12;912
7;2025-11-04;13;954
7;2025-11-04;14;1065
7;2025-11-04;15;1077
7;2025-11-04;16;986
7;2025-11-04;17;1086
7;2025-11-04;18;1082
7;2025-11-04;19;997
7;2025-11-04;20;728
7;2025-11-04;21;508
7;2025-11-04;22;291
7;2025-11-04;23;171
7;2025-11-05;0;61
7;2025-11-05;1;12
7;2025-11-05;2;0
7;2025-11-05;3;0
7;2025-11-05;4;1
7;2025-11-05;5;196
7;2025-11-05;6;664
7;2025-11-05;7;1548
7;2025-11-05;8;2603
7;2025-11-05;9;1889
7;2025-11-05;10;1614
7;2025-11-05;11;1421
7;2025-11-05;12;1515
7;2025-11-05;13;1534
7;2025-11-05;14;1573
7;2025-11-05;15;1761
7;2025-11-05;16;1853
7;2025-11-05;17;2387
7;2025-11-05;18;2592
7;2025-11-05;19;1675
7;2025-11-05;20;1017
7;2025-11-05;21;607
7;2025-11-05;22;315
7;2025-11-05;23;180
7;2025-11-06;0;60
7;2025-11-06;1;9
7;2025-11-06;2;0
7;2025-11-06;3;0
7;2025-11-06;4;2
7;2025-11-06;5;196
7;2025-11-06;6;705
7;2025-11-06;7;1568
7;2025-11-06;8;2475
7;2025-11-06;9;1790
7;2025-11-06;10;1502
7;2025-11-06;11;1360
7;2025-11-06;12;1466
7;2025-11-06;13;1508
7;2025-11-06;14;1617
7;2025-11-06;15;1657
7;2025-11-06;16;1777
7;2025-11-06;17;2260
7;2025-11-06;18;2599
7;2025-11-06;19;1627
7;2025-11-06;20;971
7;2025-11-06;21;638
7;2025-11-06;22;297
7;2025-11-06;23;182
7;2025-11-07;0;67
7;2025-11-07;1;7
7;2025-11-07;2;0
7;2025-11-07;3;0
7;2025-11-07;4;2
7;2025-11-07;5;191
7;2025-11-07;6;642
7;2025-11-07;7;1509
7;2025-11-07;8;2352
7;2025-11-07;9;1724
7;2025-11-07;10;1499
7;2025-11-07;11;1403
7;2025-11-07;12;1529
7;2025-11-07;13;1652
7;2025-11-07;14;1685
7;2025-11-07;15;1805
7;2025-11-07;16;2008
7;2025-11-07;17;2201
7;2025-11-07;18;2061
7;2025-11-07;19;1420
7;2025-11-07;20;946
7;2025-11-07;21;615
7;2025-11-07;22;331
7;2025-11-07;23;209
7;2025-11-08;0;93
7;2025-11-08;1;18
7;2025-11-08;2;0
7;2025-11-08;3;0
7;2025-11-08;4;2
7;2025-11-08;5;58
7;2025-11-08;6;273
7;2025-11-08;7;459
7;2025-11-08;8;741
7;2025-11-08;9;785
7;2025-11-08;10;845
7;2025-11-08;11;980
7;2025-11-08;12;1109
7;2025-11-08;13;1125
7;2025-11-08;14;1140
7;2025-11-08;15;1140
7;2025-11-08;16;1102
7;2025-11-08;17;1031
7;2025-11-08;18;996
7;2025-11-08;19;938
7;2025-11-08;20;726
7;2025-11-08;21;596
7;2025-11-08;22;297
7;2025-11-08;23;196
7;2025-11-09;0;106
7;2025-11-09;1;19
7;2025-11-09;2;0
7;2025-11-09;3;0
7;2025-11-09;4;0
7;2025-11-09;5;37
7;2025-11-09;6;195
7;2025-11-09;7;288
7;2025-11-09;8;507
7;2025-11-09;9;637
7;2025-11-09;10;687
7;2025-11-09;11;857
7;2025-11-09;12;928
7;2025-11-09;13;980
7;2025-11-09;14;1041
7;2025-11-09;15;1020
7;2025-11-09;16;962
7;2025-11-09;17;977
7;2025-11-09;18;845
7;2025-11-09;19;742
7;2025-11-09;20;616
7;2025-11-09;21;489
7;2025-11-09;22;250
7;2025-11-09;23;148
7;2025-11-10;0;66
7;2025-11-10;1;11
7;2025-11-10;2;0
7;2025-11-10;3;0
7;2025-11-10;4;3
7;2025-11-10;5;197
7;2025-11-10;6;732
7;2025-11-10;7;1588
7;2025-11-10;8;2436
7;2025-11-10;9;1809
7;2025-11-10;10;1510
7;2025-11-10;11;1324
7;2025-11-10;12;1456
7;2025-11-10;13;1446
7;2025-11-10;14;1515
7;2025-11-10;15;1651
7;2025-11-10;16;1793
7;2025-11-10;17;2313
7;2025-11-10;18;2564
7;2025-11-10;19;1718
7;2025-11-10;20;1042
7;2025-11-10;21;585
7;2025-11-10;22;260
7;2025-11-10;23;158
7;2025-11-11;0;49
7;2025-11-11;1;10
7;2025-11-11;2;0
7;2025-11-11;3;0
7;2025-11-11;4;0
7;2025-11-11;5;201
7;2025-11-11;6;751
7;2025-11-11;7;1680
7;2025-11-11;8;2504
7;2025-11-11;9;1824
7;2025-11-11;10;1560
7;2025-11-11;11;1450
7;2025-11-11;12;1533
7;2025-11-11;13;1519
7;2025-11-11;14;1560
7;2025-11-11;15;1729
7;2025-11-11;16;1796
7;2025-11-11;17;2316
7;2025-11-11;18;2623
7;2025-11-11;19;1790
7;2025-11-11;20;1058
7;2025-11-11;21;647
7;2025-11-11;22;297
7;2025-11-11;23;163
7;2025-11-12;0;53
7;2025-11-12;1;9
7;2025-11-12;2;0
7;2025-11-12;3;0
7;2025-11-12;4;1
7;2025-11-12;5;196
7;2025-11-12;6;733
7;2025-11-12;7;1599
7;2025-11-12;8;2646
7;2025-11-12;9;1947
7;2025-11-12;10;1657
7;2025-11-12;11;1442
7;2025-11-12;12;1512
7;2025-11-12;13;1508
7;2025-11-12;14;1559
7;2025-11-12;15;1749
7;2025-11-12;16;1850
7;2025-11-12;17;2420
7;2025-11-12;18;2616
7;2025-11-12;19;1695
7;2025-11-12;20;1049
7;2025-11-12;21;650
7;2025-11-12;22;314
7;2025-11-12;23;178
7;2025-11-13;0;63
7;2025-11-13;1;12
7;2025-11-13;2;0
7;2025-11-13;3;0
7;2025-11-13;4;1
7;2025-11-13;5;195
7;2025-11-13;6;734
7;2025-11-13;7;1605
7;2025-11-13;8;2543
7;2025-11-13;9;1824
7;2025-11-13;10;1537
7;2025-11-13;11;1402
7;2025-11-13;12;1477
7;2025-11-13;13;1528
7;2025-11-13;14;1634
7;2025-11-13;15;1677
7;2025-11-13;16;1807
7;2025-11-13;17;2327
7;2025-11-13;18;2657
7;2025-11-13;19;1659
7;2025-11-13;20;1026
7;2025-11-13;21;640
7;2025-11-13;22;297
7;2025-11-13;23;184
7;2025-11-14;0;66
7;2025-11-14;1;9
7;2025-11-14;2;0
7;2025-11-14;3;0
7;2025-11-14;4;1
7;2025-11-14;5;197
7;2025-11-14;6;672
7;2025-11-14;7;1566
7;2025-11-14;8;2414
7;2025-11-14;9;1780
7;2025-11-14;10;1529
7;2025-11-14;11;1460
7;2025-11-14;12;1564
7;2025-11-14;13;1660
7;2025-11-14;14;1700
7;2025-11-14;15;1822
7;2025-11-14;16;2054
7;2025-11-14;17;2266
7;2025-11-14;18;2124
7;2025-11-14;19;1464
7;2025-11-14;20;965
7;2025-11-14;21;618
7;2025-11-14;22;331
7;2025-11-14;23;208
7;2025-11-15;0;85
7;2025-11-15;1;14
7;2025-11-15;2;0
7;2025-11-15;3;0
7;2025-11-15;4;1
7;2025-11-15;5;54
7;2025-11-15;6;266
7;2025-11-15;7;450
7;2025-11-15;8;713
7;2025-11-15;9;771
7;2025-11-15;10;814
7;2025-11-15;11;1014
7;2025-11-15;12;1115
7;2025-11-15;13;1155
7;2025-11-15;14;1219
7;2025-11-15;15;1217
7;2025-11-15;16;1172
7;2025-11-15;17;1092
7;2025-11-15;18;1058
7;2025-11-15;19;1017
7;2025-11-15;20;824
7;2025-11-15;21;641
7;2025-11-15;22;319
7;2025-11-15;23;206
7;2025-11-16;0;104
7;2025-11-16;1;19
7;2025-11-16;2;0
7;2025-11-16;3;1
7;2025-11-16;4;1
7;2025-11-16;5;38
7;2025-11-16;6;202
7;2025-11-16;7;311
7;2025-11-16;8;527
7;2025-11-16;9;685
7;2025-11-16;10;770
7;2025-11-16;11;943
7;2025-11-16;12;1005
7;2025-11-16;13;1068
7;2025-11-16;14;1128
7;2025-11-16;15;1086
7;2025-11-16;16;997
7;2025-11-16;17;1012
7;2025-11-16;18;881
7;2025-11-16;19;785
7;2025-11-16;20;648
7;2025-11-16;21;502
7;2025-11-16;22;260
7;2025-11-16;23;151
7;2025-11-17;0;62
7;2025-11-17;1;9
7;2025-11-17;2;0
7;2025-11-17;3;0
7;2025-11-17;4;1
7;2025-11-17;5;195
7;2025-11-17;6;753
7;2025-11-17;7;1601
7;2025-11-17;8;2497
7;2025-11-17;9;1828
7;2025-11-17;10;1494
7;2025-11-17;11;1311
7;2025-11-17;12;1416
7;2025-11-17;13;1391
7;2025-11-17;14;1486
7;2025-11-17;15;1638
7;2025-11-17;16;1787
7;2025-11-17;17;2357
7;2025-11-17;18;2595
7;2025-11-17;19;1695
7;2025-11-17;20;1016
7;2025-11-17;21;562
7;2025-11-17;22;254
7;2025-11-17;23;151
7;2025-11-18;0;44
7;2025-11-18;1;7
7;2025-11-18;2;0
7;2025-11-18;3;0
7;2025-11-18;4;0
7;2025-11-18;5;194
7;2025-11-18;6;747
7;2025-11-18;7;1679
7;2025-11-18;8;2518
7;2025-11-18;9;1836
7;2025-11-18;10;1516
7;2025-11-18;11;1429
7;2025-11-18;12;1515
7;2025-11-18;13;1489
7;2025-11-18;14;1537
7;2025-11-18;15;1703
7;2025-11-18;16;1763
7;2025-11-18;17;2325
7;2025-11-18;18;2635
7;2025-11-18;19;1781
7;2025-11-18;20;1036
7;2025-11-18;21;633
7;2025-11-18;22;289
7;2025-11-18;23;147
7;2025-11-19;0;50
7;2025-11-19;1;6
7;2025-11-19;2;0
7;2025-11-19;3;0
7;2025-11-19;4;0
7;2025-11-19;5;195
7;2025-11-19;6;755
7;2025-11-19;7;1613
7;2025-11-19;8;2634
7;2025-11-19;9;1941
7;2025-11-19;10;1649
7;2025-11-19;11;1451
7;2025-11-19;12;1515
7;2025-11-19;13;1527
7;2025-11-19;14;1567
7;2025-11-19;15;1765
7;2025-11-19;16;1873
7;2025-11-19;17;2422
7;2025-11-19;18;2594
7;2025-11-19;19;1725
7;2025-11-19;20;1069
7;2025-11-19;21;657
7;2025-11-19;22;320
7;2025-11-19;23;171
7;2025-11-20;0;58
7;2025-11-20;1;10
7;2025-11-20;2;0
7;2025-11-20;3;0
7;2025-11-20;4;0
7;2025-11-20;5;195
7;2025-11-20;6;757
7;2025-11-20;7;1622
7;2025-11-20;8;2529
7;2025-11-20;9;1858
7;2025-11-20;10;1559
7;2025-11-20;11;1440
7;2025-11-20;12;1507
7;2025-11-20;13;1552
7;2025-11-20;14;1650
7;2025-11-20;15;1694
7;2025-11-20;16;1823
7;2025-11-20;17;2334
7;2025-11-20;18;2645
7;2025-11-20;19;1671
7;2025-11-20;20;1041
7;2025-11-20;21;632
7;2025-11-20;22;290
7;2025-11-20;23;177
7;2025-11-21;0;63
7;2025-11-21;1;6
7;2025-11-21;2;0
7;2025-11-21;3;0
7;2025-11-21;4;1
7;2025-11-21;5;184
7;2025-11-21;6;666
7;2025-11-21;7;1583
7;2025-11-21;8;2396
7;2025-11-21;9;1798
7;2025-11-21;10;1539
7;2025-11-21;11;1468
7;2025-11-21;12;1559
7;2025-11-21;13;1670
7;2025-11-21;14;1703
7;2025-11-21;15;1831
7;2025-11-21;16;2048
7;2025-11-21;17;2272
7;2025-11-21;18;2128
7;2025-11-21;19;1474
7;2025-11-21;20;999
7;2025-11-21;21;628
7;2025-11-21;22;333
7;2025-11-21;23;206
7;2025-11-22;0;92
7;2025-11-22;1;20
7;2025-11-22;2;0
7;2025-11-22;3;0
7;2025-11-22;4;1
7;2025-11-22;5;55
7;2025-11-22;6;277
7;2025-11-22;7;467
7;2025-11-22;8;750
7;2025-11-22;9;825
7;2025-11-22;10;893
7;2025-11-22;11;1096
7;2025-11-22;12;1182
7;2025-11-22;13;1199
7;2025-11-22;14;1234
7;2025-11-22;15;1217
7;2025-11-22;16;1176
7;2025-11-22;17;1114
7;2025-11-22;18;1071
7;2025-11-22;19;1009
7;2025-11-22;20;776
7;2025-11-22;21;605
7;2025-11-22;22;298
7;2025-11-22;23;192
7;2025-11-23;0;100
7;2025-11-23;1;20
7;2025-11-23;2;0
7;2025-11-23;3;0
7;2025-11-23;4;0
7;2025-11-23;5;38
7;2025-11-23;6;200
7;2025-11-23;7;295
7;2025-11-23;8;520
7;2025-11-23;9;669
7;2025-11-23;10;756
7;2025-11-23;11;958
7;2025-11-23;12;1044
7;2025-11-23;13;1119
7;2025-11-23;14;1177
7;2025-11-23;15;1148
7;2025-11-23;16;1080
7;2025-11-23;17;1077
7;2025-11-23;18;925
7;2025-11-23;19;810
7;2025-11-23;20;679
7;2025-11-23;21;496
7;2025-11-23;22;253
7;2025-11-23;23;147
7;2025-11-24;0;59
7;2025-11-24;1;6
7;2025-11-24;2;0
7;2025-11-24;3;0
7;2025-11-24;4;0
7;2025-11-24;5;190
7;2025-11-24;6;713
7;2025-11-24;7;1596
7;2025-11-24;8;2426
7;2025-11-24;9;1836
7;2025-11-24;10;1497
7;2025-11-24;11;1299
7;2025-11-24;12;1428
7;2025-11-24;13;1429
7;2025-11-24;14;1480
7;2025-11-24;15;1615
7;2025-11-24;16;1780
7;2025-11-24;17;2302
7;2025-11-24;18;2533
7;2025-11-24;19;1703
7;2025-11-24;20;1052
7;2025-11-24;21;597
7;2025-11-24;22;258
7;2025-11-24;23;154
7;2025-11-25;0;47
7;2025-11-25;1;4
7;2025-11-25;2;0
7;2025-11-25;3;0
7;2025-11-25;4;0
7;2025-11-25;5;203
7;2025-11-25;6;759
7;2025-11-25;7;1687
7;2025-11-25;8;2468
7;2025-11-25;9;1859
7;2025-11-25;10;1571
7;2025-11-25;11;1463
7;2025-11-25;12;1552
7;2025-11-25;13;1522
7;2025-11-25;14;1553
7;2025-11-25;15;1715
7;2025-11-25;16;1791
7;2025-11-25;17;2303
7;2025-11-25;18;2578
7;2025-11-25;19;1806
7;2025-11-25;20;1090
7;2025-11-25;21;645
7;2025-11-25;22;295
7;2025-11-25;23;156
7;2025-11-26;0;55
7;2025-11-26;1;10
7;2025-11-26;2;0
7;2025-11-26;3;0
7;2025-11-26;4;2
7;2025-11-26;5;189
7;2025-11-26;6;755
7;2025-11-26;7;1607
7;2025-11-26;8;2558
7;2025-11-26;9;1954
7;2025-11-26;10;1681
7;2025-11-26;11;1453
7;2025-11-26;12;1521
7;2025-11-26;13;1515
7;2025-11-26;14;1558
7;2025-11-26;15;1742
7;2025-11-26;16;1844
7;2025-11-26;17;2388
7;2025-11-26;18;2538
7;2025-11-26;19;1714
7;2025-11-26;20;1086
7;2025-11-26;21;671
7;2025-11-26;22;318
7;2025-11-26;23;176
7;2025-11-27;0;64
7;2025-11-27;1;15
7;2025-11-27;2;0
7;2025-11-27;3;0
7;2025-11-27;4;0
7;2025-11-27;5;193
7;2025-11-27;6;774
7;2025-11-27;7;1610
7;2025-11-27;8;2449
7;2025-11-27;9;1876
7;2025-11-27;10;1578
7;2025-11-27;11;1457
7;2025-11-27;12;1532
7;2025-11-27;13;1553
7;2025-11-27;14;1659
7;2025-11-27;15;1687
7;2025-11-27;16;1815
7;2025-11-27;17;2297
7;2025-11-27;18;2568
7;2025-11-27;19;1678
7;2025-11-27;20;1082
7;2025-11-27;21;674
7;2025-11-27;22;304
7;2025-11-27;23;191
7;2025-11-28;0;69
7;2025-11-28;1;16
7;2025-11-28;2;0
7;2025-11-28;3;0
7;2025-11-28;4;1
7;2025-11-28;5;194
7;2025-11-28;6;684
7;2025-11-28;7;1553
7;2025-11-28;8;2297
7;2025-11-28;9;1797
7;2025-11-28;10;1558
7;2025-11-28;11;1508
7;2025-11-28;12;1589
7;2025-11-28;13;1691
7;2025-11-28;14;1717
7;2025-11-28;15;1822
7;2025-11-28;16;2047
7;2025-11-28;17;2239
7;2025-11-28;18;2093
7;2025-11-28;19;1513
7;2025-11-28;20;1037
7;2025-11-28;21;664
7;2025-11-28;22;345
7;2025-11-28;23;220
7;2025-11-29;0;89
7;2025-11-29;1;25
7;2025-11-29;2;0
7;2025-11-29;3;0
7;2025-11-29;4;1
7;2025-11-29;5;58
7;2025-11-29;6;259
7;2025-11-29;7;446
7;2025-11-29;8;756
7;2025-11-29;9;814
7;2025-11-29;10;853
7;2025-11-29;11;1060
7;2025-11-29;12;1175
7;2025-11-29;13;1191
7;2025-11-29;14;1217
7;2025-11-29;15;1204
7;2025-11-29;16;1164
7;2025-11-29;17;1075
7;2025-11-29;18;1024
7;2025-11-29;19;972
7;2025-11-29;20;750
7;2025-11-29;21;603
7;2025-11-29;22;290
7;2025-11-29;23;188
7;2025-11-30;0;95
7;2025-11-30;1;24
7;2025-11-30;2;0
7;2025-11-30;3;1
7;2025-11-30;4;1
7;2025-11-30;5;42
7;2025-11-30;6;183
7;2025-11-30;7;278
7;2025-11-30;8;487
7;2025-11-30;9;641
7;2025-11-30;10;719
7;2025-11-30;11;879
7;2025-11-30;12;961
7;2025-11-30;13;1037
7;2025-11-30;14;1084
7;2025-11-30;15;1049
7;2025-11-30;16;980
7;2025-11-30;17;984
7;2025-11-30;18;831
7;2025-11-30;19;743
7;2025-11-30;20;638
7;2025-11-30;21;479
7;2025-11-30;22;240
7;2025-11-30;23;146
7;2025-12-01;0;62
7;2025-12-01;1;17
7;2025-12-01;2;0
7;2025-12-01;3;0
7;2025-12-01;4;2
7;2025-12-01;5;167
7;2025-12-01;6;634
7;2025-12-01;7;1438
7;2025-12-01;8;2147
7;2025-12-01;9;1675
7;2025-12-01;10;1400
7;2025-12-01;11;1294
7;2025-12-01;12;1381
7;2025-12-01;13;1387
7;2025-12-01;14;1413
7;2025-12-01;15;1527
7;2025-12-01;16;1673
7;2025-12-01;17;2086
7;2025-12-01;18;2269
7;2025-12-01;19;1568
7;2025-12-01;20;973
7;2025-12-01;21;520
7;2025-12-01;22;239
7;2025-12-01;23;144
7;2025-12-02;0;49
7;2025-12-02;1;12
7;2025-12-02;2;0
7;2025-12-02;3;0
7;2025-12-02;4;0
7;2025-12-02;5;172
7;2025-12-02;6;638
7;2025-12-02;7;1544
7;2025-12-02;8;2184
7;2025-12-02;9;1707
7;2025-12-02;10;1441
7;2025-12-02;11;1368
7;2025-12-02;12;1462
7;2025-12-02;13;1424
7;2025-12-02;14;1455
7;2025-12-02;15;1596
7;2025-12-02;16;1648
7;2025-12-02;17;2068
7;2025-12-02;18;2324
7;2025-12-02;19;1666
7;2025-12-02;20;997
7;2025-12-02;21;584
7;2025-12-02;22;273
7;2025-12-02;23;144
7;2025-12-03;0;55
7;2025-12-03;1;16
7;2025-12-03;2;0
7;2025-12-03;3;0
7;2025-12-03;4;0
7;2025-12-03;5;161
7;2025-12-03;6;645
7;2025-12-03;7;1466
7;2025-12-03;8;2311
7;2025-12-03;9;1767
7;2025-12-03;10;1549
7;2025-12-03;11;1398
7;2025-12-03;12;1455
7;2025-12-03;13;1456
7;2025-12-03;14;1465
7;2025-12-03;15;1657
7;2025-12-03;16;1755
7;2025-12-03;17;2187
7;2025-12-03;18;2322
7;2025-12-03;19;1587
7;2025-12-03;20;991
7;2025-12-03;21;595
7;2025-12-03;22;297
7;2025-12-03;23;166
7;2025-12-04;0;62
7;2025-12-04;1;19
7;2025-12-04;2;1
7;2025-12-04;3;0
7;2025-12-04;4;1
7;2025-12-04;5;163
7;2025-12-04;6;653
7;2025-12-04;7;1473
7;2025-12-04;8;2205
7;2025-12-04;9;1722
7;2025-12-04;10;1459
7;2025-12-04;11;1386
7;2025-12-04;12;1443
7;2025-12-04;13;1470
7;2025-12-04;14;1533
7;2025-12-04;15;1569
7;2025-12-04;16;1691
7;2025-12-04;17;2096
7;2025-12-04;18;2348
7;2025-12-04;19;1555
7;2025-12-04;20;987
7;2025-12-04;21;602
7;2025-12-04;22;285
7;2025-12-04;23;176
7;2025-12-05;0;65
7;2025-12-05;1;22
7;2025-12-05;2;0
7;2025-12-05;3;0
7;2025-12-05;4;2
7;2025-12-05;5;164
7;2025-12-05;6;576
7;2025-12-05;7;1470
7;2025-12-05;8;2100
7;2025-12-05;9;1663
7;2025-12-05;10;1452
7;2025-12-05;11;1437
7;2025-12-05;12;1492
7;2025-12-05;13;1583
7;2025-12-05;14;1611
7;2025-12-05;15;1706
7;2025-12-05;16;1894
7;2025-12-05;17;2078
7;2025-12-05;18;1929
7;2025-12-05;19;1441
7;2025-12-05;20;936
7;2025-12-05;21;575
7;2025-12-05;22;321
7;2025-12-05;23;204
7;2025-12-06;0;88
7;2025-12-06;1;33
7;2025-12-06;2;1
7;2025-12-06;3;0
7;2025-12-06;4;3
7;2025-12-06;5;58
7;2025-12-06;6;248
7;2025-12-06;7;413
7;2025-12-06;8;680
7;2025-12-06;9;741
7;2025-12-06;10;794
7;2025-12-06;11;1007
7;2025-12-06;12;1126
7;2025-12-06;13;1129
7;2025-12-06;14;1155
7;2025-12-06;15;1131
7;2025-12-06;16;1099
7;2025-12-06;17;1016
7;2025-12-06;18;967
7;2025-12-06;19;921
7;2025-12-06;20;686
7;2025-12-06;21;558
7;2025-12-06;22;290
7;2025-12-06;23;194
7;2025-12-07;0;98
7;2025-12-07;1;30
7;2025-12-07;2;0
7;2025-12-07;3;1
7;2025-12-07;4;0
7;2025-12-07;5;42
7;2025-12-07;6;167
7;2025-12-07;7;252
7;2025-12-07;8;441
7;2025-12-07;9;578
7;2025-12-07;10;647
7;2025-12-07;11;820
7;2025-12-07;12;911
7;2025-12-07;13;981
7;2025-12-07;14;1028
7;2025-12-07;15;999
7;2025-12-07;16;935
7;2025-12-07;17;938
7;2025-12-07;18;782
7;2025-12-07;19;701
7;2025-12-07;20;595
7;2025-12-07;21;456
7;2025-12-07;22;242
7;2025-12-07;23;154
7;2025-12-08;0;64
7;2025-12-08;1;22
7;2025-12-08;2;0
7;2025-12-08;3;0
7;2025-12-08;4;2
7;2025-12-08;5;161
7;2025-12-08;6;599
7;2025-12-08;7;1409
7;2025-12-08;8;2158
7;2025-12-08;9;1660
7;2025-12-08;10;1371
7;2025-12-08;11;1259
7;2025-12-08;12;1384
7;2025-12-08;13;1375
7;2025-12-08;14;1408
7;2025-12-08;15;1526
7;2025-12-08;16;1679
7;2025-12-08;17;2106
7;2025-12-08;18;2292
7;2025-12-08;19;1564
7;2025-12-08;20;928
7;2025-12-08;21;511
7;2025-12-08;22;242
7;2025-12-08;23;157
7;2025-12-09;0;56
7;2025-12-09;1;20
7;2025-12-09;2;0
7;2025-12-09;3;0
7;2025-12-09;4;1
7;2025-12-09;5;161
7;2025-12-09;6;566
7;2025-12-09;7;1475
7;2025-12-09;8;2186
7;2025-12-09;9;1640
7;2025-12-09;10;1375
7;2025-12-09;11;1315
7;2025-12-09;12;1416
7;2025-12-09;13;1373
7;2025-12-09;14;1414
7;2025-12-09;15;1573
7;2025-12-09;16;1632
7;2025-12-09;17;2084
7;2025-12-09;18;2346
7;2025-12-09;19;1636
7;2025-12-09;20;932
7;2025-12-09;21;541
7;2025-12-09;22;274
7;2025-12-09;23;149
7;2025-12-10;0;14
7;2025-12-10;1;0
7;2025-12-10;2;0
7;2025-12-10;3;0
7;2025-12-10;4;0
7;2025-12-10;5;97
7;2025-12-10;6;491
7;2025-12-10;7;1273
7;2025-12-10;8;2218
7;2025-12-10;9;1575
7;2025-12-10;10;1346
7;2025-12-10;11;1190
7;2025-12-10;12;1255
7;2025-12-10;13;1257
7;2025-12-10;14;1292
7;2025-12-10;15;1476
7;2025-12-10;16;1586
7;2025-12-10;17;2056
7;2025-12-10;18;2219
7;2025-12-10;19;1418
7;2025-12-10;20;810
7;2025-12-10;21;467
7;2025-12-10;22;232
7;2025-12-10;23;111
7;2025-12-11;0;7
7;2025-12-11;1;0
7;2025-12-11;2;0
7;2025-12-11;3;0
7;2025-12-11;4;0
7;2025-12-11;5;110
7;2025-12-11;6;511
7;2025-12-11;7;1306
7;2025-12-11;8;2114
7;2025-12-11;9;1557
7;2025-12-11;10;1279
7;2025-12-11;11;1207
7;2025-12-11;12;1272
7;2025-12-11;13;1301
7;2025-12-11;14;1403
7;2025-12-11;15;1410
7;2025-12-11;16;1536
7;2025-12-11;17;1971
7;2025-12-11;18;2265
7;2025-12-11;19;1375
7;2025-12-11;20;805
7;2025-12-11;21;470
7;2025-12-11;22;222
7;2025-12-11;23;133
7;2025-12-12;0;18
7;2025-12-12;1;0
7;2025-12-12;2;0
7;2025-12-12;3;0
7;2025-12-12;4;0
7;2025-12-12;5;110
7;2025-12-12;6;439
7;2025-12-12;7;1258
7;2025-12-12;8;1990
7;2025-12-12;9;1439
7;2025-12-12;10;1217
7;2025-12-12;11;1215
7;2025-12-12;12;1262
7;2025-12-12;13;1376
7;2025-12-12;14;1418
7;2025-12-12;15;1530
7;2025-12-12;16;1743
7;2025-12-12;17;1945
7;2025-12-12;18;1810
7;2025-12-12;19;1278
7;2025-12-12;20;764
7;2025-12-12;21;466
7;2025-12-12;22;268
7;2025-12-12;23;151
7;2025-12-13;0;35
7;2025-12-13;1;0
7;2025-12-13;2;0
7;2025-12-13;3;0
7;2025-12-13;4;0
7;2025-12-13;5;10
7;2025-12-13;6;189
7;2025-12-13;7;346
7;2025-12-13;8;552
7;2025-12-13;9;618
7;2025-12-13;10;653
7;2025-12-13;11;823
7;2025-12-13;12;930
7;2025-12-13;13;939
7;2025-12-13;14;962
7;2025-12-13;15;955
7;2025-12-13;16;927
7;2025-12-13;17;835
7;2025-12-13;18;796
7;2025-12-13;19;756
7;2025-12-13;20;565
7;2025-12-13;21;469
7;2025-12-13;22;226
7;2025-12-13;23;145
7;2025-12-14;0;43
7;2025-12-14;1;0
7;2025-12-14;2;0
7;2025-12-14;3;1
7;2025-12-14;4;0
7;2025-12-14;5;0
7;2025-12-14;6;96
7;2025-12-14;7;173
7;2025-12-14;8;340
7;2025-12-14;9;465
7;2025-12-14;10;508
7;2025-12-14;11;639
7;2025-12-14;12;742
7;2025-12-14;13;789
7;2025-12-14;14;838
7;2025-12-14;15;823
7;2025-12-14;16;771
7;2025-12-14;17;758
7;2025-12-14;18;642
7;2025-12-14;19;567
7;2025-12-14;20;478
7;2025-12-14;21;358
7;2025-12-14;22;164
7;2025-12-14;23;90
7;2025-12-15;0;6
7;2025-12-15;1;0
7;2025-12-15;2;0
7;2025-12-15;3;0
7;2025-12-15;4;0
7;2025-12-15;5;93
7;2025-12-15;6;475
7;2025-12-15;7;1248
7;2025-12-15;8;2066
7;2025-12-15;9;1508
7;2025-12-15;10;1215
7;2025-12-15;11;1083
7;2025-12-15;12;1214
7;2025-12-15;13;1218
7;2025-12-15;14;1260
7;2025-12-15;15;1397
7;2025-12-15;16;1546
7;2025-12-15;17;2021
7;2025-12-15;18;2227
7;2025-12-15;19;1425
7;2025-12-15;20;779
7;2025-12-15;21;420
7;2025-12-15;22;173
7;2025-12-15;23;88
7;2025-12-16;0;0
7;2025-12-16;1;0
7;2025-12-16;2;0
7;2025-12-16;3;0
7;2025-12-16;4;0
7;2025-12-16;5;101
7;2025-12-16;6;484
7;2025-12-16;7;1357
7;2025-12-16;8;2107
7;2025-12-16;9;1524
7;2025-12-16;10;1254
7;2025-12-16;11;1180
7;2025-12-16;12;1273
7;2025-12-16;13;1262
7;2025-12-16;14;1289
7;2025-12-16;15;1476
7;2025-12-16;16;1524
7;2025-12-16;17;2012
7;2025-12-16;18;2295
7;2025-12-16;19;1528
7;2025-12-16;20;837
7;2025-12-16;21;458
7;2025-12-16;22;212
7;2025-12-16;23;98
7;2025-12-17;0;6
7;2025-12-17;1;0
7;2025-12-17;2;0
7;2025-12-17;3;0
7;2025-12-17;4;0
7;2025-12-17;5;99
7;2025-12-17;6;485
7;2025-12-17;7;1258
7;2025-12-17;8;2194
7;2025-12-17;9;1568
7;2025-12-17;10;1347
7;2025-12-17;11;1182
7;2025-12-17;12;1248
7;2025-12-17;13;1260
7;2025-12-17;14;1280
7;2025-12-17;15;1473
7;2025-12-17;16;1574
7;2025-12-17;17;2064
7;2025-12-17;18;2216
7;2025-12-17;19;1413
7;2025-12-17;20;806
7;2025-12-17;21;462
7;2025-12-17;22;236
7;2025-12-17;23;115
7;2025-12-18;0;10
7;2025-12-18;1;0
7;2025-12-18;2;0
7;2025-12-18;3;0
7;2025-12-18;4;0
7;2025-12-18;5;98
7;2025-12-18;6;490
7;2025-12-18;7;1263
7;2025-12-18;8;2086
7;2025-12-18;9;1496
7;2025-12-18;10;1236
7;2025-12-18;11;1179
7;2025-12-18;12;1240
7;2025-12-18;13;1269
7;2025-12-18;14;1355
7;2025-12-18;15;1398
7;2025-12-18;16;1511
7;2025-12-18;17;1962
7;2025-12-18;18;2252
7;2025-12-18;19;1346
7;2025-12-18;20;779
7;2025-12-18;21;461
7;2025-12-18;22;211
7;2025-12-18;23;120
7;2025-12-19;0;10
7;2025-12-19;1;0
7;2025-12-19;2;0
7;2025-12-19;3;0
7;2025-12-19;4;0
7;2025-12-19;5;99
7;2025-12-19;6;438
7;2025-12-19;7;1232
7;2025-12-19;8;1960
7;2025-12-19;9;1433
7;2025-12-19;10;1219
7;2025-12-19;11;1210
7;2025-12-19;12;1272
7;2025-12-19;13;1383
7;2025-12-19;14;1415
7;2025-12-19;15;1518
7;2025-12-19;16;1719
7;2025-12-19;17;1909
7;2025-12-19;18;1764
7;2025-12-19;19;1213
7;2025-12-19;20;727
7;2025-12-19;21;435
7;2025-12-19;22;243
7;2025-12-19;23;134
7;2025-12-20;0;18
7;2025-12-20;1;0
7;2025-12-20;2;0
7;2025-12-20;3;0
7;2025-12-20;4;0
7;2025-12-20;5;0
7;2025-12-20;6;164
7;2025-12-20;7;312
7;2025-12-20;8;509
7;2025-12-20;9;579
7;2025-12-20;10;604
7;2025-12-20;11;770
7;2025-12-20;12;876
7;2025-12-20;13;890
7;2025-12-20;14;919
7;2025-12-20;15;910
7;2025-12-20;16;876
7;2025-12-20;17;786
7;2025-12-20;18;748
7;2025-12-20;19;695
7;2025-12-20;20;535
7;2025-12-20;21;445
7;2025-12-20;22;207
7;2025-12-20;23;120
7;2025-12-21;0;35
7;2025-12-21;1;0
7;2025-12-21;2;0
7;2025-12-21;3;0
7;2025-12-21;4;0
7;2025-12-21;5;0
7;2025-12-21;6;91
7;2025-12-21;7;176
7;2025-12-21;8;318
7;2025-12-21;9;445
7;2025-12-21;10;493
7;2025-12-21;11;622
7;2025-12-21;12;702
7;2025-12-21;13;749
7;2025-12-21;14;794
7;2025-12-21;15;777
7;2025-12-21;16;731
7;2025-12-21;17;715
7;2025-12-21;18;598
7;2025-12-21;19;536
7;2025-12-21;20;456
7;2025-12-21;21;341
7;2025-12-21;22;161
7;2025-12-21;23;89
7;2025-12-22;0;11
7;2025-12-22;1;0
7;2025-12-22;2;0
7;2025-12-22;3;0
7;2025-12-22;4;0
7;2025-12-22;5;100
7;2025-12-22;6;474
7;2025-12-22;7;1236
7;2025-12-22;8;2041
7;2025-12-22;9;1483
7;2025-12-22;10;1217
7;2025-12-22;11;1100
7;2025-12-22;12;1217
7;2025-12-22;13;1227
7;2025-12-22;14;1261
7;2025-12-22;15;1393
7;2025-12-22;16;1544
7;2025-12-22;17;2013
7;2025-12-22;18;2225
7;2025-12-22;19;1441
7;2025-12-22;20;812
7;2025-12-22;21;449
7;2025-12-22;22;186
7;2025-12-22;23;102
7;2025-12-23;0;3
7;2025-12-23;1;0
7;2025-12-23;2;0
7;2025-12-23;3;0
7;2025-12-23;4;0
7;2025-12-23;5;115
7;2025-12-23;6;498
7;2025-12-23;7;1384
7;2025-12-23;8;2122
7;2025-12-23;9;1570
7;2025-12-23;10;1306
7;2025-12-23;11;1242
7;2025-12-23;12;1340
7;2025-12-23;13;1302
7;2025-12-23;14;1342
7;2025-12-23;15;1504
7;2025-12-23;16;1553
7;2025-12-23;17;2004
7;2025-12-23;18;2273
7;2025-12-23;19;1540
7;2025-12-23;20;829
7;2025-12-23;21;457
7;2025-12-23;22;211
7;2025-12-23;23;90
7;2025-12-24;0;0
7;2025-12-24;1;0
7;2025-12-24;2;0
7;2025-12-24;3;0
7;2025-12-24;4;0
7;2025-12-24;5;93
7;2025-12-24;6;491
7;2025-12-24;7;1249
7;2025-12-24;8;2194
7;2025-12-24;9;1575
7;2025-12-24;10;1359
7;2025-12-24;11;1196
7;2025-12-24;12;1269
7;2025-12-24;13;1286
7;2025-12-24;14;1308
7;2025-12-24;15;1496
7;2025-12-24;16;1595
7;2025-12-24;17;2071
7;2025-12-24;18;2223
7;2025-12-24;19;1412
7;2025-12-24;20;805
7;2025-12-24;21;438
7;2025-12-24;22;221
7;2025-12-24;23;107
7;2025-12-25;0;5
7;2025-12-25;1;0
7;2025-12-25;2;0
7;2025-12-25;3;0
7;2025-12-25;4;0
7;2025-12-25;5;75
7;2025-12-25;6;455
7;2025-12-25;7;1227
7;2025-12-25;8;2057
7;2025-12-25;9;1514
7;2025-12-25;10;1252
7;2025-12-25;11;1175
7;2025-12-25;12;1247
7;2025-12-25;13;1281
7;2025-12-25;14;1374
7;2025-12-25;15;1409
7;2025-12-25;16;1520
7;2025-12-25;17;1969
7;2025-12-25;18;2256
7;2025-12-25;19;1363
7;2025-12-25;20;787
7;2025-12-25;21;471
7;2025-12-25;22;223
7;2025-12-25;23;130
7;2025-12-26;0;18
7;2025-12-26;1;0
7;2025-12-26;2;0
7;2025-12-26;3;0
7;2025-12-26;4;0
7;2025-12-26;5;95
7;2025-12-26;6;434
7;2025-12-26;7;1208
7;2025-12-26;8;1950
7;2025-12-26;9;1452
7;2025-12-26;10;1238
7;2025-12-26;11;1210
7;2025-12-26;12;1279
7;2025-12-26;13;1390
7;2025-12-26;14;1425
7;2025-12-26;15;1540
7;2025-12-26;16;1736
7;2025-12-26;17;1919
7;2025-12-26;18;1773
7;2025-12-26;19;1223
7;2025-12-26;20;710
7;2025-12-26;21;441
7;2025-12-26;22;259
7;2025-12-26;23;153
7;2025-12-27;0;28
7;2025-12-27;1;0
7;2025-12-27;2;0
7;2025-12-27;3;0
7;2025-12-27;4;0
7;2025-12-27;5;2
7;2025-12-27;6;156
7;2025-12-27;7;306
7;2025-12-27;8;498
7;2025-12-27;9;531
7;2025-12-27;10;576
7;2025-12-27;11;722
7;2025-12-27;12;848
7;2025-12-27;13;845
7;2025-12-27;14;868
7;2025-12-27;15;857
7;2025-12-27;16;823
7;2025-12-27;17;728
7;2025-12-27;18;699
7;2025-12-27;19;652
7;2025-12-27;20;479
7;2025-12-27;21;405
7;2025-12-27;22;206
7;2025-12-27;23;120
7;2025-12-28;0;22
7;2025-12-28;1;0
7;2025-12-28;2;0
7;2025-12-28;3;1
7;2025-12-28;4;0
7;2025-12-28;5;0
7;2025-12-28;6;68
7;2025-12-28;7;150
7;2025-12-28;8;304
7;2025-12-28;9;430
7;2025-12-28;10;468
7;2025-12-28;11;553
7;2025-12-28;12;647
7;2025-12-28;13;672
7;2025-12-28;14;718
7;2025-12-28;15;696
7;2025-12-28;16;663
7;2025-12-28;17;655
7;2025-12-28;18;554
7;2025-12-28;19;485
7;2025-12-28;20;418
7;2025-12-28;21;330
7;2025-12-28;22;152
7;2025-12-28;23;73
7;2025-12-29;0;0
7;2025-12-29;1;0
7;2025-12-29;2;0
7;2025-12-29;3;0
7;2025-12-29;4;0
7;2025-12-29;5;78
7;2025-12-29;6;439
7;2025-12-29;7;1183
7;2025-12-29;8;1977
7;2025-12-29;9;1453
7;2025-12-29;10;1185
7;2025-12-29;11;1046
7;2025-12-29;12;1178
7;2025-12-29;13;1181
7;2025-12-29;14;1211
7;2025-12-29;15;1348
7;2025-12-29;16;1487
7;2025-12-29;17;1946
7;2025-12-29;18;2139
7;2025-12-29;19;1377
7;2025-12-29;20;745
7;2025-12-29;21;413
7;2025-12-29;22;172
7;2025-12-29;23;95
7;2025-12-30;0;0
7;2025-12-30;1;0
7;2025-12-30;2;0
7;2025-12-30;3;0
7;2025-12-30;4;0
7;2025-12-30;5;83
7;2025-12-30;6;429
7;2025-12-30;7;1271
7;2025-12-30;8;2006
7;2025-12-30;9;1474
7;2025-12-30;10;1210
7;2025-12-30;11;1142
7;2025-12-30;12;1259
7;2025-12-30;13;1235
7;2025-12-30;14;1263
7;2025-12-30;15;1433
7;2025-12-30;16;1455
7;2025-12-30;17;1922
7;2025-12-30;18;2189
7;2025-12-30;19;1462
7;2025-12-30;20;782
7;2025-12-30;21;436
7;2025-12-30;22;205
7;2025-12-30;23;96
7;2025-12-31;0;0
7;2025-12-31;1;0
7;2025-12-31;2;0
7;2025-12-31;3;0
7;2025-12-31;4;0
7;2025-12-31;5;8
7;2025-12-31;6;105
7;2025-12-31;7;201
7;2025-12-31;8;370
7;2025-12-31;9;363
7;2025-12-31;10;400
7;2025-12-31;11;409
7;2025-12-31;12;625
7;2025-12-31;13;588
7;2025-12-31;14;614
7;2025-12-31;15;639
7;2025-12-31;16;630
7;2025-12-31;17;661
7;2025-12-31;18;586
7;2025-12-31;19;486
7;2025-12-31;20;381
7;2025-12-31;21;271
7;2025-12-31;22;205
7;2025-12-31;23;95
11;2025-11-01;0;102
11;2025-11-01;1;0
11;2025-11-01;2;0
11;2025-11-01;3;0
11;2025-11-01;4;0
11;2025-11-01;5;168
11;2025-11-01;6;755
11;2025-11-01;7;628
11;2025-11-01;8;920
11;2025-11-01;9;1080
11;2025-11-01;10;1262
11;2025-11-01;11;1645
11;2025-11-01;12;1911
11;2025-11-01;13;1767
11;2025-11-01;14;1851
11;2025-11-01;15;1785
11;2025-11-01;16;1793
11;2025-11-01;17;1836
11;2025-11-01;18;1448
11;2025-11-01;19;1396
11;2025-11-01;20;1002
11;2025-11-01;21;713
11;2025-11-01;22;393
11;2025-11-01;23;299
11;2025-11-02;0;111
11;2025-11-02;1;15
11;2025-11-02;2;0
11;2025-11-02;3;0
11;2025-11-02;4;3
11;2025-11-02;5;132
11;2025-11-02;6;465
11;2025-11-02;7;455
11;2025-11-02;8;593
11;2025-11-02;9;835
11;2025-11-02;10;838
11;2025-11-02;11;1189
11;2025-11-02;12;1379
11;2025-11-02;13;1340
11;2025-11-02;14;1450
11;2025-11-02;15;1476
11;2025-11-02;16;1409
11;2025-11-02;17;1497
11;2025-11-02;18;1155
11;2025-11-02;19;946
11;2025-11-02;20;894
11;2025-11-02;21;621
11;2025-11-02;22;355
11;2025-11-02;23;230
11;2025-11-03;0;79
11;2025-11-03;1;3
11;2025-11-03;2;0
11;2025-11-03;3;0
11;2025-11-03;4;0
11;2025-11-03;5;216
11;2025-11-03;6;648
11;2025-11-03;7;875
11;2025-11-03;8;1054
11;2025-11-03;9;1043
11;2025-11-03;10;863
11;2025-11-03;11;1136
11;2025-11-03;12;1122
11;2025-11-03;13;1257
11;2025-11-03;14;1323
11;2025-11-03;15;1317
11;2025-11-03;16;1368
11;2025-11-03;17;1508
11;2025-11-03;18;1470
11;2025-11-03;19;1376
11;2025-11-03;20;1082
11;2025-11-03;21;723
11;2025-11-03;22;393
11;2025-11-03;23;207
11;2025-11-04;0;73
11;2025-11-04;1;0
11;2025-11-04;2;0
11;2025-11-04;3;0
11;2025-11-04;4;3
11;2025-11-04;5;203
11;2025-11-04;6;628
11;2025-11-04;7;854
11;2025-11-04;8;961
11;2025-11-04;9;1002
11;2025-11-04;10;840
11;2025-11-04;11;1044
11;2025-11-04;12;1025
11;2025-11-04;13;1267
11;2025-11-04;14;1412
11;2025-11-04;15;1419
11;2025-11-04;16;1351
11;2025-11-04;17;1456
11;2025-11-04;18;1402
11;2025-11-04;19;1335
11;2025-11-04;20;1065
11;2025-11-04;21;711
11;2025-11-04;22;389
11;2025-11-04;23;218
11;2025-11-05;0;67
11;2025-11-05;1;1
11;2025-11-05;2;0
11;2025-11-05;3;0
11;2025-11-05;4;1
11;2025-11-05;5;284
11;2025-11-05;6;1266
11;2025-11-05;7;2391
11;2025-11-05;8;3231
11;2025-11-05;9;2310
11;2025-11-05;10;1805
11;2025-11-05;11;1834
11;2025-11-05;12;1896
11;2025-11-05;13;2055
11;2025-11-05;14;2033
11;2025-11-05;15;2113
11;2025-11-05;16;2234
11;2025-11-05;17;2822
11;2025-11-05;18;3133
11;2025-11-05;19;2292
11;2025-11-05;20;1479
11;2025-11-05;21;870
11;2025-11-05;22;413
11;2025-11-05;23;225
11;2025-11-06;0;68
11;2025-11-06;1;0
11;2025-11-06;2;0
11;2025-11-06;3;0
11;2025-11-06;4;2
11;2025-11-06;5;286
11;2025-11-06;6;1280
11;2025-11-06;7;2360
11;2025-11-06;8;3048
11;2025-11-06;9;2411
11;2025-11-06;10;1958
11;2025-11-06;11;1761
11;2025-11-06;12;1910
11;2025-11-06;13;2044
11;2025-11-06;14;2051
11;2025-11-06;15;2088
11;2025-11-06;16;2287
11;2025-11-06;17;2837
11;2025-11-06;18;3167
11;2025-11-06;19;2250
11;2025-11-06;20;1436
11;2025-11-06;21;857
11;2025-11-06;22;451
11;2025-11-06;23;225
11;2025-11-07;0;76
11;2025-11-07;1;3
11;2025-11-07;2;0
11;2025-11-07;3;0
11;2025-11-07;4;1
11;2025-11-07;5;263
11;2025-11-07;6;1272
11;2025-11-07;7;2305
11;2025-11-07;8;2999
11;2025-11-07;9;2233
11;2025-11-07;10;1810
11;2025-11-07;11;1780
11;2025-11-07;12;1866
11;2025-11-07;13;1960
11;2025-11-07;14;2044
11;2025-11-07;15;2272
11;2025-11-07;16;2469
11;2025-11-07;17;2881
11;2025-11-07;18;2575
11;2025-11-07;19;2031
11;2025-11-07;20;1386
11;2025-11-07;21;859
11;2025-11-07;22;457
11;2025-11-07;23;269
11;2025-11-08;0;102
11;2025-11-08;1;3
11;2025-11-08;2;0
11;2025-11-08;3;0
11;2025-11-08;4;5
11;2025-11-08;5;192
11;2025-11-08;6;763
11;2025-11-08;7;655
11;2025-11-08;8;911
11;2025-11-08;9;1069
11;2025-11-08;10;1190
11;2025-11-08;11;1602
11;2025-11-08;12;1863
11;2025-11-08;13;1760
11;2025-11-08;14;1820
11;2025-11-08;15;1804
11;2025-11-08;16;1823
11;2025-11-08;17;1835
11;2025-11-08;18;1517
11;2025-11-08;19;1427
11;2025-11-08;20;1010
11;2025-11-08;21;752
11;2025-11-08;22;427
11;2025-11-08;23;286
11;2025-11-09;0;106
11;2025-11-09;1;11
11;2025-11-09;2;1
11;2025-11-09;3;0
11;2025-11-09;4;4
11;2025-11-09;5;122
11;2025-11-09;6;511
11;2025-11-09;7;494
11;2025-11-09;8;614
11;2025-11-09;9;884
11;2025-11-09;10;957
11;2025-11-09;11;1398
11;2025-11-09;12;1550
11;2025-11-09;13;1468
11;2025-11-09;14;1599
11;2025-11-09;15;1615
11;2025-11-09;16;1554
11;2025-11-09;17;1622
11;2025-11-09;18;1266
11;2025-11-09;19;1024
11;2025-11-09;20;837
11;2025-11-09;21;609
11;2025-11-09;22;350
11;2025-11-09;23;218
11;2025-11-10;0;67
11;2025-11-10;1;4
11;2025-11-10;2;0
11;2025-11-10;3;0
11;2025-11-10;4;2
11;2025-11-10;5;284
11;2025-11-10;6;1292
11;2025-11-10;7;2361
11;2025-11-10;8;3117
11;2025-11-10;9;2313
11;2025-11-10;10;1761
11;2025-11-10;11;1787
11;2025-11-10;12;1724
11;2025-11-10;13;1884
11;2025-11-10;14;1898
11;2025-11-10;15;2034
11;2025-11-10;16;2282
11;2025-11-10;17;2814
11;2025-11-10;18;3073
11;2025-11-10;19;2351
11;2025-11-10;20;1432
11;2025-11-10;21;845
11;2025-11-10;22;416
11;2025-11-10;23;199
11;2025-11-11;0;57
11;2025-11-11;1;0
11;2025-11-11;2;0
11;2025-11-11;3;0
11;2025-11-11;4;0
11;2025-11-11;5;271
11;2025-11-11;6;1290
11;2025-11-11;7;2482
11;2025-11-11;8;3319
11;2025-11-11;9;2467
11;2025-11-11;10;1828
11;2025-11-11;11;1792
11;2025-11-11;12;1801
11;2025-11-11;13;1970
11;2025-11-11;14;2009
11;2025-11-11;15;2047
11;2025-11-11;16;2304
11;2025-11-11;17;2911
11;2025-11-11;18;3111
11;2025-11-11;19;2311
11;2025-11-11;20;1475
11;2025-11-11;21;850
11;2025-11-11;22;425
11;2025-11-11;23;211
11;2025-11-12;0;58
11;2025-11-12;1;1
11;2025-11-12;2;0
11;2025-11-12;3;0
11;2025-11-12;4;3
11;2025-11-12;5;284
11;2025-11-12;6;1251
11;2025-11-12;7;2446
11;2025-11-12;8;3308
11;2025-11-12;9;2375
11;2025-11-12;10;1838
11;2025-11-12;11;1835
11;2025-11-12;12;1891
11;2025-11-12;13;2027
11;2025-11-12;14;2013
11;2025-11-12;15;2103
11;2025-11-12;16;2253
11;2025-11-12;17;2873
11;2025-11-12;18;3189
11;2025-11-12;19;2308
11;2025-11-12;20;1505
11;2025-11-12;21;864
11;2025-11-12;22;423
11;2025-11-12;23;226
11;2025-11-13;0;66
11;2025-11-13;1;1
11;2025-11-13;2;0
11;2025-11-13;3;0
11;2025-11-13;4;2
11;2025-11-13;5;286
11;2025-11-13;6;1278
11;2025-11-13;7;2426
11;2025-11-13;8;3157
11;2025-11-13;9;2486
11;2025-11-13;10;2011
11;2025-11-13;11;1848
11;2025-11-13;12;1929
11;2025-11-13;13;2080
11;2025-11-13;14;2087
11;2025-11-13;15;2140
11;2025-11-13;16;2363
11;2025-11-13;17;2922
11;2025-11-13;18;3272
11;2025-11-13;19;2291
11;2025-11-13;20;1471
11;2025-11-13;21;863
11;2025-11-13;22;462
11;2025-11-13;23;232
11;2025-11-14;0;74
11;2025-11-14;1;1
11;2025-11-14;2;0
11;2025-11-14;3;0
11;2025-11-14;4;1
11;2025-11-14;5;274
11;2025-11-14;6;1263
11;2025-11-14;7;2374
11;2025-11-14;8;3081
11;2025-11-14;9;2333
11;2025-11-14;10;1830
11;2025-11-14;11;1815
11;2025-11-14;12;1907
11;2025-11-14;13;2010
11;2025-11-14;14;2087
11;2025-11-14;15;2343
11;2025-11-14;16;2553
11;2025-11-14;17;2970
11;2025-11-14;18;2663
11;2025-11-14;19;2093
11;2025-11-14;20;1398
11;2025-11-14;21;849
11;2025-11-14;22;454
11;2025-11-14;23;267
11;2025-11-15;0;93
11;2025-11-15;1;3
11;2025-11-15;2;0
11;2025-11-15;3;0
11;2025-11-15;4;5
11;2025-11-15;5;178
11;2025-11-15;6;687
11;2025-11-15;7;581
11;2025-11-15;8;845
11;2025-11-15;9;1024
11;2025-11-15;10;1146
11;2025-11-15;11;1554
11;2025-11-15;12;1795
11;2025-11-15;13;1713
11;2025-11-15;14;1821
11;2025-11-15;15;1821
11;2025-11-15;16;1839
11;2025-11-15;17;1819
11;2025-11-15;18;1478
11;2025-11-15;19;1434
11;2025-11-15;20;1015
11;2025-11-15;21;771
11;2025-11-15;22;430
11;2025-11-15;23;284
11;2025-11-16;0;102
11;2025-11-16;1;6
11;2025-11-16;2;0
11;2025-11-16;3;1
11;2025-11-16;4;3
11;2025-11-16;5;120
11;2025-11-16;6;476
11;2025-11-16;7;495
11;2025-11-16;8;615
11;2025-11-16;9;906
11;2025-11-16;10;983
11;2025-11-16;11;1442
11;2025-11-16;12;1599
11;2025-11-16;13;1534
11;2025-11-16;14;1637
11;2025-11-16;15;1645
11;2025-11-16;16;1554
11;2025-11-16;17;1613
11;2025-11-16;18;1270
11;2025-11-16;19;1031
11;2025-11-16;20;843
11;2025-11-16;21;625
11;2025-11-16;22;360
11;2025-11-16;23;225
11;2025-11-17;0;70
11;2025-11-17;1;0
11;2025-11-17;2;0
11;2025-11-17;3;0
11;2025-11-17;4;3
11;2025-11-17;5;286
11;2025-11-17;6;1288
11;2025-11-17;7;2463
11;2025-11-17;8;3195
11;2025-11-17;9;2426
11;2025-11-17;10;1753
11;2025-11-17;11;1795
11;2025-11-17;12;1686
11;2025-11-17;13;1836
11;2025-11-17;14;1852
11;2025-11-17;15;2084
11;2025-11-17;16;2348
11;2025-11-17;17;2899
11;2025-11-17;18;3180
11;2025-11-17;19;2408
11;2025-11-17;20;1442
11;2025-11-17;21;822
11;2025-11-17;22;418
11;2025-11-17;23;195
11;2025-11-18;0;60
11;2025-11-18;1;1
11;2025-11-18;2;0
11;2025-11-18;3;0
11;2025-11-18;4;2
11;2025-11-18;5;264
11;2025-11-18;6;1293
11;2025-11-18;7;2527
11;2025-11-18;8;3360
11;2025-11-18;9;2511
11;2025-11-18;10;1788
11;2025-11-18;11;1781
11;2025-11-18;12;1791
11;2025-11-18;13;1937
11;2025-11-18;14;1979
11;2025-11-18;15;2071
11;2025-11-18;16;2327
11;2025-11-18;17;2945
11;2025-11-18;18;3149
11;2025-11-18;19;2335
11;2025-11-18;20;1483
11;2025-11-18;21;847
11;2025-11-18;22;418
11;2025-11-18;23;199
11;2025-11-19;0;59
11;2025-11-19;1;0
11;2025-11-19;2;0
11;2025-11-19;3;0
11;2025-11-19;4;3
11;2025-11-19;5;285
11;2025-11-19;6;1263
11;2025-11-19;7;2467
11;2025-11-19;8;3329
11;2025-11-19;9;2389
11;2025-11-19;10;1850
11;2025-11-19;11;1873
11;2025-11-19;12;1922
11;2025-11-19;13;2096
11;2025-11-19;14;2047
11;2025-11-19;15;2149
11;2025-11-19;16;2283
11;2025-11-19;17;2877
11;2025-11-19;18;3191
11;2025-11-19;19;2316
11;2025-11-19;20;1533
11;2025-11-19;21;893
11;2025-11-19;22;426
11;2025-11-19;23;228
11;2025-11-20;0;67
11;2025-11-20;1;0
11;2025-11-20;2;0
11;2025-11-20;3;0
11;2025-11-20;4;3
11;2025-11-20;5;282
11;2025-11-20;6;1286
11;2025-11-20;7;2419
11;2025-11-20;8;3115
11;2025-11-20;9;2490
11;2025-11-20;10;1999
11;2025-11-20;11;1863
11;2025-11-20;12;1939
11;2025-11-20;13;2099
11;2025-11-20;14;2102
11;2025-11-20;15;2156
11;2025-11-20;16;2370
11;2025-11-20;17;2906
11;2025-11-20;18;3251
11;2025-11-20;19;2291
11;2025-11-20;20;1478
11;2025-11-20;21;860
11;2025-11-20;22;452
11;2025-11-20;23;230
11;2025-11-21;0;75
11;2025-11-21;1;0
11;2025-11-21;2;0
11;2025-11-21;3;0
11;2025-11-21;4;2
11;2025-11-21;5;263
11;2025-11-21;6;1270
11;2025-11-21;7;2388
11;2025-11-21;8;3084
11;2025-11-21;9;2341
11;2025-11-21;10;1865
11;2025-11-21;11;1838
11;2025-11-21;12;1895
11;2025-11-21;13;2029
11;2025-11-21;14;2098
11;2025-11-21;15;2342
11;2025-11-21;16;2550
11;2025-11-21;17;2960
11;2025-11-21;18;2666
11;2025-11-21;19;2097
11;2025-11-21;20;1428
11;2025-11-21;21;875
11;2025-11-21;22;464
11;2025-11-21;23;274
11;2025-11-22;0;103
11;2025-11-22;1;2
11;2025-11-22;2;0
11;2025-11-22;3;0
11;2025-11-22;4;6
11;2025-11-22;5;179
11;2025-11-22;6;711
11;2025-11-22;7;643
11;2025-11-22;8;877
11;2025-11-22;9;1066
11;2025-11-22;10;1211
11;2025-11-22;11;1625
11;2025-11-22;12;1865
11;2025-11-22;13;1752
11;2025-11-22;14;1813
11;2025-11-22;15;1800
11;2025-11-22;16;1819
11;2025-11-22;17;1825
11;2025-11-22;18;1494
11;2025-11-22;19;1407
11;2025-11-22;20;997
11;2025-11-22;21;720
11;2025-11-22;22;417
11;2025-11-22;23;284
11;2025-11-23;0;105
11;2025-11-23;1;12
11;2025-11-23;2;0
11;2025-11-23;3;1
11;2025-11-23;4;2
11;2025-11-23;5;120
11;2025-11-23;6;474
11;2025-11-23;7;481
11;2025-11-23;8;609
11;2025-11-23;9;884
11;2025-11-23;10;982
11;2025-11-23;11;1448
11;2025-11-23;12;1620
11;2025-11-23;13;1558
11;2025-11-23;14;1666
11;2025-11-23;15;1679
11;2025-11-23;16;1606
11;2025-11-23;17;1656
11;2025-11-23;18;1290
11;2025-11-23;19;1029
11;2025-11-23;20;857
11;2025-11-23;21;609
11;2025-11-23;22;352
11;2025-11-23;23;225
11;2025-11-24;0;70
11;2025-11-24;1;4
11;2025-11-24;2;0
11;2025-11-24;3;0
11;2025-11-24;4;2
11;2025-11-24;5;274
11;2025-11-24;6;1265
11;2025-11-24;7;2387
11;2025-11-24;8;3130
11;2025-11-24;9;2349
11;2025-11-24;10;1732
11;2025-11-24;11;1749
11;2025-11-24;12;1690
11;2025-11-24;13;1880
11;2025-11-24;14;1857
11;2025-11-24;15;2031
11;2025-11-24;16;2291
11;2025-11-24;17;2819
11;2025-11-24;18;3114
11;2025-11-24;19;2355
11;2025-11-24;20;1450
11;2025-11-24;21;847
11;2025-11-24;22;417
11;2025-11-24;23;197
11;2025-11-25;0;60
11;2025-11-25;1;0
11;2025-11-25;2;0
11;2025-11-25;3;1
11;2025-11-25;4;2
11;2025-11-25;5;272
11;2025-11-25;6;1309
11;2025-11-25;7;2467
11;2025-11-25;8;3305
11;2025-11-25;9;2492
11;2025-11-25;10;1874
11;2025-11-25;11;1828
11;2025-11-25;12;1849
11;2025-11-25;13;1990
11;2025-11-25;14;2031
11;2025-11-25;15;2060
11;2025-11-25;16;2297
11;2025-11-25;17;2884
11;2025-11-25;18;3101
11;2025-11-25;19;2312
11;2025-11-25;20;1511
11;2025-11-25;21;847
11;2025-11-25;22;426
11;2025-11-25;23;214
11;2025-11-26;0;66
11;2025-11-26;1;1
11;2025-11-26;2;0
11;2025-11-26;3;0
11;2025-11-26;4;2
11;2025-11-26;5;273
11;2025-11-26;6;1246
11;2025-11-26;7;2369
11;2025-11-26;8;3173
11;2025-11-26;9;2326
11;2025-11-26;10;1828
11;2025-11-26;11;1807
11;2025-11-26;12;1878
11;2025-11-26;13;2010
11;2025-11-26;14;1991
11;2025-11-26;15;2077
11;2025-11-26;16;2190
11;2025-11-26;17;2735
11;2025-11-26;18;3089
11;2025-11-26;19;2237
11;2025-11-26;20;1494
11;2025-11-26;21;854
11;2025-11-26;22;404
11;2025-11-26;23;224
11;2025-11-27;0;66
11;2025-11-27;1;1
11;2025-11-27;2;0
11;2025-11-27;3;0
11;2025-11-27;4;1
11;2025-11-27;5;282
11;2025-11-27;6;1261
11;2025-11-27;7;2318
11;2025-11-27;8;2989
11;2025-11-27;9;2403
11;2025-11-27;10;1950
11;2025-11-27;11;1787
11;2025-11-27;12;1864
11;2025-11-27;13;1999
11;2025-11-27;14;1994
11;2025-11-27;15;2088
11;2025-11-27;16;2281
11;2025-11-27;17;2742
11;2025-11-27;18;3123
11;2025-11-27;19;2175
11;2025-11-27;20;1451
11;2025-11-27;21;828
11;2025-11-27;22;434
11;2025-11-27;23;228
11;2025-11-28;0;74
11;2025-11-28;1;4
11;2025-11-28;2;0
11;2025-11-28;3;0
11;2025-11-28;4;1
11;2025-11-28;5;266
11;2025-11-28;6;1239
11;2025-11-28;7;2249
11;2025-11-28;8;2869
11;2025-11-28;9;2230
11;2025-11-28;10;1823
11;2025-11-28;11;1807
11;2025-11-28;12;1868
11;2025-11-28;13;1954
11;2025-11-28;14;2023
11;2025-11-28;15;2236
11;2025-11-28;16;2441
11;2025-11-28;17;2795
11;2025-11-28;18;2513
11;2025-11-28;19;2002
11;2025-11-28;20;1385
11;2025-11-28;21;865
11;2025-11-28;22;444
11;2025-11-28;23;273
11;2025-11-29;0;90
11;2025-11-29;1;1
11;2025-11-29;2;0
11;2025-11-29;3;0
11;2025-11-29;4;5
11;2025-11-29;5;160
11;2025-11-29;6;672
11;2025-11-29;7;602
11;2025-11-29;8;828
11;2025-11-29;9;1014
11;2025-11-29;10;1143
11;2025-11-29;11;1480
11;2025-11-29;12;1718
11;2025-11-29;13;1626
11;2025-11-29;14;1654
11;2025-11-29;15;1663
11;2025-11-29;16;1689
11;2025-11-29;17;1678
11;2025-11-29;18;1347
11;2025-11-29;19;1285
11;2025-11-29;20;939
11;2025-11-29;21;687
11;2025-11-29;22;375
11;2025-11-29;23;262
11;2025-11-30;0;90
11;2025-11-30;1;13
11;2025-11-30;2;0
11;2025-11-30;3;0
11;2025-11-30;4;2
11;2025-11-30;5;102
11;2025-11-30;6;422
11;2025-11-30;7;415
11;2025-11-30;8;550
11;2025-11-30;9;821
11;2025-11-30;10;907
11;2025-11-30;11;1319
11;2025-11-30;12;1434
11;2025-11-30;13;1381
11;2025-11-30;14;1475
11;2025-11-30;15;1501
11;2025-11-30;16;1432
11;2025-11-30;17;1485
11;2025-11-30;18;1181
11;2025-11-30;19;962
11;2025-11-30;20;780
11;2025-11-30;21;567
11;2025-11-30;22;331
11;2025-11-30;23;209
11;2025-12-01;0;59
11;2025-12-01;1;7
11;2025-12-01;2;0
11;2025-12-01;3;0
11;2025-12-01;4;2
11;2025-12-01;5;240
11;2025-12-01;6;1181
11;2025-12-01;7;2074
11;2025-12-01;8;2876
11;2025-12-01;9;2053
11;2025-12-01;10;1584
11;2025-12-01;11;1613
11;2025-12-01;12;1571
11;2025-12-01;13;1714
11;2025-12-01;14;1730
11;2025-12-01;15;1832
11;2025-12-01;16;2032
11;2025-12-01;17;2516
11;2025-12-01;18;2837
11;2025-12-01;19;2077
11;2025-12-01;20;1325
11;2025-12-01;21;735
11;2025-12-01;22;356
11;2025-12-01;23;176
11;2025-12-02;0;54
11;2025-12-02;1;1
11;2025-12-02;2;0
11;2025-12-02;3;1
11;2025-12-02;4;2
11;2025-12-02;5;229
11;2025-12-02;6;1200
11;2025-12-02;7;2175
11;2025-12-02;8;3022
11;2025-12-02;9;2200
11;2025-12-02;10;1664
11;2025-12-02;11;1640
11;2025-12-02;12;1678
11;2025-12-02;13;1763
11;2025-12-02;14;1803
11;2025-12-02;15;1826
11;2025-12-02;16;2031
11;2025-12-02;17;2608
11;2025-12-02;18;2843
11;2025-12-02;19;2059
11;2025-12-02;20;1375
11;2025-12-02;21;748
11;2025-12-02;22;361
11;2025-12-02;23;191
11;2025-12-03;0;58
11;2025-12-03;1;0
11;2025-12-03;2;0
11;2025-12-03;3;0
11;2025-12-03;4;2
11;2025-12-03;5;239
11;2025-12-03;6;1177
11;2025-12-03;7;2115
11;2025-12-03;8;2967
11;2025-12-03;9;2093
11;2025-12-03;10;1694
11;2025-12-03;11;1708
11;2025-12-03;12;1781
11;2025-12-03;13;1865
11;2025-12-03;14;1840
11;2025-12-03;15;1901
11;2025-12-03;16;2035
11;2025-12-03;17;2529
11;2025-12-03;18;2872
11;2025-12-03;19;2027
11;2025-12-03;20;1404
11;2025-12-03;21;783
11;2025-12-03;22;368
11;2025-12-03;23;202
11;2025-12-04;0;61
11;2025-12-04;1;1
11;2025-12-04;2;0
11;2025-12-04;3;0
11;2025-12-04;4;0
11;2025-12-04;5;244
11;2025-12-04;6;1209
11;2025-12-04;7;2086
11;2025-12-04;8;2793
11;2025-12-04;9;2155
11;2025-12-04;10;1764
11;2025-12-04;11;1680
11;2025-12-04;12;1758
11;2025-12-04;13;1866
11;2025-12-04;14;1869
11;2025-12-04;15;1898
11;2025-12-04;16;2084
11;2025-12-04;17;2563
11;2025-12-04;18;2955
11;2025-12-04;19;2030
11;2025-12-04;20;1375
11;2025-12-04;21;781
11;2025-12-04;22;402
11;2025-12-04;23;212
11;2025-12-05;0;64
11;2025-12-05;1;2
11;2025-12-05;2;0
11;2025-12-05;3;0
11;2025-12-05;4;1
11;2025-12-05;5;234
11;2025-12-05;6;1196
11;2025-12-05;7;2062
11;2025-12-05;8;2691
11;2025-12-05;9;2042
11;2025-12-05;10;1672
11;2025-12-05;11;1678
11;2025-12-05;12;1749
11;2025-12-05;13;1823
11;2025-12-05;14;1884
11;2025-12-05;15;2066
11;2025-12-05;16;2281
11;2025-12-05;17;2647
11;2025-12-05;18;2330
11;2025-12-05;19;1862
11;2025-12-05;20;1326
11;2025-12-05;21;792
11;2025-12-05;22;404
11;2025-12-05;23;250
11;2025-12-06;0;90
11;2025-12-06;1;3
11;2025-12-06;2;0
11;2025-12-06;3;0
11;2025-12-06;4;8
11;2025-12-06;5;157
11;2025-12-06;6;650
11;2025-12-06;7;551
11;2025-12-06;8;807
11;2025-12-06;9;986
11;2025-12-06;10;1121
11;2025-12-06;11;1458
11;2025-12-06;12;1693
11;2025-12-06;13;1598
11;2025-12-06;14;1641
11;2025-12-06;15;1651
11;2025-12-06;16;1664
11;2025-12-06;17;1661
11;2025-12-06;18;1337
11;2025-12-06;19;1269
11;2025-12-06;20;918
11;2025-12-06;21;664
11;2025-12-06;22;372
11;2025-12-06;23;269
11;2025-12-07;0;93
11;2025-12-07;1;17
11;2025-12-07;2;0
11;2025-12-07;3;0
11;2025-12-07;4;4
11;2025-12-07;5;100
11;2025-12-07;6;402
11;2025-12-07;7;386
11;2025-12-07;8;509
11;2025-12-07;9;769
11;2025-12-07;10;864
11;2025-12-07;11;1282
11;2025-12-07;12;1411
11;2025-12-07;13;1363
11;2025-12-07;14;1467
11;2025-12-07;15;1487
11;2025-12-07;16;1420
11;2025-12-07;17;1484
11;2025-12-07;18;1169
11;2025-12-07;19;945
11;2025-12-07;20;752
11;2025-12-07;21;550
11;2025-12-07;22;331
11;2025-12-07;23;211
11;2025-12-08;0;63
11;2025-12-08;1;12
11;2025-12-08;2;0
11;2025-12-08;3;0
11;2025-12-08;4;2
11;2025-12-08;5;240
11;2025-12-08;6;1179
11;2025-12-08;7;2095
11;2025-12-08;8;2893
11;2025-12-08;9;2077
11;2025-12-08;10;1597
11;2025-12-08;11;1632
11;2025-12-08;12;1599
11;2025-12-08;13;1735
11;2025-12-08;14;1739
11;2025-12-08;15;1861
11;2025-12-08;16;2069
11;2025-12-08;17;2570
11;2025-12-08;18;2876
11;2025-12-08;19;2126
11;2025-12-08;20;1310
11;2025-12-08;21;722
11;2025-12-08;22;362
11;2025-12-08;23;192
11;2025-12-09;0;60
11;2025-12-09;1;3
11;2025-12-09;2;0
11;2025-12-09;3;0
11;2025-12-09;4;2
11;2025-12-09;5;217
11;2025-12-09;6;1159
11;2025-12-09;7;2183
11;2025-12-09;8;3064
11;2025-12-09;9;2218
11;2025-12-09;10;1634
11;2025-12-09;11;1613
11;2025-12-09;12;1664
11;2025-12-09;13;1763
11;2025-12-09;14;1816
11;2025-12-09;15;1841
11;2025-12-09;16;2069
11;2025-12-09;17;2668
11;2025-12-09;18;2881
11;2025-12-09;19;2101
11;2025-12-09;20;1354
11;2025-12-09;21;710
11;2025-12-09;22;358
11;2025-12-09;23;192
11;2025-12-10;0;16
11;2025-12-10;1;0
11;2025-12-10;2;0
11;2025-12-10;3;0
11;2025-12-10;4;2
11;2025-12-10;5;168
11;2025-12-10;6;1007
11;2025-12-10;7;2008
11;2025-12-10;8;2914
11;2025-12-10;9;1960
11;2025-12-10;10;1506
11;2025-12-10;11;1530
11;2025-12-10;12;1629
11;2025-12-10;13;1718
11;2025-12-10;14;1711
11;2025-12-10;15;1766
11;2025-12-10;16;1920
11;2025-12-10;17;2455
11;2025-12-10;18;2816
11;2025-12-10;19;1943
11;2025-12-10;20;1257
11;2025-12-10;21;639
11;2025-12-10;22;290
11;2025-12-10;23;151
11;2025-12-11;0;3
11;2025-12-11;1;0
11;2025-12-11;2;0
11;2025-12-11;3;0
11;2025-12-11;4;1
11;2025-12-11;5;187
11;2025-12-11;6;1055
11;2025-12-11;7;1988
11;2025-12-11;8;2721
11;2025-12-11;9;2051
11;2025-12-11;10;1618
11;2025-12-11;11;1520
11;2025-12-11;12;1610
11;2025-12-11;13;1744
11;2025-12-11;14;1772
11;2025-12-11;15;1794
11;2025-12-11;16;1986
11;2025-12-11;17;2468
11;2025-12-11;18;2873
11;2025-12-11;19;1899
11;2025-12-11;20;1227
11;2025-12-11;21;625
11;2025-12-11;22;320
11;2025-12-11;23;166
11;2025-12-12;0;12
11;2025-12-12;1;0
11;2025-12-12;2;0
11;2025-12-12;3;0
11;2025-12-12;4;1
11;2025-12-12;5;180
11;2025-12-12;6;1005
11;2025-12-12;7;1962
11;2025-12-12;8;2667
11;2025-12-12;9;1909
11;2025-12-12;10;1501
11;2025-12-12;11;1525
11;2025-12-12;12;1564
11;2025-12-12;13;1648
11;2025-12-12;14;1719
11;2025-12-12;15;1934
11;2025-12-12;16;2188
11;2025-12-12;17;2607
11;2025-12-12;18;2295
11;2025-12-12;19;1758
11;2025-12-12;20;1181
11;2025-12-12;21;667
11;2025-12-12;22;341
11;2025-12-12;23;197
11;2025-12-13;0;42
11;2025-12-13;1;0
11;2025-12-13;2;0
11;2025-12-13;3;0
11;2025-12-13;4;0
11;2025-12-13;5;102
11;2025-12-13;6;521
11;2025-12-13;7;438
11;2025-12-13;8;650
11;2025-12-13;9;825
11;2025-12-13;10;979
11;2025-12-13;11;1343
11;2025-12-13;12;1586
11;2025-12-13;13;1502
11;2025-12-13;14;1530
11;2025-12-13;15;1538
11;2025-12-13;16;1569
11;2025-12-13;17;1565
11;2025-12-13;18;1225
11;2025-12-13;19;1168
11;2025-12-13;20;792
11;2025-12-13;21;557
11;2025-12-13;22;318
11;2025-12-13;23;227
11;2025-12-14;0;46
11;2025-12-14;1;0
11;2025-12-14;2;0
11;2025-12-14;3;1
11;2025-12-14;4;2
11;2025-12-14;5;47
11;2025-12-14;6;307
11;2025-12-14;7;307
11;2025-12-14;8;391
11;2025-12-14;9;623
11;2025-12-14;10;714
11;2025-12-14;11;1143
11;2025-12-14;12;1292
11;2025-12-14;13;1243
11;2025-12-14;14;1338
11;2025-12-14;15;1374
11;2025-12-14;16;1288
11;2025-12-14;17;1361
11;2025-12-14;18;1049
11;2025-12-14;19;815
11;2025-12-14;20;625
11;2025-12-14;21;454
11;2025-12-14;22;255
11;2025-12-14;23;154
11;2025-12-15;0;0
11;2025-12-15;1;0
11;2025-12-15;2;0
11;2025-12-15;3;0
11;2025-12-15;4;4
11;2025-12-15;5;177
11;2025-12-15;6;1031
11;2025-12-15;7;2006
11;2025-12-15;8;2831
11;2025-12-15;9;2001
11;2025-12-15;10;1483
11;2025-12-15;11;1515
11;2025-12-15;12;1488
11;2025-12-15;13;1643
11;2025-12-15;14;1628
11;2025-12-15;15;1768
11;2025-12-15;16;2004
11;2025-12-15;17;2525
11;2025-12-15;18;2829
11;2025-12-15;19;2052
11;2025-12-15;20;1199
11;2025-12-15;21;621
11;2025-12-15;22;301
11;2025-12-15;23;128
11;2025-12-16;0;1
11;2025-12-16;1;0
11;2025-12-16;2;0
11;2025-12-16;3;0
11;2025-12-16;4;4
11;2025-12-16;5;161
11;2025-12-16;6;1046
11;2025-12-16;7;2093
11;2025-12-16;8;2979
11;2025-12-16;9;2118
11;2025-12-16;10;1514
11;2025-12-16;11;1475
11;2025-12-16;12;1504
11;2025-12-16;13;1624
11;2025-12-16;14;1703
11;2025-12-16;15;1756
11;2025-12-16;16;1986
11;2025-12-16;17;2608
11;2025-12-16;18;2826
11;2025-12-16;19;2015
11;2025-12-16;20;1258
11;2025-12-16;21;627
11;2025-12-16;22;300
11;2025-12-16;23;140
11;2025-12-17;0;3
11;2025-12-17;1;0
11;2025-12-17;2;0
11;2025-12-17;3;0
11;2025-12-17;4;3
11;2025-12-17;5;169
11;2025-12-17;6;999
11;2025-12-17;7;1988
11;2025-12-17;8;2909
11;2025-12-17;9;1959
11;2025-12-17;10;1509
11;2025-12-17;11;1534
11;2025-12-17;12;1626
11;2025-12-17;13;1721
11;2025-12-17;14;1700
11;2025-12-17;15;1779
11;2025-12-17;16;1926
11;2025-12-17;17;2468
11;2025-12-17;18;2819
11;2025-12-17;19;1942
11;2025-12-17;20;1260
11;2025-12-17;21;644
11;2025-12-17;22;300
11;2025-12-17;23;156
11;2025-12-18;0;1
11;2025-12-18;1;0
11;2025-12-18;2;0
11;2025-12-18;3;0
11;2025-12-18;4;1
11;2025-12-18;5;174
11;2025-12-18;6;1019
11;2025-12-18;7;1973
11;2025-12-18;8;2745
11;2025-12-18;9;2046
11;2025-12-18;10;1601
11;2025-12-18;11;1518
11;2025-12-18;12;1603
11;2025-12-18;13;1717
11;2025-12-18;14;1730
11;2025-12-18;15;1769
11;2025-12-18;16;1986
11;2025-12-18;17;2507
11;2025-12-18;18;2892
11;2025-12-18;19;1917
11;2025-12-18;20;1216
11;2025-12-18;21;627
11;2025-12-18;22;313
11;2025-12-18;23;151
11;2025-12-19;0;4
11;2025-12-19;1;0
11;2025-12-19;2;0
11;2025-12-19;3;0
11;2025-12-19;4;0
11;2025-12-19;5;169
11;2025-12-19;6;1005
11;2025-12-19;7;1933
11;2025-12-19;8;2640
11;2025-12-19;9;1898
11;2025-12-19;10;1504
11;2025-12-19;11;1507
11;2025-12-19;12;1591
11;2025-12-19;13;1673
11;2025-12-19;14;1734
11;2025-12-19;15;1935
11;2025-12-19;16;2169
11;2025-12-19;17;2573
11;2025-12-19;18;2242
11;2025-12-19;19;1718
11;2025-12-19;20;1159
11;2025-12-19;21;634
11;2025-12-19;22;316
11;2025-12-19;23;187
11;2025-12-20;0;29
11;2025-12-20;1;0
11;2025-12-20;2;0
11;2025-12-20;3;0
11;2025-12-20;4;0
11;2025-12-20;5;91
11;2025-12-20;6;495
11;2025-12-20;7;417
11;2025-12-20;8;629
11;2025-12-20;9;794
11;2025-12-20;10;939
11;2025-12-20;11;1300
11;2025-12-20;12;1542
11;2025-12-20;13;1451
11;2025-12-20;14;1492
11;2025-12-20;15;1495
11;2025-12-20;16;1517
11;2025-12-20;17;1526
11;2025-12-20;18;1180
11;2025-12-20;19;1113
11;2025-12-20;20;767
11;2025-12-20;21;543
11;2025-12-20;22;295
11;2025-12-20;23;209
11;2025-12-21;0;41
11;2025-12-21;1;0
11;2025-12-21;2;0
11;2025-12-21;3;0
11;2025-12-21;4;0
11;2025-12-21;5;32
11;2025-12-21;6;299
11;2025-12-21;7;308
11;2025-12-21;8;377
11;2025-12-21;9;607
11;2025-12-21;10;695
11;2025-12-21;11;1123
11;2025-12-21;12;1251
11;2025-12-21;13;1197
11;2025-12-21;14;1284
11;2025-12-21;15;1341
11;2025-12-21;16;1255
11;2025-12-21;17;1322
11;2025-12-21;18;1011
11;2025-12-21;19;786
11;2025-12-21;20;598
11;2025-12-21;21;434
11;2025-12-21;22;251
11;2025-12-21;23;153
11;2025-12-22;0;5
11;2025-12-22;1;0
11;2025-12-22;2;0
11;2025-12-22;3;0
11;2025-12-22;4;0
11;2025-12-22;5;173
11;2025-12-22;6;1032
11;2025-12-22;7;1982
11;2025-12-22;8;2822
11;2025-12-22;9;1964
11;2025-12-22;10;1443
11;2025-12-22;11;1487
11;2025-12-22;12;1464
11;2025-12-22;13;1614
11;2025-12-22;14;1620
11;2025-12-22;15;1767
11;2025-12-22;16;1992
11;2025-12-22;17;2511
11;2025-12-22;18;2818
11;2025-12-22;19;2052
11;2025-12-22;20;1219
11;2025-12-22;21;645
11;2025-12-22;22;307
11;2025-12-22;23;137
11;2025-12-23;0;9
11;2025-12-23;1;0
11;2025-12-23;2;0
11;2025-12-23;3;0
11;2025-12-23;4;4
11;2025-12-23;5;180
11;2025-12-23;6;1081
11;2025-12-23;7;2112
11;2025-12-23;8;2998
11;2025-12-23;9;2162
11;2025-12-23;10;1574
11;2025-12-23;11;1561
11;2025-12-23;12;1604
11;2025-12-23;13;1694
11;2025-12-23;14;1733
11;2025-12-23;15;1765
11;2025-12-23;16;1986
11;2025-12-23;17;2590
11;2025-12-23;18;2796
11;2025-12-23;19;2009
11;2025-12-23;20;1273
11;2025-12-23;21;636
11;2025-12-23;22;305
11;2025-12-23;23;144
11;2025-12-24;0;1
11;2025-12-24;1;0
11;2025-12-24;2;0
11;2025-12-24;3;0
11;2025-12-24;4;4
11;2025-12-24;5;176
11;2025-12-24;6;1022
11;2025-12-24;7;1994
11;2025-12-24;8;2901
11;2025-12-24;9;1976
11;2025-12-24;10;1521
11;2025-12-24;11;1558
11;2025-12-24;12;1638
11;2025-12-24;13;1750
11;2025-12-24;14;1703
11;2025-12-24;15;1792
11;2025-12-24;16;1937
11;2025-12-24;17;2468
11;2025-12-24;18;2809
11;2025-12-24;19;1956
11;2025-12-24;20;1269
11;2025-12-24;21;615
11;2025-12-24;22;284
11;2025-12-24;23;146
11;2025-12-25;0;0
11;2025-12-25;1;0
11;2025-12-25;2;0
11;2025-12-25;3;0
11;2025-12-25;4;2
11;2025-12-25;5;154
11;2025-12-25;6;1007
11;2025-12-25;7;1928
11;2025-12-25;8;2693
11;2025-12-25;9;2052
11;2025-12-25;10;1596
11;2025-12-25;11;1507
11;2025-12-25;12;1606
11;2025-12-25;13;1720
11;2025-12-25;14;1737
11;2025-12-25;15;1770
11;2025-12-25;16;1981
11;2025-12-25;17;2500
11;2025-12-25;18;2837
11;2025-12-25;19;1924
11;2025-12-25;20;1219
11;2025-12-25;21;636
11;2025-12-25;22;319
11;2025-12-25;23;155
11;2025-12-26;0;10
11;2025-12-26;1;0
11;2025-12-26;2;0
11;2025-12-26;3;0
11;2025-12-26;4;1
11;2025-12-26;5;159
11;2025-12-26;6;1009
11;2025-12-26;7;1883
11;2025-12-26;8;2584
11;2025-12-26;9;1911
11;2025-12-26;10;1483
11;2025-12-26;11;1475
11;2025-12-26;12;1552
11;2025-12-26;13;1674
11;2025-12-26;14;1743
11;2025-12-26;15;1946
11;2025-12-26;16;2177
11;2025-12-26;17;2558
11;2025-12-26;18;2230
11;2025-12-26;19;1711
11;2025-12-26;20;1159
11;2025-12-26;21;642
11;2025-12-26;22;324
11;2025-12-26;23;197
11;2025-12-27;0;38
11;2025-12-27;1;0
11;2025-12-27;2;0
11;2025-12-27;3;0
11;2025-12-27;4;0
11;2025-12-27;5;91
11;2025-12-27;6;504
11;2025-12-27;7;421
11;2025-12-27;8;649
11;2025-12-27;9;783
11;2025-12-27;10;948
11;2025-12-27;11;1304
11;2025-12-27;12;1545
11;2025-12-27;13;1454
11;2025-12-27;14;1480
11;2025-12-27;15;1499
11;2025-12-27;16;1511
11;2025-12-27;17;1513
11;2025-12-27;18;1180
11;2025-12-27;19;1109
11;2025-12-27;20;748
11;2025-12-27;21;519
11;2025-12-27;22;291
11;2025-12-27;23;208
11;2025-12-28;0;26
11;2025-12-28;1;0
11;2025-12-28;2;0
11;2025-12-28;3;1
11;2025-12-28;4;0
11;2025-12-28;5;22
11;2025-12-28;6;295
11;2025-12-28;7;274
11;2025-12-28;8;346
11;2025-12-28;9;593
11;2025-12-28;10;695
11;2025-12-28;11;1098
11;2025-12-28;12;1252
11;2025-12-28;13;1180
11;2025-12-28;14;1286
11;2025-12-28;15;1334
11;2025-12-28;16;1261
11;2025-12-28;17;1325
11;2025-12-28;18;1015
11;2025-12-28;19;788
11;2025-12-28;20;585
11;2025-12-28;21;421
11;2025-12-28;22;245
11;2025-12-28;23;146
11;2025-12-29;0;0
11;2025-12-29;1;0
11;2025-12-29;2;0
11;2025-12-29;3;0
11;2025-12-29;4;2
11;2025-12-29;5;152
11;2025-12-29;6;999
11;2025-12-29;7;1918
11;2025-12-29;8;2723
11;2025-12-29;9;1932
11;2025-12-29;10;1428
11;2025-12-29;11;1454
11;2025-12-29;12;1434
11;2025-12-29;13;1577
11;2025-12-29;14;1568
11;2025-12-29;15;1735
11;2025-12-29;16;1941
11;2025-12-29;17;2463
11;2025-12-29;18;2722
11;2025-12-29;19;2004
11;2025-12-29;20;1166
11;2025-12-29;21;591
11;2025-12-29;22;286
11;2025-12-29;23;131
11;2025-12-30;0;1
11;2025-12-30;1;0
11;2025-12-30;2;0
11;2025-12-30;3;1
11;2025-12-30;4;2
11;2025-12-30;5;141
11;2025-12-30;6;1007
11;2025-12-30;7;2010
11;2025-12-30;8;2837
11;2025-12-30;9;2055
11;2025-12-30;10;1452
11;2025-12-30;11;1431
11;2025-12-30;12;1490
11;2025-12-30;13;1617
11;2025-12-30;14;1662
11;2025-12-30;15;1710
11;2025-12-30;16;1918
11;2025-12-30;17;2506
11;2025-12-30;18;2670
11;2025-12-30;19;1919
11;2025-12-30;20;1216
11;2025-12-30;21;578
11;2025-12-30;22;275
11;2025-12-30;23;134
11;2025-12-31;0;0
11;2025-12-31;1;0
11;2025-12-31;2;0
11;2025-12-31;3;0
11;2025-12-31;4;1
11;2025-12-31;5;71
11;2025-12-31;6;288
11;2025-12-31;7;297
11;2025-12-31;8;540
11;2025-12-31;9;513
11;2025-12-31;10;378
11;2025-12-31;11;663
11;2025-12-31;12;872
11;2025-12-31;13;960
11;2025-12-31;14;947
11;2025-12-31;15;997
11;2025-12-31;16;869
11;2025-12-31;17;1000
11;2025-12-31;18;990
11;2025-12-31;19;818
11;2025-12-31;20;666
11;2025-12-31;21;436
11;2025-12-31;22;242
11;2025-12-31;23;136
12;2025-11-01;0;72
12;2025-11-01;1;2
12;2025-11-01;2;0
12;2025-11-01;3;0
12;2025-11-01;4;3
12;2025-11-01;5;217
12;2025-11-01;6;811
12;2025-11-01;7;836
12;2025-11-01;8;951
12;2025-11-01;9;1124
12;2025-11-01;10;1358
12;2025-11-01;11;1471
12;2025-11-01;12;1449
12;2025-11-01;13;1695
12;2025-11-01;14;1613
12;2025-11-01;15;1512
12;2025-11-01;16;1583
12;2025-11-01;17;1498
12;2025-11-01;18;1375
12;2025-11-01;19;1321
12;2025-11-01;20;912
12;2025-11-01;21;667
12;2025-11-01;22;385
12;2025-11-01;23;269
12;2025-11-02;0;80
12;2025-11-02;1;5
12;2025-11-02;2;0
12;2025-11-02;3;0
12;2025-11-02;4;4
12;2025-11-02;5;170
12;2025-11-02;6;478
12;2025-11-02;7;550
12;2025-11-02;8;656
12;2025-11-02;9;844
12;2025-11-02;10;969
12;2025-11-02;11;1045
12;2025-11-02;12;1155
12;2025-11-02;13;1332
12;2025-11-02;14;1358
12;2025-11-02;15;1204
12;2025-11-02;16;1316
12;2025-11-02;17;1356
12;2025-11-02;18;1094
12;2025-11-02;19;898
12;2025-11-02;20;762
12;2025-11-02;21;557
12;2025-11-02;22;351
12;2025-11-02;23;198
12;2025-11-03;0;65
12;2025-11-03;1;3
12;2025-11-03;2;0
12;2025-11-03;3;0
12;2025-11-03;4;3
12;2025-11-03;5;263
12;2025-11-03;6;671
12;2025-11-03;7;1043
12;2025-11-03;8;1200
12;2025-11-03;9;1030
12;2025-11-03;10;1114
12;2025-11-03;11;1146
12;2025-11-03;12;1270
12;2025-11-03;13;1258
12;2025-11-03;14;1321
12;2025-11-03;15;1284
12;2025-11-03;16;1402
12;2025-11-03;17;1432
12;2025-11-03;18;1451
12;2025-11-03;19;1322
12;2025-11-03;20;1029
12;2025-11-03;21;697
12;2025-11-03;22;413
12;2025-11-03;23;219
12;2025-11-04;0;50
12;2025-11-04;1;2
12;2025-11-04;2;0
12;2025-11-04;3;0
12;2025-11-04;4;4
12;2025-11-04;5;278
12;2025-11-04;6;669
12;2025-11-04;7;1078
12;2025-11-04;8;1182
12;2025-11-04;9;1013
12;2025-11-04;10;1075
12;2025-11-04;11;1099
12;2025-11-04;12;1131
12;2025-11-04;13;1253
12;2025-11-04;14;1389
12;2025-11-04;15;1421
12;2025-11-04;16;1585
12;2025-11-04;17;1442
12;2025-11-04;18;1355
12;2025-11-04;19;1320
12;2025-11-04;20;991
12;2025-11-04;21;692
12;2025-11-04;22;427
12;2025-11-04;23;222
12;2025-11-05;0;62
12;2025-11-05;1;5
12;2025-11-05;2;0
12;2025-11-05;3;0
12;2025-11-05;4;5
12;2025-11-05;5;332
12;2025-11-05;6;1425
12;2025-11-05;7;2740
12;2025-11-05;8;3494
12;2025-11-05;9;2528
12;2025-11-05;10;2097
12;2025-11-05;11;1995
12;2025-11-05;12;2072
12;2025-11-05;13;2019
12;2025-11-05;14;2033
12;2025-11-05;15;2273
12;2025-11-05;16;2840
12;2025-11-05;17;3052
12;2025-11-05;18;3190
12;2025-11-05;19;2519
12;2025-11-05;20;1500
12;2025-11-05;21;927
12;2025-11-05;22;491
12;2025-11-05;23;243
12;2025-11-06;0;54
12;2025-11-06;1;2
12;2025-11-06;2;0
12;2025-11-06;3;0
12;2025-11-06;4;9
12;2025-11-06;5;320
12;2025-11-06;6;1359
12;2025-11-06;7;2738
12;2025-11-06;8;3518
12;2025-11-06;9;2405
12;2025-11-06;10;1995
12;2025-11-06;11;1964
12;2025-11-06;12;2036
12;2025-11-06;13;2051
12;2025-11-06;14;2051
12;2025-11-06;15;2263
12;2025-11-06;16;2775
12;2025-11-06;17;3063
12;2025-11-06;18;3268
12;2025-11-06;19;2513
12;2025-11-06;20;1526
12;2025-11-06;21;890
12;2025-11-06;22;484
12;2025-11-06;23;238
12;2025-11-07;0;56
12;2025-11-07;1;4
12;2025-11-07;2;0
12;2025-11-07;3;0
12;2025-11-07;4;5
12;2025-11-07;5;293
12;2025-11-07;6;1331
12;2025-11-07;7;2658
12;2025-11-07;8;3459
12;2025-11-07;9;2348
12;2025-11-07;10;1926
12;2025-11-07;11;1936
12;2025-11-07;12;1973
12;2025-11-07;13;2065
12;2025-11-07;14;2060
12;2025-11-07;15;2352
12;2025-11-07;16;2926
12;2025-11-07;17;2987
12;2025-11-07;18;2625
12;2025-11-07;19;2213
12;2025-11-07;20;1397
12;2025-11-07;21;922
12;2025-11-07;22;506
12;2025-11-07;23;272
12;2025-11-08;0;77
12;2025-11-08;1;5
12;2025-11-08;2;0
12;2025-11-08;3;0
12;2025-11-08;4;0
12;2025-11-08;5;221
12;2025-11-08;6;816
12;2025-11-08;7;866
12;2025-11-08;8;945
12;2025-11-08;9;1097
12;2025-11-08;10;1342
12;2025-11-08;11;1455
12;2025-11-08;12;1438
12;2025-11-08;13;1695
12;2025-11-08;14;1618
12;2025-11-08;15;1502
12;2025-11-08;16;1607
12;2025-11-08;17;1512
12;2025-11-08;18;1409
12;2025-11-08;19;1373
12;2025-11-08;20;909
12;2025-11-08;21;652
12;2025-11-08;22;403
12;2025-11-08;23;249
12;2025-11-09;0;83
12;2025-11-09;1;1
12;2025-11-09;2;0
12;2025-11-09;3;0
12;2025-11-09;4;0
12;2025-11-09;5;146
12;2025-11-09;6;513
12;2025-11-09;7;596
12;2025-11-09;8;690
12;2025-11-09;9;854
12;2025-11-09;10;1100
12;2025-11-09;11;1267
12;2025-11-09;12;1342
12;2025-11-09;13;1536
12;2025-11-09;14;1488
12;2025-11-09;15;1364
12;2025-11-09;16;1472
12;2025-11-09;17;1478
12;2025-11-09;18;1220
12;2025-11-09;19;961
12;2025-11-09;20;718
12;2025-11-09;21;569
12;2025-11-09;22;354
12;2025-11-09;23;188
12;2025-11-10;0;65
12;2025-11-10;1;5
12;2025-11-10;2;0
12;2025-11-10;3;0
12;2025-11-10;4;8
12;2025-11-10;5;320
12;2025-11-10;6;1354
12;2025-11-10;7;2673
12;2025-11-10;8;3520
12;2025-11-10;9;2402
12;2025-11-10;10;1930
12;2025-11-10;11;1883
12;2025-11-10;12;1984
12;2025-11-10;13;1962
12;2025-11-10;14;1947
12;2025-11-10;15;2185
12;2025-11-10;16;2669
12;2025-11-10;17;3009
12;2025-11-10;18;3190
12;2025-11-10;19;2461
12;2025-11-10;20;1518
12;2025-11-10;21;890
12;2025-11-10;22;469
12;2025-11-10;23;221
12;2025-11-11;0;49
12;2025-11-11;1;3
12;2025-11-11;2;0
12;2025-11-11;3;0
12;2025-11-11;4;7
12;2025-11-11;5;332
12;2025-11-11;6;1409
12;2025-11-11;7;2837
12;2025-11-11;8;3755
12;2025-11-11;9;2534
12;2025-11-11;10;2113
12;2025-11-11;11;2068
12;2025-11-11;12;2134
12;2025-11-11;13;2128
12;2025-11-11;14;2070
12;2025-11-11;15;2309
12;2025-11-11;16;2783
12;2025-11-11;17;3152
12;2025-11-11;18;3331
12;2025-11-11;19;2546
12;2025-11-11;20;1514
12;2025-11-11;21;878
12;2025-11-11;22;501
12;2025-11-11;23;236
12;2025-11-12;0;57
12;2025-11-12;1;3
12;2025-11-12;2;0
12;2025-11-12;3;0
12;2025-11-12;4;10
12;2025-11-12;5;316
12;2025-11-12;6;1434
12;2025-11-12;7;2801
12;2025-11-12;8;3613
12;2025-11-12;9;2575
12;2025-11-12;10;2160
12;2025-11-12;11;2033
12;2025-11-12;12;2111
12;2025-11-12;13;2037
12;2025-11-12;14;2073
12;2025-11-12;15;2293
12;2025-11-12;16;2858
12;2025-11-12;17;3110
12;2025-11-12;18;3262
12;2025-11-12;19;2549
12;2025-11-12;20;1519
12;2025-11-12;21;903
12;2025-11-12;22;499
12;2025-11-12;23;242
12;2025-11-13;0;54
12;2025-11-13;1;3
12;2025-11-13;2;0
12;2025-11-13;3;0
12;2025-11-13;4;9
12;2025-11-13;5;314
12;2025-11-13;6;1363
12;2025-11-13;7;2845
12;2025-11-13;8;3688
12;2025-11-13;9;2480
12;2025-11-13;10;2068
12;2025-11-13;11;2070
12;2025-11-13;12;2085
12;2025-11-13;13;2104
12;2025-11-13;14;2104
12;2025-11-13;15;2335
12;2025-11-13;16;2852
12;2025-11-13;17;3159
12;2025-11-13;18;3354
12;2025-11-13;19;2569
12;2025-11-13;20;1574
12;2025-11-13;21;897
12;2025-11-13;22;496
12;2025-11-13;23;250
12;2025-11-14;0;58
12;2025-11-14;1;2
12;2025-11-14;2;0
12;2025-11-14;3;0
12;2025-11-14;4;6
12;2025-11-14;5;298
12;2025-11-14;6;1321
12;2025-11-14;7;2733
12;2025-11-14;8;3554
12;2025-11-14;9;2434
12;2025-11-14;10;2013
12;2025-11-14;11;2038
12;2025-11-14;12;2070
12;2025-11-14;13;2147
12;2025-11-14;14;2152
12;2025-11-14;15;2460
12;2025-11-14;16;3049
12;2025-11-14;17;3103
12;2025-11-14;18;2739
12;2025-11-14;19;2276
12;2025-11-14;20;1421
12;2025-11-14;21;922
12;2025-11-14;22;508
12;2025-11-14;23;274
12;2025-11-15;0;67
12;2025-11-15;1;4
12;2025-11-15;2;0
12;2025-11-15;3;0
12;2025-11-15;4;6
12;2025-11-15;5;210
12;2025-11-15;6;739
12;2025-11-15;7;779
12;2025-11-15;8;883
12;2025-11-15;9;1052
12;2025-11-15;10;1317
12;2025-11-15;11;1462
12;2025-11-15;12;1436
12;2025-11-15;13;1695
12;2025-11-15;14;1656
12;2025-11-15;15;1563
12;2025-11-15;16;1628
12;2025-11-15;17;1531
12;2025-11-15;18;1418
12;2025-11-15;19;1395
12;2025-11-15;20;928
12;2025-11-15;21;679
12;2025-11-15;22;410
12;2025-11-15;23;253
12;2025-11-16;0;83
12;2025-11-16;1;4
12;2025-11-16;2;0
12;2025-11-16;3;0
12;2025-11-16;4;2
12;2025-11-16;5;140
12;2025-11-16;6;481
12;2025-11-16;7;586
12;2025-11-16;8;678
12;2025-11-16;9;877
12;2025-11-16;10;1131
12;2025-11-16;11;1308
12;2025-11-16;12;1395
12;2025-11-16;13;1587
12;2025-11-16;14;1540
12;2025-11-16;15;1399
12;2025-11-16;16;1479
12;2025-11-16;17;1479
12;2025-11-16;18;1233
12;2025-11-16;19;969
12;2025-11-16;20;728
12;2025-11-16;21;570
12;2025-11-16;22;364
12;2025-11-16;23;194
12;2025-11-17;0;65
12;2025-11-17;1;4
12;2025-11-17;2;0
12;2025-11-17;3;0
12;2025-11-17;4;7
12;2025-11-17;5;313
12;2025-11-17;6;1352
12;2025-11-17;7;2775
12;2025-11-17;8;3596
12;2025-11-17;9;2494
12;2025-11-17;10;2033
12;2025-11-17;11;1957
12;2025-11-17;12;2084
12;2025-11-17;13;1983
12;2025-11-17;14;1983
12;2025-11-17;15;2259
12;2025-11-17;16;2766
12;2025-11-17;17;3123
12;2025-11-17;18;3301
12;2025-11-17;19;2535
12;2025-11-17;20;1546
12;2025-11-17;21;877
12;2025-11-17;22;463
12;2025-11-17;23;220
12;2025-11-18;0;50
12;2025-11-18;1;4
12;2025-11-18;2;0
12;2025-11-18;3;0
12;2025-11-18;4;8
12;2025-11-18;5;328
12;2025-11-18;6;1411
12;2025-11-18;7;2852
12;2025-11-18;8;3770
12;2025-11-18;9;2548
12;2025-11-18;10;2100
12;2025-11-18;11;2094
12;2025-11-18;12;2166
12;2025-11-18;13;2116
12;2025-11-18;14;2071
12;2025-11-18;15;2315
12;2025-11-18;16;2800
12;2025-11-18;17;3185
12;2025-11-18;18;3373
12;2025-11-18;19;2566
12;2025-11-18;20;1511
12;2025-11-18;21;877
12;2025-11-18;22;485
12;2025-11-18;23;220
12;2025-11-19;0;56
12;2025-11-19;1;1
12;2025-11-19;2;0
12;2025-11-19;3;0
12;2025-11-19;4;8
12;2025-11-19;5;314
12;2025-11-19;6;1440
12;2025-11-19;7;2798
12;2025-11-19;8;3627
12;2025-11-19;9;2572
12;2025-11-19;10;2172
12;2025-11-19;11;2064
12;2025-11-19;12;2149
12;2025-11-19;13;2095
12;2025-11-19;14;2104
12;2025-11-19;15;2323
12;2025-11-19;16;2860
12;2025-11-19;17;3102
12;2025-11-19;18;3246
12;2025-11-19;19;2538
12;2025-11-19;20;1549
12;2025-11-19;21;919
12;2025-11-19;22;503
12;2025-11-19;23;240
12;2025-11-20;0;53
12;2025-11-20;1;3
12;2025-11-20;2;0
12;2025-11-20;3;0
12;2025-11-20;4;9
12;2025-11-20;5;311
12;2025-11-20;6;1369
12;2025-11-20;7;2803
12;2025-11-20;8;3647
12;2025-11-20;9;2479
12;2025-11-20;10;2087
12;2025-11-20;11;2087
12;2025-11-20;12;2118
12;2025-11-20;13;2130
12;2025-11-20;14;2136
12;2025-11-20;15;2351
12;2025-11-20;16;2844
12;2025-11-20;17;3153
12;2025-11-20;18;3339
12;2025-11-20;19;2558
12;2025-11-20;20;1589
12;2025-11-20;21;902
12;2025-11-20;22;489
12;2025-11-20;23;252
12;2025-11-21;0;53
12;2025-11-21;1;0
12;2025-11-21;2;0
12;2025-11-21;3;0
12;2025-11-21;4;4
12;2025-11-21;5;287
12;2025-11-21;6;1323
12;2025-11-21;7;2735
12;2025-11-21;8;3535
12;2025-11-21;9;2445
12;2025-11-21;10;2036
12;2025-11-21;11;2046
12;2025-11-21;12;2081
12;2025-11-21;13;2167
12;2025-11-21;14;2161
12;2025-11-21;15;2444
12;2025-11-21;16;3006
12;2025-11-21;17;3086
12;2025-11-21;18;2730
12;2025-11-21;19;2270
12;2025-11-21;20;1439
12;2025-11-21;21;930
12;2025-11-21;22;510
12;2025-11-21;23;281
12;2025-11-22;0;77
12;2025-11-22;1;4
12;2025-11-22;2;0
12;2025-11-22;3;0
12;2025-11-22;4;7
12;2025-11-22;5;206
12;2025-11-22;6;761
12;2025-11-22;7;835
12;2025-11-22;8;911
12;2025-11-22;9;1087
12;2025-11-22;10;1373
12;2025-11-22;11;1511
12;2025-11-22;12;1477
12;2025-11-22;13;1711
12;2025-11-22;14;1640
12;2025-11-22;15;1526
12;2025-11-22;16;1599
12;2025-11-22;17;1518
12;2025-11-22;18;1420
12;2025-11-22;19;1361
12;2025-11-22;20;907
12;2025-11-22;21;632
12;2025-11-22;22;399
12;2025-11-22;23;245
12;2025-11-23;0;81
12;2025-11-23;1;4
12;2025-11-23;2;0
12;2025-11-23;3;0
12;2025-11-23;4;1
12;2025-11-23;5;143
12;2025-11-23;6;480
12;2025-11-23;7;569
12;2025-11-23;8;667
12;2025-11-23;9;860
12;2025-11-23;10;1127
12;2025-11-23;11;1317
12;2025-11-23;12;1410
12;2025-11-23;13;1601
12;2025-11-23;14;1553
12;2025-11-23;15;1413
12;2025-11-23;16;1510
12;2025-11-23;17;1496
12;2025-11-23;18;1232
12;2025-11-23;19;960
12;2025-11-23;20;732
12;2025-11-23;21;563
12;2025-11-23;22;357
12;2025-11-23;23;192
12;2025-11-24;0;64
12;2025-11-24;1;4
12;2025-11-24;2;0
12;2025-11-24;3;0
12;2025-11-24;4;7
12;2025-11-24;5;312
12;2025-11-24;6;1345
12;2025-11-24;7;2703
12;2025-11-24;8;3530
12;2025-11-24;9;2445
12;2025-11-24;10;1999
12;2025-11-24;11;1903
12;2025-11-24;12;2051
12;2025-11-24;13;2024
12;2025-11-24;14;1963
12;2025-11-24;15;2193
12;2025-11-24;16;2685
12;2025-11-24;17;3039
12;2025-11-24;18;3238
12;2025-11-24;19;2468
12;2025-11-24;20;1547
12;2025-11-24;21;894
12;2025-11-24;22;466
12;2025-11-24;23;223
12;2025-11-25;0;45
12;2025-11-25;1;1
12;2025-11-25;2;1
12;2025-11-25;3;0
12;2025-11-25;4;7
12;2025-11-25;5;335
12;2025-11-25;6;1406
12;2025-11-25;7;2771
12;2025-11-25;8;3691
12;2025-11-25;9;2538
12;2025-11-25;10;2139
12;2025-11-25;11;2075
12;2025-11-25;12;2161
12;2025-11-25;13;2131
12;2025-11-25;14;2065
12;2025-11-25;15;2283
12;2025-11-25;16;2737
12;2025-11-25;17;3127
12;2025-11-25;18;3320
12;2025-11-25;19;2517
12;2025-11-25;20;1539
12;2025-11-25;21;883
12;2025-11-25;22;493
12;2025-11-25;23;235
12;2025-11-26;0;58
12;2025-11-26;1;3
12;2025-11-26;2;0
12;2025-11-26;3;0
12;2025-11-26;4;10
12;2025-11-26;5;307
12;2025-11-26;6;1403
12;2025-11-26;7;2651
12;2025-11-26;8;3453
12;2025-11-26;9;2491
12;2025-11-26;10;2122
12;2025-11-26;11;1991
12;2025-11-26;12;2081
12;2025-11-26;13;2020
12;2025-11-26;14;2033
12;2025-11-26;15;2235
12;2025-11-26;16;2687
12;2025-11-26;17;2986
12;2025-11-26;18;3146
12;2025-11-26;19;2451
12;2025-11-26;20;1510
12;2025-11-26;21;896
12;2025-11-26;22;483
12;2025-11-26;23;241
12;2025-11-27;0;52
12;2025-11-27;1;3
12;2025-11-27;2;0
12;2025-11-27;3;0
12;2025-11-27;4;7
12;2025-11-27;5;306
12;2025-11-27;6;1340
12;2025-11-27;7;2637
12;2025-11-27;8;3501
12;2025-11-27;9;2394
12;2025-11-27;10;2014
12;2025-11-27;11;2011
12;2025-11-27;12;2052
12;2025-11-27;13;2038
12;2025-11-27;14;2031
12;2025-11-27;15;2244
12;2025-11-27;16;2667
12;2025-11-27;17;2992
12;2025-11-27;18;3210
12;2025-11-27;19;2420
12;2025-11-27;20;1555
12;2025-11-27;21;877
12;2025-11-27;22;471
12;2025-11-27;23;250
12;2025-11-28;0;57
12;2025-11-28;1;3
12;2025-11-28;2;0
12;2025-11-28;3;0
12;2025-11-28;4;9
12;2025-11-28;5;296
12;2025-11-28;6;1294
12;2025-11-28;7;2537
12;2025-11-28;8;3343
12;2025-11-28;9;2327
12;2025-11-28;10;1968
12;2025-11-28;11;1983
12;2025-11-28;12;2006
12;2025-11-28;13;2061
12;2025-11-28;14;2045
12;2025-11-28;15;2315
12;2025-11-28;16;2828
12;2025-11-28;17;2908
12;2025-11-28;18;2559
12;2025-11-28;19;2162
12;2025-11-28;20;1408
12;2025-11-28;21;925
12;2025-11-28;22;497
12;2025-11-28;23;282
12;2025-11-29;0;66
12;2025-11-29;1;4
12;2025-11-29;2;0
12;2025-11-29;3;0
12;2025-11-29;4;4
12;2025-11-29;5;191
12;2025-11-29;6;691
12;2025-11-29;7;765
12;2025-11-29;8;861
12;2025-11-29;9;1031
12;2025-11-29;10;1298
12;2025-11-29;11;1426
12;2025-11-29;12;1410
12;2025-11-29;13;1584
12;2025-11-29;14;1503
12;2025-11-29;15;1433
12;2025-11-29;16;1483
12;2025-11-29;17;1393
12;2025-11-29;18;1313
12;2025-11-29;19;1267
12;2025-11-29;20;838
12;2025-11-29;21;602
12;2025-11-29;22;370
12;2025-11-29;23;225
12;2025-11-30;0;68
12;2025-11-30;1;4
12;2025-11-30;2;0
12;2025-11-30;3;0
12;2025-11-30;4;3
12;2025-11-30;5;122
12;2025-11-30;6;428
12;2025-11-30;7;519
12;2025-11-30;8;622
12;2025-11-30;9;796
12;2025-11-30;10;1055
12;2025-11-30;11;1246
12;2025-11-30;12;1315
12;2025-11-30;13;1441
12;2025-11-30;14;1406
12;2025-11-30;15;1314
12;2025-11-30;16;1372
12;2025-11-30;17;1353
12;2025-11-30;18;1153
12;2025-11-30;19;883
12;2025-11-30;20;668
12;2025-11-30;21;523
12;2025-11-30;22;336
12;2025-11-30;23;183
12;2025-12-01;0;61
12;2025-12-01;1;4
12;2025-12-01;2;0
12;2025-12-01;3;0
12;2025-12-01;4;8
12;2025-12-01;5;290
12;2025-12-01;6;1250
12;2025-12-01;7;2332
12;2025-12-01;8;3246
12;2025-12-01;9;2149
12;2025-12-01;10;1759
12;2025-12-01;11;1721
12;2025-12-01;12;1823
12;2025-12-01;13;1808
12;2025-12-01;14;1795
12;2025-12-01;15;1970
12;2025-12-01;16;2340
12;2025-12-01;17;2766
12;2025-12-01;18;2921
12;2025-12-01;19;2161
12;2025-12-01;20;1389
12;2025-12-01;21;784
12;2025-12-01;22;394
12;2025-12-01;23;201
12;2025-12-02;0;48
12;2025-12-02;1;1
12;2025-12-02;2;0
12;2025-12-02;3;0
12;2025-12-02;4;5
12;2025-12-02;5;303
12;2025-12-02;6;1279
12;2025-12-02;7;2442
12;2025-12-02;8;3444
12;2025-12-02;9;2226
12;2025-12-02;10;1867
12;2025-12-02;11;1814
12;2025-12-02;12;1907
12;2025-12-02;13;1900
12;2025-12-02;14;1830
12;2025-12-02;15;2017
12;2025-12-02;16;2414
12;2025-12-02;17;2862
12;2025-12-02;18;3030
12;2025-12-02;19;2228
12;2025-12-02;20;1397
12;2025-12-02;21;783
12;2025-12-02;22;411
12;2025-12-02;23;210
12;2025-12-03;0;57
12;2025-12-03;1;3
12;2025-12-03;2;0
12;2025-12-03;3;0
12;2025-12-03;4;6
12;2025-12-03;5;282
12;2025-12-03;6;1320
12;2025-12-03;7;2404
12;2025-12-03;8;3256
12;2025-12-03;9;2267
12;2025-12-03;10;1928
12;2025-12-03;11;1824
12;2025-12-03;12;1946
12;2025-12-03;13;1882
12;2025-12-03;14;1888
12;2025-12-03;15;2078
12;2025-12-03;16;2496
12;2025-12-03;17;2822
12;2025-12-03;18;2938
12;2025-12-03;19;2236
12;2025-12-03;20;1410
12;2025-12-03;21;820
12;2025-12-03;22;422
12;2025-12-03;23;218
12;2025-12-04;0;55
12;2025-12-04;1;3
12;2025-12-04;2;0
12;2025-12-04;3;0
12;2025-12-04;4;7
12;2025-12-04;5;278
12;2025-12-04;6;1279
12;2025-12-04;7;2399
12;2025-12-04;8;3304
12;2025-12-04;9;2171
12;2025-12-04;10;1837
12;2025-12-04;11;1836
12;2025-12-04;12;1892
12;2025-12-04;13;1889
12;2025-12-04;14;1874
12;2025-12-04;15;2037
12;2025-12-04;16;2452
12;2025-12-04;17;2833
12;2025-12-04;18;3008
12;2025-12-04;19;2255
12;2025-12-04;20;1465
12;2025-12-04;21;818
12;2025-12-04;22;436
12;2025-12-04;23;241
12;2025-12-05;0;59
12;2025-12-05;1;4
12;2025-12-05;2;0
12;2025-12-05;3;0
12;2025-12-05;4;7
12;2025-12-05;5;267
12;2025-12-05;6;1256
12;2025-12-05;7;2358
12;2025-12-05;8;3208
12;2025-12-05;9;2142
12;2025-12-05;10;1807
12;2025-12-05;11;1825
12;2025-12-05;12;1882
12;2025-12-05;13;1913
12;2025-12-05;14;1905
12;2025-12-05;15;2145
12;2025-12-05;16;2683
12;2025-12-05;17;2779
12;2025-12-05;18;2378
12;2025-12-05;19;2015
12;2025-12-05;20;1349
12;2025-12-05;21;847
12;2025-12-05;22;440
12;2025-12-05;23;259
12;2025-12-06;0;67
12;2025-12-06;1;6
12;2025-12-06;2;0
12;2025-12-06;3;0
12;2025-12-06;4;6
12;2025-12-06;5;189
12;2025-12-06;6;671
12;2025-12-06;7;736
12;2025-12-06;8;846
12;2025-12-06;9;1007
12;2025-12-06;10;1268
12;2025-12-06;11;1391
12;2025-12-06;12;1386
12;2025-12-06;13;1550
12;2025-12-06;14;1474
12;2025-12-06;15;1409
12;2025-12-06;16;1455
12;2025-12-06;17;1372
12;2025-12-06;18;1291
12;2025-12-06;19;1245
12;2025-12-06;20;822
12;2025-12-06;21;565
12;2025-12-06;22;370
12;2025-12-06;23;229
12;2025-12-07;0;70
12;2025-12-07;1;5
12;2025-12-07;2;0
12;2025-12-07;3;0
12;2025-12-07;4;2
12;2025-12-07;5;116
12;2025-12-07;6;407
12;2025-12-07;7;478
12;2025-12-07;8;582
12;2025-12-07;9;744
12;2025-12-07;10;993
12;2025-12-07;11;1196
12;2025-12-07;12;1277
12;2025-12-07;13;1409
12;2025-12-07;14;1374
12;2025-12-07;15;1296
12;2025-12-07;16;1349
12;2025-12-07;17;1330
12;2025-12-07;18;1129
12;2025-12-07;19;861
12;2025-12-07;20;647
12;2025-12-07;21;499
12;2025-12-07;22;335
12;2025-12-07;23;179
12;2025-12-08;0;61
12;2025-12-08;1;3
12;2025-12-08;2;0
12;2025-12-08;3;0
12;2025-12-08;4;6
12;2025-12-08;5;281
12;2025-12-08;6;1245
12;2025-12-08;7;2358
12;2025-12-08;8;3276
12;2025-12-08;9;2186
12;2025-12-08;10;1766
12;2025-12-08;11;1738
12;2025-12-08;12;1853
12;2025-12-08;13;1830
12;2025-12-08;14;1796
12;2025-12-08;15;2001
12;2025-12-08;16;2399
12;2025-12-08;17;2807
12;2025-12-08;18;2960
12;2025-12-08;19;2207
12;2025-12-08;20;1390
12;2025-12-08;21;771
12;2025-12-08;22;396
12;2025-12-08;23;206
12;2025-12-09;0;49
12;2025-12-09;1;2
12;2025-12-09;2;0
12;2025-12-09;3;0
12;2025-12-09;4;6
12;2025-12-09;5;290
12;2025-12-09;6;1237
12;2025-12-09;7;2460
12;2025-12-09;8;3478
12;2025-12-09;9;2247
12;2025-12-09;10;1856
12;2025-12-09;11;1812
12;2025-12-09;12;1908
12;2025-12-09;13;1896
12;2025-12-09;14;1836
12;2025-12-09;15;2043
12;2025-12-09;16;2474
12;2025-12-09;17;2926
12;2025-12-09;18;3073
12;2025-12-09;19;2268
12;2025-12-09;20;1370
12;2025-12-09;21;737
12;2025-12-09;22;393
12;2025-12-09;23;202
12;2025-12-10;0;11
12;2025-12-10;1;0
12;2025-12-10;2;0
12;2025-12-10;3;0
12;2025-12-10;4;0
12;2025-12-10;5;215
12;2025-12-10;6;1149
12;2025-12-10;7;2309
12;2025-12-10;8;3199
12;2025-12-10;9;2161
12;2025-12-10;10;1768
12;2025-12-10;11;1663
12;2025-12-10;12;1791
12;2025-12-10;13;1730
12;2025-12-10;14;1750
12;2025-12-10;15;1942
12;2025-12-10;16;2421
12;2025-12-10;17;2738
12;2025-12-10;18;2876
12;2025-12-10;19;2156
12;2025-12-10;20;1263
12;2025-12-10;21;666
12;2025-12-10;22;335
12;2025-12-10;23;157
12;2025-12-11;0;0
12;2025-12-11;1;0
12;2025-12-11;2;0
12;2025-12-11;3;0
12;2025-12-11;4;0
12;2025-12-11;5;218
12;2025-12-11;6;1126
12;2025-12-11;7;2329
12;2025-12-11;8;3222
12;2025-12-11;9;2059
12;2025-12-11;10;1686
12;2025-12-11;11;1703
12;2025-12-11;12;1775
12;2025-12-11;13;1770
12;2025-12-11;14;1771
12;2025-12-11;15;1945
12;2025-12-11;16;2396
12;2025-12-11;17;2732
12;2025-12-11;18;2926
12;2025-12-11;19;2139
12;2025-12-11;20;1308
12;2025-12-11;21;658
12;2025-12-11;22;348
12;2025-12-11;23;182
12;2025-12-12;0;12
12;2025-12-12;1;0
12;2025-12-12;2;0
12;2025-12-12;3;0
12;2025-12-12;4;0
12;2025-12-12;5;210
12;2025-12-12;6;1065
12;2025-12-12;7;2311
12;2025-12-12;8;3181
12;2025-12-12;9;2015
12;2025-12-12;10;1634
12;2025-12-12;11;1665
12;2025-12-12;12;1715
12;2025-12-12;13;1749
12;2025-12-12;14;1758
12;2025-12-12;15;2020
12;2025-12-12;16;2626
12;2025-12-12;17;2740
12;2025-12-12;18;2332
12;2025-12-12;19;1923
12;2025-12-12;20;1189
12;2025-12-12;21;706
12;2025-12-12;22;367
12;2025-12-12;23;195
12;2025-12-13;0;16
12;2025-12-13;1;0
12;2025-12-13;2;0
12;2025-12-13;3;0
12;2025-12-13;4;0
12;2025-12-13;5;138
12;2025-12-13;6;524
12;2025-12-13;7;579
12;2025-12-13;8;671
12;2025-12-13;9;831
12;2025-12-13;10;1112
12;2025-12-13;11;1251
12;2025-12-13;12;1235
12;2025-12-13;13;1429
12;2025-12-13;14;1341
12;2025-12-13;15;1273
12;2025-12-13;16;1326
12;2025-12-13;17;1244
12;2025-12-13;18;1166
12;2025-12-13;19;1139
12;2025-12-13;20;685
12;2025-12-13;21;466
12;2025-12-13;22;306
12;2025-12-13;23;175
12;2025-12-14;0;19
12;2025-12-14;1;0
12;2025-12-14;2;0
12;2025-12-14;3;0
12;2025-12-14;4;0
12;2025-12-14;5;62
12;2025-12-14;6;312
12;2025-12-14;7;373
12;2025-12-14;8;451
12;2025-12-14;9;589
12;2025-12-14;10;840
12;2025-12-14;11;1036
12;2025-12-14;12;1139
12;2025-12-14;13;1280
12;2025-12-14;14;1248
12;2025-12-14;15;1164
12;2025-12-14;16;1226
12;2025-12-14;17;1201
12;2025-12-14;18;1003
12;2025-12-14;19;729
12;2025-12-14;20;523
12;2025-12-14;21;400
12;2025-12-14;22;259
12;2025-12-14;23;118
12;2025-12-15;0;0
12;2025-12-15;1;0
12;2025-12-15;2;0
12;2025-12-15;3;0
12;2025-12-15;4;0
12;2025-12-15;5;210
12;2025-12-15;6;1078
12;2025-12-15;7;2268
12;2025-12-15;8;3191
12;2025-12-15;9;2065
12;2025-12-15;10;1634
12;2025-12-15;11;1594
12;2025-12-15;12;1720
12;2025-12-15;13;1711
12;2025-12-15;14;1650
12;2025-12-15;15;1887
12;2025-12-15;16;2331
12;2025-12-15;17;2729
12;2025-12-15;18;2903
12;2025-12-15;19;2119
12;2025-12-15;20;1256
12;2025-12-15;21;634
12;2025-12-15;22;307
12;2025-12-15;23;134
12;2025-12-16;0;0
12;2025-12-16;1;0
12;2025-12-16;2;0
12;2025-12-16;3;0
12;2025-12-16;4;0
12;2025-12-16;5;227
12;2025-12-16;6;1116
12;2025-12-16;7;2380
12;2025-12-16;8;3381
12;2025-12-16;9;2146
12;2025-12-16;10;1741
12;2025-12-16;11;1691
12;2025-12-16;12;1768
12;2025-12-16;13;1782
12;2025-12-16;14;1717
12;2025-12-16;15;1946
12;2025-12-16;16;2411
12;2025-12-16;17;2851
12;2025-12-16;18;3025
12;2025-12-16;19;2184
12;2025-12-16;20;1265
12;2025-12-16;21;639
12;2025-12-16;22;330
12;2025-12-16;23;147
12;2025-12-17;0;0
12;2025-12-17;1;0
12;2025-12-17;2;0
12;2025-12-17;3;0
12;2025-12-17;4;0
12;2025-12-17;5;208
12;2025-12-17;6;1133
12;2025-12-17;7;2295
12;2025-12-17;8;3180
12;2025-12-17;9;2150
12;2025-12-17;10;1745
12;2025-12-17;11;1653
12;2025-12-17;12;1779
12;2025-12-17;13;1730
12;2025-12-17;14;1736
12;2025-12-17;15;1931
12;2025-12-17;16;2416
12;2025-12-17;17;2743
12;2025-12-17;18;2870
12;2025-12-17;19;2144
12;2025-12-17;20;1256
12;2025-12-17;21;662
12;2025-12-17;22;339
12;2025-12-17;23;155
12;2025-12-18;0;0
12;2025-12-18;1;0
12;2025-12-18;2;0
12;2025-12-18;3;0
12;2025-12-18;4;0
12;2025-12-18;5;206
12;2025-12-18;6;1085
12;2025-12-18;7;2314
12;2025-12-18;8;3240
12;2025-12-18;9;2032
12;2025-12-18;10;1657
12;2025-12-18;11;1673
12;2025-12-18;12;1745
12;2025-12-18;13;1741
12;2025-12-18;14;1726
12;2025-12-18;15;1928
12;2025-12-18;16;2397
12;2025-12-18;17;2770
12;2025-12-18;18;2946
12;2025-12-18;19;2150
12;2025-12-18;20;1290
12;2025-12-18;21;648
12;2025-12-18;22;335
12;2025-12-18;23;169
12;2025-12-19;0;4
12;2025-12-19;1;0
12;2025-12-19;2;0
12;2025-12-19;3;0
12;2025-12-19;4;0
12;2025-12-19;5;196
12;2025-12-19;6;1056
12;2025-12-19;7;2281
12;2025-12-19;8;3150
12;2025-12-19;9;2001
12;2025-12-19;10;1616
12;2025-12-19;11;1641
12;2025-12-19;12;1725
12;2025-12-19;13;1766
12;2025-12-19;14;1760
12;2025-12-19;15;2016
12;2025-12-19;16;2609
12;2025-12-19;17;2709
12;2025-12-19;18;2281
12;2025-12-19;19;1876
12;2025-12-19;20;1163
12;2025-12-19;21;672
12;2025-12-19;22;342
12;2025-12-19;23;186
12;2025-12-20;0;3
12;2025-12-20;1;0
12;2025-12-20;2;0
12;2025-12-20;3;0
12;2025-12-20;4;0
12;2025-12-20;5;115
12;2025-12-20;6;499
12;2025-12-20;7;567
12;2025-12-20;8;646
12;2025-12-20;9;803
12;2025-12-20;10;1071
12;2025-12-20;11;1210
12;2025-12-20;12;1184
12;2025-12-20;13;1377
12;2025-12-20;14;1301
12;2025-12-20;15;1232
12;2025-12-20;16;1284
12;2025-12-20;17;1206
12;2025-12-20;18;1131
12;2025-12-20;19;1083
12;2025-12-20;20;661
12;2025-12-20;21;455
12;2025-12-20;22;289
12;2025-12-20;23;158
12;2025-12-21;0;16
12;2025-12-21;1;0
12;2025-12-21;2;0
12;2025-12-21;3;0
12;2025-12-21;4;0
12;2025-12-21;5;47
12;2025-12-21;6;303
12;2025-12-21;7;370
12;2025-12-21;8;441
12;2025-12-21;9;573
12;2025-12-21;10;822
12;2025-12-21;11;1023
12;2025-12-21;12;1109
12;2025-12-21;13;1238
12;2025-12-21;14;1203
12;2025-12-21;15;1126
12;2025-12-21;16;1188
12;2025-12-21;17;1164
12;2025-12-21;18;978
12;2025-12-21;19;701
12;2025-12-21;20;506
12;2025-12-21;21;395
12;2025-12-21;22;258
12;2025-12-21;23;119
12;2025-12-22;0;2
12;2025-12-22;1;0
12;2025-12-22;2;0
12;2025-12-22;3;0
12;2025-12-22;4;0
12;2025-12-22;5;215
12;2025-12-22;6;1097
12;2025-12-22;7;2263
12;2025-12-22;8;3204
12;2025-12-22;9;2057
12;2025-12-22;10;1624
12;2025-12-22;11;1590
12;2025-12-22;12;1740
12;2025-12-22;13;1717
12;2025-12-22;14;1673
12;2025-12-22;15;1909
12;2025-12-22;16;2340
12;2025-12-22;17;2747
12;2025-12-22;18;2899
12;2025-12-22;19;2127
12;2025-12-22;20;1285
12;2025-12-22;21;673
12;2025-12-22;22;331
12;2025-12-22;23;148
12;2025-12-23;0;0
12;2025-12-23;1;0
12;2025-12-23;2;0
12;2025-12-23;3;0
12;2025-12-23;4;0
12;2025-12-23;5;257
12;2025-12-23;6;1144
12;2025-12-23;7;2374
12;2025-12-23;8;3387
12;2025-12-23;9;2178
12;2025-12-23;10;1773
12;2025-12-23;11;1734
12;2025-12-23;12;1829
12;2025-12-23;13;1819
12;2025-12-23;14;1740
12;2025-12-23;15;1953
12;2025-12-23;16;2390
12;2025-12-23;17;2829
12;2025-12-23;18;2982
12;2025-12-23;19;2164
12;2025-12-23;20;1268
12;2025-12-23;21;634
12;2025-12-23;22;331
12;2025-12-23;23;146
12;2025-12-24;0;0
12;2025-12-24;1;0
12;2025-12-24;2;0
12;2025-12-24;3;0
12;2025-12-24;4;0
12;2025-12-24;5;214
12;2025-12-24;6;1144
12;2025-12-24;7;2268
12;2025-12-24;8;3157
12;2025-12-24;9;2142
12;2025-12-24;10;1752
12;2025-12-24;11;1661
12;2025-12-24;12;1781
12;2025-12-24;13;1734
12;2025-12-24;14;1735
12;2025-12-24;15;1942
12;2025-12-24;16;2420
12;2025-12-24;17;2733
12;2025-12-24;18;2852
12;2025-12-24;19;2139
12;2025-12-24;20;1251
12;2025-12-24;21;622
12;2025-12-24;22;322
12;2025-12-24;23;144
12;2025-12-25;0;0
12;2025-12-25;1;0
12;2025-12-25;2;0
12;2025-12-25;3;0
12;2025-12-25;4;0
12;2025-12-25;5;191
12;2025-12-25;6;1065
12;2025-12-25;7;2252
12;2025-12-25;8;3165
12;2025-12-25;9;2018
12;2025-12-25;10;1648
12;2025-12-25;11;1651
12;2025-12-25;12;1740
12;2025-12-25;13;1731
12;2025-12-25;14;1721
12;2025-12-25;15;1908
12;2025-12-25;16;2368
12;2025-12-25;17;2738
12;2025-12-25;18;2878
12;2025-12-25;19;2138
12;2025-12-25;20;1270
12;2025-12-25;21;643
12;2025-12-25;22;333
12;2025-12-25;23;169
12;2025-12-26;0;5
12;2025-12-26;1;0
12;2025-12-26;2;0
12;2025-12-26;3;0
12;2025-12-26;4;0
12;2025-12-26;5;188
12;2025-12-26;6;1065
12;2025-12-26;7;2201
12;2025-12-26;8;3075
12;2025-12-26;9;2006
12;2025-12-26;10;1618
12;2025-12-26;11;1633
12;2025-12-26;12;1699
12;2025-12-26;13;1768
12;2025-12-26;14;1767
12;2025-12-26;15;2026
12;2025-12-26;16;2613
12;2025-12-26;17;2690
12;2025-12-26;18;2264
12;2025-12-26;19;1861
12;2025-12-26;20;1155
12;2025-12-26;21;682
12;2025-12-26;22;348
12;2025-12-26;23;192
12;2025-12-27;0;10
12;2025-12-27;1;0
12;2025-12-27;2;0
12;2025-12-27;3;0
12;2025-12-27;4;0
12;2025-12-27;5;115
12;2025-12-27;6;503
12;2025-12-27;7;579
12;2025-12-27;8;663
12;2025-12-27;9;789
12;2025-12-27;10;1075
12;2025-12-27;11;1195
12;2025-12-27;12;1180
12;2025-12-27;13;1373
12;2025-12-27;14;1277
12;2025-12-27;15;1211
12;2025-12-27;16;1270
12;2025-12-27;17;1181
12;2025-12-27;18;1112
12;2025-12-27;19;1084
12;2025-12-27;20;637
12;2025-12-27;21;431
12;2025-12-27;22;288
12;2025-12-27;23;158
12;2025-12-28;0;3
12;2025-12-28;1;0
12;2025-12-28;2;0
12;2025-12-28;3;0
12;2025-12-28;4;0
12;2025-12-28;5;36
12;2025-12-28;6;298
12;2025-12-28;7;336
12;2025-12-28;8;412
12;2025-12-28;9;555
12;2025-12-28;10;828
12;2025-12-28;11;999
12;2025-12-28;12;1088
12;2025-12-28;13;1228
12;2025-12-28;14;1180
12;2025-12-28;15;1106
12;2025-12-28;16;1183
12;2025-12-28;17;1152
12;2025-12-28;18;979
12;2025-12-28;19;697
12;2025-12-28;20;482
12;2025-12-28;21;373
12;2025-12-28;22;251
12;2025-12-28;23;113
12;2025-12-29;0;0
12;2025-12-29;1;0
12;2025-12-29;2;0
12;2025-12-29;3;0
12;2025-12-29;4;0
12;2025-12-29;5;198
12;2025-12-29;6;1053
12;2025-12-29;7;2192
12;2025-12-29;8;3057
12;2025-12-29;9;2010
12;2025-12-29;10;1616
12;2025-12-29;11;1557
12;2025-12-29;12;1695
12;2025-12-29;13;1674
12;2025-12-29;14;1605
12;2025-12-29;15;1856
12;2025-12-29;16;2279
12;2025-12-29;17;2672
12;2025-12-29;18;2791
12;2025-12-29;19;2067
12;2025-12-29;20;1217
12;2025-12-29;21;603
12;2025-12-29;22;303
12;2025-12-29;23;137
12;2025-12-30;0;0
12;2025-12-30;1;0
12;2025-12-30;2;0
12;2025-12-30;3;0
12;2025-12-30;4;0
12;2025-12-30;5;211
12;2025-12-30;6;1071
12;2025-12-30;7;2284
12;2025-12-30;8;3160
12;2025-12-30;9;2071
12;2025-12-30;10;1687
12;2025-12-30;11;1641
12;2025-12-30;12;1747
12;2025-12-30;13;1762
12;2025-12-30;14;1679
12;2025-12-30;15;1909
12;2025-12-30;16;2354
12;2025-12-30;17;2741
12;2025-12-30;18;2829
12;2025-12-30;19;2079
12;2025-12-30;20;1208
12;2025-12-30;21;598
12;2025-12-30;22;316
12;2025-12-30;23;141
12;2025-12-31;0;0
12;2025-12-31;1;0
12;2025-12-31;2;0
12;2025-12-31;3;0
12;2025-12-31;4;0
12;2025-12-31;5;111
12;2025-12-31;6;295
12;2025-12-31;7;471
12;2025-12-31;8;662
12;2025-12-31;9;492
12;2025-12-31;10;600
12;2025-12-31;11;659
12;2025-12-31;12;852
12;2025-12-31;13;951
12;2025-12-31;14;933
12;2025-12-31;15;957
12;2025-12-31;16;1071
12;2025-12-31;17;977
12;2025-12-31;18;912
12;2025-12-31;19;780
12;2025-12-31;20;578
12;2025-12-31;21;394
12;2025-12-31;22;236
12;2025-12-31;23;118
17;2025-11-01;0;192
17;2025-11-01;1;26
17;2025-11-01;2;0
17;2025-11-01;3;0
17;2025-11-01;4;11
17;2025-11-01;5;129
17;2025-11-01;6;554
17;2025-11-01;7;1121
17;2025-11-01;8;1644
17;2025-11-01;9;2126
17;2025-11-01;10;2431
17;2025-11-01;11;2897
17;2025-11-01;12;3209
17;2025-11-01;13;3473
17;2025-11-01;14;3560
17;2025-11-01;15;3561
17;2025-11-01;16;3577
17;2025-11-01;17;3413
17;2025-11-01;18;2907
17;2025-11-01;19;2404
17;2025-11-01;20;1886
17;2025-11-01;21;1368
17;2025-11-01;22;832
17;2025-11-01;23;433
17;2025-11-02;0;179
17;2025-11-02;1;29
17;2025-11-02;2;0
17;2025-11-02;3;1
17;2025-11-02;4;2
17;2025-11-02;5;98
17;2025-11-02;6;375
17;2025-11-02;7;694
17;2025-11-02;8;1046
17;2025-11-02;9;1468
17;2025-11-02;10;1634
17;2025-11-02;11;2025
17;2025-11-02;12;2449
17;2025-11-02;13;2658
17;2025-11-02;14;2773
17;2025-11-02;15;2733
17;2025-11-02;16;2723
17;2025-11-02;17;2600
17;2025-11-02;18;2225
17;2025-11-02;19;1879
17;2025-11-02;20;1508
17;2025-11-02;21;1038
17;2025-11-02;22;708
17;2025-11-02;23;310
17;2025-11-03;0;116
17;2025-11-03;1;13
17;2025-11-03;2;0
17;2025-11-03;3;0
17;2025-11-03;4;14
17;2025-11-03;5;214
17;2025-11-03;6;652
17;2025-11-03;7;2002
17;2025-11-03;8;3257
17;2025-11-03;9;2029
17;2025-11-03;10;1979
17;2025-11-03;11;2203
17;2025-11-03;12;2284
17;2025-11-03;13;2210
17;2025-11-03;14;2333
17;2025-11-03;15;2282
17;2025-11-03;16;2217
17;2025-11-03;17;2833
17;2025-11-03;18;3213
17;2025-11-03;19;2253
17;2025-11-03;20;1794
17;2025-11-03;21;1184
17;2025-11-03;22;750
17;2025-11-03;23;329
17;2025-11-04;0;126
17;2025-11-04;1;12
17;2025-11-04;2;1
17;2025-11-04;3;0
17;2025-11-04;4;23
17;2025-11-04;5;213
17;2025-11-04;6;668
17;2025-11-04;7;2154
17;2025-11-04;8;3170
17;2025-11-04;9;2061
17;2025-11-04;10;1846
17;2025-11-04;11;2030
17;2025-11-04;12;2136
17;2025-11-04;13;2161
17;2025-11-04;14;2557
17;2025-11-04;15;2462
17;2025-11-04;16;2269
17;2025-11-04;17;2958
17;2025-11-04;18;3271
17;2025-11-04;19;2245
17;2025-11-04;20;1835
17;2025-11-04;21;1257
17;2025-11-04;22;785
17;2025-11-04;23;352
17;2025-11-05;0;130
17;2025-11-05;1;13
17;2025-11-05;2;0
17;2025-11-05;3;0
17;2025-11-05;4;30
17;2025-11-05;5;306
17;2025-11-05;6;1454
17;2025-11-05;7;3858
17;2025-11-05;8;5078
17;2025-11-05;9;3613
17;2025-11-05;10;2940
17;2025-11-05;11;2909
17;2025-11-05;12;2972
17;2025-11-05;13;3054
17;2025-11-05;14;3153
17;2025-11-05;15;3339
17;2025-11-05;16;3535
17;2025-11-05;17;4261
17;2025-11-05;18;4716
17;2025-11-05;19;3365
17;2025-11-05;20;2319
17;2025-11-05;21;1455
17;2025-11-05;22;842
17;2025-11-05;23;354
17;2025-11-06;0;131
17;2025-11-06;1;7
17;2025-11-06;2;0
17;2025-11-06;3;0
17;2025-11-06;4;23
17;2025-11-06;5;299
17;2025-11-06;6;1470
17;2025-11-06;7;3870
17;2025-11-06;8;5146
17;2025-11-06;9;3645
17;2025-11-06;10;2941
17;2025-11-06;11;2794
17;2025-11-06;12;3024
17;2025-11-06;13;3062
17;2025-11-06;14;3120
17;2025-11-06;15;3305
17;2025-11-06;16;3623
17;2025-11-06;17;4344
17;2025-11-06;18;4846
17;2025-11-06;19;3460
17;2025-11-06;20;2292
17;2025-11-06;21;1480
17;2025-11-06;22;859
17;2025-11-06;23;370
17;2025-11-07;0;142
17;2025-11-07;1;11
17;2025-11-07;2;0
17;2025-11-07;3;0
17;2025-11-07;4;22
17;2025-11-07;5;285
17;2025-11-07;6;1435
17;2025-11-07;7;3924
17;2025-11-07;8;5126
17;2025-11-07;9;3577
17;2025-11-07;10;2890
17;2025-11-07;11;2938
17;2025-11-07;12;2969
17;2025-11-07;13;3080
17;2025-11-07;14;3225
17;2025-11-07;15;3487
17;2025-11-07;16;4081
17;2025-11-07;17;4488
17;2025-11-07;18;4314
17;2025-11-07;19;3219
17;2025-11-07;20;2318
17;2025-11-07;21;1524
17;2025-11-07;22;893
17;2025-11-07;23;444
17;2025-11-08;0;193
17;2025-11-08;1;27
17;2025-11-08;2;0
17;2025-11-08;3;0
17;2025-11-08;4;3
17;2025-11-08;5;136
17;2025-11-08;6;552
17;2025-11-08;7;1119
17;2025-11-08;8;1647
17;2025-11-08;9;2088
17;2025-11-08;10;2344
17;2025-11-08;11;2794
17;2025-11-08;12;3123
17;2025-11-08;13;3361
17;2025-11-08;14;3383
17;2025-11-08;15;3441
17;2025-11-08;16;3440
17;2025-11-08;17;3304
17;2025-11-08;18;2936
17;2025-11-08;19;2416
17;2025-11-08;20;1914
17;2025-11-08;21;1344
17;2025-11-08;22;874
17;2025-11-08;23;412
17;2025-11-09;0;175
17;2025-11-09;1;28
17;2025-11-09;2;0
17;2025-11-09;3;0
17;2025-11-09;4;2
17;2025-11-09;5;106
17;2025-11-09;6;404
17;2025-11-09;7;769
17;2025-11-09;8;1170
17;2025-11-09;9;1628
17;2025-11-09;10;1863
17;2025-11-09;11;2379
17;2025-11-09;12;2742
17;2025-11-09;13;2993
17;2025-11-09;14;3086
17;2025-11-09;15;3089
17;2025-11-09;16;3037
17;2025-11-09;17;2913
17;2025-11-09;18;2568
17;2025-11-09;19;2055
17;2025-11-09;20;1546
17;2025-11-09;21;1118
17;2025-11-09;22;706
17;2025-11-09;23;292
17;2025-11-10;0;99
17;2025-11-10;1;9
17;2025-11-10;2;0
17;2025-11-10;3;0
17;2025-11-10;4;22
17;2025-11-10;5;292
17;2025-11-10;6;1460
17;2025-11-10;7;3983
17;2025-11-10;8;5227
17;2025-11-10;9;3741
17;2025-11-10;10;2823
17;2025-11-10;11;2765
17;2025-11-10;12;2836
17;2025-11-10;13;2933
17;2025-11-10;14;2983
17;2025-11-10;15;3198
17;2025-11-10;16;3575
17;2025-11-10;17;4353
17;2025-11-10;18;4845
17;2025-11-10;19;3385
17;2025-11-10;20;2286
17;2025-11-10;21;1331
17;2025-11-10;22;741
17;2025-11-10;23;307
17;2025-11-11;0;102
17;2025-11-11;1;8
17;2025-11-11;2;0
17;2025-11-11;3;0
17;2025-11-11;4;18
17;2025-11-11;5;297
17;2025-11-11;6;1508
17;2025-11-11;7;4135
17;2025-11-11;8;5292
17;2025-11-11;9;3830
17;2025-11-11;10;2958
17;2025-11-11;11;2883
17;2025-11-11;12;2959
17;2025-11-11;13;2972
17;2025-11-11;14;3137
17;2025-11-11;15;3253
17;2025-11-11;16;3617
17;2025-11-11;17;4496
17;2025-11-11;18;4933
17;2025-11-11;19;3487
17;2025-11-11;20;2328
17;2025-11-11;21;1399
17;2025-11-11;22;779
17;2025-11-11;23;332
17;2025-11-12;0;114
17;2025-11-12;1;11
17;2025-11-12;2;0
17;2025-11-12;3;0
17;2025-11-12;4;29
17;2025-11-12;5;302
17;2025-11-12;6;1474
17;2025-11-12;7;4021
17;2025-11-12;8;5255
17;2025-11-12;9;3776
17;2025-11-12;10;2965
17;2025-11-12;11;2886
17;2025-11-12;12;2947
17;2025-11-12;13;2989
17;2025-11-12;14;3110
17;2025-11-12;15;3276
17;2025-11-12;16;3620
17;2025-11-12;17;4428
17;2025-11-12;18;4861
17;2025-11-12;19;3433
17;2025-11-12;20;2324
17;2025-11-12;21;1447
17;2025-11-12;22;804
17;2025-11-12;23;354
17;2025-11-13;0;131
17;2025-11-13;1;13
17;2025-11-13;2;0
17;2025-11-13;3;0
17;2025-11-13;4;28
17;2025-11-13;5;301
17;2025-11-13;6;1497
17;2025-11-13;7;4024
17;2025-11-13;8;5279
17;2025-11-13;9;3808
17;2025-11-13;10;3007
17;2025-11-13;11;2957
17;2025-11-13;12;3060
17;2025-11-13;13;3098
17;2025-11-13;14;3174
17;2025-11-13;15;3349
17;2025-11-13;16;3733
17;2025-11-13;17;4467
17;2025-11-13;18;4920
17;2025-11-13;19;3505
17;2025-11-13;20;2383
17;2025-11-13;21;1469
17;2025-11-13;22;848
17;2025-11-13;23;369
17;2025-11-14;0;136
17;2025-11-14;1;14
17;2025-11-14;2;0
17;2025-11-14;3;0
17;2025-11-14;4;24
17;2025-11-14;5;296
17;2025-11-14;6;1442
17;2025-11-14;7;3936
17;2025-11-14;8;5156
17;2025-11-14;9;3666
17;2025-11-14;10;2884
17;2025-11-14;11;2934
17;2025-11-14;12;3015
17;2025-11-14;13;3110
17;2025-11-14;14;3262
17;2025-11-14;15;3523
17;2025-11-14;16;4123
17;2025-11-14;17;4528
17;2025-11-14;18;4368
17;2025-11-14;19;3265
17;2025-11-14;20;2330
17;2025-11-14;21;1504
17;2025-11-14;22;870
17;2025-11-14;23;440
17;2025-11-15;0;173
17;2025-11-15;1;20
17;2025-11-15;2;0
17;2025-11-15;3;0
17;2025-11-15;4;3
17;2025-11-15;5;124
17;2025-11-15;6;512
17;2025-11-15;7;966
17;2025-11-15;8;1536
17;2025-11-15;9;1987
17;2025-11-15;10;2258
17;2025-11-15;11;2689
17;2025-11-15;12;3014
17;2025-11-15;13;3349
17;2025-11-15;14;3424
17;2025-11-15;15;3462
17;2025-11-15;16;3491
17;2025-11-15;17;3325
17;2025-11-15;18;2945
17;2025-11-15;19;2414
17;2025-11-15;20;1880
17;2025-11-15;21;1340
17;2025-11-15;22;864
17;2025-11-15;23;406
17;2025-11-16;0;165
17;2025-11-16;1;22
17;2025-11-16;2;0
17;2025-11-16;3;0
17;2025-11-16;4;4
17;2025-11-16;5;100
17;2025-11-16;6;394
17;2025-11-16;7;724
17;2025-11-16;8;1139
17;2025-11-16;9;1600
17;2025-11-16;10;1879
17;2025-11-16;11;2450
17;2025-11-16;12;2855
17;2025-11-16;13;3086
17;2025-11-16;14;3169
17;2025-11-16;15;3148
17;2025-11-16;16;3098
17;2025-11-16;17;2976
17;2025-11-16;18;2596
17;2025-11-16;19;2052
17;2025-11-16;20;1524
17;2025-11-16;21;1110
17;2025-11-16;22;705
17;2025-11-16;23;287
17;2025-11-17;0;97
17;2025-11-17;1;9
17;2025-11-17;2;0
17;2025-11-17;3;0
17;2025-11-17;4;29
17;2025-11-17;5;294
17;2025-11-17;6;1468
17;2025-11-17;7;3971
17;2025-11-17;8;5226
17;2025-11-17;9;3734
17;2025-11-17;10;2837
17;2025-11-17;11;2786
17;2025-11-17;12;2790
17;2025-11-17;13;2816
17;2025-11-17;14;2882
17;2025-11-17;15;3121
17;2025-11-17;16;3565
17;2025-11-17;17;4360
17;2025-11-17;18;4885
17;2025-11-17;19;3422
17;2025-11-17;20;2288
17;2025-11-17;21;1314
17;2025-11-17;22;737
17;2025-11-17;23;304
17;2025-11-18;0;105
17;2025-11-18;1;11
17;2025-11-18;2;1
17;2025-11-18;3;0
17;2025-11-18;4;19
17;2025-11-18;5;291
17;2025-11-18;6;1500
17;2025-11-18;7;4101
17;2025-11-18;8;5258
17;2025-11-18;9;3779
17;2025-11-18;10;2855
17;2025-11-18;11;2840
17;2025-11-18;12;2921
17;2025-11-18;13;2868
17;2025-11-18;14;3031
17;2025-11-18;15;3211
17;2025-11-18;16;3579
17;2025-11-18;17;4478
17;2025-11-18;18;4935
17;2025-11-18;19;3464
17;2025-11-18;20;2313
17;2025-11-18;21;1398
17;2025-11-18;22;759
17;2025-11-18;23;317
17;2025-11-19;0;112
17;2025-11-19;1;7
17;2025-11-19;2;0
17;2025-11-19;3;0
17;2025-11-19;4;25
17;2025-11-19;5;308
17;2025-11-19;6;1496
17;2025-11-19;7;4015
17;2025-11-19;8;5270
17;2025-11-19;9;3760
17;2025-11-19;10;2926
17;2025-11-19;11;2878
17;2025-11-19;12;2967
17;2025-11-19;13;3029
17;2025-11-19;14;3116
17;2025-11-19;15;3283
17;2025-11-19;16;3635
17;2025-11-19;17;4450
17;2025-11-19;18;4883
17;2025-11-19;19;3431
17;2025-11-19;20;2322
17;2025-11-19;21;1465
17;2025-11-19;22;818
17;2025-11-19;23;352
17;2025-11-20;0;130
17;2025-11-20;1;12
17;2025-11-20;2;0
17;2025-11-20;3;0
17;2025-11-20;4;28
17;2025-11-20;5;302
17;2025-11-20;6;1507
17;2025-11-20;7;3967
17;2025-11-20;8;5262
17;2025-11-20;9;3785
17;2025-11-20;10;2987
17;2025-11-20;11;2942
17;2025-11-20;12;3061
17;2025-11-20;13;3107
17;2025-11-20;14;3168
17;2025-11-20;15;3343
17;2025-11-20;16;3742
17;2025-11-20;17;4491
17;2025-11-20;18;4931
17;2025-11-20;19;3518
17;2025-11-20;20;2376
17;2025-11-20;21;1476
17;2025-11-20;22;845
17;2025-11-20;23;374
17;2025-11-21;0;134
17;2025-11-21;1;14
17;2025-11-21;2;0
17;2025-11-21;3;0
17;2025-11-21;4;33
17;2025-11-21;5;285
17;2025-11-21;6;1458
17;2025-11-21;7;3909
17;2025-11-21;8;5175
17;2025-11-21;9;3657
17;2025-11-21;10;2906
17;2025-11-21;11;2956
17;2025-11-21;12;3004
17;2025-11-21;13;3128
17;2025-11-21;14;3241
17;2025-11-21;15;3502
17;2025-11-21;16;4113
17;2025-11-21;17;4528
17;2025-11-21;18;4364
17;2025-11-21;19;3234
17;2025-11-21;20;2314
17;2025-11-21;21;1533
17;2025-11-21;22;875
17;2025-11-21;23;450
17;2025-11-22;0;182
17;2025-11-22;1;26
17;2025-11-22;2;0
17;2025-11-22;3;0
17;2025-11-22;4;2
17;2025-11-22;5;121
17;2025-11-22;6;532
17;2025-11-22;7;1045
17;2025-11-22;8;1570
17;2025-11-22;9;1996
17;2025-11-22;10;2311
17;2025-11-22;11;2790
17;2025-11-22;12;3095
17;2025-11-22;13;3334
17;2025-11-22;14;3374
17;2025-11-22;15;3423
17;2025-11-22;16;3426
17;2025-11-22;17;3260
17;2025-11-22;18;2882
17;2025-11-22;19;2348
17;2025-11-22;20;1861
17;2025-11-22;21;1311
17;2025-11-22;22;817
17;2025-11-22;23;393
17;2025-11-23;0;159
17;2025-11-23;1;27
17;2025-11-23;2;0
17;2025-11-23;3;0
17;2025-11-23;4;4
17;2025-11-23;5;102
17;2025-11-23;6;395
17;2025-11-23;7;702
17;2025-11-23;8;1134
17;2025-11-23;9;1562
17;2025-11-23;10;1869
17;2025-11-23;11;2426
17;2025-11-23;12;2819
17;2025-11-23;13;3047
17;2025-11-23;14;3142
17;2025-11-23;15;3133
17;2025-11-23;16;3087
17;2025-11-23;17;2954
17;2025-11-23;18;2562
17;2025-11-23;19;2046
17;2025-11-23;20;1538
17;2025-11-23;21;1107
17;2025-11-23;22;692
17;2025-11-23;23;290
17;2025-11-24;0;96
17;2025-11-24;1;12
17;2025-11-24;2;0
17;2025-11-24;3;0
17;2025-11-24;4;24
17;2025-11-24;5;285
17;2025-11-24;6;1429
17;2025-11-24;7;3894
17;2025-11-24;8;5253
17;2025-11-24;9;3674
17;2025-11-24;10;2753
17;2025-11-24;11;2668
17;2025-11-24;12;2768
17;2025-11-24;13;2912
17;2025-11-24;14;2911
17;2025-11-24;15;3091
17;2025-11-24;16;3514
17;2025-11-24;17;4312
17;2025-11-24;18;4871
17;2025-11-24;19;3393
17;2025-11-24;20;2259
17;2025-11-24;21;1356
17;2025-11-24;22;734
17;2025-11-24;23;309
17;2025-11-25;0;105
17;2025-11-25;1;10
17;2025-11-25;2;1
17;2025-11-25;3;0
17;2025-11-25;4;32
17;2025-11-25;5;302
17;2025-11-25;6;1508
17;2025-11-25;7;4069
17;2025-11-25;8;5297
17;2025-11-25;9;3814
17;2025-11-25;10;2953
17;2025-11-25;11;2871
17;2025-11-25;12;2960
17;2025-11-25;13;2973
17;2025-11-25;14;3126
17;2025-11-25;15;3242
17;2025-11-25;16;3609
17;2025-11-25;17;4501
17;2025-11-25;18;4972
17;2025-11-25;19;3488
17;2025-11-25;20;2315
17;2025-11-25;21;1425
17;2025-11-25;22;782
17;2025-11-25;23;338
17;2025-11-26;0;117
17;2025-11-26;1;13
17;2025-11-26;2;0
17;2025-11-26;3;0
17;2025-11-26;4;29
17;2025-11-26;5;294
17;2025-11-26;6;1431
17;2025-11-26;7;3903
17;2025-11-26;8;5203
17;2025-11-26;9;3680
17;2025-11-26;10;2857
17;2025-11-26;11;2793
17;2025-11-26;12;2894
17;2025-11-26;13;2965
17;2025-11-26;14;3034
17;2025-11-26;15;3198
17;2025-11-26;16;3493
17;2025-11-26;17;4350
17;2025-11-26;18;4832
17;2025-11-26;19;3350
17;2025-11-26;20;2254
17;2025-11-26;21;1428
17;2025-11-26;22;788
17;2025-11-26;23;356
17;2025-11-27;0;131
17;2025-11-27;1;16
17;2025-11-27;2;0
17;2025-11-27;3;0
17;2025-11-27;4;29
17;2025-11-27;5;302
17;2025-11-27;6;1459
17;2025-11-27;7;3873
17;2025-11-27;8;5236
17;2025-11-27;9;3691
17;2025-11-27;10;2876
17;2025-11-27;11;2787
17;2025-11-27;12;2903
17;2025-11-27;13;2974
17;2025-11-27;14;2996
17;2025-11-27;15;3207
17;2025-11-27;16;3609
17;2025-11-27;17;4370
17;2025-11-27;18;4843
17;2025-11-27;19;3392
17;2025-11-27;20;2257
17;2025-11-27;21;1444
17;2025-11-27;22;801
17;2025-11-27;23;369
17;2025-11-28;0;135
17;2025-11-28;1;19
17;2025-11-28;2;0
17;2025-11-28;3;0
17;2025-11-28;4;31
17;2025-11-28;5;294
17;2025-11-28;6;1393
17;2025-11-28;7;3831
17;2025-11-28;8;5155
17;2025-11-28;9;3564
17;2025-11-28;10;2804
17;2025-11-28;11;2864
17;2025-11-28;12;2931
17;2025-11-28;13;3031
17;2025-11-28;14;3125
17;2025-11-28;15;3399
17;2025-11-28;16;4062
17;2025-11-28;17;4504
17;2025-11-28;18;4309
17;2025-11-28;19;3136
17;2025-11-28;20;2239
17;2025-11-28;21;1518
17;2025-11-28;22;889
17;2025-11-28;23;448
17;2025-11-29;0;163
17;2025-11-29;1;26
17;2025-11-29;2;0
17;2025-11-29;3;0
17;2025-11-29;4;7
17;2025-11-29;5;109
17;2025-11-29;6;475
17;2025-11-29;7;988
17;2025-11-29;8;1447
17;2025-11-29;9;1772
17;2025-11-29;10;2035
17;2025-11-29;11;2460
17;2025-11-29;12;2802
17;2025-11-29;13;3093
17;2025-11-29;14;3140
17;2025-11-29;15;3181
17;2025-11-29;16;3187
17;2025-11-29;17;2993
17;2025-11-29;18;2587
17;2025-11-29;19;2125
17;2025-11-29;20;1675
17;2025-11-29;21;1284
17;2025-11-29;22;802
17;2025-11-29;23;375
17;2025-11-30;0;140
17;2025-11-30;1;24
17;2025-11-30;2;0
17;2025-11-30;3;0
17;2025-11-30;4;4
17;2025-11-30;5;87
17;2025-11-30;6;362
17;2025-11-30;7;665
17;2025-11-30;8;1077
17;2025-11-30;9;1412
17;2025-11-30;10;1655
17;2025-11-30;11;2120
17;2025-11-30;12;2524
17;2025-11-30;13;2724
17;2025-11-30;14;2849
17;2025-11-30;15;2831
17;2025-11-30;16;2740
17;2025-11-30;17;2653
17;2025-11-30;18;2302
17;2025-11-30;19;1828
17;2025-11-30;20;1405
17;2025-11-30;21;1076
17;2025-11-30;22;673
17;2025-11-30;23;284
17;2025-12-01;0;90
17;2025-12-01;1;16
17;2025-12-01;2;0
17;2025-12-01;3;0
17;2025-12-01;4;24
17;2025-12-01;5;254
17;2025-12-01;6;1312
17;2025-12-01;7;3734
17;2025-12-01;8;5069
17;2025-12-01;9;3525
17;2025-12-01;10;2550
17;2025-12-01;11;2473
17;2025-12-01;12;2599
17;2025-12-01;13;2721
17;2025-12-01;14;2755
17;2025-12-01;15;2927
17;2025-12-01;16;3333
17;2025-12-01;17;4164
17;2025-12-01;18;4681
17;2025-12-01;19;3187
17;2025-12-01;20;2035
17;2025-12-01;21;1270
17;2025-12-01;22;683
17;2025-12-01;23;281
17;2025-12-02;0;94
17;2025-12-02;1;9
17;2025-12-02;2;1
17;2025-12-02;3;0
17;2025-12-02;4;23
17;2025-12-02;5;259
17;2025-12-02;6;1342
17;2025-12-02;7;3882
17;2025-12-02;8;5092
17;2025-12-02;9;3619
17;2025-12-02;10;2717
17;2025-12-02;11;2615
17;2025-12-02;12;2732
17;2025-12-02;13;2750
17;2025-12-02;14;2867
17;2025-12-02;15;2987
17;2025-12-02;16;3393
17;2025-12-02;17;4288
17;2025-12-02;18;4761
17;2025-12-02;19;3295
17;2025-12-02;20;2083
17;2025-12-02;21;1314
17;2025-12-02;22;693
17;2025-12-02;23;310
17;2025-12-03;0;103
17;2025-12-03;1;16
17;2025-12-03;2;0
17;2025-12-03;3;0
17;2025-12-03;4;25
17;2025-12-03;5;260
17;2025-12-03;6;1340
17;2025-12-03;7;3781
17;2025-12-03;8;5060
17;2025-12-03;9;3566
17;2025-12-03;10;2723
17;2025-12-03;11;2660
17;2025-12-03;12;2784
17;2025-12-03;13;2836
17;2025-12-03;14;2904
17;2025-12-03;15;3057
17;2025-12-03;16;3412
17;2025-12-03;17;4252
17;2025-12-03;18;4690
17;2025-12-03;19;3214
17;2025-12-03;20;2086
17;2025-12-03;21;1373
17;2025-12-03;22;741
17;2025-12-03;23;336
17;2025-12-04;0;121
17;2025-12-04;1;17
17;2025-12-04;2;0
17;2025-12-04;3;0
17;2025-12-04;4;28
17;2025-12-04;5;264
17;2025-12-04;6;1364
17;2025-12-04;7;3728
17;2025-12-04;8;5052
17;2025-12-04;9;3554
17;2025-12-04;10;2729
17;2025-12-04;11;2663
17;2025-12-04;12;2829
17;2025-12-04;13;2873
17;2025-12-04;14;2902
17;2025-12-04;15;3061
17;2025-12-04;16;3494
17;2025-12-04;17;4277
17;2025-12-04;18;4732
17;2025-12-04;19;3330
17;2025-12-04;20;2151
17;2025-12-04;21;1400
17;2025-12-04;22;799
17;2025-12-04;23;370
17;2025-12-05;0;129
17;2025-12-05;1;24
17;2025-12-05;2;0
17;2025-12-05;3;0
17;2025-12-05;4;34
17;2025-12-05;5;259
17;2025-12-05;6;1332
17;2025-12-05;7;3716
17;2025-12-05;8;4999
17;2025-12-05;9;3463
17;2025-12-05;10;2666
17;2025-12-05;11;2732
17;2025-12-05;12;2825
17;2025-12-05;13;2917
17;2025-12-05;14;3003
17;2025-12-05;15;3257
17;2025-12-05;16;3931
17;2025-12-05;17;4380
17;2025-12-05;18;4184
17;2025-12-05;19;3047
17;2025-12-05;20;2114
17;2025-12-05;21;1449
17;2025-12-05;22;820
17;2025-12-05;23;410
17;2025-12-06;0;161
17;2025-12-06;1;31
17;2025-12-06;2;0
17;2025-12-06;3;0
17;2025-12-06;4;12
17;2025-12-06;5;108
17;2025-12-06;6;458
17;2025-12-06;7;968
17;2025-12-06;8;1424
17;2025-12-06;9;1743
17;2025-12-06;10;2002
17;2025-12-06;11;2416
17;2025-12-06;12;2748
17;2025-12-06;13;3044
17;2025-12-06;14;3086
17;2025-12-06;15;3136
17;2025-12-06;16;3116
17;2025-12-06;17;2942
17;2025-12-06;18;2536
17;2025-12-06;19;2084
17;2025-12-06;20;1662
17;2025-12-06;21;1280
17;2025-12-06;22;779
17;2025-12-06;23;379
17;2025-12-07;0;146
17;2025-12-07;1;32
17;2025-12-07;2;0
17;2025-12-07;3;0
17;2025-12-07;4;9
17;2025-12-07;5;84
17;2025-12-07;6;348
17;2025-12-07;7;616
17;2025-12-07;8;1028
17;2025-12-07;9;1357
17;2025-12-07;10;1600
17;2025-12-07;11;2058
17;2025-12-07;12;2467
17;2025-12-07;13;2678
17;2025-12-07;14;2810
17;2025-12-07;15;2809
17;2025-12-07;16;2718
17;2025-12-07;17;2609
17;2025-12-07;18;2263
17;2025-12-07;19;1796
17;2025-12-07;20;1384
17;2025-12-07;21;1051
17;2025-12-07;22;655
17;2025-12-07;23;289
17;2025-12-08;0;92
17;2025-12-08;1;19
17;2025-12-08;2;0
17;2025-12-08;3;0
17;2025-12-08;4;29
17;2025-12-08;5;251
17;2025-12-08;6;1319
17;2025-12-08;7;3782
17;2025-12-08;8;5097
17;2025-12-08;9;3572
17;2025-12-08;10;2608
17;2025-12-08;11;2543
17;2025-12-08;12;2662
17;2025-12-08;13;2769
17;2025-12-08;14;2795
17;2025-12-08;15;3003
17;2025-12-08;16;3411
17;2025-12-08;17;4226
17;2025-12-08;18;4717
17;2025-12-08;19;3243
17;2025-12-08;20;2086
17;2025-12-08;21;1274
17;2025-12-08;22;670
17;2025-12-08;23;301
17;2025-12-09;0;92
17;2025-12-09;1;16
17;2025-12-09;2;1
17;2025-12-09;3;0
17;2025-12-09;4;29
17;2025-12-09;5;247
17;2025-12-09;6;1316
17;2025-12-09;7;3872
17;2025-12-09;8;5092
17;2025-12-09;9;3634
17;2025-12-09;10;2743
17;2025-12-09;11;2663
17;2025-12-09;12;2767
17;2025-12-09;13;2795
17;2025-12-09;14;2930
17;2025-12-09;15;3062
17;2025-12-09;16;3468
17;2025-12-09;17;4336
17;2025-12-09;18;4790
17;2025-12-09;19;3365
17;2025-12-09;20;2115
17;2025-12-09;21;1302
17;2025-12-09;22;632
17;2025-12-09;23;313
17;2025-12-10;0;56
17;2025-12-10;1;0
17;2025-12-10;2;0
17;2025-12-10;3;0
17;2025-12-10;4;0
17;2025-12-10;5;193
17;2025-12-10;6;1176
17;2025-12-10;7;3676
17;2025-12-10;8;5015
17;2025-12-10;9;3490
17;2025-12-10;10;2646
17;2025-12-10;11;2583
17;2025-12-10;12;2701
17;2025-12-10;13;2769
17;2025-12-10;14;2847
17;2025-12-10;15;3007
17;2025-12-10;16;3376
17;2025-12-10;17;4200
17;2025-12-10;18;4659
17;2025-12-10;19;3179
17;2025-12-10;20;2009
17;2025-12-10;21;1244
17;2025-12-10;22;604
17;2025-12-10;23;286
17;2025-12-11;0;58
17;2025-12-11;1;0
17;2025-12-11;2;0
17;2025-12-11;3;0
17;2025-12-11;4;0
17;2025-12-11;5;200
17;2025-12-11;6;1212
17;2025-12-11;7;3662
17;2025-12-11;8;4990
17;2025-12-11;9;3439
17;2025-12-11;10;2630
17;2025-12-11;11;2568
17;2025-12-11;12;2761
17;2025-12-11;13;2816
17;2025-12-11;14;2862
17;2025-12-11;15;3022
17;2025-12-11;16;3428
17;2025-12-11;17;4189
17;2025-12-11;18;4702
17;2025-12-11;19;3220
17;2025-12-11;20;2025
17;2025-12-11;21;1248
17;2025-12-11;22;635
17;2025-12-11;23;313
17;2025-12-12;0;73
17;2025-12-12;1;0
17;2025-12-12;2;0
17;2025-12-12;3;0
17;2025-12-12;4;0
17;2025-12-12;5;196
17;2025-12-12;6;1149
17;2025-12-12;7;3686
17;2025-12-12;8;4979
17;2025-12-12;9;3409
17;2025-12-12;10;2618
17;2025-12-12;11;2696
17;2025-12-12;12;2716
17;2025-12-12;13;2794
17;2025-12-12;14;2894
17;2025-12-12;15;3144
17;2025-12-12;16;3822
17;2025-12-12;17;4313
17;2025-12-12;18;4168
17;2025-12-12;19;3004
17;2025-12-12;20;2022
17;2025-12-12;21;1316
17;2025-12-12;22;647
17;2025-12-12;23;345
17;2025-12-13;0;104
17;2025-12-13;1;0
17;2025-12-13;2;0
17;2025-12-13;3;0
17;2025-12-13;4;0
17;2025-12-13;5;45
17;2025-12-13;6;357
17;2025-12-13;7;763
17;2025-12-13;8;1254
17;2025-12-13;9;1593
17;2025-12-13;10;1870
17;2025-12-13;11;2327
17;2025-12-13;12;2699
17;2025-12-13;13;2980
17;2025-12-13;14;3013
17;2025-12-13;15;3062
17;2025-12-13;16;3088
17;2025-12-13;17;2910
17;2025-12-13;18;2502
17;2025-12-13;19;2003
17;2025-12-13;20;1557
17;2025-12-13;21;1132
17;2025-12-13;22;648
17;2025-12-13;23;325
17;2025-12-14;0;84
17;2025-12-14;1;0
17;2025-12-14;2;0
17;2025-12-14;3;0
17;2025-12-14;4;0
17;2025-12-14;5;27
17;2025-12-14;6;261
17;2025-12-14;7;497
17;2025-12-14;8;876
17;2025-12-14;9;1230
17;2025-12-14;10;1497
17;2025-12-14;11;1974
17;2025-12-14;12;2406
17;2025-12-14;13;2634
17;2025-12-14;14;2760
17;2025-12-14;15;2756
17;2025-12-14;16;2694
17;2025-12-14;17;2553
17;2025-12-14;18;2202
17;2025-12-14;19;1696
17;2025-12-14;20;1265
17;2025-12-14;21;922
17;2025-12-14;22;533
17;2025-12-14;23;229
17;2025-12-15;0;23
17;2025-12-15;1;0
17;2025-12-15;2;0
17;2025-12-15;3;0
17;2025-12-15;4;0
17;2025-12-15;5;179
17;2025-12-15;6;1164
17;2025-12-15;7;3716
17;2025-12-15;8;5071
17;2025-12-15;9;3520
17;2025-12-15;10;2558
17;2025-12-15;11;2497
17;2025-12-15;12;2609
17;2025-12-15;13;2712
17;2025-12-15;14;2736
17;2025-12-15;15;2964
17;2025-12-15;16;3382
17;2025-12-15;17;4177
17;2025-12-15;18;4698
17;2025-12-15;19;3190
17;2025-12-15;20;2025
17;2025-12-15;21;1148
17;2025-12-15;22;559
17;2025-12-15;23;238
17;2025-12-16;0;29
17;2025-12-16;1;0
17;2025-12-16;2;0
17;2025-12-16;3;0
17;2025-12-16;4;0
17;2025-12-16;5;183
17;2025-12-16;6;1196
17;2025-12-16;7;3820
17;2025-12-16;8;5072
17;2025-12-16;9;3584
17;2025-12-16;10;2669
17;2025-12-16;11;2571
17;2025-12-16;12;2638
17;2025-12-16;13;2647
17;2025-12-16;14;2854
17;2025-12-16;15;3003
17;2025-12-16;16;3414
17;2025-12-16;17;4294
17;2025-12-16;18;4788
17;2025-12-16;19;3308
17;2025-12-16;20;2053
17;2025-12-16;21;1204
17;2025-12-16;22;559
17;2025-12-16;23;257
17;2025-12-17;0;44
17;2025-12-17;1;0
17;2025-12-17;2;0
17;2025-12-17;3;0
17;2025-12-17;4;0
17;2025-12-17;5;190
17;2025-12-17;6;1167
17;2025-12-17;7;3689
17;2025-12-17;8;5029
17;2025-12-17;9;3484
17;2025-12-17;10;2627
17;2025-12-17;11;2578
17;2025-12-17;12;2693
17;2025-12-17;13;2765
17;2025-12-17;14;2839
17;2025-12-17;15;3009
17;2025-12-17;16;3377
17;2025-12-17;17;4211
17;2025-12-17;18;4660
17;2025-12-17;19;3178
17;2025-12-17;20;2012
17;2025-12-17;21;1240
17;2025-12-17;22;599
17;2025-12-17;23;286
17;2025-12-18;0;59
17;2025-12-18;1;0
17;2025-12-18;2;0
17;2025-12-18;3;0
17;2025-12-18;4;0
17;2025-12-18;5;182
17;2025-12-18;6;1170
17;2025-12-18;7;3652
17;2025-12-18;8;5029
17;2025-12-18;9;3464
17;2025-12-18;10;2643
17;2025-12-18;11;2579
17;2025-12-18;12;2764
17;2025-12-18;13;2788
17;2025-12-18;14;2829
17;2025-12-18;15;3001
17;2025-12-18;16;3440
17;2025-12-18;17;4198
17;2025-12-18;18;4697
17;2025-12-18;19;3242
17;2025-12-18;20;2034
17;2025-12-18;21;1224
17;2025-12-18;22;619
17;2025-12-18;23;295
17;2025-12-19;0;61
17;2025-12-19;1;0
17;2025-12-19;2;0
17;2025-12-19;3;0
17;2025-12-19;4;0
17;2025-12-19;5;185
17;2025-12-19;6;1140
17;2025-12-19;7;3630
17;2025-12-19;8;4952
17;2025-12-19;9;3377
17;2025-12-19;10;2558
17;2025-12-19;11;2633
17;2025-12-19;12;2724
17;2025-12-19;13;2820
17;2025-12-19;14;2924
17;2025-12-19;15;3185
17;2025-12-19;16;3844
17;2025-12-19;17;4291
17;2025-12-19;18;4108
17;2025-12-19;19;2954
17;2025-12-19;20;2002
17;2025-12-19;21;1290
17;2025-12-19;22;630
17;2025-12-19;23;342
17;2025-12-20;0;95
17;2025-12-20;1;0
17;2025-12-20;2;0
17;2025-12-20;3;0
17;2025-12-20;4;0
17;2025-12-20;5;37
17;2025-12-20;6;341
17;2025-12-20;7;763
17;2025-12-20;8;1238
17;2025-12-20;9;1568
17;2025-12-20;10;1841
17;2025-12-20;11;2299
17;2025-12-20;12;2666
17;2025-12-20;13;2945
17;2025-12-20;14;2996
17;2025-12-20;15;3030
17;2025-12-20;16;3032
17;2025-12-20;17;2859
17;2025-12-20;18;2450
17;2025-12-20;19;1947
17;2025-12-20;20;1524
17;2025-12-20;21;1112
17;2025-12-20;22;617
17;2025-12-20;23;310
17;2025-12-21;0;84
17;2025-12-21;1;0
17;2025-12-21;2;0
17;2025-12-21;3;0
17;2025-12-21;4;0
17;2025-12-21;5;13
17;2025-12-21;6;260
17;2025-12-21;7;468
17;2025-12-21;8;853
17;2025-12-21;9;1173
17;2025-12-21;10;1443
17;2025-12-21;11;1920
17;2025-12-21;12;2358
17;2025-12-21;13;2593
17;2025-12-21;14;2714
17;2025-12-21;15;2701
17;2025-12-21;16;2635
17;2025-12-21;17;2506
17;2025-12-21;18;2153
17;2025-12-21;19;1657
17;2025-12-21;20;1223
17;2025-12-21;21;888
17;2025-12-21;22;499
17;2025-12-21;23;226
17;2025-12-22;0;28
17;2025-12-22;1;0
17;2025-12-22;2;0
17;2025-12-22;3;0
17;2025-12-22;4;0
17;2025-12-22;5;180
17;2025-12-22;6;1159
17;2025-12-22;7;3682
17;2025-12-22;8;5053
17;2025-12-22;9;3480
17;2025-12-22;10;2483
17;2025-12-22;11;2452
17;2025-12-22;12;2576
17;2025-12-22;13;2676
17;2025-12-22;14;2706
17;2025-12-22;15;2933
17;2025-12-22;16;3331
17;2025-12-22;17;4146
17;2025-12-22;18;4656
17;2025-12-22;19;3167
17;2025-12-22;20;1988
17;2025-12-22;21;1146
17;2025-12-22;22;555
17;2025-12-22;23;234
17;2025-12-23;0;32
17;2025-12-23;1;0
17;2025-12-23;2;0
17;2025-12-23;3;0
17;2025-12-23;4;0
17;2025-12-23;5;206
17;2025-12-23;6;1216
17;2025-12-23;7;3804
17;2025-12-23;8;5031
17;2025-12-23;9;3567
17;2025-12-23;10;2662
17;2025-12-23;11;2583
17;2025-12-23;12;2675
17;2025-12-23;13;2704
17;2025-12-23;14;2845
17;2025-12-23;15;2980
17;2025-12-23;16;3397
17;2025-12-23;17;4265
17;2025-12-23;18;4736
17;2025-12-23;19;3277
17;2025-12-23;20;2040
17;2025-12-23;21;1218
17;2025-12-23;22;565
17;2025-12-23;23;262
17;2025-12-24;0;34
17;2025-12-24;1;0
17;2025-12-24;2;0
17;2025-12-24;3;0
17;2025-12-24;4;0
17;2025-12-24;5;193
17;2025-12-24;6;1181
17;2025-12-24;7;3670
17;2025-12-24;8;4985
17;2025-12-24;9;3481
17;2025-12-24;10;2630
17;2025-12-24;11;2592
17;2025-12-24;12;2686
17;2025-12-24;13;2758
17;2025-12-24;14;2829
17;2025-12-24;15;3007
17;2025-12-24;16;3367
17;2025-12-24;17;4182
17;2025-12-24;18;4623
17;2025-12-24;19;3164
17;2025-12-24;20;2016
17;2025-12-24;21;1217
17;2025-12-24;22;566
17;2025-12-24;23;273
17;2025-12-25;0;51
17;2025-12-25;1;0
17;2025-12-25;2;0
17;2025-12-25;3;0
17;2025-12-25;4;0
17;2025-12-25;5;161
17;2025-12-25;6;1142
17;2025-12-25;7;3564
17;2025-12-25;8;4938
17;2025-12-25;9;3445
17;2025-12-25;10;2620
17;2025-12-25;11;2564
17;2025-12-25;12;2742
17;2025-12-25;13;2772
17;2025-12-25;14;2825
17;2025-12-25;15;2993
17;2025-12-25;16;3419
17;2025-12-25;17;4159
17;2025-12-25;18;4613
17;2025-12-25;19;3218
17;2025-12-25;20;1985
17;2025-12-25;21;1245
17;2025-12-25;22;598
17;2025-12-25;23;287
17;2025-12-26;0;60
17;2025-12-26;1;0
17;2025-12-26;2;0
17;2025-12-26;3;0
17;2025-12-26;4;0
17;2025-12-26;5;170
17;2025-12-26;6;1134
17;2025-12-26;7;3478
17;2025-12-26;8;4866
17;2025-12-26;9;3320
17;2025-12-26;10;2510
17;2025-12-26;11;2532
17;2025-12-26;12;2660
17;2025-12-26;13;2797
17;2025-12-26;14;2908
17;2025-12-26;15;3157
17;2025-12-26;16;3808
17;2025-12-26;17;4246
17;2025-12-26;18;4030
17;2025-12-26;19;2864
17;2025-12-26;20;1970
17;2025-12-26;21;1304
17;2025-12-26;22;630
17;2025-12-26;23;344
17;2025-12-27;0;96
17;2025-12-27;1;0
17;2025-12-27;2;0
17;2025-12-27;3;0
17;2025-12-27;4;0
17;2025-12-27;5;38
17;2025-12-27;6;340
17;2025-12-27;7;775
17;2025-12-27;8;1257
17;2025-12-27;9;1562
17;2025-12-27;10;1838
17;2025-12-27;11;2282
17;2025-12-27;12;2634
17;2025-12-27;13;2923
17;2025-12-27;14;2960
17;2025-12-27;15;3025
17;2025-12-27;16;3025
17;2025-12-27;17;2838
17;2025-12-27;18;2424
17;2025-12-27;19;1947
17;2025-12-27;20;1523
17;2025-12-27;21;1104
17;2025-12-27;22;606
17;2025-12-27;23;310
17;2025-12-28;0;80
17;2025-12-28;1;0
17;2025-12-28;2;0
17;2025-12-28;3;0
17;2025-12-28;4;0
17;2025-12-28;5;0
17;2025-12-28;6;240
17;2025-12-28;7;424
17;2025-12-28;8;824
17;2025-12-28;9;1174
17;2025-12-28;10;1478
17;2025-12-28;11;1924
17;2025-12-28;12;2391
17;2025-12-28;13;2629
17;2025-12-28;14;2745
17;2025-12-28;15;2752
17;2025-12-28;16;2678
17;2025-12-28;17;2550
17;2025-12-28;18;2195
17;2025-12-28;19;1689
17;2025-12-28;20;1234
17;2025-12-28;21;893
17;2025-12-28;22;507
17;2025-12-28;23;225
17;2025-12-29;0;28
17;2025-12-29;1;0
17;2025-12-29;2;0
17;2025-12-29;3;0
17;2025-12-29;4;0
17;2025-12-29;5;155
17;2025-12-29;6;1114
17;2025-12-29;7;3512
17;2025-12-29;8;4840
17;2025-12-29;9;3399
17;2025-12-29;10;2504
17;2025-12-29;11;2439
17;2025-12-29;12;2571
17;2025-12-29;13;2702
17;2025-12-29;14;2708
17;2025-12-29;15;2937
17;2025-12-29;16;3319
17;2025-12-29;17;4022
17;2025-12-29;18;4483
17;2025-12-29;19;3111
17;2025-12-29;20;1983
17;2025-12-29;21;1126
17;2025-12-29;22;546
17;2025-12-29;23;243
17;2025-12-30;0;39
17;2025-12-30;1;0
17;2025-12-30;2;0
17;2025-12-30;3;1
17;2025-12-30;4;0
17;2025-12-30;5;157
17;2025-12-30;6;1135
17;2025-12-30;7;3545
17;2025-12-30;8;4714
17;2025-12-30;9;3359
17;2025-12-30;10;2579
17;2025-12-30;11;2485
17;2025-12-30;12;2646
17;2025-12-30;13;2703
17;2025-12-30;14;2880
17;2025-12-30;15;3024
17;2025-12-30;16;3346
17;2025-12-30;17;4025
17;2025-12-30;18;4444
17;2025-12-30;19;3131
17;2025-12-30;20;1987
17;2025-12-30;21;1187
17;2025-12-30;22;540
17;2025-12-30;23;260
17;2025-12-31;0;42
17;2025-12-31;1;0
17;2025-12-31;2;0
17;2025-12-31;3;0
17;2025-12-31;4;0
17;2025-12-31;5;70
17;2025-12-31;6;294
17;2025-12-31;7;1496
17;2025-12-31;8;2799
17;2025-12-31;9;1547
17;2025-12-31;10;1383
17;2025-12-31;11;1672
17;2025-12-31;12;1862
17;2025-12-31;13;1899
17;2025-12-31;14;2002
17;2025-12-31;15;1968
17;2025-12-31;16;1798
17;2025-12-31;17;2408
17;2025-12-31;18;2795
17;2025-12-31;19;1752
17;2025-12-31;20;1324
17;2025-12-31;21;853
17;2025-12-31;22;498
17;2025-12-31;23;269
25;2025-11-01;0;1
25;2025-11-01;1;0
25;2025-11-01;2;0
25;2025-11-01;3;0
25;2025-11-01;4;0
25;2025-11-01;5;15
25;2025-11-01;6;96
25;2025-11-01;7;124
25;2025-11-01;8;269
25;2025-11-01;9;261
25;2025-11-01;10;267
25;2025-11-01;11;370
25;2025-11-01;12;378
25;2025-11-01;13;565
25;2025-11-01;14;583
25;2025-11-01;15;662
25;2025-11-01;16;588
25;2025-11-01;17;500
25;2025-11-01;18;457
25;2025-11-01;19;405
25;2025-11-01;20;244
25;2025-11-01;21;200
25;2025-11-01;22;109
25;2025-11-01;23;57
25;2025-11-02;0;16
25;2025-11-02;1;1
25;2025-11-02;2;0
25;2025-11-02;3;0
25;2025-11-02;4;0
25;2025-11-02;5;6
25;2025-11-02;6;50
25;2025-11-02;7;81
25;2025-11-02;8;147
25;2025-11-02;9;150
25;2025-11-02;10;170
25;2025-11-02;11;216
25;2025-11-02;12;285
25;2025-11-02;13;338
25;2025-11-02;14;393
25;2025-11-02;15;485
25;2025-11-02;16;397
25;2025-11-02;17;359
25;2025-11-02;18;327
25;2025-11-02;19;255
25;2025-11-02;20;187
25;2025-11-02;21;154
25;2025-11-02;22;106
25;2025-11-02;23;35
25;2025-11-03;0;10
25;2025-11-03;1;0
25;2025-11-03;2;0
25;2025-11-03;3;0
25;2025-11-03;4;0
25;2025-11-03;5;2
25;2025-11-03;6;90
25;2025-11-03;7;304
25;2025-11-03;8;359
25;2025-11-03;9;252
25;2025-11-03;10;200
25;2025-11-03;11;229
25;2025-11-03;12;250
25;2025-11-03;13;379
25;2025-11-03;14;295
25;2025-11-03;15;355
25;2025-11-03;16;413
25;2025-11-03;17;403
25;2025-11-03;18;399
25;2025-11-03;19;359
25;2025-11-03;20;233
25;2025-11-03;21;155
25;2025-11-03;22;93
25;2025-11-03;23;16
25;2025-11-04;0;2
25;2025-11-04;1;0
25;2025-11-04;2;0
25;2025-11-04;3;0
25;2025-11-04;4;0
25;2025-11-04;5;10
25;2025-11-04;6;95
25;2025-11-04;7;299
25;2025-11-04;8;350
25;2025-11-04;9;280
25;2025-11-04;10;220
25;2025-11-04;11;256
25;2025-11-04;12;229
25;2025-11-04;13;318
25;2025-11-04;14;346
25;2025-11-04;15;432
25;2025-11-04;16;434
25;2025-11-04;17;380
25;2025-11-04;18;371
25;2025-11-04;19;379
25;2025-11-04;20;241
25;2025-11-04;21;153
25;2025-11-04;22;93
25;2025-11-04;23;16
25;2025-11-05;0;1
25;2025-11-05;1;0
25;2025-11-05;2;0
25;2025-11-05;3;0
25;2025-11-05;4;0
25;2025-11-05;5;6
25;2025-11-05;6;156
25;2025-11-05;7;463
25;2025-11-05;8;785
25;2025-11-05;9;394
25;2025-11-05;10;300
25;2025-11-05;11;346
25;2025-11-05;12;347
25;2025-11-05;13;464
25;2025-11-05;14;379
25;2025-11-05;15;480
25;2025-11-05;16;565
25;2025-11-05;17;612
25;2025-11-05;18;656
25;2025-11-05;19;445
25;2025-11-05;20;282
25;2025-11-05;21;187
25;2025-11-05;22;111
25;2025-11-05;23;4
25;2025-11-06;0;0
25;2025-11-06;1;0
25;2025-11-06;2;0
25;2025-11-06;3;0
25;2025-11-06;4;0
25;2025-11-06;5;6
25;2025-11-06;6;160
25;2025-11-06;7;471
25;2025-11-06;8;781
25;2025-11-06;9;392
25;2025-11-06;10;306
25;2025-11-06;11;321
25;2025-11-06;12;343
25;2025-11-06;13;399
25;2025-11-06;14;384
25;2025-11-06;15;480
25;2025-11-06;16;567
25;2025-11-06;17;649
25;2025-11-06;18;691
25;2025-11-06;19;450
25;2025-11-06;20;265
25;2025-11-06;21;182
25;2025-11-06;22;113
25;2025-11-06;23;7
25;2025-11-07;0;1
25;2025-11-07;1;0
25;2025-11-07;2;0
25;2025-11-07;3;0
25;2025-11-07;4;0
25;2025-11-07;5;6
25;2025-11-07;6;160
25;2025-11-07;7;471
25;2025-11-07;8;748
25;2025-11-07;9;370
25;2025-11-07;10;301
25;2025-11-07;11;350
25;2025-11-07;12;350
25;2025-11-07;13;452
25;2025-11-07;14;421
25;2025-11-07;15;528
25;2025-11-07;16;658
25;2025-11-07;17;673
25;2025-11-07;18;577
25;2025-11-07;19;395
25;2025-11-07;20;255
25;2025-11-07;21;185
25;2025-11-07;22;120
25;2025-11-07;23;13
25;2025-11-08;0;1
25;2025-11-08;1;1
25;2025-11-08;2;0
25;2025-11-08;3;0
25;2025-11-08;4;0
25;2025-11-08;5;6
25;2025-11-08;6;63
25;2025-11-08;7;123
25;2025-11-08;8;241
25;2025-11-08;9;243
25;2025-11-08;10;238
25;2025-11-08;11;306
25;2025-11-08;12;325
25;2025-11-08;13;480
25;2025-11-08;14;501
25;2025-11-08;15;590
25;2025-11-08;16;521
25;2025-11-08;17;421
25;2025-11-08;18;407
25;2025-11-08;19;344
25;2025-11-08;20;224
25;2025-11-08;21;194
25;2025-11-08;22;129
25;2025-11-08;23;51
25;2025-11-09;0;18
25;2025-11-09;1;0
25;2025-11-09;2;0
25;2025-11-09;3;0
25;2025-11-09;4;0
25;2025-11-09;5;4
25;2025-11-09;6;55
25;2025-11-09;7;90
25;2025-11-09;8;153
25;2025-11-09;9;176
25;2025-11-09;10;193
25;2025-11-09;11;237
25;2025-11-09;12;289
25;2025-11-09;13;353
25;2025-11-09;14;397
25;2025-11-09;15;505
25;2025-11-09;16;408
25;2025-11-09;17;366
25;2025-11-09;18;331
25;2025-11-09;19;252
25;2025-11-09;20;184
25;2025-11-09;21;153
25;2025-11-09;22;106
25;2025-11-09;23;33
25;2025-11-10;0;9
25;2025-11-10;1;0
25;2025-11-10;2;0
25;2025-11-10;3;0
25;2025-11-10;4;0
25;2025-11-10;5;5
25;2025-11-10;6;155
25;2025-11-10;7;490
25;2025-11-10;8;806
25;2025-11-10;9;378
25;2025-11-10;10;274
25;2025-11-10;11;298
25;2025-11-10;12;317
25;2025-11-10;13;445
25;2025-11-10;14;334
25;2025-11-10;15;400
25;2025-11-10;16;611
25;2025-11-10;17;665
25;2025-11-10;18;715
25;2025-11-10;19;416
25;2025-11-10;20;251
25;2025-11-10;21;172
25;2025-11-10;22;93
25;2025-11-10;23;11
25;2025-11-11;0;0
25;2025-11-11;1;0
25;2025-11-11;2;0
25;2025-11-11;3;0
25;2025-11-11;4;0
25;2025-11-11;5;3
25;2025-11-11;6;152
25;2025-11-11;7;492
25;2025-11-11;8;816
25;2025-11-11;9;400
25;2025-11-11;10;302
25;2025-11-11;11;337
25;2025-11-11;12;309
25;2025-11-11;13;374
25;2025-11-11;14;346
25;2025-11-11;15;444
25;2025-11-11;16;580
25;2025-11-11;17;626
25;2025-11-11;18;701
25;2025-11-11;19;451
25;2025-11-11;20;263
25;2025-11-11;21;172
25;2025-11-11;22;107
25;2025-11-11;23;7
25;2025-11-12;0;0
25;2025-11-12;1;0
25;2025-11-12;2;0
25;2025-11-12;3;0
25;2025-11-12;4;0
25;2025-11-12;5;4
25;2025-11-12;6;155
25;2025-11-12;7;491
25;2025-11-12;8;829
25;2025-11-12;9;402
25;2025-11-12;10;301
25;2025-11-12;11;340
25;2025-11-12;12;340
25;2025-11-12;13;445
25;2025-11-12;14;358
25;2025-11-12;15;457
25;2025-11-12;16;596
25;2025-11-12;17;677
25;2025-11-12;18;715
25;2025-11-12;19;446
25;2025-11-12;20;281
25;2025-11-12;21;187
25;2025-11-12;22;110
25;2025-11-12;23;6
25;2025-11-13;0;1
25;2025-11-13;1;0
25;2025-11-13;2;0
25;2025-11-13;3;0
25;2025-11-13;4;0
25;2025-11-13;5;4
25;2025-11-13;6;156
25;2025-11-13;7;481
25;2025-11-13;8;814
25;2025-11-13;9;387
25;2025-11-13;10;303
25;2025-11-13;11;314
25;2025-11-13;12;333
25;2025-11-13;13;388
25;2025-11-13;14;375
25;2025-11-13;15;475
25;2025-11-13;16;575
25;2025-11-13;17;678
25;2025-11-13;18;718
25;2025-11-13;19;444
25;2025-11-13;20;259
25;2025-11-13;21;175
25;2025-11-13;22;119
25;2025-11-13;23;4
25;2025-11-14;0;1
25;2025-11-14;1;0
25;2025-11-14;2;0
25;2025-11-14;3;0
25;2025-11-14;4;0
25;2025-11-14;5;3
25;2025-11-14;6;153
25;2025-11-14;7;487
25;2025-11-14;8;780
25;2025-11-14;9;378
25;2025-11-14;10;297
25;2025-11-14;11;342
25;2025-11-14;12;347
25;2025-11-14;13;441
25;2025-11-14;14;405
25;2025-11-14;15;532
25;2025-11-14;16;669
25;2025-11-14;17;686
25;2025-11-14;18;587
25;2025-11-14;19;393
25;2025-11-14;20;253
25;2025-11-14;21;178
25;2025-11-14;22;122
25;2025-11-14;23;10
25;2025-11-15;0;0
25;2025-11-15;1;0
25;2025-11-15;2;0
25;2025-11-15;3;0
25;2025-11-15;4;0
25;2025-11-15;5;3
25;2025-11-15;6;54
25;2025-11-15;7;104
25;2025-11-15;8;223
25;2025-11-15;9;220
25;2025-11-15;10;217
25;2025-11-15;11;277
25;2025-11-15;12;294
25;2025-11-15;13;437
25;2025-11-15;14;476
25;2025-11-15;15;570
25;2025-11-15;16;500
25;2025-11-15;17;399
25;2025-11-15;18;375
25;2025-11-15;19;329
25;2025-11-15;20;217
25;2025-11-15;21;181
25;2025-11-15;22;124
25;2025-11-15;23;47
25;2025-11-16;0;14
25;2025-11-16;1;0
25;2025-11-16;2;0
25;2025-11-16;3;0
25;2025-11-16;4;0
25;2025-11-16;5;4
25;2025-11-16;6;46
25;2025-11-16;7;97
25;2025-11-16;8;154
25;2025-11-16;9;178
25;2025-11-16;10;201
25;2025-11-16;11;236
25;2025-11-16;12;299
25;2025-11-16;13;365
25;2025-11-16;14;400
25;2025-11-16;15;515
25;2025-11-16;16;399
25;2025-11-16;17;355
25;2025-11-16;18;322
25;2025-11-16;19;245
25;2025-11-16;20;180
25;2025-11-16;21;145
25;2025-11-16;22;101
25;2025-11-16;23;33
25;2025-11-17;0;7
25;2025-11-17;1;0
25;2025-11-17;2;0
25;2025-11-17;3;0
25;2025-11-17;4;0
25;2025-11-17;5;6
25;2025-11-17;6;153
25;2025-11-17;7;507
25;2025-11-17;8;825
25;2025-11-17;9;385
25;2025-11-17;10;282
25;2025-11-17;11;299
25;2025-11-17;12;311
25;2025-11-17;13;415
25;2025-11-17;14;323
25;2025-11-17;15;394
25;2025-11-17;16;594
25;2025-11-17;17;649
25;2025-11-17;18;706
25;2025-11-17;19;398
25;2025-11-17;20;241
25;2025-11-17;21;163
25;2025-11-17;22;89
25;2025-11-17;23;8
25;2025-11-18;0;0
25;2025-11-18;1;0
25;2025-11-18;2;0
25;2025-11-18;3;0
25;2025-11-18;4;0
25;2025-11-18;5;7
25;2025-11-18;6;152
25;2025-11-18;7;502
25;2025-11-18;8;834
25;2025-11-18;9;412
25;2025-11-18;10;303
25;2025-11-18;11;339
25;2025-11-18;12;309
25;2025-11-18;13;370
25;2025-11-18;14;348
25;2025-11-18;15;443
25;2025-11-18;16;567
25;2025-11-18;17;616
25;2025-11-18;18;707
25;2025-11-18;19;440
25;2025-11-18;20;260
25;2025-11-18;21;167
25;2025-11-18;22;104
25;2025-11-18;23;2
25;2025-11-19;0;1
25;2025-11-19;1;0
25;2025-11-19;2;0
25;2025-11-19;3;0
25;2025-11-19;4;0
25;2025-11-19;5;4
25;2025-11-19;6;153
25;2025-11-19;7;494
25;2025-11-19;8;839
25;2025-11-19;9;408
25;2025-11-19;10;296
25;2025-11-19;11;333
25;2025-11-19;12;341
25;2025-11-19;13;454
25;2025-11-19;14;364
25;2025-11-19;15;468
25;2025-11-19;16;602
25;2025-11-19;17;685
25;2025-11-19;18;714
25;2025-11-19;19;446
25;2025-11-19;20;282
25;2025-11-19;21;185
25;2025-11-19;22;112
25;2025-11-19;23;2
25;2025-11-20;0;0
25;2025-11-20;1;0
25;2025-11-20;2;0
25;2025-11-20;3;0
25;2025-11-20;4;0
25;2025-11-20;5;5
25;2025-11-20;6;152
25;2025-11-20;7;481
25;2025-11-20;8;826
25;2025-11-20;9;399
25;2025-11-20;10;309
25;2025-11-20;11;321
25;2025-11-20;12;338
25;2025-11-20;13;393
25;2025-11-20;14;375
25;2025-11-20;15;478
25;2025-11-20;16;576
25;2025-11-20;17;680
25;2025-11-20;18;719
25;2025-11-20;19;441
25;2025-11-20;20;256
25;2025-11-20;21;169
25;2025-11-20;22;111
25;2025-11-20;23;5
25;2025-11-21;0;1
25;2025-11-21;1;0
25;2025-11-21;2;0
25;2025-11-21;3;0
25;2025-11-21;4;0
25;2025-11-21;5;4
25;2025-11-21;6;155
25;2025-11-21;7;495
25;2025-11-21;8;783
25;2025-11-21;9;375
25;2025-11-21;10;294
25;2025-11-21;11;338
25;2025-11-21;12;343
25;2025-11-21;13;439
25;2025-11-21;14;408
25;2025-11-21;15;520
25;2025-11-21;16;650
25;2025-11-21;17;680
25;2025-11-21;18;573
25;2025-11-21;19;384
25;2025-11-21;20;250
25;2025-11-21;21;177
25;2025-11-21;22;116
25;2025-11-21;23;12
25;2025-11-22;0;0
25;2025-11-22;1;0
25;2025-11-22;2;0
25;2025-11-22;3;0
25;2025-11-22;4;0
25;2025-11-22;5;6
25;2025-11-22;6;60
25;2025-11-22;7;120
25;2025-11-22;8;227
25;2025-11-22;9;230
25;2025-11-22;10;226
25;2025-11-22;11;292
25;2025-11-22;12;305
25;2025-11-22;13;450
25;2025-11-22;14;477
25;2025-11-22;15;565
25;2025-11-22;16;489
25;2025-11-22;17;405
25;2025-11-22;18;383
25;2025-11-22;19;320
25;2025-11-22;20;212
25;2025-11-22;21;180
25;2025-11-22;22;121
25;2025-11-22;23;47
25;2025-11-23;0;15
25;2025-11-23;1;0
25;2025-11-23;2;0
25;2025-11-23;3;0
25;2025-11-23;4;0
25;2025-11-23;5;5
25;2025-11-23;6;50
25;2025-11-23;7;94
25;2025-11-23;8;158
25;2025-11-23;9;171
25;2025-11-23;10;197
25;2025-11-23;11;239
25;2025-11-23;12;315
25;2025-11-23;13;380
25;2025-11-23;14;420
25;2025-11-23;15;533
25;2025-11-23;16;422
25;2025-11-23;17;378
25;2025-11-23;18;336
25;2025-11-23;19;254
25;2025-11-23;20;190
25;2025-11-23;21;145
25;2025-11-23;22;99
25;2025-11-23;23;32
25;2025-11-24;0;8
25;2025-11-24;1;0
25;2025-11-24;2;0
25;2025-11-24;3;0
25;2025-11-24;4;0
25;2025-11-24;5;8
25;2025-11-24;6;157
25;2025-11-24;7;499
25;2025-11-24;8;807
25;2025-11-24;9;382
25;2025-11-24;10;281
25;2025-11-24;11;290
25;2025-11-24;12;313
25;2025-11-24;13;432
25;2025-11-24;14;327
25;2025-11-24;15;388
25;2025-11-24;16;594
25;2025-11-24;17;648
25;2025-11-24;18;693
25;2025-11-24;19;399
25;2025-11-24;20;241
25;2025-11-24;21;171
25;2025-11-24;22;88
25;2025-11-24;23;7
25;2025-11-25;0;1
25;2025-11-25;1;0
25;2025-11-25;2;0
25;2025-11-25;3;0
25;2025-11-25;4;0
25;2025-11-25;5;6
25;2025-11-25;6;150
25;2025-11-25;7;493
25;2025-11-25;8;821
25;2025-11-25;9;416
25;2025-11-25;10;304
25;2025-11-25;11;341
25;2025-11-25;12;313
25;2025-11-25;13;386
25;2025-11-25;14;362
25;2025-11-25;15;454
25;2025-11-25;16;592
25;2025-11-25;17;643
25;2025-11-25;18;699
25;2025-11-25;19;444
25;2025-11-25;20;257
25;2025-11-25;21;164
25;2025-11-25;22;101
25;2025-11-25;23;4
25;2025-11-26;0;1
25;2025-11-26;1;0
25;2025-11-26;2;0
25;2025-11-26;3;0
25;2025-11-26;4;0
25;2025-11-26;5;8
25;2025-11-26;6;159
25;2025-11-26;7;491
25;2025-11-26;8;831
25;2025-11-26;9;411
25;2025-11-26;10;306
25;2025-11-26;11;339
25;2025-11-26;12;350
25;2025-11-26;13;450
25;2025-11-26;14;371
25;2025-11-26;15;463
25;2025-11-26;16;605
25;2025-11-26;17;693
25;2025-11-26;18;711
25;2025-11-26;19;444
25;2025-11-26;20;289
25;2025-11-26;21;189
25;2025-11-26;22;109
25;2025-11-26;23;5
25;2025-11-27;0;0
25;2025-11-27;1;0
25;2025-11-27;2;0
25;2025-11-27;3;0
25;2025-11-27;4;0
25;2025-11-27;5;7
25;2025-11-27;6;157
25;2025-11-27;7;480
25;2025-11-27;8;813
25;2025-11-27;9;396
25;2025-11-27;10;309
25;2025-11-27;11;318
25;2025-11-27;12;337
25;2025-11-27;13;393
25;2025-11-27;14;381
25;2025-11-27;15;467
25;2025-11-27;16;573
25;2025-11-27;17;684
25;2025-11-27;18;713
25;2025-11-27;19;441
25;2025-11-27;20;263
25;2025-11-27;21;177
25;2025-11-27;22;112
25;2025-11-27;23;6
25;2025-11-28;0;1
25;2025-11-28;1;1
25;2025-11-28;2;0
25;2025-11-28;3;0
25;2025-11-28;4;0
25;2025-11-28;5;8
25;2025-11-28;6;157
25;2025-11-28;7;477
25;2025-11-28;8;766
25;2025-11-28;9;374
25;2025-11-28;10;300
25;2025-11-28;11;346
25;2025-11-28;12;344
25;2025-11-28;13;449
25;2025-11-28;14;416
25;2025-11-28;15;513
25;2025-11-28;16;671
25;2025-11-28;17;694
25;2025-11-28;18;569
25;2025-11-28;19;386
25;2025-11-28;20;249
25;2025-11-28;21;178
25;2025-11-28;22;116
25;2025-11-28;23;12
25;2025-11-29;0;1
25;2025-11-29;1;0
25;2025-11-29;2;0
25;2025-11-29;3;0
25;2025-11-29;4;0
25;2025-11-29;5;4
25;2025-11-29;6;54
25;2025-11-29;7;96
25;2025-11-29;8;192
25;2025-11-29;9;200
25;2025-11-29;10;197
25;2025-11-29;11;264
25;2025-11-29;12;286
25;2025-11-29;13;415
25;2025-11-29;14;436
25;2025-11-29;15;517
25;2025-11-29;16;441
25;2025-11-29;17;370
25;2025-11-29;18;351
25;2025-11-29;19;296
25;2025-11-29;20;188
25;2025-11-29;21;160
25;2025-11-29;22;104
25;2025-11-29;23;46
25;2025-11-30;0;14
25;2025-11-30;1;0
25;2025-11-30;2;0
25;2025-11-30;3;0
25;2025-11-30;4;0
25;2025-11-30;5;6
25;2025-11-30;6;48
25;2025-11-30;7;73
25;2025-11-30;8;131
25;2025-11-30;9;152
25;2025-11-30;10;169
25;2025-11-30;11;205
25;2025-11-30;12;270
25;2025-11-30;13;328
25;2025-11-30;14;375
25;2025-11-30;15;440
25;2025-11-30;16;368
25;2025-11-30;17;333
25;2025-11-30;18;299
25;2025-11-30;19;226
25;2025-11-30;20;167
25;2025-11-30;21;134
25;2025-11-30;22;89
25;2025-11-30;23;35
25;2025-12-01;0;7
25;2025-12-01;1;0
25;2025-12-01;2;0
25;2025-12-01;3;0
25;2025-12-01;4;0
25;2025-12-01;5;6
25;2025-12-01;6;138
25;2025-12-01;7;431
25;2025-12-01;8;669
25;2025-12-01;9;342
25;2025-12-01;10;240
25;2025-12-01;11;262
25;2025-12-01;12;289
25;2025-12-01;13;406
25;2025-12-01;14;304
25;2025-12-01;15;357
25;2025-12-01;16;513
25;2025-12-01;17;558
25;2025-12-01;18;577
25;2025-12-01;19;370
25;2025-12-01;20;217
25;2025-12-01;21;146
25;2025-12-01;22;74
25;2025-12-01;23;10
25;2025-12-02;0;0
25;2025-12-02;1;0
25;2025-12-02;2;0
25;2025-12-02;3;0
25;2025-12-02;4;0
25;2025-12-02;5;6
25;2025-12-02;6;140
25;2025-12-02;7;425
25;2025-12-02;8;680
25;2025-12-02;9;365
25;2025-12-02;10;273
25;2025-12-02;11;309
25;2025-12-02;12;282
25;2025-12-02;13;349
25;2025-12-02;14;331
25;2025-12-02;15;401
25;2025-12-02;16;489
25;2025-12-02;17;526
25;2025-12-02;18;571
25;2025-12-02;19;399
25;2025-12-02;20;233
25;2025-12-02;21;148
25;2025-12-02;22;82
25;2025-12-02;23;6
25;2025-12-03;0;1
25;2025-12-03;1;1
25;2025-12-03;2;0
25;2025-12-03;3;0
25;2025-12-03;4;0
25;2025-12-03;5;7
25;2025-12-03;6;139
25;2025-12-03;7;428
25;2025-12-03;8;692
25;2025-12-03;9;371
25;2025-12-03;10;271
25;2025-12-03;11;309
25;2025-12-03;12;323
25;2025-12-03;13;413
25;2025-12-03;14;340
25;2025-12-03;15;422
25;2025-12-03;16;510
25;2025-12-03;17;583
25;2025-12-03;18;586
25;2025-12-03;19;401
25;2025-12-03;20;256
25;2025-12-03;21;165
25;2025-12-03;22;91
25;2025-12-03;23;5
25;2025-12-04;0;1
25;2025-12-04;1;0
25;2025-12-04;2;0
25;2025-12-04;3;0
25;2025-12-04;4;0
25;2025-12-04;5;6
25;2025-12-04;6;141
25;2025-12-04;7;422
25;2025-12-04;8;674
25;2025-12-04;9;354
25;2025-12-04;10;276
25;2025-12-04;11;285
25;2025-12-04;12;305
25;2025-12-04;13;366
25;2025-12-04;14;351
25;2025-12-04;15;414
25;2025-12-04;16;485
25;2025-12-04;17;581
25;2025-12-04;18;593
25;2025-12-04;19;393
25;2025-12-04;20;232
25;2025-12-04;21;160
25;2025-12-04;22;97
25;2025-12-04;23;8
25;2025-12-05;0;2
25;2025-12-05;1;0
25;2025-12-05;2;0
25;2025-12-05;3;0
25;2025-12-05;4;0
25;2025-12-05;5;7
25;2025-12-05;6;139
25;2025-12-05;7;420
25;2025-12-05;8;635
25;2025-12-05;9;336
25;2025-12-05;10;263
25;2025-12-05;11;309
25;2025-12-05;12;316
25;2025-12-05;13;397
25;2025-12-05;14;379
25;2025-12-05;15;448
25;2025-12-05;16;566
25;2025-12-05;17;587
25;2025-12-05;18;493
25;2025-12-05;19;362
25;2025-12-05;20;226
25;2025-12-05;21;163
25;2025-12-05;22;102
25;2025-12-05;23;16
25;2025-12-06;0;1
25;2025-12-06;1;0
25;2025-12-06;2;0
25;2025-12-06;3;0
25;2025-12-06;4;0
25;2025-12-06;5;8
25;2025-12-06;6;58
25;2025-12-06;7;91
25;2025-12-06;8;192
25;2025-12-06;9;194
25;2025-12-06;10;194
25;2025-12-06;11;256
25;2025-12-06;12;281
25;2025-12-06;13;404
25;2025-12-06;14;435
25;2025-12-06;15;481
25;2025-12-06;16;425
25;2025-12-06;17;369
25;2025-12-06;18;347
25;2025-12-06;19;297
25;2025-12-06;20;191
25;2025-12-06;21;161
25;2025-12-06;22;107
25;2025-12-06;23;55
25;2025-12-07;0;13
25;2025-12-07;1;0
25;2025-12-07;2;0
25;2025-12-07;3;0
25;2025-12-07;4;0
25;2025-12-07;5;8
25;2025-12-07;6;46
25;2025-12-07;7;62
25;2025-12-07;8;120
25;2025-12-07;9;136
25;2025-12-07;10;149
25;2025-12-07;11;190
25;2025-12-07;12;261
25;2025-12-07;13;324
25;2025-12-07;14;372
25;2025-12-07;15;441
25;2025-12-07;16;375
25;2025-12-07;17;340
25;2025-12-07;18;307
25;2025-12-07;19;231
25;2025-12-07;20;172
25;2025-12-07;21;139
25;2025-12-07;22;91
25;2025-12-07;23;45
25;2025-12-08;0;8
25;2025-12-08;1;0
25;2025-12-08;2;0
25;2025-12-08;3;0
25;2025-12-08;4;0
25;2025-12-08;5;12
25;2025-12-08;6;132
25;2025-12-08;7;409
25;2025-12-08;8;643
25;2025-12-08;9;331
25;2025-12-08;10;225
25;2025-12-08;11;254
25;2025-12-08;12;284
25;2025-12-08;13;400
25;2025-12-08;14;308
25;2025-12-08;15;368
25;2025-12-08;16;525
25;2025-12-08;17;555
25;2025-12-08;18;562
25;2025-12-08;19;378
25;2025-12-08;20;218
25;2025-12-08;21;148
25;2025-12-08;22;76
25;2025-12-08;23;18
25;2025-12-09;0;0
25;2025-12-09;1;0
25;2025-12-09;2;0
25;2025-12-09;3;0
25;2025-12-09;4;0
25;2025-12-09;5;8
25;2025-12-09;6;123
25;2025-12-09;7;384
25;2025-12-09;8;613
25;2025-12-09;9;342
25;2025-12-09;10;253
25;2025-12-09;11;296
25;2025-12-09;12;268
25;2025-12-09;13;339
25;2025-12-09;14;321
25;2025-12-09;15;404
25;2025-12-09;16;479
25;2025-12-09;17;493
25;2025-12-09;18;531
25;2025-12-09;19;400
25;2025-12-09;20;228
25;2025-12-09;21;141
25;2025-12-09;22;83
25;2025-12-09;23;18
25;2025-12-10;0;2
25;2025-12-10;1;0
25;2025-12-10;2;0
25;2025-12-10;3;0
25;2025-12-10;4;0
25;2025-12-10;5;3
25;2025-12-10;6;85
25;2025-12-10;7;346
25;2025-12-10;8;531
25;2025-12-10;9;293
25;2025-12-10;10;198
25;2025-12-10;11;244
25;2025-12-10;12;247
25;2025-12-10;13;332
25;2025-12-10;14;278
25;2025-12-10;15;347
25;2025-12-10;16;426
25;2025-12-10;17;461
25;2025-12-10;18;456
25;2025-12-10;19;330
25;2025-12-10;20;193
25;2025-12-10;21;109
25;2025-12-10;22;33
25;2025-12-10;23;0
25;2025-12-11;0;0
25;2025-12-11;1;0
25;2025-12-11;2;0
25;2025-12-11;3;0
25;2025-12-11;4;0
25;2025-12-11;5;0
25;2025-12-11;6;97
25;2025-12-11;7;353
25;2025-12-11;8;546
25;2025-12-11;9;300
25;2025-12-11;10;227
25;2025-12-11;11;239
25;2025-12-11;12;255
25;2025-12-11;13;324
25;2025-12-11;14;308
25;2025-12-11;15;372
25;2025-12-11;16;434
25;2025-12-11;17;469
25;2025-12-11;18;485
25;2025-12-11;19;341
25;2025-12-11;20;187
25;2025-12-11;21;113
25;2025-12-11;22;44
25;2025-12-11;23;7
25;2025-12-12;0;0
25;2025-12-12;1;0
25;2025-12-12;2;0
25;2025-12-12;3;0
25;2025-12-12;4;0
25;2025-12-12;5;5
25;2025-12-12;6;85
25;2025-12-12;7;344
25;2025-12-12;8;507
25;2025-12-12;9;258
25;2025-12-12;10;204
25;2025-12-12;11;244
25;2025-12-12;12;254
25;2025-12-12;13;340
25;2025-12-12;14;322
25;2025-12-12;15;387
25;2025-12-12;16;481
25;2025-12-12;17;477
25;2025-12-12;18;436
25;2025-12-12;19;313
25;2025-12-12;20;181
25;2025-12-12;21;113
25;2025-12-12;22;63
25;2025-12-12;23;10
25;2025-12-13;0;2
25;2025-12-13;1;0
25;2025-12-13;2;0
25;2025-12-13;3;0
25;2025-12-13;4;0
25;2025-12-13;5;0
25;2025-12-13;6;20
25;2025-12-13;7;46
25;2025-12-13;8;155
25;2025-12-13;9;151
25;2025-12-13;10;154
25;2025-12-13;11;226
25;2025-12-13;12;244
25;2025-12-13;13;372
25;2025-12-13;14;385
25;2025-12-13;15;429
25;2025-12-13;16;391
25;2025-12-13;17;339
25;2025-12-13;18;318
25;2025-12-13;19;276
25;2025-12-13;20;163
25;2025-12-13;21;125
25;2025-12-13;22;57
25;2025-12-13;23;29
25;2025-12-14;0;0
25;2025-12-14;1;0
25;2025-12-14;2;0
25;2025-12-14;3;0
25;2025-12-14;4;0
25;2025-12-14;5;4
25;2025-12-14;6;5
25;2025-12-14;7;8
25;2025-12-14;8;70
25;2025-12-14;9;79
25;2025-12-14;10;103
25;2025-12-14;11;138
25;2025-12-14;12;215
25;2025-12-14;13;285
25;2025-12-14;14;332
25;2025-12-14;15;387
25;2025-12-14;16;329
25;2025-12-14;17;290
25;2025-12-14;18;258
25;2025-12-14;19;186
25;2025-12-14;20;117
25;2025-12-14;21;79
25;2025-12-14;22;31
25;2025-12-14;23;2
25;2025-12-15;0;0
25;2025-12-15;1;0
25;2025-12-15;2;0
25;2025-12-15;3;0
25;2025-12-15;4;0
25;2025-12-15;5;4
25;2025-12-15;6;88
25;2025-12-15;7;343
25;2025-12-15;8;537
25;2025-12-15;9;271
25;2025-12-15;10;174
25;2025-12-15;11;217
25;2025-12-15;12;236
25;2025-12-15;13;356
25;2025-12-15;14;263
25;2025-12-15;15;323
25;2025-12-15;16;457
25;2025-12-15;17;466
25;2025-12-15;18;474
25;2025-12-15;19;327
25;2025-12-15;20;167
25;2025-12-15;21;92
25;2025-12-15;22;15
25;2025-12-15;23;2
25;2025-12-16;0;0
25;2025-12-16;1;0
25;2025-12-16;2;0
25;2025-12-16;3;0
25;2025-12-16;4;0
25;2025-12-16;5;0
25;2025-12-16;6;86
25;2025-12-16;7;322
25;2025-12-16;8;538
25;2025-12-16;9;289
25;2025-12-16;10;215
25;2025-12-16;11;264
25;2025-12-16;12;226
25;2025-12-16;13;300
25;2025-12-16;14;281
25;2025-12-16;15;353
25;2025-12-16;16;435
25;2025-12-16;17;446
25;2025-12-16;18;486
25;2025-12-16;19;370
25;2025-12-16;20;199
25;2025-12-16;21;97
25;2025-12-16;22;30
25;2025-12-16;23;3
25;2025-12-17;0;0
25;2025-12-17;1;0
25;2025-12-17;2;0
25;2025-12-17;3;0
25;2025-12-17;4;0
25;2025-12-17;5;5
25;2025-12-17;6;84
25;2025-12-17;7;343
25;2025-12-17;8;533
25;2025-12-17;9;293
25;2025-12-17;10;200
25;2025-12-17;11;246
25;2025-12-17;12;259
25;2025-12-17;13;353
25;2025-12-17;14;288
25;2025-12-17;15;368
25;2025-12-17;16;442
25;2025-12-17;17;472
25;2025-12-17;18;464
25;2025-12-17;19;345
25;2025-12-17;20;205
25;2025-12-17;21;115
25;2025-12-17;22;40
25;2025-12-17;23;1
25;2025-12-18;0;0
25;2025-12-18;1;0
25;2025-12-18;2;0
25;2025-12-18;3;0
25;2025-12-18;4;0
25;2025-12-18;5;0
25;2025-12-18;6;84
25;2025-12-18;7;338
25;2025-12-18;8;522
25;2025-12-18;9;280
25;2025-12-18;10;215
25;2025-12-18;11;231
25;2025-12-18;12;252
25;2025-12-18;13;307
25;2025-12-18;14;296
25;2025-12-18;15;358
25;2025-12-18;16;419
25;2025-12-18;17;466
25;2025-12-18;18;487
25;2025-12-18;19;338
25;2025-12-18;20;183
25;2025-12-18;21;102
25;2025-12-18;22;43
25;2025-12-18;23;0
25;2025-12-19;0;0
25;2025-12-19;1;0
25;2025-12-19;2;0
25;2025-12-19;3;0
25;2025-12-19;4;0
25;2025-12-19;5;0
25;2025-12-19;6;85
25;2025-12-19;7;329
25;2025-12-19;8;501
25;2025-12-19;9;260
25;2025-12-19;10;193
25;2025-12-19;11;248
25;2025-12-19;12;253
25;2025-12-19;13;340
25;2025-12-19;14;321
25;2025-12-19;15;372
25;2025-12-19;16;474
25;2025-12-19;17;466
25;2025-12-19;18;415
25;2025-12-19;19;306
25;2025-12-19;20;174
25;2025-12-19;21;103
25;2025-12-19;22;44
25;2025-12-19;23;2
25;2025-12-20;0;0
25;2025-12-20;1;0
25;2025-12-20;2;0
25;2025-12-20;3;0
25;2025-12-20;4;0
25;2025-12-20;5;1
25;2025-12-20;6;18
25;2025-12-20;7;31
25;2025-12-20;8;136
25;2025-12-20;9;129
25;2025-12-20;10;130
25;2025-12-20;11;206
25;2025-12-20;12;221
25;2025-12-20;13;348
25;2025-12-20;14;368
25;2025-12-20;15;404
25;2025-12-20;16;362
25;2025-12-20;17;321
25;2025-12-20;18;299
25;2025-12-20;19;254
25;2025-12-20;20;146
25;2025-12-20;21;113
25;2025-12-20;22;46
25;2025-12-20;23;18
25;2025-12-21;0;0
25;2025-12-21;1;0
25;2025-12-21;2;0
25;2025-12-21;3;0
25;2025-12-21;4;0
25;2025-12-21;5;1
25;2025-12-21;6;10
25;2025-12-21;7;12
25;2025-12-21;8;76
25;2025-12-21;9;76
25;2025-12-21;10;90
25;2025-12-21;11;136
25;2025-12-21;12;197
25;2025-12-21;13;271
25;2025-12-21;14;307
25;2025-12-21;15;363
25;2025-12-21;16;321
25;2025-12-21;17;283
25;2025-12-21;18;255
25;2025-12-21;19;186
25;2025-12-21;20;115
25;2025-12-21;21;78
25;2025-12-21;22;31
25;2025-12-21;23;10
25;2025-12-22;0;0
25;2025-12-22;1;0
25;2025-12-22;2;0
25;2025-12-22;3;0
25;2025-12-22;4;0
25;2025-12-22;5;5
25;2025-12-22;6;88
25;2025-12-22;7;336
25;2025-12-22;8;535
25;2025-12-22;9;273
25;2025-12-22;10;185
25;2025-12-22;11;216
25;2025-12-22;12;246
25;2025-12-22;13;364
25;2025-12-22;14;264
25;2025-12-22;15;333
25;2025-12-22;16;463
25;2025-12-22;17;478
25;2025-12-22;18;493
25;2025-12-22;19;332
25;2025-12-22;20;196
25;2025-12-22;21;113
25;2025-12-22;22;29
25;2025-12-22;23;14
25;2025-12-23;0;2
25;2025-12-23;1;0
25;2025-12-23;2;0
25;2025-12-23;3;0
25;2025-12-23;4;0
25;2025-12-23;5;0
25;2025-12-23;6;94
25;2025-12-23;7;352
25;2025-12-23;8;560
25;2025-12-23;9;310
25;2025-12-23;10;221
25;2025-12-23;11;273
25;2025-12-23;12;244
25;2025-12-23;13;318
25;2025-12-23;14;298
25;2025-12-23;15;373
25;2025-12-23;16;442
25;2025-12-23;17;442
25;2025-12-23;18;482
25;2025-12-23;19;350
25;2025-12-23;20;188
25;2025-12-23;21;89
25;2025-12-23;22;22
25;2025-12-23;23;0
25;2025-12-24;0;0
25;2025-12-24;1;0
25;2025-12-24;2;0
25;2025-12-24;3;0
25;2025-12-24;4;0
25;2025-12-24;5;0
25;2025-12-24;6;77
25;2025-12-24;7;327
25;2025-12-24;8;518
25;2025-12-24;9;279
25;2025-12-24;10;187
25;2025-12-24;11;255
25;2025-12-24;12;269
25;2025-12-24;13;364
25;2025-12-24;14;292
25;2025-12-24;15;382
25;2025-12-24;16;452
25;2025-12-24;17;470
25;2025-12-24;18;454
25;2025-12-24;19;349
25;2025-12-24;20;203
25;2025-12-24;21;103
25;2025-12-24;22;30
25;2025-12-24;23;0
25;2025-12-25;0;0
25;2025-12-25;1;0
25;2025-12-25;2;0
25;2025-12-25;3;0
25;2025-12-25;4;0
25;2025-12-25;5;0
25;2025-12-25;6;70
25;2025-12-25;7;312
25;2025-12-25;8;505
25;2025-12-25;9;269
25;2025-12-25;10;198
25;2025-12-25;11;217
25;2025-12-25;12;243
25;2025-12-25;13;306
25;2025-12-25;14;303
25;2025-12-25;15;372
25;2025-12-25;16;431
25;2025-12-25;17;478
25;2025-12-25;18;486
25;2025-12-25;19;341
25;2025-12-25;20;188
25;2025-12-25;21;116
25;2025-12-25;22;50
25;2025-12-25;23;11
25;2025-12-26;0;1
25;2025-12-26;1;0
25;2025-12-26;2;0
25;2025-12-26;3;0
25;2025-12-26;4;0
25;2025-12-26;5;9
25;2025-12-26;6;79
25;2025-12-26;7;330
25;2025-12-26;8;498
25;2025-12-26;9;274
25;2025-12-26;10;203
25;2025-12-26;11;253
25;2025-12-26;12;264
25;2025-12-26;13;347
25;2025-12-26;14;328
25;2025-12-26;15;395
25;2025-12-26;16;488
25;2025-12-26;17;481
25;2025-12-26;18;424
25;2025-12-26;19;312
25;2025-12-26;20;178
25;2025-12-26;21;117
25;2025-12-26;22;58
25;2025-12-26;23;15
25;2025-12-27;0;2
25;2025-12-27;1;0
25;2025-12-27;2;0
25;2025-12-27;3;0
25;2025-12-27;4;0
25;2025-12-27;5;8
25;2025-12-27;6;16
25;2025-12-27;7;32
25;2025-12-27;8;132
25;2025-12-27;9;121
25;2025-12-27;10;118
25;2025-12-27;11;192
25;2025-12-27;12;218
25;2025-12-27;13;344
25;2025-12-27;14;368
25;2025-12-27;15;415
25;2025-12-27;16;359
25;2025-12-27;17;308
25;2025-12-27;18;284
25;2025-12-27;19;242
25;2025-12-27;20;127
25;2025-12-27;21;105
25;2025-12-27;22;52
25;2025-12-27;23;19
25;2025-12-28;0;0
25;2025-12-28;1;0
25;2025-12-28;2;0
25;2025-12-28;3;0
25;2025-12-28;4;0
25;2025-12-28;5;0
25;2025-12-28;6;0
25;2025-12-28;7;0
25;2025-12-28;8;64
25;2025-12-28;9;66
25;2025-12-28;10;90
25;2025-12-28;11;135
25;2025-12-28;12;204
25;2025-12-28;13;269
25;2025-12-28;14;315
25;2025-12-28;15;372
25;2025-12-28;16;316
25;2025-12-28;17;271
25;2025-12-28;18;244
25;2025-12-28;19;164
25;2025-12-28;20;107
25;2025-12-28;21;81
25;2025-12-28;22;30
25;2025-12-28;23;3
25;2025-12-29;0;0
25;2025-12-29;1;0
25;2025-12-29;2;0
25;2025-12-29;3;0
25;2025-12-29;4;0
25;2025-12-29;5;0
25;2025-12-29;6;74
25;2025-12-29;7;303
25;2025-12-29;8;488
25;2025-12-29;9;257
25;2025-12-29;10;171
25;2025-12-29;11;204
25;2025-12-29;12;236
25;2025-12-29;13;345
25;2025-12-29;14;259
25;2025-12-29;15;326
25;2025-12-29;16;450
25;2025-12-29;17;451
25;2025-12-29;18;429
25;2025-12-29;19;312
25;2025-12-29;20;163
25;2025-12-29;21;99
25;2025-12-29;22;18
25;2025-12-29;23;4
25;2025-12-30;0;0
25;2025-12-30;1;0
25;2025-12-30;2;0
25;2025-12-30;3;0
25;2025-12-30;4;0
25;2025-12-30;5;0
25;2025-12-30;6;69
25;2025-12-30;7;278
25;2025-12-30;8;480
25;2025-12-30;9;266
25;2025-12-30;10;183
25;2025-12-30;11;235
25;2025-12-30;12;216
25;2025-12-30;13;282
25;2025-12-30;14;278
25;2025-12-30;15;346
25;2025-12-30;16;415
25;2025-12-30;17;407
25;2025-12-30;18;402
25;2025-12-30;19;326
25;2025-12-30;20;171
25;2025-12-30;21;90
25;2025-12-30;22;23
25;2025-12-30;23;0
25;2025-12-31;0;1
25;2025-12-31;1;0
25;2025-12-31;2;0
25;2025-12-31;3;0
25;2025-12-31;4;0
25;2025-12-31;5;0
25;2025-12-31;6;0
25;2025-12-31;7;127
25;2025-12-31;8;38
25;2025-12-31;9;140
25;2025-12-31;10;88
25;2025-12-31;11;134
25;2025-12-31;12;161
25;2025-12-31;13;250
25;2025-12-31;14;232
25;2025-12-31;15;286
25;2025-12-31;16;218
25;2025-12-31;17;176
25;2025-12-31;18;114
25;2025-12-31;19;244
25;2025-12-31;20;136
25;2025-12-31;21;66
25;2025-12-31;22;21
25;2025-12-31;23;6
26;2025-11-01;0;43
26;2025-11-01;1;1
26;2025-11-01;2;0
26;2025-11-01;3;0
26;2025-11-01;4;3
26;2025-11-01;5;46
26;2025-11-01;6;221
26;2025-11-01;7;321
26;2025-11-01;8;549
26;2025-11-01;9;638
26;2025-11-01;10;748
26;2025-11-01;11;926
26;2025-11-01;12;978
26;2025-11-01;13;1003
26;2025-11-01;14;1093
26;2025-11-01;15;990
26;2025-11-01;16;959
26;2025-11-01;17;909
26;2025-11-01;18;805
26;2025-11-01;19;735
26;2025-11-01;20;529
26;2025-11-01;21;356
26;2025-11-01;22;177
26;2025-11-01;23;155
26;2025-11-02;0;45
26;2025-11-02;1;3
26;2025-11-02;2;0
26;2025-11-02;3;1
26;2025-11-02;4;0
26;2025-11-02;5;31
26;2025-11-02;6;150
26;2025-11-02;7;216
26;2025-11-02;8;326
26;2025-11-02;9;430
26;2025-11-02;10;500
26;2025-11-02;11;629
26;2025-11-02;12;715
26;2025-11-02;13;747
26;2025-11-02;14;783
26;2025-11-02;15;730
26;2025-11-02;16;721
26;2025-11-02;17;688
26;2025-11-02;18;625
26;2025-11-02;19;486
26;2025-11-02;20;372
26;2025-11-02;21;250
26;2025-11-02;22;170
26;2025-11-02;23;95
26;2025-11-03;0;25
26;2025-11-03;1;1
26;2025-11-03;2;0
26;2025-11-03;3;1
26;2025-11-03;4;2
26;2025-11-03;5;50
26;2025-11-03;6;322
26;2025-11-03;7;452
26;2025-11-03;8;582
26;2025-11-03;9;517
26;2025-11-03;10;607
26;2025-11-03;11;644
26;2025-11-03;12;679
26;2025-11-03;13;682
26;2025-11-03;14;702
26;2025-11-03;15;702
26;2025-11-03;16;706
26;2025-11-03;17;697
26;2025-11-03;18;705
26;2025-11-03;19;678
26;2025-11-03;20;425
26;2025-11-03;21;352
26;2025-11-03;22;186
26;2025-11-03;23;93
26;2025-11-04;0;25
26;2025-11-04;1;1
26;2025-11-04;2;0
26;2025-11-04;3;2
26;2025-11-04;4;2
26;2025-11-04;5;46
26;2025-11-04;6;333
26;2025-11-04;7;429
26;2025-11-04;8;570
26;2025-11-04;9;492
26;2025-11-04;10;571
26;2025-11-04;11;590
26;2025-11-04;12;617
26;2025-11-04;13;655
26;2025-11-04;14;730
26;2025-11-04;15;730
26;2025-11-04;16;675
26;2025-11-04;17;665
26;2025-11-04;18;676
26;2025-11-04;19;627
26;2025-11-04;20;454
26;2025-11-04;21;351
26;2025-11-04;22;189
26;2025-11-04;23;104
26;2025-11-05;0;32
26;2025-11-05;1;0
26;2025-11-05;2;0
26;2025-11-05;3;2
26;2025-11-05;4;5
26;2025-11-05;5;85
26;2025-11-05;6;460
26;2025-11-05;7;982
26;2025-11-05;8;2063
26;2025-11-05;9;1342
26;2025-11-05;10;1077
26;2025-11-05;11;960
26;2025-11-05;12;1036
26;2025-11-05;13;1089
26;2025-11-05;14;1148
26;2025-11-05;15;1206
26;2025-11-05;16;1386
26;2025-11-05;17;1568
26;2025-11-05;18;1716
26;2025-11-05;19;1155
26;2025-11-05;20;706
26;2025-11-05;21;439
26;2025-11-05;22;212
26;2025-11-05;23;103
26;2025-11-06;0;28
26;2025-11-06;1;0
26;2025-11-06;2;0
26;2025-11-06;3;0
26;2025-11-06;4;1
26;2025-11-06;5;85
26;2025-11-06;6;477
26;2025-11-06;7;996
26;2025-11-06;8;2055
26;2025-11-06;9;1352
26;2025-11-06;10;1083
26;2025-11-06;11;1016
26;2025-11-06;12;1036
26;2025-11-06;13;1108
26;2025-11-06;14;1133
26;2025-11-06;15;1230
26;2025-11-06;16;1405
26;2025-11-06;17;1626
26;2025-11-06;18;1800
26;2025-11-06;19;1157
26;2025-11-06;20;702
26;2025-11-06;21;432
26;2025-11-06;22;214
26;2025-11-06;23;108
26;2025-11-07;0;30
26;2025-11-07;1;2
26;2025-11-07;2;0
26;2025-11-07;3;0
26;2025-11-07;4;2
26;2025-11-07;5;82
26;2025-11-07;6;478
26;2025-11-07;7;968
26;2025-11-07;8;1905
26;2025-11-07;9;1300
26;2025-11-07;10;1082
26;2025-11-07;11;959
26;2025-11-07;12;1021
26;2025-11-07;13;1111
26;2025-11-07;14;1130
26;2025-11-07;15;1291
26;2025-11-07;16;1562
26;2025-11-07;17;1643
26;2025-11-07;18;1297
26;2025-11-07;19;999
26;2025-11-07;20;663
26;2025-11-07;21;411
26;2025-11-07;22;209
26;2025-11-07;23;136
26;2025-11-08;0;41
26;2025-11-08;1;2
26;2025-11-08;2;0
26;2025-11-08;3;0
26;2025-11-08;4;4
26;2025-11-08;5;45
26;2025-11-08;6;238
26;2025-11-08;7;334
26;2025-11-08;8;529
26;2025-11-08;9;619
26;2025-11-08;10;720
26;2025-11-08;11;869
26;2025-11-08;12;923
26;2025-11-08;13;956
26;2025-11-08;14;986
26;2025-11-08;15;918
26;2025-11-08;16;907
26;2025-11-08;17;851
26;2025-11-08;18;801
26;2025-11-08;19;737
26;2025-11-08;20;511
26;2025-11-08;21;343
26;2025-11-08;22;203
26;2025-11-08;23;136
26;2025-11-09;0;47
26;2025-11-09;1;7
26;2025-11-09;2;0
26;2025-11-09;3;0
26;2025-11-09;4;0
26;2025-11-09;5;31
26;2025-11-09;6;161
26;2025-11-09;7;234
26;2025-11-09;8;345
26;2025-11-09;9;478
26;2025-11-09;10;545
26;2025-11-09;11;722
26;2025-11-09;12;785
26;2025-11-09;13;798
26;2025-11-09;14;787
26;2025-11-09;15;736
26;2025-11-09;16;736
26;2025-11-09;17;730
26;2025-11-09;18;655
26;2025-11-09;19;492
26;2025-11-09;20;373
26;2025-11-09;21;254
26;2025-11-09;22;173
26;2025-11-09;23;96
26;2025-11-10;0;27
26;2025-11-10;1;1
26;2025-11-10;2;0
26;2025-11-10;3;0
26;2025-11-10;4;2
26;2025-11-10;5;85
26;2025-11-10;6;493
26;2025-11-10;7;1013
26;2025-11-10;8;2038
26;2025-11-10;9;1344
26;2025-11-10;10;1092
26;2025-11-10;11;944
26;2025-11-10;12;987
26;2025-11-10;13;1073
26;2025-11-10;14;1093
26;2025-11-10;15;1176
26;2025-11-10;16;1378
26;2025-11-10;17;1617
26;2025-11-10;18;1820
26;2025-11-10;19;1194
26;2025-11-10;20;740
26;2025-11-10;21;403
26;2025-11-10;22;199
26;2025-11-10;23;96
26;2025-11-11;0;25
26;2025-11-11;1;1
26;2025-11-11;2;0
26;2025-11-11;3;0
26;2025-11-11;4;3
26;2025-11-11;5;81
26;2025-11-11;6;505
26;2025-11-11;7;1037
26;2025-11-11;8;2094
26;2025-11-11;9;1374
26;2025-11-11;10;1086
26;2025-11-11;11;1029
26;2025-11-11;12;1059
26;2025-11-11;13;1067
26;2025-11-11;14;1106
26;2025-11-11;15;1201
26;2025-11-11;16;1398
26;2025-11-11;17;1641
26;2025-11-11;18;1834
26;2025-11-11;19;1222
26;2025-11-11;20;760
26;2025-11-11;21;424
26;2025-11-11;22;206
26;2025-11-11;23;107
26;2025-11-12;0;30
26;2025-11-12;1;0
26;2025-11-12;2;0
26;2025-11-12;3;2
26;2025-11-12;4;5
26;2025-11-12;5;84
26;2025-11-12;6;481
26;2025-11-12;7;1026
26;2025-11-12;8;2110
26;2025-11-12;9;1382
26;2025-11-12;10;1104
26;2025-11-12;11;983
26;2025-11-12;12;1058
26;2025-11-12;13;1081
26;2025-11-12;14;1146
26;2025-11-12;15;1208
26;2025-11-12;16;1387
26;2025-11-12;17;1573
26;2025-11-12;18;1714
26;2025-11-12;19;1166
26;2025-11-12;20;737
26;2025-11-12;21;453
26;2025-11-12;22;211
26;2025-11-12;23;112
26;2025-11-13;0;29
26;2025-11-13;1;0
26;2025-11-13;2;0
26;2025-11-13;3;0
26;2025-11-13;4;2
26;2025-11-13;5;82
26;2025-11-13;6;481
26;2025-11-13;7;1015
26;2025-11-13;8;2111
26;2025-11-13;9;1366
26;2025-11-13;10;1094
26;2025-11-13;11;1034
26;2025-11-13;12;1036
26;2025-11-13;13;1115
26;2025-11-13;14;1141
26;2025-11-13;15;1251
26;2025-11-13;16;1425
26;2025-11-13;17;1641
26;2025-11-13;18;1814
26;2025-11-13;19;1177
26;2025-11-13;20;741
26;2025-11-13;21;435
26;2025-11-13;22;212
26;2025-11-13;23;111
26;2025-11-14;0;26
26;2025-11-14;1;0
26;2025-11-14;2;0
26;2025-11-14;3;0
26;2025-11-14;4;1
26;2025-11-14;5;82
26;2025-11-14;6;497
26;2025-11-14;7;991
26;2025-11-14;8;1898
26;2025-11-14;9;1325
26;2025-11-14;10;1095
26;2025-11-14;11;983
26;2025-11-14;12;1043
26;2025-11-14;13;1110
26;2025-11-14;14;1132
26;2025-11-14;15;1292
26;2025-11-14;16;1552
26;2025-11-14;17;1626
26;2025-11-14;18;1315
26;2025-11-14;19;1013
26;2025-11-14;20;688
26;2025-11-14;21;404
26;2025-11-14;22;205
26;2025-11-14;23;135
26;2025-11-15;0;32
26;2025-11-15;1;3
26;2025-11-15;2;0
26;2025-11-15;3;0
26;2025-11-15;4;3
26;2025-11-15;5;41
26;2025-11-15;6;232
26;2025-11-15;7;321
26;2025-11-15;8;506
26;2025-11-15;9;603
26;2025-11-15;10;674
26;2025-11-15;11;858
26;2025-11-15;12;906
26;2025-11-15;13;930
26;2025-11-15;14;980
26;2025-11-15;15;920
26;2025-11-15;16;908
26;2025-11-15;17;855
26;2025-11-15;18;798
26;2025-11-15;19;753
26;2025-11-15;20;526
26;2025-11-15;21;344
26;2025-11-15;22;206
26;2025-11-15;23;139
26;2025-11-16;0;43
26;2025-11-16;1;3
26;2025-11-16;2;0
26;2025-11-16;3;0
26;2025-11-16;4;1
26;2025-11-16;5;27
26;2025-11-16;6;155
26;2025-11-16;7;235
26;2025-11-16;8;342
26;2025-11-16;9;490
26;2025-11-16;10;565
26;2025-11-16;11;774
26;2025-11-16;12;832
26;2025-11-16;13;854
26;2025-11-16;14;815
26;2025-11-16;15;758
26;2025-11-16;16;745
26;2025-11-16;17;733
26;2025-11-16;18;662
26;2025-11-16;19;502
26;2025-11-16;20;377
26;2025-11-16;21;253
26;2025-11-16;22;171
26;2025-11-16;23;95
26;2025-11-17;0;23
26;2025-11-17;1;1
26;2025-11-17;2;0
26;2025-11-17;3;0
26;2025-11-17;4;1
26;2025-11-17;5;85
26;2025-11-17;6;493
26;2025-11-17;7;1039
26;2025-11-17;8;2080
26;2025-11-17;9;1364
26;2025-11-17;10;1098
26;2025-11-17;11;963
26;2025-11-17;12;997
26;2025-11-17;13;1038
26;2025-11-17;14;1080
26;2025-11-17;15;1174
26;2025-11-17;16;1372
26;2025-11-17;17;1606
26;2025-11-17;18;1818
26;2025-11-17;19;1192
26;2025-11-17;20;741
26;2025-11-17;21;393
26;2025-11-17;22;196
26;2025-11-17;23;95
26;2025-11-18;0;24
26;2025-11-18;1;1
26;2025-11-18;2;0
26;2025-11-18;3;0
26;2025-11-18;4;4
26;2025-11-18;5;85
26;2025-11-18;6;509
26;2025-11-18;7;1066
26;2025-11-18;8;2122
26;2025-11-18;9;1415
26;2025-11-18;10;1067
26;2025-11-18;11;1038
26;2025-11-18;12;1071
26;2025-11-18;13;1067
26;2025-11-18;14;1097
26;2025-11-18;15;1200
26;2025-11-18;16;1385
26;2025-11-18;17;1620
26;2025-11-18;18;1820
26;2025-11-18;19;1226
26;2025-11-18;20;764
26;2025-11-18;21;421
26;2025-11-18;22;203
26;2025-11-18;23;99
26;2025-11-19;0;22
26;2025-11-19;1;1
26;2025-11-19;2;0
26;2025-11-19;3;1
26;2025-11-19;4;4
26;2025-11-19;5;83
26;2025-11-19;6;488
26;2025-11-19;7;1041
26;2025-11-19;8;2102
26;2025-11-19;9;1394
26;2025-11-19;10;1108
26;2025-11-19;11;993
26;2025-11-19;12;1066
26;2025-11-19;13;1109
26;2025-11-19;14;1167
26;2025-11-19;15;1231
26;2025-11-19;16;1399
26;2025-11-19;17;1575
26;2025-11-19;18;1731
26;2025-11-19;19;1175
26;2025-11-19;20;747
26;2025-11-19;21;460
26;2025-11-19;22;214
26;2025-11-19;23;110
26;2025-11-20;0;29
26;2025-11-20;1;0
26;2025-11-20;2;0
26;2025-11-20;3;0
26;2025-11-20;4;0
26;2025-11-20;5;85
26;2025-11-20;6;496
26;2025-11-20;7;1024
26;2025-11-20;8;2071
26;2025-11-20;9;1387
26;2025-11-20;10;1110
26;2025-11-20;11;1054
26;2025-11-20;12;1051
26;2025-11-20;13;1133
26;2025-11-20;14;1141
26;2025-11-20;15;1251
26;2025-11-20;16;1418
26;2025-11-20;17;1628
26;2025-11-20;18;1809
26;2025-11-20;19;1177
26;2025-11-20;20;742
26;2025-11-20;21;435
26;2025-11-20;22;211
26;2025-11-20;23;111
26;2025-11-21;0;26
26;2025-11-21;1;0
26;2025-11-21;2;0
26;2025-11-21;3;0
26;2025-11-21;4;1
26;2025-11-21;5;82
26;2025-11-21;6;488
26;2025-11-21;7;1009
26;2025-11-21;8;1894
26;2025-11-21;9;1333
26;2025-11-21;10;1106
26;2025-11-21;11;993
26;2025-11-21;12;1041
26;2025-11-21;13;1123
26;2025-11-21;14;1138
26;2025-11-21;15;1295
26;2025-11-21;16;1540
26;2025-11-21;17;1628
26;2025-11-21;18;1320
26;2025-11-21;19;1011
26;2025-11-21;20;687
26;2025-11-21;21;411
26;2025-11-21;22;209
26;2025-11-21;23;138
26;2025-11-22;0;41
26;2025-11-22;1;2
26;2025-11-22;2;0
26;2025-11-22;3;0
26;2025-11-22;4;4
26;2025-11-22;5;43
26;2025-11-22;6;239
26;2025-11-22;7;333
26;2025-11-22;8;518
26;2025-11-22;9;628
26;2025-11-22;10;716
26;2025-11-22;11;895
26;2025-11-22;12;925
26;2025-11-22;13;960
26;2025-11-22;14;994
26;2025-11-22;15;912
26;2025-11-22;16;899
26;2025-11-22;17;855
26;2025-11-22;18;797
26;2025-11-22;19;728
26;2025-11-22;20;520
26;2025-11-22;21;344
26;2025-11-22;22;203
26;2025-11-22;23;138
26;2025-11-23;0;46
26;2025-11-23;1;5
26;2025-11-23;2;0
26;2025-11-23;3;1
26;2025-11-23;4;1
26;2025-11-23;5;31
26;2025-11-23;6;161
26;2025-11-23;7;231
26;2025-11-23;8;346
26;2025-11-23;9;481
26;2025-11-23;10;554
26;2025-11-23;11;756
26;2025-11-23;12;835
26;2025-11-23;13;870
26;2025-11-23;14;843
26;2025-11-23;15;798
26;2025-11-23;16;789
26;2025-11-23;17;770
26;2025-11-23;18;682
26;2025-11-23;19;512
26;2025-11-23;20;386
26;2025-11-23;21;256
26;2025-11-23;22;173
26;2025-11-23;23;96
26;2025-11-24;0;27
26;2025-11-24;1;3
26;2025-11-24;2;0
26;2025-11-24;3;0
26;2025-11-24;4;1
26;2025-11-24;5;89
26;2025-11-24;6;495
26;2025-11-24;7;1044
26;2025-11-24;8;2037
26;2025-11-24;9;1381
26;2025-11-24;10;1091
26;2025-11-24;11;925
26;2025-11-24;12;993
26;2025-11-24;13;1077
26;2025-11-24;14;1090
26;2025-11-24;15;1163
26;2025-11-24;16;1366
26;2025-11-24;17;1600
26;2025-11-24;18;1804
26;2025-11-24;19;1202
26;2025-11-24;20;742
26;2025-11-24;21;411
26;2025-11-24;22;198
26;2025-11-24;23;94
26;2025-11-25;0;25
26;2025-11-25;1;0
26;2025-11-25;2;0
26;2025-11-25;3;0
26;2025-11-25;4;1
26;2025-11-25;5;86
26;2025-11-25;6;510
26;2025-11-25;7;1052
26;2025-11-25;8;2059
26;2025-11-25;9;1422
26;2025-11-25;10;1115
26;2025-11-25;11;1059
26;2025-11-25;12;1091
26;2025-11-25;13;1090
26;2025-11-25;14;1112
26;2025-11-25;15;1208
26;2025-11-25;16;1392
26;2025-11-25;17;1632
26;2025-11-25;18;1826
26;2025-11-25;19;1229
26;2025-11-25;20;747
26;2025-11-25;21;413
26;2025-11-25;22;206
26;2025-11-25;23;106
26;2025-11-26;0;33
26;2025-11-26;1;2
26;2025-11-26;2;0
26;2025-11-26;3;0
26;2025-11-26;4;5
26;2025-11-26;5;86
26;2025-11-26;6;484
26;2025-11-26;7;1040
26;2025-11-26;8;2067
26;2025-11-26;9;1411
26;2025-11-26;10;1130
26;2025-11-26;11;1003
26;2025-11-26;12;1085
26;2025-11-26;13;1115
26;2025-11-26;14;1161
26;2025-11-26;15;1223
26;2025-11-26;16;1384
26;2025-11-26;17;1559
26;2025-11-26;18;1719
26;2025-11-26;19;1188
26;2025-11-26;20;756
26;2025-11-26;21;464
26;2025-11-26;22;212
26;2025-11-26;23;117
26;2025-11-27;0;33
26;2025-11-27;1;1
26;2025-11-27;2;0
26;2025-11-27;3;0
26;2025-11-27;4;1
26;2025-11-27;5;86
26;2025-11-27;6;495
26;2025-11-27;7;1021
26;2025-11-27;8;2025
26;2025-11-27;9;1401
26;2025-11-27;10;1122
26;2025-11-27;11;1050
26;2025-11-27;12;1059
26;2025-11-27;13;1138
26;2025-11-27;14;1151
26;2025-11-27;15;1240
26;2025-11-27;16;1408
26;2025-11-27;17;1622
26;2025-11-27;18;1810
26;2025-11-27;19;1192
26;2025-11-27;20;749
26;2025-11-27;21;446
26;2025-11-27;22;216
26;2025-11-27;23;116
26;2025-11-28;0;32
26;2025-11-28;1;3
26;2025-11-28;2;0
26;2025-11-28;3;0
26;2025-11-28;4;2
26;2025-11-28;5;87
26;2025-11-28;6;487
26;2025-11-28;7;993
26;2025-11-28;8;1849
26;2025-11-28;9;1342
26;2025-11-28;10;1136
26;2025-11-28;11;1015
26;2025-11-28;12;1069
26;2025-11-28;13;1149
26;2025-11-28;14;1148
26;2025-11-28;15;1295
26;2025-11-28;16;1525
26;2025-11-28;17;1624
26;2025-11-28;18;1348
26;2025-11-28;19;1037
26;2025-11-28;20;701
26;2025-11-28;21;419
26;2025-11-28;22;208
26;2025-11-28;23;140
26;2025-11-29;0;39
26;2025-11-29;1;1
26;2025-11-29;2;0
26;2025-11-29;3;0
26;2025-11-29;4;2
26;2025-11-29;5;42
26;2025-11-29;6;205
26;2025-11-29;7;294
26;2025-11-29;8;472
26;2025-11-29;9;619
26;2025-11-29;10;689
26;2025-11-29;11;851
26;2025-11-29;12;906
26;2025-11-29;13;932
26;2025-11-29;14;961
26;2025-11-29;15;882
26;2025-11-29;16;870
26;2025-11-29;17;813
26;2025-11-29;18;751
26;2025-11-29;19;695
26;2025-11-29;20;475
26;2025-11-29;21;310
26;2025-11-29;22;179
26;2025-11-29;23;123
26;2025-11-30;0;45
26;2025-11-30;1;4
26;2025-11-30;2;0
26;2025-11-30;3;0
26;2025-11-30;4;1
26;2025-11-30;5;31
26;2025-11-30;6;141
26;2025-11-30;7;201
26;2025-11-30;8;314
26;2025-11-30;9;443
26;2025-11-30;10;499
26;2025-11-30;11;690
26;2025-11-30;12;766
26;2025-11-30;13;790
26;2025-11-30;14;761
26;2025-11-30;15;706
26;2025-11-30;16;703
26;2025-11-30;17;691
26;2025-11-30;18;617
26;2025-11-30;19;459
26;2025-11-30;20;359
26;2025-11-30;21;237
26;2025-11-30;22;159
26;2025-11-30;23;91
26;2025-12-01;0;26
26;2025-12-01;1;2
26;2025-12-01;2;0
26;2025-12-01;3;1
26;2025-12-01;4;1
26;2025-12-01;5;68
26;2025-12-01;6;424
26;2025-12-01;7;895
26;2025-12-01;8;1795
26;2025-12-01;9;1287
26;2025-12-01;10;1013
26;2025-12-01;11;871
26;2025-12-01;12;931
26;2025-12-01;13;1031
26;2025-12-01;14;1047
26;2025-12-01;15;1117
26;2025-12-01;16;1306
26;2025-12-01;17;1476
26;2025-12-01;18;1656
26;2025-12-01;19;1128
26;2025-12-01;20;647
26;2025-12-01;21;353
26;2025-12-01;22;174
26;2025-12-01;23;86
26;2025-12-02;0;25
26;2025-12-02;1;0
26;2025-12-02;2;0
26;2025-12-02;3;0
26;2025-12-02;4;2
26;2025-12-02;5;67
26;2025-12-02;6;431
26;2025-12-02;7;931
26;2025-12-02;8;1812
26;2025-12-02;9;1325
26;2025-12-02;10;1013
26;2025-12-02;11;956
26;2025-12-02;12;1011
26;2025-12-02;13;1018
26;2025-12-02;14;1051
26;2025-12-02;15;1126
26;2025-12-02;16;1318
26;2025-12-02;17;1512
26;2025-12-02;18;1665
26;2025-12-02;19;1162
26;2025-12-02;20;651
26;2025-12-02;21;377
26;2025-12-02;22;180
26;2025-12-02;23;94
26;2025-12-03;0;32
26;2025-12-03;1;2
26;2025-12-03;2;0
26;2025-12-03;3;0
26;2025-12-03;4;3
26;2025-12-03;5;65
26;2025-12-03;6;417
26;2025-12-03;7;901
26;2025-12-03;8;1811
26;2025-12-03;9;1326
26;2025-12-03;10;1033
26;2025-12-03;11;918
26;2025-12-03;12;1025
26;2025-12-03;13;1063
26;2025-12-03;14;1115
26;2025-12-03;15;1164
26;2025-12-03;16;1333
26;2025-12-03;17;1461
26;2025-12-03;18;1617
26;2025-12-03;19;1100
26;2025-12-03;20;639
26;2025-12-03;21;408
26;2025-12-03;22;182
26;2025-12-03;23;102
26;2025-12-04;0;30
26;2025-12-04;1;2
26;2025-12-04;2;0
26;2025-12-04;3;0
26;2025-12-04;4;2
26;2025-12-04;5;66
26;2025-12-04;6;421
26;2025-12-04;7;889
26;2025-12-04;8;1810
26;2025-12-04;9;1312
26;2025-12-04;10;1018
26;2025-12-04;11;961
26;2025-12-04;12;991
26;2025-12-04;13;1079
26;2025-12-04;14;1086
26;2025-12-04;15;1171
26;2025-12-04;16;1341
26;2025-12-04;17;1513
26;2025-12-04;18;1684
26;2025-12-04;19;1106
26;2025-12-04;20;650
26;2025-12-04;21;402
26;2025-12-04;22;189
26;2025-12-04;23;104
26;2025-12-05;0;30
26;2025-12-05;1;2
26;2025-12-05;2;0
26;2025-12-05;3;0
26;2025-12-05;4;4
26;2025-12-05;5;66
26;2025-12-05;6;421
26;2025-12-05;7;868
26;2025-12-05;8;1721
26;2025-12-05;9;1262
26;2025-12-05;10;1021
26;2025-12-05;11;909
26;2025-12-05;12;992
26;2025-12-05;13;1071
26;2025-12-05;14;1086
26;2025-12-05;15;1219
26;2025-12-05;16;1430
26;2025-12-05;17;1524
26;2025-12-05;18;1279
26;2025-12-05;19;949
26;2025-12-05;20;601
26;2025-12-05;21;383
26;2025-12-05;22;184
26;2025-12-05;23;127
26;2025-12-06;0;38
26;2025-12-06;1;3
26;2025-12-06;2;0
26;2025-12-06;3;0
26;2025-12-06;4;5
26;2025-12-06;5;42
26;2025-12-06;6;196
26;2025-12-06;7;280
26;2025-12-06;8;439
26;2025-12-06;9;551
26;2025-12-06;10;626
26;2025-12-06;11;798
26;2025-12-06;12;854
26;2025-12-06;13;880
26;2025-12-06;14;912
26;2025-12-06;15;831
26;2025-12-06;16;811
26;2025-12-06;17;760
26;2025-12-06;18;703
26;2025-12-06;19;650
26;2025-12-06;20;438
26;2025-12-06;21;305
26;2025-12-06;22;176
26;2025-12-06;23;124
26;2025-12-07;0;42
26;2025-12-07;1;6
26;2025-12-07;2;0
26;2025-12-07;3;1
26;2025-12-07;4;3
26;2025-12-07;5;30
26;2025-12-07;6;127
26;2025-12-07;7;181
26;2025-12-07;8;294
26;2025-12-07;9;399
26;2025-12-07;10;457
26;2025-12-07;11;641
26;2025-12-07;12;717
26;2025-12-07;13;734
26;2025-12-07;14;723
26;2025-12-07;15;673
26;2025-12-07;16;665
26;2025-12-07;17;651
26;2025-12-07;18;575
26;2025-12-07;19;438
26;2025-12-07;20;348
26;2025-12-07;21;232
26;2025-12-07;22;157
26;2025-12-07;23;94
26;2025-12-08;0;26
26;2025-12-08;1;3
26;2025-12-08;2;0
26;2025-12-08;3;0
26;2025-12-08;4;4
26;2025-12-08;5;66
26;2025-12-08;6;393
26;2025-12-08;7;837
26;2025-12-08;8;1794
26;2025-12-08;9;1250
26;2025-12-08;10;976
26;2025-12-08;11;836
26;2025-12-08;12;902
26;2025-12-08;13;990
26;2025-12-08;14;1014
26;2025-12-08;15;1090
26;2025-12-08;16;1290
26;2025-12-08;17;1467
26;2025-12-08;18;1659
26;2025-12-08;19;1102
26;2025-12-08;20;615
26;2025-12-08;21;359
26;2025-12-08;22;172
26;2025-12-08;23;89
26;2025-12-09;0;27
26;2025-12-09;1;1
26;2025-12-09;2;0
26;2025-12-09;3;0
26;2025-12-09;4;5
26;2025-12-09;5;58
26;2025-12-09;6;386
26;2025-12-09;7;849
26;2025-12-09;8;1790
26;2025-12-09;9;1262
26;2025-12-09;10;937
26;2025-12-09;11;897
26;2025-12-09;12;955
26;2025-12-09;13;954
26;2025-12-09;14;994
26;2025-12-09;15;1072
26;2025-12-09;16;1288
26;2025-12-09;17;1481
26;2025-12-09;18;1651
26;2025-12-09;19;1117
26;2025-12-09;20;608
26;2025-12-09;21;365
26;2025-12-09;22;179
26;2025-12-09;23;94
26;2025-12-10;0;0
26;2025-12-10;1;0
26;2025-12-10;2;0
26;2025-12-10;3;0
26;2025-12-10;4;0
26;2025-12-10;5;6
26;2025-12-10;6;307
26;2025-12-10;7;717
26;2025-12-10;8;1686
26;2025-12-10;9;1129
26;2025-12-10;10;834
26;2025-12-10;11;715
26;2025-12-10;12;830
26;2025-12-10;13;865
26;2025-12-10;14;928
26;2025-12-10;15;970
26;2025-12-10;16;1146
26;2025-12-10;17;1277
26;2025-12-10;18;1464
26;2025-12-10;19;930
26;2025-12-10;20;498
26;2025-12-10;21;313
26;2025-12-10;22;118
26;2025-12-10;23;46
26;2025-12-11;0;0
26;2025-12-11;1;0
26;2025-12-11;2;0
26;2025-12-11;3;0
26;2025-12-11;4;0
26;2025-12-11;5;18
26;2025-12-11;6;325
26;2025-12-11;7;730
26;2025-12-11;8;1696
26;2025-12-11;9;1148
26;2025-12-11;10;857
26;2025-12-11;11;798
26;2025-12-11;12;832
26;2025-12-11;13;914
26;2025-12-11;14;934
26;2025-12-11;15;999
26;2025-12-11;16;1176
26;2025-12-11;17;1349
26;2025-12-11;18;1541
26;2025-12-11;19;952
26;2025-12-11;20;524
26;2025-12-11;21;325
26;2025-12-11;22;136
26;2025-12-11;23;60
26;2025-12-12;0;0
26;2025-12-12;1;0
26;2025-12-12;2;0
26;2025-12-12;3;0
26;2025-12-12;4;0
26;2025-12-12;5;16
26;2025-12-12;6;312
26;2025-12-12;7;695
26;2025-12-12;8;1566
26;2025-12-12;9;1046
26;2025-12-12;10;814
26;2025-12-12;11;704
26;2025-12-12;12;783
26;2025-12-12;13;870
26;2025-12-12;14;894
26;2025-12-12;15;1041
26;2025-12-12;16;1267
26;2025-12-12;17;1355
26;2025-12-12;18;1109
26;2025-12-12;19;797
26;2025-12-12;20;488
26;2025-12-12;21;308
26;2025-12-12;22;143
26;2025-12-12;23;82
26;2025-12-13;0;0
26;2025-12-13;1;0
26;2025-12-13;2;0
26;2025-12-13;3;0
26;2025-12-13;4;0
26;2025-12-13;5;0
26;2025-12-13;6;144
26;2025-12-13;7;241
26;2025-12-13;8;381
26;2025-12-13;9;446
26;2025-12-13;10;514
26;2025-12-13;11;666
26;2025-12-13;12;713
26;2025-12-13;13;739
26;2025-12-13;14;762
26;2025-12-13;15;696
26;2025-12-13;16;695
26;2025-12-13;17;635
26;2025-12-13;18;588
26;2025-12-13;19;549
26;2025-12-13;20;388
26;2025-12-13;21;265
26;2025-12-13;22;120
26;2025-12-13;23;79
26;2025-12-14;0;3
26;2025-12-14;1;0
26;2025-12-14;2;0
26;2025-12-14;3;0
26;2025-12-14;4;0
26;2025-12-14;5;0
26;2025-12-14;6;63
26;2025-12-14;7;120
26;2025-12-14;8;234
26;2025-12-14;9;311
26;2025-12-14;10;373
26;2025-12-14;11;509
26;2025-12-14;12;585
26;2025-12-14;13;608
26;2025-12-14;14;602
26;2025-12-14;15;559
26;2025-12-14;16;551
26;2025-12-14;17;533
26;2025-12-14;18;476
26;2025-12-14;19;362
26;2025-12-14;20;291
26;2025-12-14;21;167
26;2025-12-14;22;93
26;2025-12-14;23;36
26;2025-12-15;0;0
26;2025-12-15;1;0
26;2025-12-15;2;0
26;2025-12-15;3;0
26;2025-12-15;4;0
26;2025-12-15;5;2
26;2025-12-15;6;307
26;2025-12-15;7;689
26;2025-12-15;8;1676
26;2025-12-15;9;1083
26;2025-12-15;10;823
26;2025-12-15;11;680
26;2025-12-15;12;744
26;2025-12-15;13;847
26;2025-12-15;14;868
26;2025-12-15;15;947
26;2025-12-15;16;1147
26;2025-12-15;17;1337
26;2025-12-15;18;1545
26;2025-12-15;19;957
26;2025-12-15;20;509
26;2025-12-15;21;293
26;2025-12-15;22;106
26;2025-12-15;23;25
26;2025-12-16;0;0
26;2025-12-16;1;0
26;2025-12-16;2;0
26;2025-12-16;3;0
26;2025-12-16;4;0
26;2025-12-16;5;0
26;2025-12-16;6;315
26;2025-12-16;7;732
26;2025-12-16;8;1706
26;2025-12-16;9;1130
26;2025-12-16;10;824
26;2025-12-16;11;780
26;2025-12-16;12;822
26;2025-12-16;13;835
26;2025-12-16;14;876
26;2025-12-16;15;973
26;2025-12-16;16;1193
26;2025-12-16;17;1390
26;2025-12-16;18;1564
26;2025-12-16;19;1029
26;2025-12-16;20;549
26;2025-12-16;21;306
26;2025-12-16;22;120
26;2025-12-16;23;42
26;2025-12-17;0;0
26;2025-12-17;1;0
26;2025-12-17;2;0
26;2025-12-17;3;1
26;2025-12-17;4;0
26;2025-12-17;5;9
26;2025-12-17;6;307
26;2025-12-17;7;704
26;2025-12-17;8;1678
26;2025-12-17;9;1126
26;2025-12-17;10;826
26;2025-12-17;11;718
26;2025-12-17;12;824
26;2025-12-17;13;864
26;2025-12-17;14;929
26;2025-12-17;15;975
26;2025-12-17;16;1146
26;2025-12-17;17;1278
26;2025-12-17;18;1456
26;2025-12-17;19;921
26;2025-12-17;20;506
26;2025-12-17;21;317
26;2025-12-17;22;124
26;2025-12-17;23;50
26;2025-12-18;0;0
26;2025-12-18;1;0
26;2025-12-18;2;0
26;2025-12-18;3;0
26;2025-12-18;4;0
26;2025-12-18;5;11
26;2025-12-18;6;307
26;2025-12-18;7;694
26;2025-12-18;8;1675
26;2025-12-18;9;1090
26;2025-12-18;10;822
26;2025-12-18;11;774
26;2025-12-18;12;803
26;2025-12-18;13;882
26;2025-12-18;14;902
26;2025-12-18;15;996
26;2025-12-18;16;1180
26;2025-12-18;17;1336
26;2025-12-18;18;1513
26;2025-12-18;19;927
26;2025-12-18;20;524
26;2025-12-18;21;307
26;2025-12-18;22;126
26;2025-12-18;23;51
26;2025-12-19;0;0
26;2025-12-19;1;0
26;2025-12-19;2;0
26;2025-12-19;3;0
26;2025-12-19;4;0
26;2025-12-19;5;11
26;2025-12-19;6;311
26;2025-12-19;7;673
26;2025-12-19;8;1555
26;2025-12-19;9;1042
26;2025-12-19;10;815
26;2025-12-19;11;704
26;2025-12-19;12;791
26;2025-12-19;13;878
26;2025-12-19;14;891
26;2025-12-19;15;1030
26;2025-12-19;16;1254
26;2025-12-19;17;1333
26;2025-12-19;18;1069
26;2025-12-19;19;757
26;2025-12-19;20;467
26;2025-12-19;21;289
26;2025-12-19;22;119
26;2025-12-19;23;68
26;2025-12-20;0;0
26;2025-12-20;1;0
26;2025-12-20;2;0
26;2025-12-20;3;0
26;2025-12-20;4;0
26;2025-12-20;5;0
26;2025-12-20;6;122
26;2025-12-20;7;212
26;2025-12-20;8;341
26;2025-12-20;9;422
26;2025-12-20;10;482
26;2025-12-20;11;624
26;2025-12-20;12;678
26;2025-12-20;13;703
26;2025-12-20;14;738
26;2025-12-20;15;671
26;2025-12-20;16;663
26;2025-12-20;17;601
26;2025-12-20;18;550
26;2025-12-20;19;511
26;2025-12-20;20;368
26;2025-12-20;21;251
26;2025-12-20;22;110
26;2025-12-20;23;64
26;2025-12-21;0;1
26;2025-12-21;1;0
26;2025-12-21;2;0
26;2025-12-21;3;1
26;2025-12-21;4;0
26;2025-12-21;5;0
26;2025-12-21;6;69
26;2025-12-21;7;135
26;2025-12-21;8;230
26;2025-12-21;9;299
26;2025-12-21;10;353
26;2025-12-21;11;501
26;2025-12-21;12;559
26;2025-12-21;13;577
26;2025-12-21;14;579
26;2025-12-21;15;539
26;2025-12-21;16;534
26;2025-12-21;17;511
26;2025-12-21;18;454
26;2025-12-21;19;341
26;2025-12-21;20;287
26;2025-12-21;21;169
26;2025-12-21;22;96
26;2025-12-21;23;40
26;2025-12-22;0;0
26;2025-12-22;1;0
26;2025-12-22;2;0
26;2025-12-22;3;0
26;2025-12-22;4;0
26;2025-12-22;5;10
26;2025-12-22;6;310
26;2025-12-22;7;699
26;2025-12-22;8;1679
26;2025-12-22;9;1085
26;2025-12-22;10;834
26;2025-12-22;11;680
26;2025-12-22;12;756
26;2025-12-22;13;868
26;2025-12-22;14;892
26;2025-12-22;15;957
26;2025-12-22;16;1167
26;2025-12-22;17;1345
26;2025-12-22;18;1535
26;2025-12-22;19;984
26;2025-12-22;20;541
26;2025-12-22;21;315
26;2025-12-22;22;125
26;2025-12-22;23;43
26;2025-12-23;0;0
26;2025-12-23;1;0
26;2025-12-23;2;0
26;2025-12-23;3;0
26;2025-12-23;4;0
26;2025-12-23;5;14
26;2025-12-23;6;359
26;2025-12-23;7;760
26;2025-12-23;8;1710
26;2025-12-23;9;1179
26;2025-12-23;10;871
26;2025-12-23;11;823
26;2025-12-23;12;866
26;2025-12-23;13;869
26;2025-12-23;14;911
26;2025-12-23;15;986
26;2025-12-23;16;1197
26;2025-12-23;17;1382
26;2025-12-23;18;1556
26;2025-12-23;19;1014
26;2025-12-23;20;527
26;2025-12-23;21;298
26;2025-12-23;22;116
26;2025-12-23;23;37
26;2025-12-24;0;0
26;2025-12-24;1;0
26;2025-12-24;2;0
26;2025-12-24;3;0
26;2025-12-24;4;0
26;2025-12-24;5;4
26;2025-12-24;6;303
26;2025-12-24;7;685
26;2025-12-24;8;1656
26;2025-12-24;9;1120
26;2025-12-24;10;835
26;2025-12-24;11;735
26;2025-12-24;12;836
26;2025-12-24;13;878
26;2025-12-24;14;935
26;2025-12-24;15;985
26;2025-12-24;16;1154
26;2025-12-24;17;1267
26;2025-12-24;18;1436
26;2025-12-24;19;928
26;2025-12-24;20;508
26;2025-12-24;21;305
26;2025-12-24;22;111
26;2025-12-24;23;40
26;2025-12-25;0;0
26;2025-12-25;1;0
26;2025-12-25;2;0
26;2025-12-25;3;0
26;2025-12-25;4;0
26;2025-12-25;5;0
26;2025-12-25;6;285
26;2025-12-25;7;660
26;2025-12-25;8;1639
26;2025-12-25;9;1087
26;2025-12-25;10;824
26;2025-12-25;11;772
26;2025-12-25;12;808
26;2025-12-25;13;886
26;2025-12-25;14;903
26;2025-12-25;15;992
26;2025-12-25;16;1165
26;2025-12-25;17;1327
26;2025-12-25;18;1519
26;2025-12-25;19;940
26;2025-12-25;20;520
26;2025-12-25;21;326
26;2025-12-25;22;137
26;2025-12-25;23;63
26;2025-12-26;0;0
26;2025-12-26;1;0
26;2025-12-26;2;0
26;2025-12-26;3;0
26;2025-12-26;4;0
26;2025-12-26;5;10
26;2025-12-26;6;320
26;2025-12-26;7;677
26;2025-12-26;8;1544
26;2025-12-26;9;1078
26;2025-12-26;10;846
26;2025-12-26;11;722
26;2025-12-26;12;816
26;2025-12-26;13;889
26;2025-12-26;14;902
26;2025-12-26;15;1043
26;2025-12-26;16;1274
26;2025-12-26;17;1342
26;2025-12-26;18;1087
26;2025-12-26;19;786
26;2025-12-26;20;466
26;2025-12-26;21;312
26;2025-12-26;22;132
26;2025-12-26;23;81
26;2025-12-27;0;0
26;2025-12-27;1;0
26;2025-12-27;2;0
26;2025-12-27;3;0
26;2025-12-27;4;0
26;2025-12-27;5;0
26;2025-12-27;6;123
26;2025-12-27;7;216
26;2025-12-27;8;353
26;2025-12-27;9;418
26;2025-12-27;10;471
26;2025-12-27;11;624
26;2025-12-27;12;676
26;2025-12-27;13;700
26;2025-12-27;14;735
26;2025-12-27;15;679
26;2025-12-27;16;661
26;2025-12-27;17;595
26;2025-12-27;18;546
26;2025-12-27;19;500
26;2025-12-27;20;343
26;2025-12-27;21;244
26;2025-12-27;22;112
26;2025-12-27;23;70
26;2025-12-28;0;0
26;2025-12-28;1;0
26;2025-12-28;2;0
26;2025-12-28;3;1
26;2025-12-28;4;0
26;2025-12-28;5;0
26;2025-12-28;6;53
26;2025-12-28;7;121
26;2025-12-28;8;232
26;2025-12-28;9;300
26;2025-12-28;10;362
26;2025-12-28;11;485
26;2025-12-28;12;550
26;2025-12-28;13;570
26;2025-12-28;14;566
26;2025-12-28;15;529
26;2025-12-28;16;524
26;2025-12-28;17;502
26;2025-12-28;18;450
26;2025-12-28;19;336
26;2025-12-28;20;282
26;2025-12-28;21;172
26;2025-12-28;22;91
26;2025-12-28;23;35
26;2025-12-29;0;0
26;2025-12-29;1;0
26;2025-12-29;2;0
26;2025-12-29;3;1
26;2025-12-29;4;0
26;2025-12-29;5;0
26;2025-12-29;6;287
26;2025-12-29;7;650
26;2025-12-29;8;1638
26;2025-12-29;9;1054
26;2025-12-29;10;799
26;2025-12-29;11;648
26;2025-12-29;12;712
26;2025-12-29;13;819
26;2025-12-29;14;842
26;2025-12-29;15;924
26;2025-12-29;16;1109
26;2025-12-29;17;1296
26;2025-12-29;18;1486
26;2025-12-29;19;942
26;2025-12-29;20;491
26;2025-12-29;21;296
26;2025-12-29;22;108
26;2025-12-29;23;32
26;2025-12-30;0;0
26;2025-12-30;1;0
26;2025-12-30;2;0
26;2025-12-30;3;0
26;2025-12-30;4;0
26;2025-12-30;5;0
26;2025-12-30;6;293
26;2025-12-30;7;671
26;2025-12-30;8;1649
26;2025-12-30;9;1107
26;2025-12-30;10;793
26;2025-12-30;11;754
26;2025-12-30;12;802
26;2025-12-30;13;820
26;2025-12-30;14;854
26;2025-12-30;15;947
26;2025-12-30;16;1137
26;2025-12-30;17;1322
26;2025-12-30;18;1477
26;2025-12-30;19;982
26;2025-12-30;20;506
26;2025-12-30;21;289
26;2025-12-30;22;112
26;2025-12-30;23;42
26;2025-12-31;0;0
26;2025-12-31;1;0
26;2025-12-31;2;0
26;2025-12-31;3;1
26;2025-12-31;4;0
26;2025-12-31;5;0
26;2025-12-31;6;110
26;2025-12-31;7;82
26;2025-12-31;8;174
26;2025-12-31;9;178
26;2025-12-31;10;235
26;2025-12-31;11;287
26;2025-12-31;12;406
26;2025-12-31;13;390
26;2025-12-31;14;411
26;2025-12-31;15;433
26;2025-12-31;16;437
26;2025-12-31;17;423
26;2025-12-31;18;378
26;2025-12-31;19;342
26;2025-12-31;20;159
26;2025-12-31;21;208
26;2025-12-31;22;84
26;2025-12-31;23;30
28;2025-11-01;0;1
28;2025-11-01;1;0
28;2025-11-01;2;0
28;2025-11-01;3;0
28;2025-11-01;4;0
28;2025-11-01;5;36
28;2025-11-01;6;96
28;2025-11-01;7;201
28;2025-11-01;8;330
28;2025-11-01;9;415
28;2025-11-01;10;448
28;2025-11-01;11;451
28;2025-11-01;12;569
28;2025-11-01;13;567
28;2025-11-01;14;595
28;2025-11-01;15;590
28;2025-11-01;16;540
28;2025-11-01;17;559
28;2025-11-01;18;449
28;2025-11-01;19;378
28;2025-11-01;20;278
28;2025-11-01;21;254
28;2025-11-01;22;111
28;2025-11-01;23;20
28;2025-11-02;0;4
28;2025-11-02;1;1
28;2025-11-02;2;1
28;2025-11-02;3;0
28;2025-11-02;4;2
28;2025-11-02;5;34
28;2025-11-02;6;75
28;2025-11-02;7;134
28;2025-11-02;8;203
28;2025-11-02;9;272
28;2025-11-02;10;305
28;2025-11-02;11;334
28;2025-11-02;12;410
28;2025-11-02;13;442
28;2025-11-02;14;449
28;2025-11-02;15;454
28;2025-11-02;16;413
28;2025-11-02;17;409
28;2025-11-02;18;362
28;2025-11-02;19;315
28;2025-11-02;20;248
28;2025-11-02;21;221
28;2025-11-02;22;102
28;2025-11-02;23;13
28;2025-11-03;0;0
28;2025-11-03;1;0
28;2025-11-03;2;0
28;2025-11-03;3;0
28;2025-11-03;4;1
28;2025-11-03;5;49
28;2025-11-03;6;156
28;2025-11-03;7;353
28;2025-11-03;8;509
28;2025-11-03;9;448
28;2025-11-03;10;425
28;2025-11-03;11;363
28;2025-11-03;12;406
28;2025-11-03;13;434
28;2025-11-03;14;424
28;2025-11-03;15;432
28;2025-11-03;16;470
28;2025-11-03;17;539
28;2025-11-03;18;502
28;2025-11-03;19;424
28;2025-11-03;20;387
28;2025-11-03;21;246
28;2025-11-03;22;106
28;2025-11-03;23;16
28;2025-11-04;0;2
28;2025-11-04;1;0
28;2025-11-04;2;0
28;2025-11-04;3;0
28;2025-11-04;4;2
28;2025-11-04;5;43
28;2025-11-04;6;150
28;2025-11-04;7;332
28;2025-11-04;8;473
28;2025-11-04;9;437
28;2025-11-04;10;366
28;2025-11-04;11;378
28;2025-11-04;12;386
28;2025-11-04;13;440
28;2025-11-04;14;459
28;2025-11-04;15;465
28;2025-11-04;16;441
28;2025-11-04;17;509
28;2025-11-04;18;456
28;2025-11-04;19;406
28;2025-11-04;20;393
28;2025-11-04;21;237
28;2025-11-04;22;114
28;2025-11-04;23;22
28;2025-11-05;0;1
28;2025-11-05;1;0
28;2025-11-05;2;0
28;2025-11-05;3;0
28;2025-11-05;4;2
28;2025-11-05;5;84
28;2025-11-05;6;247
28;2025-11-05;7;686
28;2025-11-05;8;1107
28;2025-11-05;9;746
28;2025-11-05;10;570
28;2025-11-05;11;540
28;2025-11-05;12;591
28;2025-11-05;13;639
28;2025-11-05;14;594
28;2025-11-05;15;641
28;2025-11-05;16;804
28;2025-11-05;17;890
28;2025-11-05;18;887
28;2025-11-05;19;628
28;2025-11-05;20;469
28;2025-11-05;21;283
28;2025-11-05;22;137
28;2025-11-05;23;14
28;2025-11-06;0;0
28;2025-11-06;1;0
28;2025-11-06;2;0
28;2025-11-06;3;0
28;2025-11-06;4;2
28;2025-11-06;5;84
28;2025-11-06;6;249
28;2025-11-06;7;751
28;2025-11-06;8;1130
28;2025-11-06;9;802
28;2025-11-06;10;601
28;2025-11-06;11;523
28;2025-11-06;12;648
28;2025-11-06;13;683
28;2025-11-06;14;631
28;2025-11-06;15;655
28;2025-11-06;16;817
28;2025-11-06;17;937
28;2025-11-06;18;952
28;2025-11-06;19;679
28;2025-11-06;20;472
28;2025-11-06;21;306
28;2025-11-06;22;129
28;2025-11-06;23;15
28;2025-11-07;0;1
28;2025-11-07;1;0
28;2025-11-07;2;0
28;2025-11-07;3;0
28;2025-11-07;4;2
28;2025-11-07;5;82
28;2025-11-07;6;238
28;2025-11-07;7;726
28;2025-11-07;8;1071
28;2025-11-07;9;757
28;2025-11-07;10;562
28;2025-11-07;11;523
28;2025-11-07;12;629
28;2025-11-07;13;690
28;2025-11-07;14;653
28;2025-11-07;15;693
28;2025-11-07;16;879
28;2025-11-07;17;878
28;2025-11-07;18;768
28;2025-11-07;19;603
28;2025-11-07;20;432
28;2025-11-07;21;284
28;2025-11-07;22;142
28;2025-11-07;23;17
28;2025-11-08;0;1
28;2025-11-08;1;0
28;2025-11-08;2;0
28;2025-11-08;3;0
28;2025-11-08;4;2
28;2025-11-08;5;41
28;2025-11-08;6;100
28;2025-11-08;7;202
28;2025-11-08;8;312
28;2025-11-08;9;421
28;2025-11-08;10;434
28;2025-11-08;11;428
28;2025-11-08;12;539
28;2025-11-08;13;568
28;2025-11-08;14;564
28;2025-11-08;15;564
28;2025-11-08;16;511
28;2025-11-08;17;519
28;2025-11-08;18;433
28;2025-11-08;19;368
28;2025-11-08;20;277
28;2025-11-08;21;258
28;2025-11-08;22;134
28;2025-11-08;23;18
28;2025-11-09;0;2
28;2025-11-09;1;1
28;2025-11-09;2;0
28;2025-11-09;3;0
28;2025-11-09;4;1
28;2025-11-09;5;34
28;2025-11-09;6;87
28;2025-11-09;7;147
28;2025-11-09;8;229
28;2025-11-09;9;298
28;2025-11-09;10;331
28;2025-11-09;11;369
28;2025-11-09;12;414
28;2025-11-09;13;483
28;2025-11-09;14;478
28;2025-11-09;15;477
28;2025-11-09;16;442
28;2025-11-09;17;431
28;2025-11-09;18;372
28;2025-11-09;19;319
28;2025-11-09;20;256
28;2025-11-09;21;221
28;2025-11-09;22;103
28;2025-11-09;23;10
28;2025-11-10;0;1
28;2025-11-10;1;0
28;2025-11-10;2;0
28;2025-11-10;3;0
28;2025-11-10;4;3
28;2025-11-10;5;83
28;2025-11-10;6;251
28;2025-11-10;7;762
28;2025-11-10;8;1155
28;2025-11-10;9;845
28;2025-11-10;10;581
28;2025-11-10;11;507
28;2025-11-10;12;635
28;2025-11-10;13;662
28;2025-11-10;14;630
28;2025-11-10;15;653
28;2025-11-10;16;829
28;2025-11-10;17;907
28;2025-11-10;18;904
28;2025-11-10;19;716
28;2025-11-10;20;472
28;2025-11-10;21;279
28;2025-11-10;22;116
28;2025-11-10;23;13
28;2025-11-11;0;1
28;2025-11-11;1;0
28;2025-11-11;2;0
28;2025-11-11;3;0
28;2025-11-11;4;3
28;2025-11-11;5;79
28;2025-11-11;6;248
28;2025-11-11;7;782
28;2025-11-11;8;1167
28;2025-11-11;9;841
28;2025-11-11;10;644
28;2025-11-11;11;559
28;2025-11-11;12;643
28;2025-11-11;13;706
28;2025-11-11;14;637
28;2025-11-11;15;657
28;2025-11-11;16;799
28;2025-11-11;17;924
28;2025-11-11;18;901
28;2025-11-11;19;728
28;2025-11-11;20;511
28;2025-11-11;21;286
28;2025-11-11;22;133
28;2025-11-11;23;20
28;2025-11-12;0;0
28;2025-11-12;1;0
28;2025-11-12;2;0
28;2025-11-12;3;0
28;2025-11-12;4;3
28;2025-11-12;5;85
28;2025-11-12;6;254
28;2025-11-12;7;771
28;2025-11-12;8;1171
28;2025-11-12;9;811
28;2025-11-12;10;611
28;2025-11-12;11;567
28;2025-11-12;12;645
28;2025-11-12;13;703
28;2025-11-12;14;634
28;2025-11-12;15;694
28;2025-11-12;16;825
28;2025-11-12;17;939
28;2025-11-12;18;935
28;2025-11-12;19;715
28;2025-11-12;20;495
28;2025-11-12;21;292
28;2025-11-12;22;143
28;2025-11-12;23;16
28;2025-11-13;0;0
28;2025-11-13;1;0
28;2025-11-13;2;0
28;2025-11-13;3;0
28;2025-11-13;4;2
28;2025-11-13;5;80
28;2025-11-13;6;245
28;2025-11-13;7;782
28;2025-11-13;8;1156
28;2025-11-13;9;839
28;2025-11-13;10;621
28;2025-11-13;11;540
28;2025-11-13;12;660
28;2025-11-13;13;706
28;2025-11-13;14;645
28;2025-11-13;15;668
28;2025-11-13;16;840
28;2025-11-13;17;974
28;2025-11-13;18;986
28;2025-11-13;19;718
28;2025-11-13;20;501
28;2025-11-13;21;317
28;2025-11-13;22;135
28;2025-11-13;23;16
28;2025-11-14;0;1
28;2025-11-14;1;0
28;2025-11-14;2;0
28;2025-11-14;3;0
28;2025-11-14;4;3
28;2025-11-14;5;84
28;2025-11-14;6;246
28;2025-11-14;7;764
28;2025-11-14;8;1097
28;2025-11-14;9;807
28;2025-11-14;10;594
28;2025-11-14;11;550
28;2025-11-14;12;659
28;2025-11-14;13;709
28;2025-11-14;14;661
28;2025-11-14;15;703
28;2025-11-14;16;899
28;2025-11-14;17;904
28;2025-11-14;18;802
28;2025-11-14;19;623
28;2025-11-14;20;439
28;2025-11-14;21;286
28;2025-11-14;22;147
28;2025-11-14;23;19
28;2025-11-15;0;0
28;2025-11-15;1;0
28;2025-11-15;2;0
28;2025-11-15;3;0
28;2025-11-15;4;1
28;2025-11-15;5;39
28;2025-11-15;6;99
28;2025-11-15;7;187
28;2025-11-15;8;300
28;2025-11-15;9;412
28;2025-11-15;10;430
28;2025-11-15;11;422
28;2025-11-15;12;528
28;2025-11-15;13;566
28;2025-11-15;14;568
28;2025-11-15;15;567
28;2025-11-15;16;515
28;2025-11-15;17;531
28;2025-11-15;18;439
28;2025-11-15;19;375
28;2025-11-15;20;282
28;2025-11-15;21;258
28;2025-11-15;22;131
28;2025-11-15;23;17
28;2025-11-16;0;1
28;2025-11-16;1;0
28;2025-11-16;2;1
28;2025-11-16;3;0
28;2025-11-16;4;1
28;2025-11-16;5;27
28;2025-11-16;6;78
28;2025-11-16;7;144
28;2025-11-16;8;220
28;2025-11-16;9;306
28;2025-11-16;10;348
28;2025-11-16;11;380
28;2025-11-16;12;430
28;2025-11-16;13;508
28;2025-11-16;14;499
28;2025-11-16;15;490
28;2025-11-16;16;443
28;2025-11-16;17;436
28;2025-11-16;18;377
28;2025-11-16;19;327
28;2025-11-16;20;261
28;2025-11-16;21;224
28;2025-11-16;22;101
28;2025-11-16;23;13
28;2025-11-17;0;0
28;2025-11-17;1;0
28;2025-11-17;2;0
28;2025-11-17;3;0
28;2025-11-17;4;3
28;2025-11-17;5;78
28;2025-11-17;6;251
28;2025-11-17;7;781
28;2025-11-17;8;1167
28;2025-11-17;9;879
28;2025-11-17;10;596
28;2025-11-17;11;516
28;2025-11-17;12;635
28;2025-11-17;13;643
28;2025-11-17;14;622
28;2025-11-17;15;655
28;2025-11-17;16;826
28;2025-11-17;17;911
28;2025-11-17;18;912
28;2025-11-17;19;718
28;2025-11-17;20;466
28;2025-11-17;21;264
28;2025-11-17;22;113
28;2025-11-17;23;12
28;2025-11-18;0;0
28;2025-11-18;1;0
28;2025-11-18;2;0
28;2025-11-18;3;0
28;2025-11-18;4;4
28;2025-11-18;5;79
28;2025-11-18;6;246
28;2025-11-18;7;799
28;2025-11-18;8;1196
28;2025-11-18;9;859
28;2025-11-18;10;638
28;2025-11-18;11;564
28;2025-11-18;12;648
28;2025-11-18;13;709
28;2025-11-18;14;639
28;2025-11-18;15;664
28;2025-11-18;16;795
28;2025-11-18;17;923
28;2025-11-18;18;916
28;2025-11-18;19;733
28;2025-11-18;20;497
28;2025-11-18;21;282
28;2025-11-18;22;132
28;2025-11-18;23;19
28;2025-11-19;0;0
28;2025-11-19;1;0
28;2025-11-19;2;0
28;2025-11-19;3;0
28;2025-11-19;4;3
28;2025-11-19;5;81
28;2025-11-19;6;257
28;2025-11-19;7;777
28;2025-11-19;8;1184
28;2025-11-19;9;814
28;2025-11-19;10;607
28;2025-11-19;11;569
28;2025-11-19;12;651
28;2025-11-19;13;709
28;2025-11-19;14;639
28;2025-11-19;15;688
28;2025-11-19;16;829
28;2025-11-19;17;940
28;2025-11-19;18;930
28;2025-11-19;19;710
28;2025-11-19;20;496
28;2025-11-19;21;290
28;2025-11-19;22;143
28;2025-11-19;23;16
28;2025-11-20;0;0
28;2025-11-20;1;0
28;2025-11-20;2;0
28;2025-11-20;3;0
28;2025-11-20;4;1
28;2025-11-20;5;78
28;2025-11-20;6;254
28;2025-11-20;7;783
28;2025-11-20;8;1163
28;2025-11-20;9;858
28;2025-11-20;10;624
28;2025-11-20;11;548
28;2025-11-20;12;667
28;2025-11-20;13;705
28;2025-11-20;14;641
28;2025-11-20;15;657
28;2025-11-20;16;833
28;2025-11-20;17;973
28;2025-11-20;18;979
28;2025-11-20;19;712
28;2025-11-20;20;498
28;2025-11-20;21;310
28;2025-11-20;22;132
28;2025-11-20;23;15
28;2025-11-21;0;0
28;2025-11-21;1;0
28;2025-11-21;2;0
28;2025-11-21;3;0
28;2025-11-21;4;2
28;2025-11-21;5;78
28;2025-11-21;6;236
28;2025-11-21;7;760
28;2025-11-21;8;1103
28;2025-11-21;9;795
28;2025-11-21;10;574
28;2025-11-21;11;532
28;2025-11-21;12;638
28;2025-11-21;13;698
28;2025-11-21;14;647
28;2025-11-21;15;687
28;2025-11-21;16;879
28;2025-11-21;17;890
28;2025-11-21;18;781
28;2025-11-21;19;607
28;2025-11-21;20;437
28;2025-11-21;21;284
28;2025-11-21;22;139
28;2025-11-21;23;16
28;2025-11-22;0;0
28;2025-11-22;1;0
28;2025-11-22;2;0
28;2025-11-22;3;0
28;2025-11-22;4;2
28;2025-11-22;5;36
28;2025-11-22;6;98
28;2025-11-22;7;198
28;2025-11-22;8;303
28;2025-11-22;9;414
28;2025-11-22;10;439
28;2025-11-22;11;434
28;2025-11-22;12;534
28;2025-11-22;13;567
28;2025-11-22;14;563
28;2025-11-22;15;556
28;2025-11-22;16;507
28;2025-11-22;17;521
28;2025-11-22;18;435
28;2025-11-22;19;367
28;2025-11-22;20;281
28;2025-11-22;21;254
28;2025-11-22;22;130
28;2025-11-22;23;20
28;2025-11-23;0;2
28;2025-11-23;1;0
28;2025-11-23;2;1
28;2025-11-23;3;0
28;2025-11-23;4;1
28;2025-11-23;5;28
28;2025-11-23;6;77
28;2025-11-23;7;145
28;2025-11-23;8;223
28;2025-11-23;9;301
28;2025-11-23;10;340
28;2025-11-23;11;379
28;2025-11-23;12;439
28;2025-11-23;13;510
28;2025-11-23;14;498
28;2025-11-23;15;498
28;2025-11-23;16;457
28;2025-11-23;17;449
28;2025-11-23;18;378
28;2025-11-23;19;324
28;2025-11-23;20;262
28;2025-11-23;21;223
28;2025-11-23;22;99
28;2025-11-23;23;11
28;2025-11-24;0;1
28;2025-11-24;1;1
28;2025-11-24;2;0
28;2025-11-24;3;0
28;2025-11-24;4;3
28;2025-11-24;5;84
28;2025-11-24;6;256
28;2025-11-24;7;781
28;2025-11-24;8;1180
28;2025-11-24;9;872
28;2025-11-24;10;593
28;2025-11-24;11;506
28;2025-11-24;12;644
28;2025-11-24;13;678
28;2025-11-24;14;627
28;2025-11-24;15;664
28;2025-11-24;16;829
28;2025-11-24;17;914
28;2025-11-24;18;915
28;2025-11-24;19;726
28;2025-11-24;20;472
28;2025-11-24;21;287
28;2025-11-24;22;121
28;2025-11-24;23;16
28;2025-11-25;0;0
28;2025-11-25;1;0
28;2025-11-25;2;0
28;2025-11-25;3;0
28;2025-11-25;4;2
28;2025-11-25;5;79
28;2025-11-25;6;252
28;2025-11-25;7;778
28;2025-11-25;8;1178
28;2025-11-25;9;865
28;2025-11-25;10;660
28;2025-11-25;11;566
28;2025-11-25;12;666
28;2025-11-25;13;717
28;2025-11-25;14;653
28;2025-11-25;15;669
28;2025-11-25;16;791
28;2025-11-25;17;924
28;2025-11-25;18;905
28;2025-11-25;19;719
28;2025-11-25;20;502
28;2025-11-25;21;284
28;2025-11-25;22;131
28;2025-11-25;23;18
28;2025-11-26;0;1
28;2025-11-26;1;0
28;2025-11-26;2;0
28;2025-11-26;3;0
28;2025-11-26;4;3
28;2025-11-26;5;86
28;2025-11-26;6;254
28;2025-11-26;7;775
28;2025-11-26;8;1175
28;2025-11-26;9;816
28;2025-11-26;10;626
28;2025-11-26;11;573
28;2025-11-26;12;667
28;2025-11-26;13;722
28;2025-11-26;14;653
28;2025-11-26;15;707
28;2025-11-26;16;824
28;2025-11-26;17;948
28;2025-11-26;18;937
28;2025-11-26;19;732
28;2025-11-26;20;487
28;2025-11-26;21;293
28;2025-11-26;22;144
28;2025-11-26;23;15
28;2025-11-27;0;1
28;2025-11-27;1;0
28;2025-11-27;2;0
28;2025-11-27;3;0
28;2025-11-27;4;1
28;2025-11-27;5;81
28;2025-11-27;6;253
28;2025-11-27;7;787
28;2025-11-27;8;1171
28;2025-11-27;9;862
28;2025-11-27;10;642
28;2025-11-27;11;544
28;2025-11-27;12;690
28;2025-11-27;13;730
28;2025-11-27;14;665
28;2025-11-27;15;672
28;2025-11-27;16;835
28;2025-11-27;17;983
28;2025-11-27;18;986
28;2025-11-27;19;730
28;2025-11-27;20;497
28;2025-11-27;21;316
28;2025-11-27;22;138
28;2025-11-27;23;14
28;2025-11-28;0;1
28;2025-11-28;1;1
28;2025-11-28;2;0
28;2025-11-28;3;0
28;2025-11-28;4;3
28;2025-11-28;5;82
28;2025-11-28;6;242
28;2025-11-28;7;758
28;2025-11-28;8;1105
28;2025-11-28;9;800
28;2025-11-28;10;573
28;2025-11-28;11;533
28;2025-11-28;12;665
28;2025-11-28;13;727
28;2025-11-28;14;671
28;2025-11-28;15;713
28;2025-11-28;16;904
28;2025-11-28;17;915
28;2025-11-28;18;802
28;2025-11-28;19;623
28;2025-11-28;20;444
28;2025-11-28;21;292
28;2025-11-28;22;147
28;2025-11-28;23;21
28;2025-11-29;0;1
28;2025-11-29;1;0
28;2025-11-29;2;0
28;2025-11-29;3;0
28;2025-11-29;4;2
28;2025-11-29;5;34
28;2025-11-29;6;82
28;2025-11-29;7;170
28;2025-11-29;8;271
28;2025-11-29;9;390
28;2025-11-29;10;411
28;2025-11-29;11;405
28;2025-11-29;12;495
28;2025-11-29;13;524
28;2025-11-29;14;517
28;2025-11-29;15;506
28;2025-11-29;16;464
28;2025-11-29;17;473
28;2025-11-29;18;400
28;2025-11-29;19;343
28;2025-11-29;20;249
28;2025-11-29;21;231
28;2025-11-29;22;117
28;2025-11-29;23;18
28;2025-11-30;0;1
28;2025-11-30;1;0
28;2025-11-30;2;1
28;2025-11-30;3;0
28;2025-11-30;4;1
28;2025-11-30;5;30
28;2025-11-30;6;68
28;2025-11-30;7;125
28;2025-11-30;8;197
28;2025-11-30;9;280
28;2025-11-30;10;315
28;2025-11-30;11;350
28;2025-11-30;12;406
28;2025-11-30;13;458
28;2025-11-30;14;450
28;2025-11-30;15;444
28;2025-11-30;16;408
28;2025-11-30;17;407
28;2025-11-30;18;348
28;2025-11-30;19;304
28;2025-11-30;20;239
28;2025-11-30;21;209
28;2025-11-30;22;92
28;2025-11-30;23;12
28;2025-12-01;0;1
28;2025-12-01;1;1
28;2025-12-01;2;0
28;2025-12-01;3;0
28;2025-12-01;4;3
28;2025-12-01;5;67
28;2025-12-01;6;214
28;2025-12-01;7;640
28;2025-12-01;8;1052
28;2025-12-01;9;728
28;2025-12-01;10;512
28;2025-12-01;11;451
28;2025-12-01;12;559
28;2025-12-01;13;598
28;2025-12-01;14;554
28;2025-12-01;15;570
28;2025-12-01;16;733
28;2025-12-01;17;798
28;2025-12-01;18;794
28;2025-12-01;19;614
28;2025-12-01;20;421
28;2025-12-01;21;246
28;2025-12-01;22;105
28;2025-12-01;23;15
28;2025-12-02;0;1
28;2025-12-02;1;0
28;2025-12-02;2;0
28;2025-12-02;3;0
28;2025-12-02;4;2
28;2025-12-02;5;66
28;2025-12-02;6;213
28;2025-12-02;7;649
28;2025-12-02;8;1061
28;2025-12-02;9;722
28;2025-12-02;10;550
28;2025-12-02;11;485
28;2025-12-02;12;576
28;2025-12-02;13;616
28;2025-12-02;14;557
28;2025-12-02;15;572
28;2025-12-02;16;698
28;2025-12-02;17;804
28;2025-12-02;18;777
28;2025-12-02;19;610
28;2025-12-02;20;442
28;2025-12-02;21;254
28;2025-12-02;22;115
28;2025-12-02;23;17
28;2025-12-03;0;1
28;2025-12-03;1;0
28;2025-12-03;2;0
28;2025-12-03;3;0
28;2025-12-03;4;2
28;2025-12-03;5;63
28;2025-12-03;6;215
28;2025-12-03;7;632
28;2025-12-03;8;1061
28;2025-12-03;9;681
28;2025-12-03;10;525
28;2025-12-03;11;483
28;2025-12-03;12;574
28;2025-12-03;13;621
28;2025-12-03;14;559
28;2025-12-03;15;612
28;2025-12-03;16;730
28;2025-12-03;17;836
28;2025-12-03;18;817
28;2025-12-03;19;600
28;2025-12-03;20;434
28;2025-12-03;21;263
28;2025-12-03;22;125
28;2025-12-03;23;16
28;2025-12-04;0;1
28;2025-12-04;1;0
28;2025-12-04;2;0
28;2025-12-04;3;0
28;2025-12-04;4;2
28;2025-12-04;5;64
28;2025-12-04;6;213
28;2025-12-04;7;650
28;2025-12-04;8;1055
28;2025-12-04;9;706
28;2025-12-04;10;538
28;2025-12-04;11;467
28;2025-12-04;12;579
28;2025-12-04;13;628
28;2025-12-04;14;554
28;2025-12-04;15;558
28;2025-12-04;16;719
28;2025-12-04;17;856
28;2025-12-04;18;857
28;2025-12-04;19;596
28;2025-12-04;20;433
28;2025-12-04;21;289
28;2025-12-04;22;122
28;2025-12-04;23;16
28;2025-12-05;0;2
28;2025-12-05;1;0
28;2025-12-05;2;0
28;2025-12-05;3;0
28;2025-12-05;4;4
28;2025-12-05;5;65
28;2025-12-05;6;203
28;2025-12-05;7;624
28;2025-12-05;8;974
28;2025-12-05;9;657
28;2025-12-05;10;498
28;2025-12-05;11;461
28;2025-12-05;12;565
28;2025-12-05;13;617
28;2025-12-05;14;565
28;2025-12-05;15;606
28;2025-12-05;16;784
28;2025-12-05;17;792
28;2025-12-05;18;688
28;2025-12-05;19;519
28;2025-12-05;20;400
28;2025-12-05;21;263
28;2025-12-05;22;130
28;2025-12-05;23;22
28;2025-12-06;0;0
28;2025-12-06;1;0
28;2025-12-06;2;0
28;2025-12-06;3;0
28;2025-12-06;4;4
28;2025-12-06;5;37
28;2025-12-06;6;81
28;2025-12-06;7;163
28;2025-12-06;8;271
28;2025-12-06;9;376
28;2025-12-06;10;397
28;2025-12-06;11;390
28;2025-12-06;12;472
28;2025-12-06;13;493
28;2025-12-06;14;493
28;2025-12-06;15;478
28;2025-12-06;16;443
28;2025-12-06;17;457
28;2025-12-06;18;393
28;2025-12-06;19;334
28;2025-12-06;20;247
28;2025-12-06;21;231
28;2025-12-06;22;119
28;2025-12-06;23;26
28;2025-12-07;0;2
28;2025-12-07;1;0
28;2025-12-07;2;0
28;2025-12-07;3;0
28;2025-12-07;4;1
28;2025-12-07;5;28
28;2025-12-07;6;58
28;2025-12-07;7;109
28;2025-12-07;8;181
28;2025-12-07;9;258
28;2025-12-07;10;290
28;2025-12-07;11;329
28;2025-12-07;12;391
28;2025-12-07;13;436
28;2025-12-07;14;436
28;2025-12-07;15;435
28;2025-12-07;16;406
28;2025-12-07;17;401
28;2025-12-07;18;346
28;2025-12-07;19;297
28;2025-12-07;20;236
28;2025-12-07;21;207
28;2025-12-07;22;92
28;2025-12-07;23;16
28;2025-12-08;0;1
28;2025-12-08;1;1
28;2025-12-08;2;0
28;2025-12-08;3;0
28;2025-12-08;4;3
28;2025-12-08;5;61
28;2025-12-08;6;201
28;2025-12-08;7;588
28;2025-12-08;8;1001
28;2025-12-08;9;679
28;2025-12-08;10;484
28;2025-12-08;11;426
28;2025-12-08;12;542
28;2025-12-08;13;574
28;2025-12-08;14;544
28;2025-12-08;15;554
28;2025-12-08;16;703
28;2025-12-08;17;760
28;2025-12-08;18;765
28;2025-12-08;19;589
28;2025-12-08;20;412
28;2025-12-08;21;245
28;2025-12-08;22;104
28;2025-12-08;23;19
28;2025-12-09;0;1
28;2025-12-09;1;0
28;2025-12-09;2;0
28;2025-12-09;3;0
28;2025-12-09;4;4
28;2025-12-09;5;57
28;2025-12-09;6;189
28;2025-12-09;7;568
28;2025-12-09;8;977
28;2025-12-09;9;637
28;2025-12-09;10;494
28;2025-12-09;11;447
28;2025-12-09;12;530
28;2025-12-09;13;556
28;2025-12-09;14;516
28;2025-12-09;15;530
28;2025-12-09;16;640
28;2025-12-09;17;743
28;2025-12-09;18;732
28;2025-12-09;19;558
28;2025-12-09;20;411
28;2025-12-09;21;243
28;2025-12-09;22;113
28;2025-12-09;23;26
28;2025-12-10;0;2
28;2025-12-10;1;0
28;2025-12-10;2;0
28;2025-12-10;3;0
28;2025-12-10;4;0
28;2025-12-10;5;4
28;2025-12-10;6;142
28;2025-12-10;7;486
28;2025-12-10;8;859
28;2025-12-10;9;513
28;2025-12-10;10;410
28;2025-12-10;11;380
28;2025-12-10;12;441
28;2025-12-10;13;481
28;2025-12-10;14;454
28;2025-12-10;15;478
28;2025-12-10;16;573
28;2025-12-10;17;662
28;2025-12-10;18;664
28;2025-12-10;19;470
28;2025-12-10;20;350
28;2025-12-10;21;196
28;2025-12-10;22;64
28;2025-12-10;23;0
28;2025-12-11;0;0
28;2025-12-11;1;0
28;2025-12-11;2;0
28;2025-12-11;3;0
28;2025-12-11;4;0
28;2025-12-11;5;16
28;2025-12-11;6;147
28;2025-12-11;7;513
28;2025-12-11;8;881
28;2025-12-11;9;556
28;2025-12-11;10;448
28;2025-12-11;11;383
28;2025-12-11;12;478
28;2025-12-11;13;511
28;2025-12-11;14;475
28;2025-12-11;15;468
28;2025-12-11;16;587
28;2025-12-11;17;696
28;2025-12-11;18;720
28;2025-12-11;19;480
28;2025-12-11;20;344
28;2025-12-11;21;225
28;2025-12-11;22;63
28;2025-12-11;23;6
28;2025-12-12;0;0
28;2025-12-12;1;0
28;2025-12-12;2;0
28;2025-12-12;3;0
28;2025-12-12;4;0
28;2025-12-12;5;18
28;2025-12-12;6;129
28;2025-12-12;7;499
28;2025-12-12;8;786
28;2025-12-12;9;491
28;2025-12-12;10;388
28;2025-12-12;11;352
28;2025-12-12;12;439
28;2025-12-12;13;484
28;2025-12-12;14;465
28;2025-12-12;15;493
28;2025-12-12;16;649
28;2025-12-12;17;637
28;2025-12-12;18;577
28;2025-12-12;19;436
28;2025-12-12;20;334
28;2025-12-12;21;208
28;2025-12-12;22;85
28;2025-12-12;23;10
28;2025-12-13;0;0
28;2025-12-13;1;1
28;2025-12-13;2;0
28;2025-12-13;3;0
28;2025-12-13;4;0
28;2025-12-13;5;0
28;2025-12-13;6;24
28;2025-12-13;7;115
28;2025-12-13;8;223
28;2025-12-13;9;321
28;2025-12-13;10;339
28;2025-12-13;11;338
28;2025-12-13;12;401
28;2025-12-13;13;422
28;2025-12-13;14;423
28;2025-12-13;15;408
28;2025-12-13;16;381
28;2025-12-13;17;385
28;2025-12-13;18;344
28;2025-12-13;19;295
28;2025-12-13;20;209
28;2025-12-13;21;179
28;2025-12-13;22;67
28;2025-12-13;23;9
28;2025-12-14;0;3
28;2025-12-14;1;3
28;2025-12-14;2;1
28;2025-12-14;3;0
28;2025-12-14;4;1
28;2025-12-14;5;0
28;2025-12-14;6;0
28;2025-12-14;7;45
28;2025-12-14;8;113
28;2025-12-14;9;198
28;2025-12-14;10;232
28;2025-12-14;11;258
28;2025-12-14;12;331
28;2025-12-14;13;370
28;2025-12-14;14;376
28;2025-12-14;15;374
28;2025-12-14;16;332
28;2025-12-14;17;322
28;2025-12-14;18;279
28;2025-12-14;19;233
28;2025-12-14;20;175
28;2025-12-14;21;134
28;2025-12-14;22;28
28;2025-12-14;23;0
28;2025-12-15;0;0
28;2025-12-15;1;2
28;2025-12-15;2;0
28;2025-12-15;3;0
28;2025-12-15;4;0
28;2025-12-15;5;0
28;2025-12-15;6;137
28;2025-12-15;7;465
28;2025-12-15;8;835
28;2025-12-15;9;544
28;2025-12-15;10;387
28;2025-12-15;11;338
28;2025-12-15;12;444
28;2025-12-15;13;465
28;2025-12-15;14;448
28;2025-12-15;15;460
28;2025-12-15;16;573
28;2025-12-15;17;624
28;2025-12-15;18;637
28;2025-12-15;19;473
28;2025-12-15;20;341
28;2025-12-15;21;180
28;2025-12-15;22;39
28;2025-12-15;23;0
28;2025-12-16;0;0
28;2025-12-16;1;0
28;2025-12-16;2;0
28;2025-12-16;3;0
28;2025-12-16;4;0
28;2025-12-16;5;0
28;2025-12-16;6;131
28;2025-12-16;7;473
28;2025-12-16;8;845
28;2025-12-16;9;533
28;2025-12-16;10;425
28;2025-12-16;11;382
28;2025-12-16;12;443
28;2025-12-16;13;473
28;2025-12-16;14;454
28;2025-12-16;15;469
28;2025-12-16;16;553
28;2025-12-16;17;653
28;2025-12-16;18;647
28;2025-12-16;19;490
28;2025-12-16;20;364
28;2025-12-16;21;187
28;2025-12-16;22;52
28;2025-12-16;23;0
28;2025-12-17;0;1
28;2025-12-17;1;0
28;2025-12-17;2;0
28;2025-12-17;3;0
28;2025-12-17;4;0
28;2025-12-17;5;1
28;2025-12-17;6;142
28;2025-12-17;7;471
28;2025-12-17;8;848
28;2025-12-17;9;501
28;2025-12-17;10;404
28;2025-12-17;11;375
28;2025-12-17;12;441
28;2025-12-17;13;482
28;2025-12-17;14;460
28;2025-12-17;15;482
28;2025-12-17;16;569
28;2025-12-17;17;656
28;2025-12-17;18;653
28;2025-12-17;19;466
28;2025-12-17;20;356
28;2025-12-17;21;196
28;2025-12-17;22;66
28;2025-12-17;23;0
28;2025-12-18;0;0
28;2025-12-18;1;0
28;2025-12-18;2;0
28;2025-12-18;3;0
28;2025-12-18;4;0
28;2025-12-18;5;5
28;2025-12-18;6;134
28;2025-12-18;7;492
28;2025-12-18;8;842
28;2025-12-18;9;518
28;2025-12-18;10;424
28;2025-12-18;11;370
28;2025-12-18;12;458
28;2025-12-18;13;484
28;2025-12-18;14;446
28;2025-12-18;15;445
28;2025-12-18;16;578
28;2025-12-18;17;678
28;2025-12-18;18;700
28;2025-12-18;19;469
28;2025-12-18;20;333
28;2025-12-18;21;214
28;2025-12-18;22;56
28;2025-12-18;23;0
28;2025-12-19;0;0
28;2025-12-19;1;0
28;2025-12-19;2;0
28;2025-12-19;3;0
28;2025-12-19;4;0
28;2025-12-19;5;9
28;2025-12-19;6;129
28;2025-12-19;7;477
28;2025-12-19;8;765
28;2025-12-19;9;492
28;2025-12-19;10;379
28;2025-12-19;11;353
28;2025-12-19;12;438
28;2025-12-19;13;481
28;2025-12-19;14;456
28;2025-12-19;15;478
28;2025-12-19;16;628
28;2025-12-19;17;613
28;2025-12-19;18;549
28;2025-12-19;19;406
28;2025-12-19;20;319
28;2025-12-19;21;185
28;2025-12-19;22;62
28;2025-12-19;23;0
28;2025-12-20;0;0
28;2025-12-20;1;0
28;2025-12-20;2;0
28;2025-12-20;3;0
28;2025-12-20;4;0
28;2025-12-20;5;0
28;2025-12-20;6;7
28;2025-12-20;7;90
28;2025-12-20;8;185
28;2025-12-20;9;289
28;2025-12-20;10;310
28;2025-12-20;11;313
28;2025-12-20;12;367
28;2025-12-20;13;386
28;2025-12-20;14;393
28;2025-12-20;15;385
28;2025-12-20;16;354
28;2025-12-20;17;357
28;2025-12-20;18;321
28;2025-12-20;19;270
28;2025-12-20;20;194
28;2025-12-20;21;166
28;2025-12-20;22;49
28;2025-12-20;23;0
28;2025-12-21;0;1
28;2025-12-21;1;0
28;2025-12-21;2;0
28;2025-12-21;3;0
28;2025-12-21;4;0
28;2025-12-21;5;0
28;2025-12-21;6;0
28;2025-12-21;7;54
28;2025-12-21;8;114
28;2025-12-21;9;185
28;2025-12-21;10;217
28;2025-12-21;11;257
28;2025-12-21;12;311
28;2025-12-21;13;349
28;2025-12-21;14;347
28;2025-12-21;15;353
28;2025-12-21;16;325
28;2025-12-21;17;318
28;2025-12-21;18;277
28;2025-12-21;19;232
28;2025-12-21;20;170
28;2025-12-21;21;132
28;2025-12-21;22;28
28;2025-12-21;23;0
28;2025-12-22;0;0
28;2025-12-22;1;0
28;2025-12-22;2;0
28;2025-12-22;3;0
28;2025-12-22;4;0
28;2025-12-22;5;7
28;2025-12-22;6;136
28;2025-12-22;7;468
28;2025-12-22;8;852
28;2025-12-22;9;541
28;2025-12-22;10;398
28;2025-12-22;11;337
28;2025-12-22;12;456
28;2025-12-22;13;482
28;2025-12-22;14;459
28;2025-12-22;15;474
28;2025-12-22;16;594
28;2025-12-22;17;653
28;2025-12-22;18;661
28;2025-12-22;19;487
28;2025-12-22;20;362
28;2025-12-22;21;197
28;2025-12-22;22;52
28;2025-12-22;23;6
28;2025-12-23;0;0
28;2025-12-23;1;0
28;2025-12-23;2;1
28;2025-12-23;3;0
28;2025-12-23;4;0
28;2025-12-23;5;11
28;2025-12-23;6;160
28;2025-12-23;7;490
28;2025-12-23;8;877
28;2025-12-23;9;543
28;2025-12-23;10;437
28;2025-12-23;11;395
28;2025-12-23;12;451
28;2025-12-23;13;487
28;2025-12-23;14;460
28;2025-12-23;15;470
28;2025-12-23;16;563
28;2025-12-23;17;647
28;2025-12-23;18;636
28;2025-12-23;19;466
28;2025-12-23;20;344
28;2025-12-23;21;184
28;2025-12-23;22;52
28;2025-12-23;23;0
28;2025-12-24;0;0
28;2025-12-24;1;0
28;2025-12-24;2;0
28;2025-12-24;3;0
28;2025-12-24;4;0
28;2025-12-24;5;1
28;2025-12-24;6;134
28;2025-12-24;7;457
28;2025-12-24;8;821
28;2025-12-24;9;498
28;2025-12-24;10;406
28;2025-12-24;11;392
28;2025-12-24;12;458
28;2025-12-24;13;508
28;2025-12-24;14;467
28;2025-12-24;15;500
28;2025-12-24;16;578
28;2025-12-24;17;653
28;2025-12-24;18;655
28;2025-12-24;19;475
28;2025-12-24;20;362
28;2025-12-24;21;187
28;2025-12-24;22;58
28;2025-12-24;23;0
28;2025-12-25;0;0
28;2025-12-25;1;0
28;2025-12-25;2;0
28;2025-12-25;3;0
28;2025-12-25;4;0
28;2025-12-25;5;0
28;2025-12-25;6;113
28;2025-12-25;7;446
28;2025-12-25;8;813
28;2025-12-25;9;506
28;2025-12-25;10;412
28;2025-12-25;11;349
28;2025-12-25;12;457
28;2025-12-25;13;490
28;2025-12-25;14;461
28;2025-12-25;15;450
28;2025-12-25;16;572
28;2025-12-25;17;687
28;2025-12-25;18;707
28;2025-12-25;19;469
28;2025-12-25;20;340
28;2025-12-25;21;226
28;2025-12-25;22;72
28;2025-12-25;23;9
28;2025-12-26;0;0
28;2025-12-26;1;2
28;2025-12-26;2;0
28;2025-12-26;3;0
28;2025-12-26;4;0
28;2025-12-26;5;8
28;2025-12-26;6;129
28;2025-12-26;7;467
28;2025-12-26;8;760
28;2025-12-26;9;501
28;2025-12-26;10;404
28;2025-12-26;11;368
28;2025-12-26;12;463
28;2025-12-26;13;495
28;2025-12-26;14;476
28;2025-12-26;15;493
28;2025-12-26;16;643
28;2025-12-26;17;619
28;2025-12-26;18;550
28;2025-12-26;19;430
28;2025-12-26;20;320
28;2025-12-26;21;201
28;2025-12-26;22;79
28;2025-12-26;23;9
28;2025-12-27;0;0
28;2025-12-27;1;0
28;2025-12-27;2;0
28;2025-12-27;3;0
28;2025-12-27;4;0
28;2025-12-27;5;0
28;2025-12-27;6;11
28;2025-12-27;7;90
28;2025-12-27;8;183
28;2025-12-27;9;285
28;2025-12-27;10;302
28;2025-12-27;11;299
28;2025-12-27;12;363
28;2025-12-27;13;381
28;2025-12-27;14;390
28;2025-12-27;15;384
28;2025-12-27;16;339
28;2025-12-27;17;341
28;2025-12-27;18;301
28;2025-12-27;19;254
28;2025-12-27;20;167
28;2025-12-27;21;154
28;2025-12-27;22;51
28;2025-12-27;23;0
28;2025-12-28;0;0
28;2025-12-28;1;0
28;2025-12-28;2;1
28;2025-12-28;3;0
28;2025-12-28;4;0
28;2025-12-28;5;0
28;2025-12-28;6;0
28;2025-12-28;7;34
28;2025-12-28;8;104
28;2025-12-28;9;183
28;2025-12-28;10;218
28;2025-12-28;11;250
28;2025-12-28;12;319
28;2025-12-28;13;346
28;2025-12-28;14;354
28;2025-12-28;15;356
28;2025-12-28;16;315
28;2025-12-28;17;306
28;2025-12-28;18;262
28;2025-12-28;19;209
28;2025-12-28;20;157
28;2025-12-28;21;127
28;2025-12-28;22;21
28;2025-12-28;23;0
28;2025-12-29;0;0
28;2025-12-29;1;0
28;2025-12-29;2;0
28;2025-12-29;3;0
28;2025-12-29;4;0
28;2025-12-29;5;0
28;2025-12-29;6;114
28;2025-12-29;7;407
28;2025-12-29;8;773
28;2025-12-29;9;502
28;2025-12-29;10;380
28;2025-12-29;11;314
28;2025-12-29;12;438
28;2025-12-29;13;448
28;2025-12-29;14;438
28;2025-12-29;15;456
28;2025-12-29;16;545
28;2025-12-29;17;590
28;2025-12-29;18;582
28;2025-12-29;19;446
28;2025-12-29;20;322
28;2025-12-29;21;175
28;2025-12-29;22;36
28;2025-12-29;23;0
28;2025-12-30;0;0
28;2025-12-30;1;0
28;2025-12-30;2;0
28;2025-12-30;3;0
28;2025-12-30;4;0
28;2025-12-30;5;0
28;2025-12-30;6;108
28;2025-12-30;7;398
28;2025-12-30;8;760
28;2025-12-30;9;476
28;2025-12-30;10;390
28;2025-12-30;11;344
28;2025-12-30;12;427
28;2025-12-30;13;449
28;2025-12-30;14;444
28;2025-12-30;15;456
28;2025-12-30;16;507
28;2025-12-30;17;584
28;2025-12-30;18;546
28;2025-12-30;19;434
28;2025-12-30;20;318
28;2025-12-30;21;170
28;2025-12-30;22;41
28;2025-12-30;23;0
28;2025-12-31;0;0
28;2025-12-31;1;0
28;2025-12-31;2;0
28;2025-12-31;3;0
28;2025-12-31;4;0
28;2025-12-31;5;0
28;2025-12-31;6;10
28;2025-12-31;7;20
28;2025-12-31;8;120
28;2025-12-31;9;81
28;2025-12-31;10;196
28;2025-12-31;11;187
28;2025-12-31;12;197
28;2025-12-31;13;212
28;2025-12-31;14;244
28;2025-12-31;15;233
28;2025-12-31;16;207
28;2025-12-31;17;228
28;2025-12-31;18;165
28;2025-12-31;19;153
28;2025-12-31;20;237
28;2025-12-31;21;127
28;2025-12-31;22;38
28;2025-12-31;23;0
50;2025-11-01;0;47
50;2025-11-01;1;3
50;2025-11-01;2;1
50;2025-11-01;3;0
50;2025-11-01;4;0
50;2025-11-01;5;12
50;2025-11-01;6;46
50;2025-11-01;7;151
50;2025-11-01;8;232
50;2025-11-01;9;123
50;2025-11-01;10;133
50;2025-11-01;11;179
50;2025-11-01;12;294
50;2025-11-01;13;364
50;2025-11-01;14;352
50;2025-11-01;15;281
50;2025-11-01;16;217
50;2025-11-01;17;239
50;2025-11-01;18;118
50;2025-11-01;19;105
50;2025-11-01;20;278
50;2025-11-01;21;191
50;2025-11-01;22;42
50;2025-11-01;23;51
50;2025-11-02;0;53
50;2025-11-02;1;9
50;2025-11-02;2;0
50;2025-11-02;3;0
50;2025-11-02;4;2
50;2025-11-02;5;31
50;2025-11-02;6;143
50;2025-11-02;7;200
50;2025-11-02;8;317
50;2025-11-02;9;411
50;2025-11-02;10;440
50;2025-11-02;11;569
50;2025-11-02;12;669
50;2025-11-02;13;702
50;2025-11-02;14;751
50;2025-11-02;15;691
50;2025-11-02;16;717
50;2025-11-02;17;677
50;2025-11-02;18;603
50;2025-11-02;19;502
50;2025-11-02;20;403
50;2025-11-02;21;323
50;2025-11-02;22;184
50;2025-11-02;23;111
50;2025-11-03;0;36
50;2025-11-03;1;6
50;2025-11-03;2;0
50;2025-11-03;3;0
50;2025-11-03;4;1
50;2025-11-03;5;45
50;2025-11-03;6;364
50;2025-11-03;7;523
50;2025-11-03;8;759
50;2025-11-03;9;626
50;2025-11-03;10;651
50;2025-11-03;11;668
50;2025-11-03;12;715
50;2025-11-03;13;717
50;2025-11-03;14;711
50;2025-11-03;15;700
50;2025-11-03;16;725
50;2025-11-03;17;839
50;2025-11-03;18;821
50;2025-11-03;19;689
50;2025-11-03;20;551
50;2025-11-03;21;424
50;2025-11-03;22;229
50;2025-11-03;23;138
50;2025-11-04;0;38
50;2025-11-04;1;0
50;2025-11-04;2;1
50;2025-11-04;3;0
50;2025-11-04;4;4
50;2025-11-04;5;45
50;2025-11-04;6;359
50;2025-11-04;7;483
50;2025-11-04;8;681
50;2025-11-04;9;617
50;2025-11-04;10;602
50;2025-11-04;11;632
50;2025-11-04;12;644
50;2025-11-04;13;689
50;2025-11-04;14;730
50;2025-11-04;15;755
50;2025-11-04;16;718
50;2025-11-04;17;799
50;2025-11-04;18;777
50;2025-11-04;19;659
50;2025-11-04;20;539
50;2025-11-04;21;415
50;2025-11-04;22;219
50;2025-11-04;23;140
50;2025-11-05;0;37
50;2025-11-05;1;3
50;2025-11-05;2;0
50;2025-11-05;3;0
50;2025-11-05;4;1
50;2025-11-05;5;75
50;2025-11-05;6;528
50;2025-11-05;7;1697
50;2025-11-05;8;2676
50;2025-11-05;9;2117
50;2025-11-05;10;1595
50;2025-11-05;11;1500
50;2025-11-05;12;1442
50;2025-11-05;13;1438
50;2025-11-05;14;1394
50;2025-11-05;15;1569
50;2025-11-05;16;1691
50;2025-11-05;17;2344
50;2025-11-05;18;2413
50;2025-11-05;19;1433
50;2025-11-05;20;849
50;2025-11-05;21;553
50;2025-11-05;22;273
50;2025-11-05;23;142
50;2025-11-06;0;40
50;2025-11-06;1;2
50;2025-11-06;2;0
50;2025-11-06;3;0
50;2025-11-06;4;0
50;2025-11-06;5;74
50;2025-11-06;6;539
50;2025-11-06;7;1747
50;2025-11-06;8;2630
50;2025-11-06;9;2092
50;2025-11-06;10;1578
50;2025-11-06;11;1496
50;2025-11-06;12;1437
50;2025-11-06;13;1409
50;2025-11-06;14;1370
50;2025-11-06;15;1549
50;2025-11-06;16;1684
50;2025-11-06;17;2324
50;2025-11-06;18;2465
50;2025-11-06;19;1418
50;2025-11-06;20;889
50;2025-11-06;21;642
50;2025-11-06;22;271
50;2025-11-06;23;148
50;2025-11-07;0;44
50;2025-11-07;1;3
50;2025-11-07;2;0
50;2025-11-07;3;0
50;2025-11-07;4;2
50;2025-11-07;5;70
50;2025-11-07;6;533
50;2025-11-07;7;1691
50;2025-11-07;8;2625
50;2025-11-07;9;1999
50;2025-11-07;10;1500
50;2025-11-07;11;1495
50;2025-11-07;12;1477
50;2025-11-07;13;1454
50;2025-11-07;14;1426
50;2025-11-07;15;1713
50;2025-11-07;16;2044
50;2025-11-07;17;2171
50;2025-11-07;18;1750
50;2025-11-07;19;1187
50;2025-11-07;20;778
50;2025-11-07;21;542
50;2025-11-07;22;280
50;2025-11-07;23;153
50;2025-11-08;0;48
50;2025-11-08;1;0
50;2025-11-08;2;0
50;2025-11-08;3;0
50;2025-11-08;4;2
50;2025-11-08;5;26
50;2025-11-08;6;141
50;2025-11-08;7;308
50;2025-11-08;8;488
50;2025-11-08;9;517
50;2025-11-08;10;512
50;2025-11-08;11;626
50;2025-11-08;12;666
50;2025-11-08;13;705
50;2025-11-08;14;716
50;2025-11-08;15;682
50;2025-11-08;16;659
50;2025-11-08;17;658
50;2025-11-08;18;571
50;2025-11-08;19;516
50;2025-11-08;20;401
50;2025-11-08;21;310
50;2025-11-08;22;170
50;2025-11-08;23;115
50;2025-11-09;0;36
50;2025-11-09;1;0
50;2025-11-09;2;0
50;2025-11-09;3;0
50;2025-11-09;4;0
50;2025-11-09;5;15
50;2025-11-09;6;119
50;2025-11-09;7;172
50;2025-11-09;8;288
50;2025-11-09;9;381
50;2025-11-09;10;411
50;2025-11-09;11;515
50;2025-11-09;12;571
50;2025-11-09;13;612
50;2025-11-09;14;668
50;2025-11-09;15;594
50;2025-11-09;16;613
50;2025-11-09;17;615
50;2025-11-09;18;546
50;2025-11-09;19;490
50;2025-11-09;20;380
50;2025-11-09;21;308
50;2025-11-09;22;182
50;2025-11-09;23;103
50;2025-11-10;0;36
50;2025-11-10;1;8
50;2025-11-10;2;0
50;2025-11-10;3;0
50;2025-11-10;4;3
50;2025-11-10;5;73
50;2025-11-10;6;538
50;2025-11-10;7;1730
50;2025-11-10;8;2690
50;2025-11-10;9;2105
50;2025-11-10;10;1570
50;2025-11-10;11;1474
50;2025-11-10;12;1384
50;2025-11-10;13;1414
50;2025-11-10;14;1375
50;2025-11-10;15;1581
50;2025-11-10;16;1632
50;2025-11-10;17;2301
50;2025-11-10;18;2513
50;2025-11-10;19;1443
50;2025-11-10;20;872
50;2025-11-10;21;581
50;2025-11-10;22;246
50;2025-11-10;23;130
50;2025-11-11;0;39
50;2025-11-11;1;3
50;2025-11-11;2;0
50;2025-11-11;3;0
50;2025-11-11;4;1
50;2025-11-11;5;70
50;2025-11-11;6;575
50;2025-11-11;7;1826
50;2025-11-11;8;2846
50;2025-11-11;9;2180
50;2025-11-11;10;1640
50;2025-11-11;11;1533
50;2025-11-11;12;1460
50;2025-11-11;13;1459
50;2025-11-11;14;1401
50;2025-11-11;15;1600
50;2025-11-11;16;1650
50;2025-11-11;17;2418
50;2025-11-11;18;2580
50;2025-11-11;19;1484
50;2025-11-11;20;909
50;2025-11-11;21;611
50;2025-11-11;22;259
50;2025-11-11;23;144
50;2025-11-12;0;37
50;2025-11-12;1;3
50;2025-11-12;2;0
50;2025-11-12;3;0
50;2025-11-12;4;1
50;2025-11-12;5;73
50;2025-11-12;6;543
50;2025-11-12;7;1743
50;2025-11-12;8;2755
50;2025-11-12;9;2164
50;2025-11-12;10;1647
50;2025-11-12;11;1529
50;2025-11-12;12;1473
50;2025-11-12;13;1465
50;2025-11-12;14;1422
50;2025-11-12;15;1570
50;2025-11-12;16;1705
50;2025-11-12;17;2378
50;2025-11-12;18;2463
50;2025-11-12;19;1464
50;2025-11-12;20;871
50;2025-11-12;21;606
50;2025-11-12;22;277
50;2025-11-12;23;140
50;2025-11-13;0;39
50;2025-11-13;1;2
50;2025-11-13;2;0
50;2025-11-13;3;0
50;2025-11-13;4;0
50;2025-11-13;5;74
50;2025-11-13;6;544
50;2025-11-13;7;1780
50;2025-11-13;8;2721
50;2025-11-13;9;2141
50;2025-11-13;10;1613
50;2025-11-13;11;1540
50;2025-11-13;12;1450
50;2025-11-13;13;1431
50;2025-11-13;14;1391
50;2025-11-13;15;1585
50;2025-11-13;16;1721
50;2025-11-13;17;2386
50;2025-11-13;18;2544
50;2025-11-13;19;1458
50;2025-11-13;20;926
50;2025-11-13;21;644
50;2025-11-13;22;278
50;2025-11-13;23;148
50;2025-11-14;0;45
50;2025-11-14;1;2
50;2025-11-14;2;0
50;2025-11-14;3;0
50;2025-11-14;4;0
50;2025-11-14;5;75
50;2025-11-14;6;553
50;2025-11-14;7;1731
50;2025-11-14;8;2700
50;2025-11-14;9;2064
50;2025-11-14;10;1544
50;2025-11-14;11;1559
50;2025-11-14;12;1529
50;2025-11-14;13;1480
50;2025-11-14;14;1450
50;2025-11-14;15;1723
50;2025-11-14;16;2097
50;2025-11-14;17;2234
50;2025-11-14;18;1799
50;2025-11-14;19;1218
50;2025-11-14;20;806
50;2025-11-14;21;557
50;2025-11-14;22;287
50;2025-11-14;23;154
50;2025-11-15;0;53
50;2025-11-15;1;1
50;2025-11-15;2;0
50;2025-11-15;3;1
50;2025-11-15;4;0
50;2025-11-15;5;33
50;2025-11-15;6;164
50;2025-11-15;7;340
50;2025-11-15;8;517
50;2025-11-15;9;588
50;2025-11-15;10;583
50;2025-11-15;11;710
50;2025-11-15;12;751
50;2025-11-15;13;804
50;2025-11-15;14;818
50;2025-11-15;15;796
50;2025-11-15;16;762
50;2025-11-15;17;757
50;2025-11-15;18;678
50;2025-11-15;19;619
50;2025-11-15;20;449
50;2025-11-15;21;353
50;2025-11-15;22;200
50;2025-11-15;23;136
50;2025-11-16;0;48
50;2025-11-16;1;3
50;2025-11-16;2;1
50;2025-11-16;3;1
50;2025-11-16;4;1
50;2025-11-16;5;23
50;2025-11-16;6;130
50;2025-11-16;7;209
50;2025-11-16;8;322
50;2025-11-16;9;431
50;2025-11-16;10;471
50;2025-11-16;11;624
50;2025-11-16;12;693
50;2025-11-16;13;742
50;2025-11-16;14;761
50;2025-11-16;15;696
50;2025-11-16;16;696
50;2025-11-16;17;683
50;2025-11-16;18;605
50;2025-11-16;19;512
50;2025-11-16;20;395
50;2025-11-16;21;324
50;2025-11-16;22;177
50;2025-11-16;23;102
50;2025-11-17;0;29
50;2025-11-17;1;1
50;2025-11-17;2;0
50;2025-11-17;3;0
50;2025-11-17;4;2
50;2025-11-17;5;66
50;2025-11-17;6;536
50;2025-11-17;7;1759
50;2025-11-17;8;2779
50;2025-11-17;9;2186
50;2025-11-17;10;1579
50;2025-11-17;11;1489
50;2025-11-17;12;1380
50;2025-11-17;13;1378
50;2025-11-17;14;1374
50;2025-11-17;15;1587
50;2025-11-17;16;1643
50;2025-11-17;17;2370
50;2025-11-17;18;2591
50;2025-11-17;19;1458
50;2025-11-17;20;868
50;2025-11-17;21;582
50;2025-11-17;22;244
50;2025-11-17;23;127
50;2025-11-18;0;35
50;2025-11-18;1;2
50;2025-11-18;2;1
50;2025-11-18;3;1
50;2025-11-18;4;0
50;2025-11-18;5;72
50;2025-11-18;6;573
50;2025-11-18;7;1857
50;2025-11-18;8;2882
50;2025-11-18;9;2235
50;2025-11-18;10;1621
50;2025-11-18;11;1539
50;2025-11-18;12;1464
50;2025-11-18;13;1451
50;2025-11-18;14;1408
50;2025-11-18;15;1601
50;2025-11-18;16;1645
50;2025-11-18;17;2442
50;2025-11-18;18;2624
50;2025-11-18;19;1496
50;2025-11-18;20;909
50;2025-11-18;21;602
50;2025-11-18;22;256
50;2025-11-18;23;135
50;2025-11-19;0;32
50;2025-11-19;1;3
50;2025-11-19;2;0
50;2025-11-19;3;0
50;2025-11-19;4;0
50;2025-11-19;5;72
50;2025-11-19;6;551
50;2025-11-19;7;1775
50;2025-11-19;8;2760
50;2025-11-19;9;2171
50;2025-11-19;10;1655
50;2025-11-19;11;1558
50;2025-11-19;12;1505
50;2025-11-19;13;1487
50;2025-11-19;14;1434
50;2025-11-19;15;1600
50;2025-11-19;16;1719
50;2025-11-19;17;2393
50;2025-11-19;18;2482
50;2025-11-19;19;1477
50;2025-11-19;20;882
50;2025-11-19;21;610
50;2025-11-19;22;276
50;2025-11-19;23;138
50;2025-11-20;0;40
50;2025-11-20;1;0
50;2025-11-20;2;0
50;2025-11-20;3;0
50;2025-11-20;4;1
50;2025-11-20;5;73
50;2025-11-20;6;553
50;2025-11-20;7;1795
50;2025-11-20;8;2686
50;2025-11-20;9;2149
50;2025-11-20;10;1622
50;2025-11-20;11;1557
50;2025-11-20;12;1472
50;2025-11-20;13;1447
50;2025-11-20;14;1391
50;2025-11-20;15;1593
50;2025-11-20;16;1709
50;2025-11-20;17;2386
50;2025-11-20;18;2552
50;2025-11-20;19;1460
50;2025-11-20;20;926
50;2025-11-20;21;630
50;2025-11-20;22;272
50;2025-11-20;23;141
50;2025-11-21;0;42
50;2025-11-21;1;0
50;2025-11-21;2;0
50;2025-11-21;3;0
50;2025-11-21;4;3
50;2025-11-21;5;69
50;2025-11-21;6;537
50;2025-11-21;7;1749
50;2025-11-21;8;2677
50;2025-11-21;9;2052
50;2025-11-21;10;1546
50;2025-11-21;11;1554
50;2025-11-21;12;1510
50;2025-11-21;13;1480
50;2025-11-21;14;1435
50;2025-11-21;15;1723
50;2025-11-21;16;2061
50;2025-11-21;17;2221
50;2025-11-21;18;1796
50;2025-11-21;19;1202
50;2025-11-21;20;779
50;2025-11-21;21;546
50;2025-11-21;22;288
50;2025-11-21;23;150
50;2025-11-22;0;56
50;2025-11-22;1;2
50;2025-11-22;2;0
50;2025-11-22;3;0
50;2025-11-22;4;0
50;2025-11-22;5;33
50;2025-11-22;6;164
50;2025-11-22;7;342
50;2025-11-22;8;518
50;2025-11-22;9;602
50;2025-11-22;10;599
50;2025-11-22;11;714
50;2025-11-22;12;749
50;2025-11-22;13;798
50;2025-11-22;14;800
50;2025-11-22;15;762
50;2025-11-22;16;729
50;2025-11-22;17;736
50;2025-11-22;18;657
50;2025-11-22;19;593
50;2025-11-22;20;435
50;2025-11-22;21;348
50;2025-11-22;22;191
50;2025-11-22;23;135
50;2025-11-23;0;48
50;2025-11-23;1;4
50;2025-11-23;2;0
50;2025-11-23;3;0
50;2025-11-23;4;0
50;2025-11-23;5;24
50;2025-11-23;6;134
50;2025-11-23;7;198
50;2025-11-23;8;319
50;2025-11-23;9;425
50;2025-11-23;10;465
50;2025-11-23;11;606
50;2025-11-23;12;687
50;2025-11-23;13;742
50;2025-11-23;14;766
50;2025-11-23;15;709
50;2025-11-23;16;722
50;2025-11-23;17;688
50;2025-11-23;18;610
50;2025-11-23;19;516
50;2025-11-23;20;392
50;2025-11-23;21;321
50;2025-11-23;22;171
50;2025-11-23;23;100
50;2025-11-24;0;29
50;2025-11-24;1;4
50;2025-11-24;2;0
50;2025-11-24;3;0
50;2025-11-24;4;1
50;2025-11-24;5;72
50;2025-11-24;6;527
50;2025-11-24;7;1745
50;2025-11-24;8;2711
50;2025-11-24;9;2165
50;2025-11-24;10;1576
50;2025-11-24;11;1437
50;2025-11-24;12;1391
50;2025-11-24;13;1420
50;2025-11-24;14;1381
50;2025-11-24;15;1554
50;2025-11-24;16;1629
50;2025-11-24;17;2307
50;2025-11-24;18;2520
50;2025-11-24;19;1442
50;2025-11-24;20;874
50;2025-11-24;21;583
50;2025-11-24;22;241
50;2025-11-24;23;124
50;2025-11-25;0;32
50;2025-11-25;1;0
50;2025-11-25;2;0
50;2025-11-25;3;0
50;2025-11-25;4;0
50;2025-11-25;5;65
50;2025-11-25;6;566
50;2025-11-25;7;1841
50;2025-11-25;8;2768
50;2025-11-25;9;2174
50;2025-11-25;10;1635
50;2025-11-25;11;1535
50;2025-11-25;12;1468
50;2025-11-25;13;1455
50;2025-11-25;14;1395
50;2025-11-25;15;1576
50;2025-11-25;16;1624
50;2025-11-25;17;2392
50;2025-11-25;18;2556
50;2025-11-25;19;1469
50;2025-11-25;20;899
50;2025-11-25;21;589
50;2025-11-25;22;256
50;2025-11-25;23;139
50;2025-11-26;0;39
50;2025-11-26;1;1
50;2025-11-26;2;0
50;2025-11-26;3;0
50;2025-11-26;4;3
50;2025-11-26;5;74
50;2025-11-26;6;539
50;2025-11-26;7;1729
50;2025-11-26;8;2628
50;2025-11-26;9;2143
50;2025-11-26;10;1630
50;2025-11-26;11;1503
50;2025-11-26;12;1458
50;2025-11-26;13;1447
50;2025-11-26;14;1405
50;2025-11-26;15;1543
50;2025-11-26;16;1661
50;2025-11-26;17;2338
50;2025-11-26;18;2399
50;2025-11-26;19;1461
50;2025-11-26;20;877
50;2025-11-26;21;600
50;2025-11-26;22;278
50;2025-11-26;23;144
50;2025-11-27;0;41
50;2025-11-27;1;3
50;2025-11-27;2;0
50;2025-11-27;3;1
50;2025-11-27;4;0
50;2025-11-27;5;71
50;2025-11-27;6;534
50;2025-11-27;7;1750
50;2025-11-27;8;2558
50;2025-11-27;9;2102
50;2025-11-27;10;1585
50;2025-11-27;11;1501
50;2025-11-27;12;1447
50;2025-11-27;13;1423
50;2025-11-27;14;1373
50;2025-11-27;15;1550
50;2025-11-27;16;1678
50;2025-11-27;17;2327
50;2025-11-27;18;2456
50;2025-11-27;19;1452
50;2025-11-27;20;919
50;2025-11-27;21;623
50;2025-11-27;22;278
50;2025-11-27;23;148
50;2025-11-28;0;48
50;2025-11-28;1;5
50;2025-11-28;2;0
50;2025-11-28;3;0
50;2025-11-28;4;4
50;2025-11-28;5;72
50;2025-11-28;6;522
50;2025-11-28;7;1678
50;2025-11-28;8;2526
50;2025-11-28;9;1995
50;2025-11-28;10;1506
50;2025-11-28;11;1518
50;2025-11-28;12;1485
50;2025-11-28;13;1468
50;2025-11-28;14;1425
50;2025-11-28;15;1675
50;2025-11-28;16;2008
50;2025-11-28;17;2162
50;2025-11-28;18;1768
50;2025-11-28;19;1212
50;2025-11-28;20;779
50;2025-11-28;21;536
50;2025-11-28;22;284
50;2025-11-28;23;151
50;2025-11-29;0;54
50;2025-11-29;1;0
50;2025-11-29;2;0
50;2025-11-29;3;0
50;2025-11-29;4;0
50;2025-11-29;5;27
50;2025-11-29;6;142
50;2025-11-29;7;315
50;2025-11-29;8;462
50;2025-11-29;9;554
50;2025-11-29;10;553
50;2025-11-29;11;697
50;2025-11-29;12;733
50;2025-11-29;13;773
50;2025-11-29;14;766
50;2025-11-29;15;744
50;2025-11-29;16;722
50;2025-11-29;17;708
50;2025-11-29;18;642
50;2025-11-29;19;557
50;2025-11-29;20;399
50;2025-11-29;21;324
50;2025-11-29;22;167
50;2025-11-29;23;119
50;2025-11-30;0;47
50;2025-11-30;1;3
50;2025-11-30;2;0
50;2025-11-30;3;0
50;2025-11-30;4;0
50;2025-11-30;5;23
50;2025-11-30;6;119
50;2025-11-30;7;176
50;2025-11-30;8;286
50;2025-11-30;9;392
50;2025-11-30;10;418
50;2025-11-30;11;539
50;2025-11-30;12;611
50;2025-11-30;13;679
50;2025-11-30;14;698
50;2025-11-30;15;625
50;2025-11-30;16;651
50;2025-11-30;17;632
50;2025-11-30;18;539
50;2025-11-30;19;444
50;2025-11-30;20;366
50;2025-11-30;21;308
50;2025-11-30;22;160
50;2025-11-30;23;95
50;2025-12-01;0;32
50;2025-12-01;1;5
50;2025-12-01;2;0
50;2025-12-01;3;0
50;2025-12-01;4;1
50;2025-12-01;5;59
50;2025-12-01;6;438
50;2025-12-01;7;1548
50;2025-12-01;8;2363
50;2025-12-01;9;1879
50;2025-12-01;10;1401
50;2025-12-01;11;1360
50;2025-12-01;12;1310
50;2025-12-01;13;1337
50;2025-12-01;14;1292
50;2025-12-01;15;1438
50;2025-12-01;16;1493
50;2025-12-01;17;2052
50;2025-12-01;18;2214
50;2025-12-01;19;1334
50;2025-12-01;20;747
50;2025-12-01;21;470
50;2025-12-01;22;216
50;2025-12-01;23;117
50;2025-12-02;0;35
50;2025-12-02;1;2
50;2025-12-02;2;0
50;2025-12-02;3;0
50;2025-12-02;4;0
50;2025-12-02;5;60
50;2025-12-02;6;466
50;2025-12-02;7;1639
50;2025-12-02;8;2462
50;2025-12-02;9;1903
50;2025-12-02;10;1462
50;2025-12-02;11;1401
50;2025-12-02;12;1366
50;2025-12-02;13;1354
50;2025-12-02;14;1306
50;2025-12-02;15;1436
50;2025-12-02;16;1486
50;2025-12-02;17;2123
50;2025-12-02;18;2264
50;2025-12-02;19;1346
50;2025-12-02;20;775
50;2025-12-02;21;501
50;2025-12-02;22;228
50;2025-12-02;23;127
50;2025-12-03;0;36
50;2025-12-03;1;4
50;2025-12-03;2;0
50;2025-12-03;3;0
50;2025-12-03;4;1
50;2025-12-03;5;60
50;2025-12-03;6;456
50;2025-12-03;7;1565
50;2025-12-03;8;2356
50;2025-12-03;9;1911
50;2025-12-03;10;1481
50;2025-12-03;11;1411
50;2025-12-03;12;1397
50;2025-12-03;13;1387
50;2025-12-03;14;1341
50;2025-12-03;15;1444
50;2025-12-03;16;1541
50;2025-12-03;17;2095
50;2025-12-03;18;2150
50;2025-12-03;19;1352
50;2025-12-03;20;759
50;2025-12-03;21;506
50;2025-12-03;22;249
50;2025-12-03;23;130
50;2025-12-04;0;39
50;2025-12-04;1;4
50;2025-12-04;2;0
50;2025-12-04;3;0
50;2025-12-04;4;1
50;2025-12-04;5;62
50;2025-12-04;6;459
50;2025-12-04;7;1600
50;2025-12-04;8;2317
50;2025-12-04;9;1904
50;2025-12-04;10;1448
50;2025-12-04;11;1418
50;2025-12-04;12;1377
50;2025-12-04;13;1361
50;2025-12-04;14;1308
50;2025-12-04;15;1447
50;2025-12-04;16;1558
50;2025-12-04;17;2117
50;2025-12-04;18;2239
50;2025-12-04;19;1352
50;2025-12-04;20;801
50;2025-12-04;21;531
50;2025-12-04;22;249
50;2025-12-04;23;134
50;2025-12-05;0;47
50;2025-12-05;1;3
50;2025-12-05;2;0
50;2025-12-05;3;0
50;2025-12-05;4;4
50;2025-12-05;5;61
50;2025-12-05;6;452
50;2025-12-05;7;1556
50;2025-12-05;8;2324
50;2025-12-05;9;1811
50;2025-12-05;10;1413
50;2025-12-05;11;1436
50;2025-12-05;12;1407
50;2025-12-05;13;1390
50;2025-12-05;14;1360
50;2025-12-05;15;1560
50;2025-12-05;16;1849
50;2025-12-05;17;2001
50;2025-12-05;18;1639
50;2025-12-05;19;1129
50;2025-12-05;20;687
50;2025-12-05;21;467
50;2025-12-05;22;258
50;2025-12-05;23;139
50;2025-12-06;0;57
50;2025-12-06;1;7
50;2025-12-06;2;0
50;2025-12-06;3;0
50;2025-12-06;4;2
50;2025-12-06;5;34
50;2025-12-06;6;147
50;2025-12-06;7;312
50;2025-12-06;8;445
50;2025-12-06;9;521
50;2025-12-06;10;520
50;2025-12-06;11;646
50;2025-12-06;12;688
50;2025-12-06;13;731
50;2025-12-06;14;727
50;2025-12-06;15;699
50;2025-12-06;16;673
50;2025-12-06;17;663
50;2025-12-06;18;597
50;2025-12-06;19;526
50;2025-12-06;20;398
50;2025-12-06;21;325
50;2025-12-06;22;166
50;2025-12-06;23;126
50;2025-12-07;0;49
50;2025-12-07;1;8
50;2025-12-07;2;1
50;2025-12-07;3;0
50;2025-12-07;4;1
50;2025-12-07;5;25
50;2025-12-07;6;115
50;2025-12-07;7;169
50;2025-12-07;8;271
50;2025-12-07;9;370
50;2025-12-07;10;396
50;2025-12-07;11;519
50;2025-12-07;12;585
50;2025-12-07;13;650
50;2025-12-07;14;677
50;2025-12-07;15;613
50;2025-12-07;16;637
50;2025-12-07;17;611
50;2025-12-07;18;525
50;2025-12-07;19;442
50;2025-12-07;20;371
50;2025-12-07;21;311
50;2025-12-07;22;161
50;2025-12-07;23;100
50;2025-12-08;0;33
50;2025-12-08;1;7
50;2025-12-08;2;0
50;2025-12-08;3;0
50;2025-12-08;4;0
50;2025-12-08;5;57
50;2025-12-08;6;421
50;2025-12-08;7;1529
50;2025-12-08;8;2372
50;2025-12-08;9;1884
50;2025-12-08;10;1384
50;2025-12-08;11;1340
50;2025-12-08;12;1279
50;2025-12-08;13;1318
50;2025-12-08;14;1277
50;2025-12-08;15;1429
50;2025-12-08;16;1496
50;2025-12-08;17;2072
50;2025-12-08;18;2242
50;2025-12-08;19;1316
50;2025-12-08;20;717
50;2025-12-08;21;468
50;2025-12-08;22;213
50;2025-12-08;23;123
50;2025-12-09;0;38
50;2025-12-09;1;4
50;2025-12-09;2;0
50;2025-12-09;3;0
50;2025-12-09;4;0
50;2025-12-09;5;61
50;2025-12-09;6;425
50;2025-12-09;7;1602
50;2025-12-09;8;2490
50;2025-12-09;9;1902
50;2025-12-09;10;1414
50;2025-12-09;11;1351
50;2025-12-09;12;1306
50;2025-12-09;13;1304
50;2025-12-09;14;1254
50;2025-12-09;15;1404
50;2025-12-09;16;1465
50;2025-12-09;17;2157
50;2025-12-09;18;2294
50;2025-12-09;19;1314
50;2025-12-09;20;726
50;2025-12-09;21;472
50;2025-12-09;22;223
50;2025-12-09;23;128
50;2025-12-10;0;8
50;2025-12-10;1;0
50;2025-12-10;2;0
50;2025-12-10;3;0
50;2025-12-10;4;0
50;2025-12-10;5;6
50;2025-12-10;6;358
50;2025-12-10;7;1403
50;2025-12-10;8;2280
50;2025-12-10;9;1776
50;2025-12-10;10;1292
50;2025-12-10;11;1214
50;2025-12-10;12;1197
50;2025-12-10;13;1197
50;2025-12-10;14;1161
50;2025-12-10;15;1256
50;2025-12-10;16;1390
50;2025-12-10;17;1984
50;2025-12-10;18;2065
50;2025-12-10;19;1183
50;2025-12-10;20;613
50;2025-12-10;21;401
50;2025-12-10;22;185
50;2025-12-10;23;77
50;2025-12-11;0;0
50;2025-12-11;1;0
50;2025-12-11;2;0
50;2025-12-11;3;1
50;2025-12-11;4;0
50;2025-12-11;5;16
50;2025-12-11;6;374
50;2025-12-11;7;1463
50;2025-12-11;8;2263
50;2025-12-11;9;1800
50;2025-12-11;10;1291
50;2025-12-11;11;1247
50;2025-12-11;12;1211
50;2025-12-11;13;1204
50;2025-12-11;14;1168
50;2025-12-11;15;1290
50;2025-12-11;16;1414
50;2025-12-11;17;2007
50;2025-12-11;18;2157
50;2025-12-11;19;1202
50;2025-12-11;20;665
50;2025-12-11;21;417
50;2025-12-11;22;195
50;2025-12-11;23;94
50;2025-12-12;0;13
50;2025-12-12;1;0
50;2025-12-12;2;0
50;2025-12-12;3;0
50;2025-12-12;4;0
50;2025-12-12;5;22
50;2025-12-12;6;359
50;2025-12-12;7;1397
50;2025-12-12;8;2282
50;2025-12-12;9;1654
50;2025-12-12;10;1205
50;2025-12-12;11;1227
50;2025-12-12;12;1206
50;2025-12-12;13;1204
50;2025-12-12;14;1188
50;2025-12-12;15;1415
50;2025-12-12;16;1733
50;2025-12-12;17;1877
50;2025-12-12;18;1503
50;2025-12-12;19;996
50;2025-12-12;20;573
50;2025-12-12;21;400
50;2025-12-12;22;213
50;2025-12-12;23;100
50;2025-12-13;0;21
50;2025-12-13;1;0
50;2025-12-13;2;0
50;2025-12-13;3;0
50;2025-12-13;4;0
50;2025-12-13;5;0
50;2025-12-13;6;84
50;2025-12-13;7;271
50;2025-12-13;8;377
50;2025-12-13;9;444
50;2025-12-13;10;436
50;2025-12-13;11;534
50;2025-12-13;12;563
50;2025-12-13;13;595
50;2025-12-13;14;591
50;2025-12-13;15;572
50;2025-12-13;16;557
50;2025-12-13;17;528
50;2025-12-13;18;495
50;2025-12-13;19;455
50;2025-12-13;20;352
50;2025-12-13;21;274
50;2025-12-13;22;113
50;2025-12-13;23;81
50;2025-12-14;0;14
50;2025-12-14;1;0
50;2025-12-14;2;0
50;2025-12-14;3;0
50;2025-12-14;4;0
50;2025-12-14;5;0
50;2025-12-14;6;46
50;2025-12-14;7;96
50;2025-12-14;8;196
50;2025-12-14;9;290
50;2025-12-14;10;311
50;2025-12-14;11;407
50;2025-12-14;12;484
50;2025-12-14;13;520
50;2025-12-14;14;544
50;2025-12-14;15;504
50;2025-12-14;16;503
50;2025-12-14;17;480
50;2025-12-14;18;428
50;2025-12-14;19;353
50;2025-12-14;20;293
50;2025-12-14;21;233
50;2025-12-14;22;99
50;2025-12-14;23;40
50;2025-12-15;0;0
50;2025-12-15;1;0
50;2025-12-15;2;0
50;2025-12-15;3;0
50;2025-12-15;4;0
50;2025-12-15;5;0
50;2025-12-15;6;340
50;2025-12-15;7;1392
50;2025-12-15;8;2326
50;2025-12-15;9;1773
50;2025-12-15;10;1239
50;2025-12-15;11;1179
50;2025-12-15;12;1121
50;2025-12-15;13;1164
50;2025-12-15;14;1131
50;2025-12-15;15;1293
50;2025-12-15;16;1360
50;2025-12-15;17;1982
50;2025-12-15;18;2182
50;2025-12-15;19;1170
50;2025-12-15;20;609
50;2025-12-15;21;390
50;2025-12-15;22;159
50;2025-12-15;23;66
50;2025-12-16;0;0
50;2025-12-16;1;0
50;2025-12-16;2;0
50;2025-12-16;3;0
50;2025-12-16;4;0
50;2025-12-16;5;2
50;2025-12-16;6;363
50;2025-12-16;7;1493
50;2025-12-16;8;2412
50;2025-12-16;9;1798
50;2025-12-16;10;1295
50;2025-12-16;11;1217
50;2025-12-16;12;1170
50;2025-12-16;13;1186
50;2025-12-16;14;1134
50;2025-12-16;15;1286
50;2025-12-16;16;1354
50;2025-12-16;17;2068
50;2025-12-16;18;2227
50;2025-12-16;19;1209
50;2025-12-16;20;654
50;2025-12-16;21;406
50;2025-12-16;22;164
50;2025-12-16;23;74
50;2025-12-17;0;0
50;2025-12-17;1;0
50;2025-12-17;2;0
50;2025-12-17;3;0
50;2025-12-17;4;0
50;2025-12-17;5;2
50;2025-12-17;6;359
50;2025-12-17;7;1387
50;2025-12-17;8;2264
50;2025-12-17;9;1771
50;2025-12-17;10;1296
50;2025-12-17;11;1213
50;2025-12-17;12;1195
50;2025-12-17;13;1202
50;2025-12-17;14;1161
50;2025-12-17;15;1260
50;2025-12-17;16;1387
50;2025-12-17;17;1988
50;2025-12-17;18;2061
50;2025-12-17;19;1183
50;2025-12-17;20;620
50;2025-12-17;21;407
50;2025-12-17;22;188
50;2025-12-17;23;79
50;2025-12-18;0;0
50;2025-12-18;1;0
50;2025-12-18;2;0
50;2025-12-18;3;1
50;2025-12-18;4;0
50;2025-12-18;5;0
50;2025-12-18;6;355
50;2025-12-18;7;1424
50;2025-12-18;8;2251
50;2025-12-18;9;1750
50;2025-12-18;10;1262
50;2025-12-18;11;1227
50;2025-12-18;12;1191
50;2025-12-18;13;1182
50;2025-12-18;14;1144
50;2025-12-18;15;1284
50;2025-12-18;16;1399
50;2025-12-18;17;1995
50;2025-12-18;18;2150
50;2025-12-18;19;1181
50;2025-12-18;20;641
50;2025-12-18;21;408
50;2025-12-18;22;183
50;2025-12-18;23;83
50;2025-12-19;0;5
50;2025-12-19;1;0
50;2025-12-19;2;0
50;2025-12-19;3;0
50;2025-12-19;4;0
50;2025-12-19;5;15
50;2025-12-19;6;356
50;2025-12-19;7;1373
50;2025-12-19;8;2247
50;2025-12-19;9;1647
50;2025-12-19;10;1212
50;2025-12-19;11;1222
50;2025-12-19;12;1218
50;2025-12-19;13;1216
50;2025-12-19;14;1190
50;2025-12-19;15;1406
50;2025-12-19;16;1706
50;2025-12-19;17;1854
50;2025-12-19;18;1461
50;2025-12-19;19;950
50;2025-12-19;20;555
50;2025-12-19;21;374
50;2025-12-19;22;191
50;2025-12-19;23;80
50;2025-12-20;0;9
50;2025-12-20;1;0
50;2025-12-20;2;0
50;2025-12-20;3;0
50;2025-12-20;4;0
50;2025-12-20;5;0
50;2025-12-20;6;66
50;2025-12-20;7;222
50;2025-12-20;8;326
50;2025-12-20;9;395
50;2025-12-20;10;392
50;2025-12-20;11;486
50;2025-12-20;12;516
50;2025-12-20;13;548
50;2025-12-20;14;554
50;2025-12-20;15;532
50;2025-12-20;16;524
50;2025-12-20;17;493
50;2025-12-20;18;461
50;2025-12-20;19;413
50;2025-12-20;20;332
50;2025-12-20;21;266
50;2025-12-20;22;97
50;2025-12-20;23;62
50;2025-12-21;0;12
50;2025-12-21;1;0
50;2025-12-21;2;0
50;2025-12-21;3;1
50;2025-12-21;4;0
50;2025-12-21;5;0
50;2025-12-21;6;50
50;2025-12-21;7;104
50;2025-12-21;8;196
50;2025-12-21;9;289
50;2025-12-21;10;311
50;2025-12-21;11;406
50;2025-12-21;12;454
50;2025-12-21;13;500
50;2025-12-21;14;523
50;2025-12-21;15;482
50;2025-12-21;16;492
50;2025-12-21;17;469
50;2025-12-21;18;416
50;2025-12-21;19;341
50;2025-12-21;20;301
50;2025-12-21;21;242
50;2025-12-21;22;98
50;2025-12-21;23;45
50;2025-12-22;0;0
50;2025-12-22;1;0
50;2025-12-22;2;0
50;2025-12-22;3;0
50;2025-12-22;4;0
50;2025-12-22;5;9
50;2025-12-22;6;341
50;2025-12-22;7;1382
50;2025-12-22;8;2305
50;2025-12-22;9;1771
50;2025-12-22;10;1238
50;2025-12-22;11;1172
50;2025-12-22;12;1129
50;2025-12-22;13;1176
50;2025-12-22;14;1146
50;2025-12-22;15;1293
50;2025-12-22;16;1365
50;2025-12-22;17;1980
50;2025-12-22;18;2171
50;2025-12-22;19;1194
50;2025-12-22;20;632
50;2025-12-22;21;412
50;2025-12-22;22;170
50;2025-12-22;23;77
50;2025-12-23;0;0
50;2025-12-23;1;0
50;2025-12-23;2;0
50;2025-12-23;3;0
50;2025-12-23;4;0
50;2025-12-23;5;10
50;2025-12-23;6;386
50;2025-12-23;7;1521
50;2025-12-23;8;2437
50;2025-12-23;9;1826
50;2025-12-23;10;1336
50;2025-12-23;11;1270
50;2025-12-23;12;1214
50;2025-12-23;13;1210
50;2025-12-23;14;1165
50;2025-12-23;15;1314
50;2025-12-23;16;1375
50;2025-12-23;17;2076
50;2025-12-23;18;2209
50;2025-12-23;19;1214
50;2025-12-23;20;637
50;2025-12-23;21;405
50;2025-12-23;22;169
50;2025-12-23;23;75
50;2025-12-24;0;0
50;2025-12-24;1;0
50;2025-12-24;2;0
50;2025-12-24;3;0
50;2025-12-24;4;0
50;2025-12-24;5;0
50;2025-12-24;6;360
50;2025-12-24;7;1402
50;2025-12-24;8;2283
50;2025-12-24;9;1790
50;2025-12-24;10;1315
50;2025-12-24;11;1246
50;2025-12-24;12;1226
50;2025-12-24;13;1223
50;2025-12-24;14;1183
50;2025-12-24;15;1289
50;2025-12-24;16;1411
50;2025-12-24;17;2007
50;2025-12-24;18;2082
50;2025-12-24;19;1195
50;2025-12-24;20;625
50;2025-12-24;21;390
50;2025-12-24;22;173
50;2025-12-24;23;77
50;2025-12-25;0;0
50;2025-12-25;1;0
50;2025-12-25;2;0
50;2025-12-25;3;0
50;2025-12-25;4;0
50;2025-12-25;5;0
50;2025-12-25;6;338
50;2025-12-25;7;1398
50;2025-12-25;8;2229
50;2025-12-25;9;1751
50;2025-12-25;10;1261
50;2025-12-25;11;1226
50;2025-12-25;12;1185
50;2025-12-25;13;1178
50;2025-12-25;14;1148
50;2025-12-25;15;1275
50;2025-12-25;16;1397
50;2025-12-25;17;2005
50;2025-12-25;18;2151
50;2025-12-25;19;1192
50;2025-12-25;20;661
50;2025-12-25;21;410
50;2025-12-25;22;190
50;2025-12-25;23;97
50;2025-12-26;0;13
50;2025-12-26;1;0
50;2025-12-26;2;0
50;2025-12-26;3;0
50;2025-12-26;4;0
50;2025-12-26;5;16
50;2025-12-26;6;364
50;2025-12-26;7;1364
50;2025-12-26;8;2247
50;2025-12-26;9;1675
50;2025-12-26;10;1232
50;2025-12-26;11;1239
50;2025-12-26;12;1217
50;2025-12-26;13;1213
50;2025-12-26;14;1191
50;2025-12-26;15;1432
50;2025-12-26;16;1731
50;2025-12-26;17;1866
50;2025-12-26;18;1471
50;2025-12-26;19;980
50;2025-12-26;20;558
50;2025-12-26;21;391
50;2025-12-26;22;203
50;2025-12-26;23;93
50;2025-12-27;0;20
50;2025-12-27;1;0
50;2025-12-27;2;0
50;2025-12-27;3;1
50;2025-12-27;4;0
50;2025-12-27;5;0
50;2025-12-27;6;60
50;2025-12-27;7;218
50;2025-12-27;8;307
50;2025-12-27;9;366
50;2025-12-27;10;366
50;2025-12-27;11;446
50;2025-12-27;12;484
50;2025-12-27;13;532
50;2025-12-27;14;527
50;2025-12-27;15;501
50;2025-12-27;16;481
50;2025-12-27;17;454
50;2025-12-27;18;406
50;2025-12-27;19;376
50;2025-12-27;20;305
50;2025-12-27;21;245
50;2025-12-27;22;90
50;2025-12-27;23;57
50;2025-12-28;0;0
50;2025-12-28;1;0
50;2025-12-28;2;1
50;2025-12-28;3;1
50;2025-12-28;4;0
50;2025-12-28;5;0
50;2025-12-28;6;31
50;2025-12-28;7;89
50;2025-12-28;8;184
50;2025-12-28;9;289
50;2025-12-28;10;308
50;2025-12-28;11;381
50;2025-12-28;12;415
50;2025-12-28;13;463
50;2025-12-28;14;491
50;2025-12-28;15;433
50;2025-12-28;16;431
50;2025-12-28;17;410
50;2025-12-28;18;372
50;2025-12-28;19;318
50;2025-12-28;20;286
50;2025-12-28;21;234
50;2025-12-28;22;86
50;2025-12-28;23;34
50;2025-12-29;0;0
50;2025-12-29;1;0
50;2025-12-29;2;0
50;2025-12-29;3;0
50;2025-12-29;4;0
50;2025-12-29;5;0
50;2025-12-29;6;316
50;2025-12-29;7;1339
50;2025-12-29;8;2251
50;2025-12-29;9;1744
50;2025-12-29;10;1211
50;2025-12-29;11;1143
50;2025-12-29;12;1086
50;2025-12-29;13;1126
50;2025-12-29;14;1095
50;2025-12-29;15;1259
50;2025-12-29;16;1324
50;2025-12-29;17;1926
50;2025-12-29;18;2115
50;2025-12-29;19;1151
50;2025-12-29;20;592
50;2025-12-29;21;386
50;2025-12-29;22;153
50;2025-12-29;23;68
50;2025-12-30;0;0
50;2025-12-30;1;0
50;2025-12-30;2;0
50;2025-12-30;3;0
50;2025-12-30;4;0
50;2025-12-30;5;0
50;2025-12-30;6;324
50;2025-12-30;7;1425
50;2025-12-30;8;2335
50;2025-12-30;9;1780
50;2025-12-30;10;1257
50;2025-12-30;11;1191
50;2025-12-30;12;1136
50;2025-12-30;13;1150
50;2025-12-30;14;1098
50;2025-12-30;15;1251
50;2025-12-30;16;1307
50;2025-12-30;17;2003
50;2025-12-30;18;2121
50;2025-12-30;19;1158
50;2025-12-30;20;607
50;2025-12-30;21;388
50;2025-12-30;22;149
50;2025-12-30;23;73
50;2025-12-31;0;0
50;2025-12-31;1;0
50;2025-12-31;2;0
50;2025-12-31;3;0
50;2025-12-31;4;0
50;2025-12-31;5;0
50;2025-12-31;6;144
50;2025-12-31;7;113
50;2025-12-31;8;275
50;2025-12-31;9;218
50;2025-12-31;10;271
50;2025-12-31;11;309
50;2025-12-31;12;454
50;2025-12-31;13;395
50;2025-12-31;14;397
50;2025-12-31;15;444
50;2025-12-31;16;469
50;2025-12-31;17;514
50;2025-12-31;18;422
50;2025-12-31;19;307
50;2025-12-31;20;245
50;2025-12-31;21;202
50;2025-12-31;22;133
50;2025-12-31;23;66
