route;date;hour;prediction
1;2025-11-01;0;3
1;2025-11-01;1;0
1;2025-11-01;2;0
1;2025-11-01;3;0
1;2025-11-01;4;0
1;2025-11-01;5;30
1;2025-11-01;6;145
1;2025-11-01;7;316
1;2025-11-01;8;443
1;2025-11-01;9;727
1;2025-11-01;10;859
1;2025-11-01;11;790
1;2025-11-01;12;1007
1;2025-11-01;13;1051
1;2025-11-01;14;988
1;2025-11-01;15;840
1;2025-11-01;16;805
1;2025-11-01;17;726
1;2025-11-01;18;600
1;2025-11-01;19;538
1;2025-11-01;20;395
1;2025-11-01;21;292
1;2025-11-01;22;100
1;2025-11-01;23;16
1;2025-11-02;0;1
1;2025-11-02;1;0
1;2025-11-02;2;0
1;2025-11-02;3;0
1;2025-11-02;4;1
1;2025-11-02;5;27
1;2025-11-02;6;131
1;2025-11-02;7;227
1;2025-11-02;8;330
1;2025-11-02;9;492
1;2025-11-02;10;603
1;2025-11-02;11;566
1;2025-11-02;12;738
1;2025-11-02;13;755
1;2025-11-02;14;766
1;2025-11-02;15;701
1;2025-11-02;16;618
1;2025-11-02;17;545
1;2025-11-02;18;465
1;2025-11-02;19;394
1;2025-11-02;20;332
1;2025-11-02;21;246
1;2025-11-02;22;116
1;2025-11-02;23;31
1;2025-11-03;0;0
1;2025-11-03;1;0
1;2025-11-03;2;0
1;2025-11-03;3;0
1;2025-11-03;4;2
1;2025-11-03;5;91
1;2025-11-03;6;324
1;2025-11-03;7;411
1;2025-11-03;8;424
1;2025-11-03;9;520
1;2025-11-03;10;597
1;2025-11-03;11;550
1;2025-11-03;12;559
1;2025-11-03;13;562
1;2025-11-03;14;552
1;2025-11-03;15;534
1;2025-11-03;16;574
1;2025-11-03;17;585
1;2025-11-03;18;547
1;2025-11-03;19;613
1;2025-11-03;20;435
1;2025-11-03;21;349
1;2025-11-03;22;191
1;2025-11-03;23;34
1;2025-11-04;0;1
1;2025-11-04;1;0
1;2025-11-04;2;0
1;2025-11-04;3;0
1;2025-11-04;4;7
1;2025-11-04;5;89
1;2025-11-04;6;319
1;2025-11-04;7;372
1;2025-11-04;8;403
1;2025-11-04;9;486
1;2025-11-04;10;563
1;2025-11-04;11;515
1;2025-11-04;12;542
1;2025-11-04;13;572
1;2025-11-04;14;645
1;2025-11-04;15;624
1;2025-11-04;16;591
1;2025-11-04;17;525
1;2025-11-04;18;491
1;2025-11-04;19;605
1;2025-11-04;20;475
1;2025-11-04;21;375
1;2025-11-04;22;191
1;2025-11-04;23;40
1;2025-11-05;0;5
1;2025-11-05;1;0
1;2025-11-05;2;0
1;2025-11-05;3;0
1;2025-11-05;4;5
1;2025-11-05;5;129
1;2025-11-05;6;522
1;2025-11-05;7;1473
1;2025-11-05;8;1901
1;2025-11-05;9;1450
1;2025-11-05;10;1277
1;2025-11-05;11;1325
1;2025-11-05;12;1360
1;2025-11-05;13;1413
1;2025-11-05;14;1363
1;2025-11-05;15;1529
1;2025-11-05;16;1503
1;2025-11-05;17;1810
1;2025-11-05;18;1851
1;2025-11-05;19;1415
1;2025-11-05;20;869
1;2025-11-05;21;441
1;2025-11-05;22;255
1;2025-11-05;23;43
1;2025-11-06;0;4
1;2025-11-06;1;0
1;2025-11-06;2;0
1;2025-11-06;3;0
1;2025-11-06;4;6
1;2025-11-06;5;129
1;2025-11-06;6;515
1;2025-11-06;7;1486
1;2025-11-06;8;1910
1;2025-11-06;9;1442
1;2025-11-06;10;1313
1;2025-11-06;11;1308
1;2025-11-06;12;1375
1;2025-11-06;13;1389
1;2025-11-06;14;1353
1;2025-11-06;15;1484
1;2025-11-06;16;1500
1;2025-11-06;17;1769
1;2025-11-06;18;1799
1;2025-11-06;19;1347
1;2025-11-06;20;857
1;2025-11-06;21;471
1;2025-11-06;22;252
1;2025-11-06;23;50
1;2025-11-07;0;3
1;2025-11-07;1;0
1;2025-11-07;2;0
1;2025-11-07;3;0
1;2025-11-07;4;2
1;2025-11-07;5;130
1;2025-11-07;6;500
1;2025-11-07;7;1494
1;2025-11-07;8;1866
1;2025-11-07;9;1445
1;2025-11-07;10;1257
1;2025-11-07;11;1358
1;2025-11-07;12;1363
1;2025-11-07;13;1393
1;2025-11-07;14;1353
1;2025-11-07;15;1541
1;2025-11-07;16;1589
1;2025-11-07;17;1760
1;2025-11-07;18;1550
1;2025-11-07;19;1186
1;2025-11-07;20;784
1;2025-11-07;21;463
1;2025-11-07;22;254
1;2025-11-07;23;56
1;2025-11-08;0;5
1;2025-11-08;1;0
1;2025-11-08;2;0
1;2025-11-08;3;0
1;2025-11-08;4;0
1;2025-11-08;5;40
1;2025-11-08;6;182
1;2025-11-08;7;338
1;2025-11-08;8;453
1;2025-11-08;9;726
1;2025-11-08;10;811
1;2025-11-08;11;749
1;2025-11-08;12;953
1;2025-11-08;13;1000
1;2025-11-08;14;931
1;2025-11-08;15;800
1;2025-11-08;16;765
1;2025-11-08;17;697
1;2025-11-08;18;608
1;2025-11-08;19;538
1;2025-11-08;20;401
1;2025-11-08;21;311
1;2025-11-08;22;146
1;2025-11-08;23;40
1;2025-11-09;0;1
1;2025-11-09;1;0
1;2025-11-09;2;0
1;2025-11-09;3;0
1;2025-11-09;4;0
1;2025-11-09;5;31
1;2025-11-09;6;140
1;2025-11-09;7;263
1;2025-11-09;8;357
1;2025-11-09;9;588
1;2025-11-09;10;713
1;2025-11-09;11;684
1;2025-11-09;12;869
1;2025-11-09;13;880
1;2025-11-09;14;767
1;2025-11-09;15;721
1;2025-11-09;16;652
1;2025-11-09;17;600
1;2025-11-09;18;536
1;2025-11-09;19;465
1;2025-11-09;20;370
1;2025-11-09;21;273
1;2025-11-09;22;125
1;2025-11-09;23;37
1;2025-11-10;0;0
1;2025-11-10;1;0
1;2025-11-10;2;0
1;2025-11-10;3;0
1;2025-11-10;4;9
1;2025-11-10;5;138
1;2025-11-10;6;569
1;2025-11-10;7;1532
1;2025-11-10;8;1927
1;2025-11-10;9;1431
1;2025-11-10;10;1243
1;2025-11-10;11;1336
1;2025-11-10;12;1381
1;2025-11-10;13;1371
1;2025-11-10;14;1343
1;2025-11-10;15;1511
1;2025-11-10;16;1541
1;2025-11-10;17;1802
1;2025-11-10;18;1885
1;2025-11-10;19;1411
1;2025-11-10;20;886
1;2025-11-10;21;482
1;2025-11-10;22;242
1;2025-11-10;23;47
1;2025-11-11;0;3
1;2025-11-11;1;0
1;2025-11-11;2;0
1;2025-11-11;3;0
1;2025-11-11;4;7
1;2025-11-11;5;141
1;2025-11-11;6;586
1;2025-11-11;7;1594
1;2025-11-11;8;1971
1;2025-11-11;9;1527
1;2025-11-11;10;1360
1;2025-11-11;11;1388
1;2025-11-11;12;1408
1;2025-11-11;13;1439
1;2025-11-11;14;1377
1;2025-11-11;15;1534
1;2025-11-11;16;1528
1;2025-11-11;17;1800
1;2025-11-11;18;1839
1;2025-11-11;19;1431
1;2025-11-11;20;923
1;2025-11-11;21;509
1;2025-11-11;22;252
1;2025-11-11;23;53
1;2025-11-12;0;4
1;2025-11-12;1;0
1;2025-11-12;2;0
1;2025-11-12;3;0
1;2025-11-12;4;7
1;2025-11-12;5;140
1;2025-11-12;6;582
1;2025-11-12;7;1544
1;2025-11-12;8;1952
1;2025-11-12;9;1510
1;2025-11-12;10;1366
1;2025-11-12;11;1377
1;2025-11-12;12;1391
1;2025-11-12;13;1432
1;2025-11-12;14;1410
1;2025-11-12;15;1528
1;2025-11-12;16;1510
1;2025-11-12;17;1814
1;2025-11-12;18;1833
1;2025-11-12;19;1398
1;2025-11-12;20;914
1;2025-11-12;21;489
1;2025-11-12;22;265
1;2025-11-12;23;50
1;2025-11-13;0;5
1;2025-11-13;1;0
1;2025-11-13;2;0
1;2025-11-13;3;0
1;2025-11-13;4;6
1;2025-11-13;5;133
1;2025-11-13;6;556
1;2025-11-13;7;1567
1;2025-11-13;8;1995
1;2025-11-13;9;1507
1;2025-11-13;10;1364
1;2025-11-13;11;1399
1;2025-11-13;12;1442
1;2025-11-13;13;1449
1;2025-11-13;14;1419
1;2025-11-13;15;1574
1;2025-11-13;16;1589
1;2025-11-13;17;1853
1;2025-11-13;18;1862
1;2025-11-13;19;1400
1;2025-11-13;20;907
1;2025-11-13;21;506
1;2025-11-13;22;268
1;2025-11-13;23;63
1;2025-11-14;0;5
1;2025-11-14;1;0
1;2025-11-14;2;0
1;2025-11-14;3;0
1;2025-11-14;4;1
1;2025-11-14;5;141
1;2025-11-14;6;554
1;2025-11-14;7;1556
1;2025-11-14;8;1923
1;2025-11-14;9;1500
1;2025-11-14;10;1345
1;2025-11-14;11;1430
1;2025-11-14;12;1435
1;2025-11-14;13;1441
1;2025-11-14;14;1411
1;2025-11-14;15;1594
1;2025-11-14;16;1631
1;2025-11-14;17;1809
1;2025-11-14;18;1599
1;2025-11-14;19;1238
1;2025-11-14;20;852
1;2025-11-14;21;496
1;2025-11-14;22;262
1;2025-11-14;23;64
1;2025-11-15;0;1
1;2025-11-15;1;0
1;2025-11-15;2;0
1;2025-11-15;3;0
1;2025-11-15;4;0
1;2025-11-15;5;38
1;2025-11-15;6;185
1;2025-11-15;7;299
1;2025-11-15;8;409
1;2025-11-15;9;704
1;2025-11-15;10;756
1;2025-11-15;11;748
1;2025-11-15;12;940
1;2025-11-15;13;1016
1;2025-11-15;14;964
1;2025-11-15;15;837
1;2025-11-15;16;792
1;2025-11-15;17;705
1;2025-11-15;18;595
1;2025-11-15;19;554
1;2025-11-15;20;394
1;2025-11-15;21;292
1;2025-11-15;22;145
1;2025-11-15;23;41
1;2025-11-16;0;0
1;2025-11-16;1;0
1;2025-11-16;2;0
1;2025-11-16;3;0
1;2025-11-16;4;0
1;2025-11-16;5;21
1;2025-11-16;6;123
1;2025-11-16;7;230
1;2025-11-16;8;319
1;2025-11-16;9;568
1;2025-11-16;10;738
1;2025-11-16;11;712
1;2025-11-16;12;896
1;2025-11-16;13;909
1;2025-11-16;14;780
1;2025-11-16;15;707
1;2025-11-16;16;616
1;2025-11-16;17;554
1;2025-11-16;18;480
1;2025-11-16;19;416
1;2025-11-16;20;325
1;2025-11-16;21;242
1;2025-11-16;22;110
1;2025-11-16;23;35
1;2025-11-17;0;0
1;2025-11-17;1;0
1;2025-11-17;2;0
1;2025-11-17;3;1
1;2025-11-17;4;9
1;2025-11-17;5;128
1;2025-11-17;6;540
1;2025-11-17;7;1457
1;2025-11-17;8;1808
1;2025-11-17;9;1352
1;2025-11-17;10;1165
1;2025-11-17;11;1268
1;2025-11-17;12;1296
1;2025-11-17;13;1253
1;2025-11-17;14;1254
1;2025-11-17;15;1402
1;2025-11-17;16;1454
1;2025-11-17;17;1741
1;2025-11-17;18;1803
1;2025-11-17;19;1324
1;2025-11-17;20;825
1;2025-11-17;21;449
1;2025-11-17;22;218
1;2025-11-17;23;41
1;2025-11-18;0;3
1;2025-11-18;1;0
1;2025-11-18;2;0
1;2025-11-18;3;0
1;2025-11-18;4;1
1;2025-11-18;5;134
1;2025-11-18;6;561
1;2025-11-18;7;1570
1;2025-11-18;8;1967
1;2025-11-18;9;1554
1;2025-11-18;10;1311
1;2025-11-18;11;1346
1;2025-11-18;12;1371
1;2025-11-18;13;1377
1;2025-11-18;14;1305
1;2025-11-18;15;1489
1;2025-11-18;16;1492
1;2025-11-18;17;1780
1;2025-11-18;18;1808
1;2025-11-18;19;1397
1;2025-11-18;20;919
1;2025-11-18;21;492
1;2025-11-18;22;251
1;2025-11-18;23;49
1;2025-11-19;0;5
1;2025-11-19;1;0
1;2025-11-19;2;0
1;2025-11-19;3;0
1;2025-11-19;4;6
1;2025-11-19;5;135
1;2025-11-19;6;582
1;2025-11-19;7;1556
1;2025-11-19;8;1944
1;2025-11-19;9;1486
1;2025-11-19;10;1330
1;2025-11-19;11;1380
1;2025-11-19;12;1386
1;2025-11-19;13;1447
1;2025-11-19;14;1404
1;2025-11-19;15;1533
1;2025-11-19;16;1497
1;2025-11-19;17;1784
1;2025-11-19;18;1814
1;2025-11-19;19;1375
1;2025-11-19;20;892
1;2025-11-19;21;481
1;2025-11-19;22;250
1;2025-11-19;23;47
1;2025-11-20;0;7
1;2025-11-20;1;0
1;2025-11-20;2;0
1;2025-11-20;3;0
1;2025-11-20;4;7
1;2025-11-20;5;130
1;2025-11-20;6;564
1;2025-11-20;7;1572
1;2025-11-20;8;1962
1;2025-11-20;9;1504
1;2025-11-20;10;1374
1;2025-11-20;11;1420
1;2025-11-20;12;1448
1;2025-11-20;13;1458
1;2025-11-20;14;1439
1;2025-11-20;15;1574
1;2025-11-20;16;1575
1;2025-11-20;17;1824
1;2025-11-20;18;1848
1;2025-11-20;19;1372
1;2025-11-20;20;888
1;2025-11-20;21;490
1;2025-11-20;22;258
1;2025-11-20;23;58
1;2025-11-21;0;4
1;2025-11-21;1;0
1;2025-11-21;2;0
1;2025-11-21;3;0
1;2025-11-21;4;9
1;2025-11-21;5;135
1;2025-11-21;6;529
1;2025-11-21;7;1561
1;2025-11-21;8;1883
1;2025-11-21;9;1464
1;2025-11-21;10;1298
1;2025-11-21;11;1400
1;2025-11-21;12;1395
1;2025-11-21;13;1426
1;2025-11-21;14;1381
1;2025-11-21;15;1581
1;2025-11-21;16;1600
1;2025-11-21;17;1781
1;2025-11-21;18;1581
1;2025-11-21;19;1158
1;2025-11-21;20;800
1;2025-11-21;21;491
1;2025-11-21;22;248
1;2025-11-21;23;60
1;2025-11-22;0;6
1;2025-11-22;1;0
1;2025-11-22;2;0
1;2025-11-22;3;0
1;2025-11-22;4;0
1;2025-11-22;5;34
1;2025-11-22;6;174
1;2025-11-22;7;310
1;2025-11-22;8;403
1;2025-11-22;9;716
1;2025-11-22;10;782
1;2025-11-22;11;760
1;2025-11-22;12;958
1;2025-11-22;13;1004
1;2025-11-22;14;919
1;2025-11-22;15;780
1;2025-11-22;16;736
1;2025-11-22;17;686
1;2025-11-22;18;589
1;2025-11-22;19;519
1;2025-11-22;20;393
1;2025-11-22;21;291
1;2025-11-22;22;135
1;2025-11-22;23;40
1;2025-11-23;0;0
1;2025-11-23;1;0
1;2025-11-23;2;0
1;2025-11-23;3;0
1;2025-11-23;4;0
1;2025-11-23;5;26
1;2025-11-23;6;138
1;2025-11-23;7;251
1;2025-11-23;8;342
1;2025-11-23;9;570
1;2025-11-23;10;723
1;2025-11-23;11;712
1;2025-11-23;12;920
1;2025-11-23;13;951
1;2025-11-23;14;839
1;2025-11-23;15;788
1;2025-11-23;16;681
1;2025-11-23;17;599
1;2025-11-23;18;523
1;2025-11-23;19;445
1;2025-11-23;20;344
1;2025-11-23;21;246
1;2025-11-23;22;117
1;2025-11-23;23;36
1;2025-11-24;0;0
1;2025-11-24;1;0
1;2025-11-24;2;0
1;2025-11-24;3;0
1;2025-11-24;4;5
1;2025-11-24;5;131
1;2025-11-24;6;560
1;2025-11-24;7;1484
1;2025-11-24;8;1864
1;2025-11-24;9;1429
1;2025-11-24;10;1179
1;2025-11-24;11;1263
1;2025-11-24;12;1323
1;2025-11-24;13;1338
1;2025-11-24;14;1295
1;2025-11-24;15;1434
1;2025-11-24;16;1484
1;2025-11-24;17;1755
1;2025-11-24;18;1807
1;2025-11-24;19;1339
1;2025-11-24;20;866
1;2025-11-24;21;476
1;2025-11-24;22;233
1;2025-11-24;23;43
1;2025-11-25;0;3
1;2025-11-25;1;0
1;2025-11-25;2;0
1;2025-11-25;3;0
1;2025-11-25;4;8
1;2025-11-25;5;135
1;2025-11-25;6;584
1;2025-11-25;7;1549
1;2025-11-25;8;1886
1;2025-11-25;9;1502
1;2025-11-25;10;1327
1;2025-11-25;11;1363
1;2025-11-25;12;1370
1;2025-11-25;13;1402
1;2025-11-25;14;1338
1;2025-11-25;15;1481
1;2025-11-25;16;1466
1;2025-11-25;17;1722
1;2025-11-25;18;1765
1;2025-11-25;19;1360
1;2025-11-25;20;885
1;2025-11-25;21;478
1;2025-11-25;22;238
1;2025-11-25;23;49
1;2025-11-26;0;7
1;2025-11-26;1;0
1;2025-11-26;2;0
1;2025-11-26;3;0
1;2025-11-26;4;5
1;2025-11-26;5;133
1;2025-11-26;6;578
1;2025-11-26;7;1481
1;2025-11-26;8;1884
1;2025-11-26;9;1464
1;2025-11-26;10;1288
1;2025-11-26;11;1335
1;2025-11-26;12;1345
1;2025-11-26;13;1393
1;2025-11-26;14;1339
1;2025-11-26;15;1458
1;2025-11-26;16;1423
1;2025-11-26;17;1697
1;2025-11-26;18;1737
1;2025-11-26;19;1328
1;2025-11-26;20;859
1;2025-11-26;21;465
1;2025-11-26;22;242
1;2025-11-26;23;52
1;2025-11-27;0;7
1;2025-11-27;1;0
1;2025-11-27;2;0
1;2025-11-27;3;0
1;2025-11-27;4;8
1;2025-11-27;5;126
1;2025-11-27;6;562
1;2025-11-27;7;1508
1;2025-11-27;8;1905
1;2025-11-27;9;1463
1;2025-11-27;10;1299
1;2025-11-27;11;1356
1;2025-11-27;12;1375
1;2025-11-27;13;1395
1;2025-11-27;14;1350
1;2025-11-27;15;1492
1;2025-11-27;16;1510
1;2025-11-27;17;1770
1;2025-11-27;18;1781
1;2025-11-27;19;1347
1;2025-11-27;20;882
1;2025-11-27;21;492
1;2025-11-27;22;245
1;2025-11-27;23;58
1;2025-11-28;0;6
1;2025-11-28;1;0
1;2025-11-28;2;0
1;2025-11-28;3;0
1;2025-11-28;4;7
1;2025-11-28;5;129
1;2025-11-28;6;540
1;2025-11-28;7;1492
1;2025-11-28;8;1838
1;2025-11-28;9;1443
1;2025-11-28;10;1299
1;2025-11-28;11;1392
1;2025-11-28;12;1374
1;2025-11-28;13;1394
1;2025-11-28;14;1365
1;2025-11-28;15;1533
1;2025-11-28;16;1567
1;2025-11-28;17;1741
1;2025-11-28;18;1543
1;2025-11-28;19;1184
1;2025-11-28;20;831
1;2025-11-28;21;503
1;2025-11-28;22;270
1;2025-11-28;23;61
1;2025-11-29;0;9
1;2025-11-29;1;0
1;2025-11-29;2;0
1;2025-11-29;3;0
1;2025-11-29;4;1
1;2025-11-29;5;42
1;2025-11-29;6;182
1;2025-11-29;7;338
1;2025-11-29;8;463
1;2025-11-29;9;727
1;2025-11-29;10;797
1;2025-11-29;11;774
1;2025-11-29;12;958
1;2025-11-29;13;987
1;2025-11-29;14;931
1;2025-11-29;15;795
1;2025-11-29;16;757
1;2025-11-29;17;717
1;2025-11-29;18;612
1;2025-11-29;19;526
1;2025-11-29;20;407
1;2025-11-29;21;307
1;2025-11-29;22;145
1;2025-11-29;23;47
1;2025-11-30;0;1
1;2025-11-30;1;0
1;2025-11-30;2;0
1;2025-11-30;3;0
1;2025-11-30;4;1
1;2025-11-30;5;31
1;2025-11-30;6;133
1;2025-11-30;7;262
1;2025-11-30;8;361
1;2025-11-30;9;570
1;2025-11-30;10;703
1;2025-11-30;11;682
1;2025-11-30;12;856
1;2025-11-30;13;864
1;2025-11-30;14;761
1;2025-11-30;15;713
1;2025-11-30;16;626
1;2025-11-30;17;570
1;2025-11-30;18;499
1;2025-11-30;19;439
1;2025-11-30;20;372
1;2025-11-30;21;280
1;2025-11-30;22;122
1;2025-11-30;23;42
1;2025-12-01;0;1
1;2025-12-01;1;0
1;2025-12-01;2;0
1;2025-12-01;3;0
1;2025-12-01;4;0
1;2025-12-01;5;130
1;2025-12-01;6;550
1;2025-12-01;7;1421
1;2025-12-01;8;1780
1;2025-12-01;9;1328
1;2025-12-01;10;1112
1;2025-12-01;11;1219
1;2025-12-01;12;1264
1;2025-12-01;13;1264
1;2025-12-01;14;1234
1;2025-12-01;15;1375
1;2025-12-01;16;1404
1;2025-12-01;17;1675
1;2025-12-01;18;1760
1;2025-12-01;19;1298
1;2025-12-01;20;840
1;2025-12-01;21;464
1;2025-12-01;22;236
1;2025-12-01;23;48
1;2025-12-02;0;5
1;2025-12-02;1;0
1;2025-12-02;2;0
1;2025-12-02;3;0
1;2025-12-02;4;0
1;2025-12-02;5;133
1;2025-12-02;6;566
1;2025-12-02;7;1474
1;2025-12-02;8;1836
1;2025-12-02;9;1416
1;2025-12-02;10;1255
1;2025-12-02;11;1288
1;2025-12-02;12;1293
1;2025-12-02;13;1312
1;2025-12-02;14;1257
1;2025-12-02;15;1383
1;2025-12-02;16;1384
1;2025-12-02;17;1649
1;2025-12-02;18;1694
1;2025-12-02;19;1313
1;2025-12-02;20;850
1;2025-12-02;21;499
1;2025-12-02;22;243
1;2025-12-02;23;48
1;2025-12-03;0;6
1;2025-12-03;1;0
1;2025-12-03;2;0
1;2025-12-03;3;0
1;2025-12-03;4;3
1;2025-12-03;5;134
1;2025-12-03;6;579
1;2025-12-03;7;1472
1;2025-12-03;8;1873
1;2025-12-03;9;1441
1;2025-12-03;10;1319
1;2025-12-03;11;1365
1;2025-12-03;12;1364
1;2025-12-03;13;1385
1;2025-12-03;14;1362
1;2025-12-03;15;1471
1;2025-12-03;16;1438
1;2025-12-03;17;1731
1;2025-12-03;18;1781
1;2025-12-03;19;1358
1;2025-12-03;20;900
1;2025-12-03;21;498
1;2025-12-03;22;266
1;2025-12-03;23;53
1;2025-12-04;0;7
1;2025-12-04;1;0
1;2025-12-04;2;0
1;2025-12-04;3;0
1;2025-12-04;4;5
1;2025-12-04;5;135
1;2025-12-04;6;562
1;2025-12-04;7;1525
1;2025-12-04;8;1922
1;2025-12-04;9;1468
1;2025-12-04;10;1329
1;2025-12-04;11;1371
1;2025-12-04;12;1389
1;2025-12-04;13;1395
1;2025-12-04;14;1379
1;2025-12-04;15;1517
1;2025-12-04;16;1519
1;2025-12-04;17;1783
1;2025-12-04;18;1800
1;2025-12-04;19;1373
1;2025-12-04;20;902
1;2025-12-04;21;507
1;2025-12-04;22;263
1;2025-12-04;23;60
1;2025-12-05;0;6
1;2025-12-05;1;0
1;2025-12-05;2;0
1;2025-12-05;3;0
1;2025-12-05;4;6
1;2025-12-05;5;139
1;2025-12-05;6;543
1;2025-12-05;7;1535
1;2025-12-05;8;1866
1;2025-12-05;9;1461
1;2025-12-05;10;1303
1;2025-12-05;11;1407
1;2025-12-05;12;1392
1;2025-12-05;13;1417
1;2025-12-05;14;1384
1;2025-12-05;15;1567
1;2025-12-05;16;1616
1;2025-12-05;17;1778
1;2025-12-05;18;1591
1;2025-12-05;19;1237
1;2025-12-05;20;854
1;2025-12-05;21;521
1;2025-12-05;22;269
1;2025-12-05;23;63
1;2025-12-06;0;8
1;2025-12-06;1;0
1;2025-12-06;2;0
1;2025-12-06;3;0
1;2025-12-06;4;0
1;2025-12-06;5;40
1;2025-12-06;6;185
1;2025-12-06;7;342
1;2025-12-06;8;471
1;2025-12-06;9;735
1;2025-12-06;10;818
1;2025-12-06;11;779
1;2025-12-06;12;968
1;2025-12-06;13;1002
1;2025-12-06;14;917
1;2025-12-06;15;790
1;2025-12-06;16;752
1;2025-12-06;17;713
1;2025-12-06;18;627
1;2025-12-06;19;534
1;2025-12-06;20;418
1;2025-12-06;21;310
1;2025-12-06;22;148
1;2025-12-06;23;45
1;2025-12-07;0;0
1;2025-12-07;1;0
1;2025-12-07;2;0
1;2025-12-07;3;0
1;2025-12-07;4;0
1;2025-12-07;5;30
1;2025-12-07;6;136
1;2025-12-07;7;264
1;2025-12-07;8;377
1;2025-12-07;9;592
1;2025-12-07;10;724
1;2025-12-07;11;701
1;2025-12-07;12;880
1;2025-12-07;13;902
1;2025-12-07;14;783
1;2025-12-07;15;730
1;2025-12-07;16;641
1;2025-12-07;17;594
1;2025-12-07;18;528
1;2025-12-07;19;461
1;2025-12-07;20;379
1;2025-12-07;21;275
1;2025-12-07;22;119
1;2025-12-07;23;36
1;2025-12-08;0;0
1;2025-12-08;1;0
1;2025-12-08;2;0
1;2025-12-08;3;0
1;2025-12-08;4;11
1;2025-12-08;5;137
1;2025-12-08;6;562
1;2025-12-08;7;1532
1;2025-12-08;8;1939
1;2025-12-08;9;1444
1;2025-12-08;10;1279
1;2025-12-08;11;1368
1;2025-12-08;12;1402
1;2025-12-08;13;1394
1;2025-12-08;14;1353
1;2025-12-08;15;1509
1;2025-12-08;16;1563
1;2025-12-08;17;1819
1;2025-12-08;18;1912
1;2025-12-08;19;1434
1;2025-12-08;20;896
1;2025-12-08;21;477
1;2025-12-08;22;242
1;2025-12-08;23;42
1;2025-12-09;0;3
1;2025-12-09;1;0
1;2025-12-09;2;0
1;2025-12-09;3;0
1;2025-12-09;4;10
1;2025-12-09;5;141
1;2025-12-09;6;576
1;2025-12-09;7;1610
1;2025-12-09;8;2013
1;2025-12-09;9;1576
1;2025-12-09;10;1419
1;2025-12-09;11;1429
1;2025-12-09;12;1435
1;2025-12-09;13;1470
1;2025-12-09;14;1392
1;2025-12-09;15;1540
1;2025-12-09;16;1548
1;2025-12-09;17;1825
1;2025-12-09;18;1876
1;2025-12-09;19;1469
1;2025-12-09;20;934
1;2025-12-09;21;500
1;2025-12-09;22;254
1;2025-12-09;23;50
1;2025-12-10;0;4
1;2025-12-10;1;0
1;2025-12-10;2;0
1;2025-12-10;3;0
1;2025-12-10;4;10
1;2025-12-10;5;142
1;2025-12-10;6;577
1;2025-12-10;7;1549
1;2025-12-10;8;1996
1;2025-12-10;9;1529
1;2025-12-10;10;1380
1;2025-12-10;11;1409
1;2025-12-10;12;1412
1;2025-12-10;13;1463
1;2025-12-10;14;1416
1;2025-12-10;15;1546
1;2025-12-10;16;1526
1;2025-12-10;17;1818
1;2025-12-10;18;1845
1;2025-12-10;19;1406
1;2025-12-10;20;917
1;2025-12-10;21;487
1;2025-12-10;22;258
1;2025-12-10;23;48
1;2025-12-11;0;6
1;2025-12-11;1;0
1;2025-12-11;2;0
1;2025-12-11;3;0
1;2025-12-11;4;8
1;2025-12-11;5;131
1;2025-12-11;6;558
1;2025-12-11;7;1558
1;2025-12-11;8;2006
1;2025-12-11;9;1521
1;2025-12-11;10;1347
1;2025-12-11;11;1400
1;2025-12-11;12;1435
1;2025-12-11;13;1440
1;2025-12-11;14;1399
1;2025-12-11;15;1545
1;2025-12-11;16;1564
1;2025-12-11;17;1837
1;2025-12-11;18;1859
1;2025-12-11;19;1370
1;2025-12-11;20;890
1;2025-12-11;21;512
1;2025-12-11;22;257
1;2025-12-11;23;52
1;2025-12-12;0;3
1;2025-12-12;1;0
1;2025-12-12;2;0
1;2025-12-12;3;1
1;2025-12-12;4;6
1;2025-12-12;5;137
1;2025-12-12;6;529
1;2025-12-12;7;1543
1;2025-12-12;8;1939
1;2025-12-12;9;1484
1;2025-12-12;10;1332
1;2025-12-12;11;1428
1;2025-12-12;12;1401
1;2025-12-12;13;1409
1;2025-12-12;14;1360
1;2025-12-12;15;1542
1;2025-12-12;16;1623
1;2025-12-12;17;1818
1;2025-12-12;18;1636
1;2025-12-12;19;1252
1;2025-12-12;20;836
1;2025-12-12;21;503
1;2025-12-12;22;267
1;2025-12-12;23;54
1;2025-12-13;0;9
1;2025-12-13;1;0
1;2025-12-13;2;0
1;2025-12-13;3;0
1;2025-12-13;4;0
1;2025-12-13;5;42
1;2025-12-13;6;187
1;2025-12-13;7;352
1;2025-12-13;8;477
1;2025-12-13;9;778
1;2025-12-13;10;843
1;2025-12-13;11;790
1;2025-12-13;12;982
1;2025-12-13;13;1001
1;2025-12-13;14;910
1;2025-12-13;15;783
1;2025-12-13;16;761
1;2025-12-13;17;735
1;2025-12-13;18;659
1;2025-12-13;19;595
1;2025-12-13;20;423
1;2025-12-13;21;303
1;2025-12-13;22;148
1;2025-12-13;23;44
1;2025-12-14;0;1
1;2025-12-14;1;0
1;2025-12-14;2;0
1;2025-12-14;3;0
1;2025-12-14;4;0
1;2025-12-14;5;27
1;2025-12-14;6;128
1;2025-12-14;7;254
1;2025-12-14;8;360
1;2025-12-14;9;588
1;2025-12-14;10;712
1;2025-12-14;11;687
1;2025-12-14;12;851
1;2025-12-14;13;868
1;2025-12-14;14;746
1;2025-12-14;15;704
1;2025-12-14;16;642
1;2025-12-14;17;585
1;2025-12-14;18;529
1;2025-12-14;19;469
1;2025-12-14;20;363
1;2025-12-14;21;257
1;2025-12-14;22;119
1;2025-12-14;23;37
1;2025-12-15;0;1
1;2025-12-15;1;0
1;2025-12-15;2;0
1;2025-12-15;3;0
1;2025-12-15;4;8
1;2025-12-15;5;132
1;2025-12-15;6;556
1;2025-12-15;7;1486
1;2025-12-15;8;1869
1;2025-12-15;9;1388
1;2025-12-15;10;1208
1;2025-12-15;11;1322
1;2025-12-15;12;1335
1;2025-12-15;13;1331
1;2025-12-15;14;1275
1;2025-12-15;15;1449
1;2025-12-15;16;1497
1;2025-12-15;17;1743
1;2025-12-15;18;1839
1;2025-12-15;19;1377
1;2025-12-15;20;852
1;2025-12-15;21;475
1;2025-12-15;22;225
1;2025-12-15;23;42
1;2025-12-16;0;2
1;2025-12-16;1;0
1;2025-12-16;2;0
1;2025-12-16;3;0
1;2025-12-16;4;7
1;2025-12-16;5;129
1;2025-12-16;6;557
1;2025-12-16;7;1546
1;2025-12-16;8;1944
1;2025-12-16;9;1519
1;2025-12-16;10;1382
1;2025-12-16;11;1402
1;2025-12-16;12;1409
1;2025-12-16;13;1436
1;2025-12-16;14;1388
1;2025-12-16;15;1544
1;2025-12-16;16;1552
1;2025-12-16;17;1826
1;2025-12-16;18;1868
1;2025-12-16;19;1438
1;2025-12-16;20;919
1;2025-12-16;21;493
1;2025-12-16;22;241
1;2025-12-16;23;48
1;2025-12-17;0;4
1;2025-12-17;1;0
1;2025-12-17;2;0
1;2025-12-17;3;0
1;2025-12-17;4;7
1;2025-12-17;5;136
1;2025-12-17;6;571
1;2025-12-17;7;1535
1;2025-12-17;8;1990
1;2025-12-17;9;1516
1;2025-12-17;10;1335
1;2025-12-17;11;1377
1;2025-12-17;12;1389
1;2025-12-17;13;1450
1;2025-12-17;14;1386
1;2025-12-17;15;1526
1;2025-12-17;16;1516
1;2025-12-17;17;1808
1;2025-12-17;18;1830
1;2025-12-17;19;1380
1;2025-12-17;20;887
1;2025-12-17;21;479
1;2025-12-17;22;248
1;2025-12-17;23;47
1;2025-12-18;0;6
1;2025-12-18;1;0
1;2025-12-18;2;0
1;2025-12-18;3;0
1;2025-12-18;4;7
1;2025-12-18;5;126
1;2025-12-18;6;548
1;2025-12-18;7;1546
1;2025-12-18;8;1996
1;2025-12-18;9;1500
1;2025-12-18;10;1355
1;2025-12-18;11;1399
1;2025-12-18;12;1450
1;2025-12-18;13;1445
1;2025-12-18;14;1413
1;2025-12-18;15;1556
1;2025-12-18;16;1576
1;2025-12-18;17;1852
1;2025-12-18;18;1868
1;2025-12-18;19;1389
1;2025-12-18;20;901
1;2025-12-18;21;495
1;2025-12-18;22;247
1;2025-12-18;23;54
1;2025-12-19;0;6
1;2025-12-19;1;0
1;2025-12-19;2;0
1;2025-12-19;3;0
1;2025-12-19;4;8
1;2025-12-19;5;140
1;2025-12-19;6;531
1;2025-12-19;7;1541
1;2025-12-19;8;1917
1;2025-12-19;9;1470
1;2025-12-19;10;1306
1;2025-12-19;11;1432
1;2025-12-19;12;1420
1;2025-12-19;13;1433
1;2025-12-19;14;1388
1;2025-12-19;15;1568
1;2025-12-19;16;1636
1;2025-12-19;17;1820
1;2025-12-19;18;1612
1;2025-12-19;19;1213
1;2025-12-19;20;835
1;2025-12-19;21;496
1;2025-12-19;22;253
1;2025-12-19;23;60
1;2025-12-20;0;7
1;2025-12-20;1;0
1;2025-12-20;2;0
1;2025-12-20;3;0
1;2025-12-20;4;0
1;2025-12-20;5;37
1;2025-12-20;6;177
1;2025-12-20;7;359
1;2025-12-20;8;491
1;2025-12-20;9;751
1;2025-12-20;10;818
1;2025-12-20;11;780
1;2025-12-20;12;984
1;2025-12-20;13;1009
1;2025-12-20;14;930
1;2025-12-20;15;801
1;2025-12-20;16;757
1;2025-12-20;17;711
1;2025-12-20;18;625
1;2025-12-20;19;533
1;2025-12-20;20;411
1;2025-12-20;21;301
1;2025-12-20;22;137
1;2025-12-20;23;41
1;2025-12-21;0;0
1;2025-12-21;1;0
1;2025-12-21;2;0
1;2025-12-21;3;0
1;2025-12-21;4;0
1;2025-12-21;5;26
1;2025-12-21;6;131
1;2025-12-21;7;279
1;2025-12-21;8;391
1;2025-12-21;9;585
1;2025-12-21;10;706
1;2025-12-21;11;677
1;2025-12-21;12;850
1;2025-12-21;13;878
1;2025-12-21;14;749
1;2025-12-21;15;717
1;2025-12-21;16;638
1;2025-12-21;17;583
1;2025-12-21;18;521
1;2025-12-21;19;449
1;2025-12-21;20;367
1;2025-12-21;21;255
1;2025-12-21;22;114
1;2025-12-21;23;32
1;2025-12-22;0;1
1;2025-12-22;1;0
1;2025-12-22;2;0
1;2025-12-22;3;0
1;2025-12-22;4;11
1;2025-12-22;5;139
1;2025-12-22;6;553
1;2025-12-22;7;1532
1;2025-12-22;8;1954
1;2025-12-22;9;1447
1;2025-12-22;10;1245
1;2025-12-22;11;1330
1;2025-12-22;12;1385
1;2025-12-22;13;1369
1;2025-12-22;14;1334
1;2025-12-22;15;1498
1;2025-12-22;16;1556
1;2025-12-22;17;1794
1;2025-12-22;18;1907
1;2025-12-22;19;1415
1;2025-12-22;20;884
1;2025-12-22;21;471
1;2025-12-22;22;227
1;2025-12-22;23;36
1;2025-12-23;0;7
1;2025-12-23;1;0
1;2025-12-23;2;0
1;2025-12-23;3;0
1;2025-12-23;4;6
1;2025-12-23;5;136
1;2025-12-23;6;588
1;2025-12-23;7;1553
1;2025-12-23;8;1949
1;2025-12-23;9;1506
1;2025-12-23;10;1337
1;2025-12-23;11;1357
1;2025-12-23;12;1372
1;2025-12-23;13;1385
1;2025-12-23;14;1296
1;2025-12-23;15;1461
1;2025-12-23;16;1471
1;2025-12-23;17;1750
1;2025-12-23;18;1813
1;2025-12-23;19;1414
1;2025-12-23;20;908
1;2025-12-23;21;476
1;2025-12-23;22;236
1;2025-12-23;23;47
1;2025-12-24;0;7
1;2025-12-24;1;0
1;2025-12-24;2;0
1;2025-12-24;3;0
1;2025-12-24;4;6
1;2025-12-24;5;137
1;2025-12-24;6;572
1;2025-12-24;7;1490
1;2025-12-24;8;1905
1;2025-12-24;9;1480
1;2025-12-24;10;1322
1;2025-12-24;11;1374
1;2025-12-24;12;1390
1;2025-12-24;13;1417
1;2025-12-24;14;1348
1;2025-12-24;15;1489
1;2025-12-24;16;1476
1;2025-12-24;17;1758
1;2025-12-24;18;1806
1;2025-12-24;19;1375
1;2025-12-24;20;883
1;2025-12-24;21;472
1;2025-12-24;22;247
1;2025-12-24;23;48
1;2025-12-25;0;5
1;2025-12-25;1;0
1;2025-12-25;2;0
1;2025-12-25;3;0
1;2025-12-25;4;5
1;2025-12-25;5;126
1;2025-12-25;6;538
1;2025-12-25;7;1524
1;2025-12-25;8;1964
1;2025-12-25;9;1498
1;2025-12-25;10;1360
1;2025-12-25;11;1404
1;2025-12-25;12;1430
1;2025-12-25;13;1421
1;2025-12-25;14;1394
1;2025-12-25;15;1528
1;2025-12-25;16;1560
1;2025-12-25;17;1813
1;2025-12-25;18;1839
1;2025-12-25;19;1376
1;2025-12-25;20;878
1;2025-12-25;21;483
1;2025-12-25;22;239
1;2025-12-25;23;45
1;2025-12-26;0;1
1;2025-12-26;1;0
1;2025-12-26;2;0
1;2025-12-26;3;0
1;2025-12-26;4;1
1;2025-12-26;5;142
1;2025-12-26;6;533
1;2025-12-26;7;1523
1;2025-12-26;8;1914
1;2025-12-26;9;1538
1;2025-12-26;10;1371
1;2025-12-26;11;1429
1;2025-12-26;12;1417
1;2025-12-26;13;1455
1;2025-12-26;14;1408
1;2025-12-26;15;1570
1;2025-12-26;16;1634
1;2025-12-26;17;1816
1;2025-12-26;18;1622
1;2025-12-26;19;1237
1;2025-12-26;20;853
1;2025-12-26;21;509
1;2025-12-26;22;263
1;2025-12-26;23;54
1;2025-12-27;0;10
1;2025-12-27;1;0
1;2025-12-27;2;0
1;2025-12-27;3;0
1;2025-12-27;4;0
1;2025-12-27;5;46
1;2025-12-27;6;189
1;2025-12-27;7;362
1;2025-12-27;8;495
1;2025-12-27;9;777
1;2025-12-27;10;856
1;2025-12-27;11;798
1;2025-12-27;12;1001
1;2025-12-27;13;1024
1;2025-12-27;14;927
1;2025-12-27;15;802
1;2025-12-27;16;767
1;2025-12-27;17;720
1;2025-12-27;18;628
1;2025-12-27;19;543
1;2025-12-27;20;404
1;2025-12-27;21;305
1;2025-12-27;22;144
1;2025-12-27;23;38
1;2025-12-28;0;0
1;2025-12-28;1;0
1;2025-12-28;2;0
1;2025-12-28;3;0
1;2025-12-28;4;0
1;2025-12-28;5;28
1;2025-12-28;6;140
1;2025-12-28;7;285
1;2025-12-28;8;392
1;2025-12-28;9;614
1;2025-12-28;10;732
1;2025-12-28;11;683
1;2025-12-28;12;860
1;2025-12-28;13;902
1;2025-12-28;14;758
1;2025-12-28;15;729
1;2025-12-28;16;642
1;2025-12-28;17;594
1;2025-12-28;18;527
1;2025-12-28;19;463
1;2025-12-28;20;372
1;2025-12-28;21;276
1;2025-12-28;22;117
1;2025-12-28;23;35
1;2025-12-29;0;2
1;2025-12-29;1;0
1;2025-12-29;2;0
1;2025-12-29;3;0
1;2025-12-29;4;8
1;2025-12-29;5;140
1;2025-12-29;6;553
1;2025-12-29;7;1484
1;2025-12-29;8;1886
1;2025-12-29;9;1434
1;2025-12-29;10;1276
1;2025-12-29;11;1357
1;2025-12-29;12;1395
1;2025-12-29;13;1407
1;2025-12-29;14;1348
1;2025-12-29;15;1483
1;2025-12-29;16;1523
1;2025-12-29;17;1761
1;2025-12-29;18;1867
1;2025-12-29;19;1424
1;2025-12-29;20;896
1;2025-12-29;21;483
1;2025-12-29;22;234
1;2025-12-29;23;47
1;2025-12-30;0;4
1;2025-12-30;1;0
1;2025-12-30;2;0
1;2025-12-30;3;1
1;2025-12-30;4;6
1;2025-12-30;5;142
1;2025-12-30;6;546
1;2025-12-30;7;1516
1;2025-12-30;8;1909
1;2025-12-30;9;1544
1;2025-12-30;10;1412
1;2025-12-30;11;1425
1;2025-12-30;12;1436
1;2025-12-30;13;1466
1;2025-12-30;14;1381
1;2025-12-30;15;1510
1;2025-12-30;16;1512
1;2025-12-30;17;1794
1;2025-12-30;18;1826
1;2025-12-30;19;1429
1;2025-12-30;20;940
1;2025-12-30;21;487
1;2025-12-30;22;246
1;2025-12-30;23;44
1;2025-12-31;0;0
1;2025-12-31;1;0
1;2025-12-31;2;0
1;2025-12-31;3;0
1;2025-12-31;4;0
1;2025-12-31;5;46
1;2025-12-31;6;233
1;2025-12-31;7;214
1;2025-12-31;8;181
1;2025-12-31;9;337
1;2025-12-31;10;406
1;2025-12-31;11;427
1;2025-12-31;12;548
1;2025-12-31;13;538
1;2025-12-31;14;524
1;2025-12-31;15;540
1;2025-12-31;16;517
1;2025-12-31;17;474
1;2025-12-31;18;320
1;2025-12-31;19;388
1;2025-12-31;20;319
1;2025-12-31;21;307
1;2025-12-31;22;160
1;2025-12-31;23;27
5;2025-11-01;0;0
5;2025-11-01;1;0
5;2025-11-01;2;0
5;2025-11-01;3;0
5;2025-11-01;4;0
5;2025-11-01;5;0
5;2025-11-01;6;0
5;2025-11-01;7;0
5;2025-11-01;8;0
5;2025-11-01;9;0
5;2025-11-01;10;0
5;2025-11-01;11;0
5;2025-11-01;12;0
5;2025-11-01;13;0
5;2025-11-01;14;0
5;2025-11-01;15;0
5;2025-11-01;16;0
5;2025-11-01;17;0
5;2025-11-01;18;0
5;2025-11-01;19;0
5;2025-11-01;20;0
5;2025-11-01;21;0
5;2025-11-01;22;0
5;2025-11-01;23;0
5;2025-11-02;0;0
5;2025-11-02;1;0
5;2025-11-02;2;0
5;2025-11-02;3;0
5;2025-11-02;4;0
5;2025-11-02;5;0
5;2025-11-02;6;0
5;2025-11-02;7;0
5;2025-11-02;8;0
5;2025-11-02;9;0
5;2025-11-02;10;0
5;2025-11-02;11;0
5;2025-11-02;12;0
5;2025-11-02;13;0
5;2025-11-02;14;0
5;2025-11-02;15;0
5;2025-11-02;16;0
5;2025-11-02;17;0
5;2025-11-02;18;0
5;2025-11-02;19;0
5;2025-11-02;20;0
5;2025-11-02;21;0
5;2025-11-02;22;0
5;2025-11-02;23;0
5;2025-11-03;0;0
5;2025-11-03;1;0
5;2025-11-03;2;0
5;2025-11-03;3;0
5;2025-11-03;4;0
5;2025-11-03;5;0
5;2025-11-03;6;0
5;2025-11-03;7;0
5;2025-11-03;8;0
5;2025-11-03;9;0
5;2025-11-03;10;0
5;2025-11-03;11;0
5;2025-11-03;12;0
5;2025-11-03;13;0
5;2025-11-03;14;0
5;2025-11-03;15;0
5;2025-11-03;16;0
5;2025-11-03;17;0
5;2025-11-03;18;0
5;2025-11-03;19;0
5;2025-11-03;20;0
5;2025-11-03;21;0
5;2025-11-03;22;0
5;2025-11-03;23;0
5;2025-11-04;0;0
5;2025-11-04;1;0
5;2025-11-04;2;0
5;2025-11-04;3;0
5;2025-11-04;4;0
5;2025-11-04;5;0
5;2025-11-04;6;0
5;2025-11-04;7;0
5;2025-11-04;8;0
5;2025-11-04;9;0
5;2025-11-04;10;0
5;2025-11-04;11;0
5;2025-11-04;12;0
5;2025-11-04;13;0
5;2025-11-04;14;0
5;2025-11-04;15;0
5;2025-11-04;16;0
5;2025-11-04;17;0
5;2025-11-04;18;0
5;2025-11-04;19;0
5;2025-11-04;20;0
5;2025-11-04;21;0
5;2025-11-04;22;0
5;2025-11-04;23;0
5;2025-11-05;0;0
5;2025-11-05;1;0
5;2025-11-05;2;0
5;2025-11-05;3;0
5;2025-11-05;4;0
5;2025-11-05;5;0
5;2025-11-05;6;0
5;2025-11-05;7;0
5;2025-11-05;8;0
5;2025-11-05;9;0
5;2025-11-05;10;0
5;2025-11-05;11;0
5;2025-11-05;12;0
5;2025-11-05;13;0
5;2025-11-05;14;0
5;2025-11-05;15;0
5;2025-11-05;16;0
5;2025-11-05;17;0
5;2025-11-05;18;0
5;2025-11-05;19;0
5;2025-11-05;20;0
5;2025-11-05;21;0
5;2025-11-05;22;0
5;2025-11-05;23;0
5;2025-11-06;0;0
5;2025-11-06;1;0
5;2025-11-06;2;0
5;2025-11-06;3;0
5;2025-11-06;4;0
5;2025-11-06;5;0
5;2025-11-06;6;0
5;2025-11-06;7;0
5;2025-11-06;8;0
5;2025-11-06;9;0
5;2025-11-06;10;0
5;2025-11-06;11;0
5;2025-11-06;12;0
5;2025-11-06;13;0
5;2025-11-06;14;0
5;2025-11-06;15;0
5;2025-11-06;16;0
5;2025-11-06;17;0
5;2025-11-06;18;0
5;2025-11-06;19;0
5;2025-11-06;20;0
5;2025-11-06;21;0
5;2025-11-06;22;0
5;2025-11-06;23;0
5;2025-11-07;0;0
5;2025-11-07;1;0
5;2025-11-07;2;0
5;2025-11-07;3;0
5;2025-11-07;4;0
5;2025-11-07;5;0
5;2025-11-07;6;0
5;2025-11-07;7;0
5;2025-11-07;8;0
5;2025-11-07;9;0
5;2025-11-07;10;0
5;2025-11-07;11;0
5;2025-11-07;12;0
5;2025-11-07;13;0
5;2025-11-07;14;0
5;2025-11-07;15;0
5;2025-11-07;16;0
5;2025-11-07;17;0
5;2025-11-07;18;0
5;2025-11-07;19;0
5;2025-11-07;20;0
5;2025-11-07;21;0
5;2025-11-07;22;0
5;2025-11-07;23;0
5;2025-11-08;0;0
5;2025-11-08;1;0
5;2025-11-08;2;0
5;2025-11-08;3;0
5;2025-11-08;4;0
5;2025-11-08;5;0
5;2025-11-08;6;0
5;2025-11-08;7;0
5;2025-11-08;8;0
5;2025-11-08;9;0
5;2025-11-08;10;0
5;2025-11-08;11;0
5;2025-11-08;12;0
5;2025-11-08;13;0
5;2025-11-08;14;0
5;2025-11-08;15;0
5;2025-11-08;16;0
5;2025-11-08;17;0
5;2025-11-08;18;0
5;2025-11-08;19;0
5;2025-11-08;20;0
5;2025-11-08;21;0
5;2025-11-08;22;0
5;2025-11-08;23;0
5;2025-11-09;0;0
5;2025-11-09;1;0
5;2025-11-09;2;0
5;2025-11-09;3;0
5;2025-11-09;4;0
5;2025-11-09;5;0
5;2025-11-09;6;0
5;2025-11-09;7;0
5;2025-11-09;8;0
5;2025-11-09;9;0
5;2025-11-09;10;0
5;2025-11-09;11;0
5;2025-11-09;12;0
5;2025-11-09;13;0
5;2025-11-09;14;0
5;2025-11-09;15;0
5;2025-11-09;16;0
5;2025-11-09;17;0
5;2025-11-09;18;0
5;2025-11-09;19;0
5;2025-11-09;20;0
5;2025-11-09;21;0
5;2025-11-09;22;0
5;2025-11-09;23;0
5;2025-11-10;0;0
5;2025-11-10;1;0
5;2025-11-10;2;0
5;2025-11-10;3;0
5;2025-11-10;4;0
5;2025-11-10;5;0
5;2025-11-10;6;0
5;2025-11-10;7;0
5;2025-11-10;8;0
5;2025-11-10;9;0
5;2025-11-10;10;0
5;2025-11-10;11;0
5;2025-11-10;12;0
5;2025-11-10;13;0
5;2025-11-10;14;0
5;2025-11-10;15;0
5;2025-11-10;16;0
5;2025-11-10;17;0
5;2025-11-10;18;0
5;2025-11-10;19;0
5;2025-11-10;20;0
5;2025-11-10;21;0
5;2025-11-10;22;0
5;2025-11-10;23;0
5;2025-11-11;0;0
5;2025-11-11;1;0
5;2025-11-11;2;0
5;2025-11-11;3;0
5;2025-11-11;4;0
5;2025-11-11;5;0
5;2025-11-11;6;0
5;2025-11-11;7;0
5;2025-11-11;8;0
5;2025-11-11;9;0
5;2025-11-11;10;0
5;2025-11-11;11;0
5;2025-11-11;12;0
5;2025-11-11;13;0
5;2025-11-11;14;0
5;2025-11-11;15;0
5;2025-11-11;16;0
5;2025-11-11;17;0
5;2025-11-11;18;0
5;2025-11-11;19;0
5;2025-11-11;20;0
5;2025-11-11;21;0
5;2025-11-11;22;0
5;2025-11-11;23;0
5;2025-11-12;0;0
5;2025-11-12;1;0
5;2025-11-12;2;0
5;2025-11-12;3;0
5;2025-11-12;4;0
5;2025-11-12;5;0
5;2025-11-12;6;0
5;2025-11-12;7;0
5;2025-11-12;8;0
5;2025-11-12;9;0
5;2025-11-12;10;0
5;2025-11-12;11;0
5;2025-11-12;12;0
5;2025-11-12;13;0
5;2025-11-12;14;0
5;2025-11-12;15;0
5;2025-11-12;16;0
5;2025-11-12;17;0
5;2025-11-12;18;0
5;2025-11-12;19;0
5;2025-11-12;20;0
5;2025-11-12;21;0
5;2025-11-12;22;0
5;2025-11-12;23;0
5;2025-11-13;0;0
5;2025-11-13;1;0
5;2025-11-13;2;0
5;2025-11-13;3;0
5;2025-11-13;4;0
5;2025-11-13;5;0
5;2025-11-13;6;0
5;2025-11-13;7;0
5;2025-11-13;8;0
5;2025-11-13;9;0
5;2025-11-13;10;0
5;2025-11-13;11;0
5;2025-11-13;12;0
5;2025-11-13;13;0
5;2025-11-13;14;0
5;2025-11-13;15;0
5;2025-11-13;16;0
5;2025-11-13;17;0
5;2025-11-13;18;0
5;2025-11-13;19;0
5;2025-11-13;20;0
5;2025-11-13;21;0
5;2025-11-13;22;0
5;2025-11-13;23;0
5;2025-11-14;0;0
5;2025-11-14;1;0
5;2025-11-14;2;0
5;2025-11-14;3;0
5;2025-11-14;4;0
5;2025-11-14;5;0
5;2025-11-14;6;0
5;2025-11-14;7;0
5;2025-11-14;8;0
5;2025-11-14;9;0
5;2025-11-14;10;0
5;2025-11-14;11;0
5;2025-11-14;12;0
5;2025-11-14;13;0
5;2025-11-14;14;0
5;2025-11-14;15;0
5;2025-11-14;16;0
5;2025-11-14;17;0
5;2025-11-14;18;0
5;2025-11-14;19;0
5;2025-11-14;20;0
5;2025-11-14;21;0
5;2025-11-14;22;0
5;2025-11-14;23;0
5;2025-11-15;0;0
5;2025-11-15;1;0
5;2025-11-15;2;0
5;2025-11-15;3;0
5;2025-11-15;4;0
5;2025-11-15;5;0
5;2025-11-15;6;0
5;2025-11-15;7;0
5;2025-11-15;8;0
5;2025-11-15;9;0
5;2025-11-15;10;0
5;2025-11-15;11;0
5;2025-11-15;12;0
5;2025-11-15;13;0
5;2025-11-15;14;0
5;2025-11-15;15;0
5;2025-11-15;16;0
5;2025-11-15;17;0
5;2025-11-15;18;0
5;2025-11-15;19;0
5;2025-11-15;20;0
5;2025-11-15;21;0
5;2025-11-15;22;0
5;2025-11-15;23;0
5;2025-11-16;0;0
5;2025-11-16;1;0
5;2025-11-16;2;0
5;2025-11-16;3;0
5;2025-11-16;4;0
5;2025-11-16;5;0
5;2025-11-16;6;0
5;2025-11-16;7;0
5;2025-11-16;8;0
5;2025-11-16;9;0
5;2025-11-16;10;0
5;2025-11-16;11;0
5;2025-11-16;12;0
5;2025-11-16;13;0
5;2025-11-16;14;0
5;2025-11-16;15;0
5;2025-11-16;16;0
5;2025-11-16;17;0
5;2025-11-16;18;0
5;2025-11-16;19;0
5;2025-11-16;20;0
5;2025-11-16;21;0
5;2025-11-16;22;0
5;2025-11-16;23;0
5;2025-11-17;0;0
5;2025-11-17;1;0
5;2025-11-17;2;0
5;2025-11-17;3;0
5;2025-11-17;4;0
5;2025-11-17;5;0
5;2025-11-17;6;0
5;2025-11-17;7;0
5;2025-11-17;8;0
5;2025-11-17;9;0
5;2025-11-17;10;0
5;2025-11-17;11;0
5;2025-11-17;12;0
5;2025-11-17;13;0
5;2025-11-17;14;0
5;2025-11-17;15;0
5;2025-11-17;16;0
5;2025-11-17;17;0
5;2025-11-17;18;0
5;2025-11-17;19;0
5;2025-11-17;20;0
5;2025-11-17;21;0
5;2025-11-17;22;0
5;2025-11-17;23;0
5;2025-11-18;0;0
5;2025-11-18;1;0
5;2025-11-18;2;0
5;2025-11-18;3;0
5;2025-11-18;4;0
5;2025-11-18;5;0
5;2025-11-18;6;0
5;2025-11-18;7;0
5;2025-11-18;8;0
5;2025-11-18;9;0
5;2025-11-18;10;0
5;2025-11-18;11;0
5;2025-11-18;12;0
5;2025-11-18;13;0
5;2025-11-18;14;0
5;2025-11-18;15;0
5;2025-11-18;16;0
5;2025-11-18;17;0
5;2025-11-18;18;0
5;2025-11-18;19;0
5;2025-11-18;20;0
5;2025-11-18;21;0
5;2025-11-18;22;0
5;2025-11-18;23;0
5;2025-11-19;0;0
5;2025-11-19;1;0
5;2025-11-19;2;0
5;2025-11-19;3;0
5;2025-11-19;4;0
5;2025-11-19;5;0
5;2025-11-19;6;0
5;2025-11-19;7;0
5;2025-11-19;8;0
5;2025-11-19;9;0
5;2025-11-19;10;0
5;2025-11-19;11;0
5;2025-11-19;12;0
5;2025-11-19;13;0
5;2025-11-19;14;0
5;2025-11-19;15;0
5;2025-11-19;16;0
5;2025-11-19;17;0
5;2025-11-19;18;0
5;2025-11-19;19;0
5;2025-11-19;20;0
5;2025-11-19;21;0
5;2025-11-19;22;0
5;2025-11-19;23;0
5;2025-11-20;0;0
5;2025-11-20;1;0
5;2025-11-20;2;0
5;2025-11-20;3;0
5;2025-11-20;4;0
5;2025-11-20;5;0
5;2025-11-20;6;0
5;2025-11-20;7;0
5;2025-11-20;8;0
5;2025-11-20;9;0
5;2025-11-20;10;0
5;2025-11-20;11;0
5;2025-11-20;12;0
5;2025-11-20;13;0
5;2025-11-20;14;0
5;2025-11-20;15;0
5;2025-11-20;16;0
5;2025-11-20;17;0
5;2025-11-20;18;0
5;2025-11-20;19;0
5;2025-11-20;20;0
5;2025-11-20;21;0
5;2025-11-20;22;0
5;2025-11-20;23;0
5;2025-11-21;0;0
5;2025-11-21;1;0
5;2025-11-21;2;0
5;2025-11-21;3;0
5;2025-11-21;4;0
5;2025-11-21;5;0
5;2025-11-21;6;0
5;2025-11-21;7;0
5;2025-11-21;8;0
5;2025-11-21;9;0
5;2025-11-21;10;0
5;2025-11-21;11;0
5;2025-11-21;12;0
5;2025-11-21;13;0
5;2025-11-21;14;0
5;2025-11-21;15;0
5;2025-11-21;16;0
5;2025-11-21;17;0
5;2025-11-21;18;0
5;2025-11-21;19;0
5;2025-11-21;20;0
5;2025-11-21;21;0
5;2025-11-21;22;0
5;2025-11-21;23;0
5;2025-11-22;0;0
5;2025-11-22;1;0
5;2025-11-22;2;0
5;2025-11-22;3;0
5;2025-11-22;4;0
5;2025-11-22;5;0
5;2025-11-22;6;0
5;2025-11-22;7;0
5;2025-11-22;8;0
5;2025-11-22;9;0
5;2025-11-22;10;0
5;2025-11-22;11;0
5;2025-11-22;12;0
5;2025-11-22;13;0
5;2025-11-22;14;0
5;2025-11-22;15;0
5;2025-11-22;16;0
5;2025-11-22;17;0
5;2025-11-22;18;0
5;2025-11-22;19;0
5;2025-11-22;20;0
5;2025-11-22;21;0
5;2025-11-22;22;0
5;2025-11-22;23;0
5;2025-11-23;0;0
5;2025-11-23;1;0
5;2025-11-23;2;0
5;2025-11-23;3;0
5;2025-11-23;4;0
5;2025-11-23;5;0
5;2025-11-23;6;0
5;2025-11-23;7;0
5;2025-11-23;8;0
5;2025-11-23;9;0
5;2025-11-23;10;0
5;2025-11-23;11;0
5;2025-11-23;12;0
5;2025-11-23;13;0
5;2025-11-23;14;0
5;2025-11-23;15;0
5;2025-11-23;16;0
5;2025-11-23;17;0
5;2025-11-23;18;0
5;2025-11-23;19;0
5;2025-11-23;20;0
5;2025-11-23;21;0
5;2025-11-23;22;0
5;2025-11-23;23;0
5;2025-11-24;0;0
5;2025-11-24;1;0
5;2025-11-24;2;0
5;2025-11-24;3;0
5;2025-11-24;4;0
5;2025-11-24;5;0
5;2025-11-24;6;0
5;2025-11-24;7;0
5;2025-11-24;8;0
5;2025-11-24;9;0
5;2025-11-24;10;0
5;2025-11-24;11;0
5;2025-11-24;12;0
5;2025-11-24;13;0
5;2025-11-24;14;0
5;2025-11-24;15;0
5;2025-11-24;16;0
5;2025-11-24;17;0
5;2025-11-24;18;0
5;2025-11-24;19;0
5;2025-11-24;20;0
5;2025-11-24;21;0
5;2025-11-24;22;0
5;2025-11-24;23;0
5;2025-11-25;0;0
5;2025-11-25;1;0
5;2025-11-25;2;0
5;2025-11-25;3;0
5;2025-11-25;4;0
5;2025-11-25;5;0
5;2025-11-25;6;0
5;2025-11-25;7;0
5;2025-11-25;8;0
5;2025-11-25;9;0
5;2025-11-25;10;0
5;2025-11-25;11;0
5;2025-11-25;12;0
5;2025-11-25;13;0
5;2025-11-25;14;0
5;2025-11-25;15;0
5;2025-11-25;16;0
5;2025-11-25;17;0
5;2025-11-25;18;0
5;2025-11-25;19;0
5;2025-11-25;20;0
5;2025-11-25;21;0
5;2025-11-25;22;0
5;2025-11-25;23;0
5;2025-11-26;0;0
5;2025-11-26;1;0
5;2025-11-26;2;0
5;2025-11-26;3;0
5;2025-11-26;4;0
5;2025-11-26;5;0
5;2025-11-26;6;0
5;2025-11-26;7;0
5;2025-11-26;8;0
5;2025-11-26;9;0
5;2025-11-26;10;0
5;2025-11-26;11;0
5;2025-11-26;12;0
5;2025-11-26;13;0
5;2025-11-26;14;0
5;2025-11-26;15;0
5;2025-11-26;16;0
5;2025-11-26;17;0
5;2025-11-26;18;0
5;2025-11-26;19;0
5;2025-11-26;20;0
5;2025-11-26;21;0
5;2025-11-26;22;0
5;2025-11-26;23;0
5;2025-11-27;0;0
5;2025-11-27;1;0
5;2025-11-27;2;0
5;2025-11-27;3;0
5;2025-11-27;4;0
5;2025-11-27;5;0
5;2025-11-27;6;0
5;2025-11-27;7;0
5;2025-11-27;8;0
5;2025-11-27;9;0
5;2025-11-27;10;0
5;2025-11-27;11;0
5;2025-11-27;12;0
5;2025-11-27;13;0
5;2025-11-27;14;0
5;2025-11-27;15;0
5;2025-11-27;16;0
5;2025-11-27;17;0
5;2025-11-27;18;0
5;2025-11-27;19;0
5;2025-11-27;20;0
5;2025-11-27;21;0
5;2025-11-27;22;0
5;2025-11-27;23;0
5;2025-11-28;0;0
5;2025-11-28;1;0
5;2025-11-28;2;0
5;2025-11-28;3;0
5;2025-11-28;4;0
5;2025-11-28;5;0
5;2025-11-28;6;0
5;2025-11-28;7;0
5;2025-11-28;8;0
5;2025-11-28;9;0
5;2025-11-28;10;0
5;2025-11-28;11;0
5;2025-11-28;12;0
5;2025-11-28;13;0
5;2025-11-28;14;0
5;2025-11-28;15;0
5;2025-11-28;16;0
5;2025-11-28;17;0
5;2025-11-28;18;0
5;2025-11-28;19;0
5;2025-11-28;20;0
5;2025-11-28;21;0
5;2025-11-28;22;0
5;2025-11-28;23;0
5;2025-11-29;0;0
5;2025-11-29;1;0
5;2025-11-29;2;0
5;2025-11-29;3;0
5;2025-11-29;4;0
5;2025-11-29;5;0
5;2025-11-29;6;0
5;2025-11-29;7;0
5;2025-11-29;8;0
5;2025-11-29;9;0
5;2025-11-29;10;0
5;2025-11-29;11;0
5;2025-11-29;12;0
5;2025-11-29;13;0
5;2025-11-29;14;0
5;2025-11-29;15;0
5;2025-11-29;16;0
5;2025-11-29;17;0
5;2025-11-29;18;0
5;2025-11-29;19;0
5;2025-11-29;20;0
5;2025-11-29;21;0
5;2025-11-29;22;0
5;2025-11-29;23;0
5;2025-11-30;0;0
5;2025-11-30;1;0
5;2025-11-30;2;0
5;2025-11-30;3;0
5;2025-11-30;4;0
5;2025-11-30;5;0
5;2025-11-30;6;0
5;2025-11-30;7;0
5;2025-11-30;8;0
5;2025-11-30;9;0
5;2025-11-30;10;0
5;2025-11-30;11;0
5;2025-11-30;12;0
5;2025-11-30;13;0
5;2025-11-30;14;0
5;2025-11-30;15;0
5;2025-11-30;16;0
5;2025-11-30;17;0
5;2025-11-30;18;0
5;2025-11-30;19;0
5;2025-11-30;20;0
5;2025-11-30;21;0
5;2025-11-30;22;0
5;2025-11-30;23;0
5;2025-12-01;0;0
5;2025-12-01;1;0
5;2025-12-01;2;0
5;2025-12-01;3;0
5;2025-12-01;4;0
5;2025-12-01;5;0
5;2025-12-01;6;0
5;2025-12-01;7;0
5;2025-12-01;8;0
5;2025-12-01;9;0
5;2025-12-01;10;0
5;2025-12-01;11;0
5;2025-12-01;12;0
5;2025-12-01;13;0
5;2025-12-01;14;0
5;2025-12-01;15;0
5;2025-12-01;16;0
5;2025-12-01;17;0
5;2025-12-01;18;0
5;2025-12-01;19;0
5;2025-12-01;20;0
5;2025-12-01;21;0
5;2025-12-01;22;0
5;2025-12-01;23;0
5;2025-12-02;0;0
5;2025-12-02;1;0
5;2025-12-02;2;0
5;2025-12-02;3;0
5;2025-12-02;4;0
5;2025-12-02;5;0
5;2025-12-02;6;0
5;2025-12-02;7;0
5;2025-12-02;8;0
5;2025-12-02;9;0
5;2025-12-02;10;0
5;2025-12-02;11;0
5;2025-12-02;12;0
5;2025-12-02;13;0
5;2025-12-02;14;0
5;2025-12-02;15;0
5;2025-12-02;16;0
5;2025-12-02;17;0
5;2025-12-02;18;0
5;2025-12-02;19;0
5;2025-12-02;20;0
5;2025-12-02;21;0
5;2025-12-02;22;0
5;2025-12-02;23;0
5;2025-12-03;0;0
5;2025-12-03;1;0
5;2025-12-03;2;0
5;2025-12-03;3;0
5;2025-12-03;4;0
5;2025-12-03;5;0
5;2025-12-03;6;0
5;2025-12-03;7;0
5;2025-12-03;8;0
5;2025-12-03;9;0
5;2025-12-03;10;0
5;2025-12-03;11;0
5;2025-12-03;12;0
5;2025-12-03;13;0
5;2025-12-03;14;0
5;2025-12-03;15;0
5;2025-12-03;16;0
5;2025-12-03;17;0
5;2025-12-03;18;0
5;2025-12-03;19;0
5;2025-12-03;20;0
5;2025-12-03;21;0
5;2025-12-03;22;0
5;2025-12-03;23;0
5;2025-12-04;0;0
5;2025-12-04;1;0
5;2025-12-04;2;0
5;2025-12-04;3;0
5;2025-12-04;4;0
5;2025-12-04;5;0
5;2025-12-04;6;0
5;2025-12-04;7;0
5;2025-12-04;8;0
5;2025-12-04;9;0
5;2025-12-04;10;0
5;2025-12-04;11;0
5;2025-12-04;12;0
5;2025-12-04;13;0
5;2025-12-04;14;0
5;2025-12-04;15;0
5;2025-12-04;16;0
5;2025-12-04;17;0
5;2025-12-04;18;0
5;2025-12-04;19;0
5;2025-12-04;20;0
5;2025-12-04;21;0
5;2025-12-04;22;0
5;2025-12-04;23;0
5;2025-12-05;0;0
5;2025-12-05;1;0
5;2025-12-05;2;0
5;2025-12-05;3;0
5;2025-12-05;4;0
5;2025-12-05;5;0
5;2025-12-05;6;0
5;2025-12-05;7;0
5;2025-12-05;8;0
5;2025-12-05;9;0
5;2025-12-05;10;0
5;2025-12-05;11;0
5;2025-12-05;12;0
5;2025-12-05;13;0
5;2025-12-05;14;0
5;2025-12-05;15;0
5;2025-12-05;16;0
5;2025-12-05;17;0
5;2025-12-05;18;0
5;2025-12-05;19;0
5;2025-12-05;20;0
5;2025-12-05;21;0
5;2025-12-05;22;0
5;2025-12-05;23;0
5;2025-12-06;0;0
5;2025-12-06;1;0
5;2025-12-06;2;0
5;2025-12-06;3;0
5;2025-12-06;4;0
5;2025-12-06;5;0
5;2025-12-06;6;0
5;2025-12-06;7;0
5;2025-12-06;8;0
5;2025-12-06;9;0
5;2025-12-06;10;0
5;2025-12-06;11;0
5;2025-12-06;12;0
5;2025-12-06;13;0
5;2025-12-06;14;0
5;2025-12-06;15;0
5;2025-12-06;16;0
5;2025-12-06;17;0
5;2025-12-06;18;0
5;2025-12-06;19;0
5;2025-12-06;20;0
5;2025-12-06;21;0
5;2025-12-06;22;0
5;2025-12-06;23;0
5;2025-12-07;0;0
5;2025-12-07;1;0
5;2025-12-07;2;0
5;2025-12-07;3;0
5;2025-12-07;4;0
5;2025-12-07;5;0
5;2025-12-07;6;0
5;2025-12-07;7;0
5;2025-12-07;8;0
5;2025-12-07;9;0
5;2025-12-07;10;0
5;2025-12-07;11;0
5;2025-12-07;12;0
5;2025-12-07;13;0
5;2025-12-07;14;0
5;2025-12-07;15;0
5;2025-12-07;16;0
5;2025-12-07;17;0
5;2025-12-07;18;0
5;2025-12-07;19;0
5;2025-12-07;20;0
5;2025-12-07;21;0
5;2025-12-07;22;0
5;2025-12-07;23;0
5;2025-12-08;0;0
5;2025-12-08;1;0
5;2025-12-08;2;0
5;2025-12-08;3;0
5;2025-12-08;4;0
5;2025-12-08;5;0
5;2025-12-08;6;0
5;2025-12-08;7;0
5;2025-12-08;8;0
5;2025-12-08;9;0
5;2025-12-08;10;0
5;2025-12-08;11;0
5;2025-12-08;12;0
5;2025-12-08;13;0
5;2025-12-08;14;0
5;2025-12-08;15;0
5;2025-12-08;16;0
5;2025-12-08;17;0
5;2025-12-08;18;0
5;2025-12-08;19;0
5;2025-12-08;20;0
5;2025-12-08;21;0
5;2025-12-08;22;0
5;2025-12-08;23;0
5;2025-12-09;0;0
5;2025-12-09;1;0
5;2025-12-09;2;0
5;2025-12-09;3;0
5;2025-12-09;4;0
5;2025-12-09;5;0
5;2025-12-09;6;0
5;2025-12-09;7;0
5;2025-12-09;8;0
5;2025-12-09;9;0
5;2025-12-09;10;0
5;2025-12-09;11;0
5;2025-12-09;12;0
5;2025-12-09;13;0
5;2025-12-09;14;0
5;2025-12-09;15;0
5;2025-12-09;16;0
5;2025-12-09;17;0
5;2025-12-09;18;0
5;2025-12-09;19;0
5;2025-12-09;20;0
5;2025-12-09;21;0
5;2025-12-09;22;0
5;2025-12-09;23;0
5;2025-12-10;0;0
5;2025-12-10;1;0
5;2025-12-10;2;0
5;2025-12-10;3;0
5;2025-12-10;4;0
5;2025-12-10;5;0
5;2025-12-10;6;0
5;2025-12-10;7;0
5;2025-12-10;8;0
5;2025-12-10;9;0
5;2025-12-10;10;0
5;2025-12-10;11;0
5;2025-12-10;12;0
5;2025-12-10;13;0
5;2025-12-10;14;0
5;2025-12-10;15;0
5;2025-12-10;16;0
5;2025-12-10;17;0
5;2025-12-10;18;0
5;2025-12-10;19;0
5;2025-12-10;20;0
5;2025-12-10;21;0
5;2025-12-10;22;0
5;2025-12-10;23;0
5;2025-12-11;0;0
5;2025-12-11;1;0
5;2025-12-11;2;0
5;2025-12-11;3;0
5;2025-12-11;4;0
5;2025-12-11;5;0
5;2025-12-11;6;0
5;2025-12-11;7;0
5;2025-12-11;8;0
5;2025-12-11;9;0
5;2025-12-11;10;0
5;2025-12-11;11;0
5;2025-12-11;12;0
5;2025-12-11;13;0
5;2025-12-11;14;0
5;2025-12-11;15;0
5;2025-12-11;16;0
5;2025-12-11;17;0
5;2025-12-11;18;0
5;2025-12-11;19;0
5;2025-12-11;20;0
5;2025-12-11;21;0
5;2025-12-11;22;0
5;2025-12-11;23;0
5;2025-12-12;0;0
5;2025-12-12;1;0
5;2025-12-12;2;0
5;2025-12-12;3;0
5;2025-12-12;4;0
5;2025-12-12;5;0
5;2025-12-12;6;0
5;2025-12-12;7;0
5;2025-12-12;8;0
5;2025-12-12;9;0
5;2025-12-12;10;0
5;2025-12-12;11;0
5;2025-12-12;12;0
5;2025-12-12;13;0
5;2025-12-12;14;0
5;2025-12-12;15;0
5;2025-12-12;16;0
5;2025-12-12;17;0
5;2025-12-12;18;0
5;2025-12-12;19;0
5;2025-12-12;20;0
5;2025-12-12;21;0
5;2025-12-12;22;0
5;2025-12-12;23;0
5;2025-12-13;0;0
5;2025-12-13;1;0
5;2025-12-13;2;0
5;2025-12-13;3;0
5;2025-12-13;4;0
5;2025-12-13;5;0
5;2025-12-13;6;0
5;2025-12-13;7;0
5;2025-12-13;8;0
5;2025-12-13;9;0
5;2025-12-13;10;0
5;2025-12-13;11;0
5;2025-12-13;12;0
5;2025-12-13;13;0
5;2025-12-13;14;0
5;2025-12-13;15;0
5;2025-12-13;16;0
5;2025-12-13;17;0
5;2025-12-13;18;0
5;2025-12-13;19;0
5;2025-12-13;20;0
5;2025-12-13;21;0
5;2025-12-13;22;0
5;2025-12-13;23;0
5;2025-12-14;0;0
5;2025-12-14;1;0
5;2025-12-14;2;0
5;2025-12-14;3;0
5;2025-12-14;4;0
5;2025-12-14;5;0
5;2025-12-14;6;0
5;2025-12-14;7;0
5;2025-12-14;8;0
5;2025-12-14;9;0
5;2025-12-14;10;0
5;2025-12-14;11;0
5;2025-12-14;12;0
5;2025-12-14;13;0
5;2025-12-14;14;0
5;2025-12-14;15;0
5;2025-12-14;16;0
5;2025-12-14;17;0
5;2025-12-14;18;0
5;2025-12-14;19;0
5;2025-12-14;20;0
5;2025-12-14;21;0
5;2025-12-14;22;0
5;2025-12-14;23;0
5;2025-12-15;0;0
5;2025-12-15;1;0
5;2025-12-15;2;0
5;2025-12-15;3;0
5;2025-12-15;4;0
5;2025-12-15;5;0
5;2025-12-15;6;0
5;2025-12-15;7;0
5;2025-12-15;8;0
5;2025-12-15;9;0
5;2025-12-15;10;0
5;2025-12-15;11;0
5;2025-12-15;12;0
5;2025-12-15;13;0
5;2025-12-15;14;0
5;2025-12-15;15;0
5;2025-12-15;16;0
5;2025-12-15;17;0
5;2025-12-15;18;0
5;2025-12-15;19;0
5;2025-12-15;20;0
5;2025-12-15;21;0
5;2025-12-15;22;0
5;2025-12-15;23;0
5;2025-12-16;0;0
5;2025-12-16;1;0
5;2025-12-16;2;0
5;2025-12-16;3;0
5;2025-12-16;4;0
5;2025-12-16;5;0
5;2025-12-16;6;0
5;2025-12-16;7;0
5;2025-12-16;8;0
5;2025-12-16;9;0
5;2025-12-16;10;0
5;2025-12-16;11;0
5;2025-12-16;12;0
5;2025-12-16;13;0
5;2025-12-16;14;0
5;2025-12-16;15;0
5;2025-12-16;16;0
5;2025-12-16;17;0
5;2025-12-16;18;0
5;2025-12-16;19;0
5;2025-12-16;20;0
5;2025-12-16;21;0
5;2025-12-16;22;0
5;2025-12-16;23;0
5;2025-12-17;0;0
5;2025-12-17;1;0
5;2025-12-17;2;0
5;2025-12-17;3;0
5;2025-12-17;4;0
5;2025-12-17;5;0
5;2025-12-17;6;0
5;2025-12-17;7;0
5;2025-12-17;8;0
5;2025-12-17;9;0
5;2025-12-17;10;0
5;2025-12-17;11;0
5;2025-12-17;12;0
5;2025-12-17;13;0
5;2025-12-17;14;0
5;2025-12-17;15;0
5;2025-12-17;16;0
5;2025-12-17;17;0
5;2025-12-17;18;0
5;2025-12-17;19;0
5;2025-12-17;20;0
5;2025-12-17;21;0
5;2025-12-17;22;0
5;2025-12-17;23;0
5;2025-12-18;0;0
5;2025-12-18;1;0
5;2025-12-18;2;0
5;2025-12-18;3;0
5;2025-12-18;4;0
5;2025-12-18;5;0
5;2025-12-18;6;0
5;2025-12-18;7;0
5;2025-12-18;8;0
5;2025-12-18;9;0
5;2025-12-18;10;0
5;2025-12-18;11;0
5;2025-12-18;12;0
5;2025-12-18;13;0
5;2025-12-18;14;0
5;2025-12-18;15;0
5;2025-12-18;16;0
5;2025-12-18;17;0
5;2025-12-18;18;0
5;2025-12-18;19;0
5;2025-12-18;20;0
5;2025-12-18;21;0
5;2025-12-18;22;0
5;2025-12-18;23;0
5;2025-12-19;0;0
5;2025-12-19;1;0
5;2025-12-19;2;0
5;2025-12-19;3;0
5;2025-12-19;4;0
5;2025-12-19;5;0
5;2025-12-19;6;0
5;2025-12-19;7;0
5;2025-12-19;8;0
5;2025-12-19;9;0
5;2025-12-19;10;0
5;2025-12-19;11;0
5;2025-12-19;12;0
5;2025-12-19;13;0
5;2025-12-19;14;0
5;2025-12-19;15;0
5;2025-12-19;16;0
5;2025-12-19;17;0
5;2025-12-19;18;0
5;2025-12-19;19;0
5;2025-12-19;20;0
5;2025-12-19;21;0
5;2025-12-19;22;0
5;2025-12-19;23;0
5;2025-12-20;0;0
5;2025-12-20;1;0
5;2025-12-20;2;0
5;2025-12-20;3;0
5;2025-12-20;4;0
5;2025-12-20;5;0
5;2025-12-20;6;0
5;2025-12-20;7;0
5;2025-12-20;8;0
5;2025-12-20;9;0
5;2025-12-20;10;0
5;2025-12-20;11;0
5;2025-12-20;12;0
5;2025-12-20;13;0
5;2025-12-20;14;0
5;2025-12-20;15;0
5;2025-12-20;16;0
5;2025-12-20;17;0
5;2025-12-20;18;0
5;2025-12-20;19;0
5;2025-12-20;20;0
5;2025-12-20;21;0
5;2025-12-20;22;0
5;2025-12-20;23;0
5;2025-12-21;0;0
5;2025-12-21;1;0
5;2025-12-21;2;0
5;2025-12-21;3;0
5;2025-12-21;4;0
5;2025-12-21;5;0
5;2025-12-21;6;0
5;2025-12-21;7;0
5;2025-12-21;8;0
5;2025-12-21;9;0
5;2025-12-21;10;0
5;2025-12-21;11;0
5;2025-12-21;12;0
5;2025-12-21;13;0
5;2025-12-21;14;0
5;2025-12-21;15;0
5;2025-12-21;16;0
5;2025-12-21;17;0
5;2025-12-21;18;0
5;2025-12-21;19;0
5;2025-12-21;20;0
5;2025-12-21;21;0
5;2025-12-21;22;0
5;2025-12-21;23;0
5;2025-12-22;0;0
5;2025-12-22;1;0
5;2025-12-22;2;0
5;2025-12-22;3;0
5;2025-12-22;4;0
5;2025-12-22;5;0
5;2025-12-22;6;0
5;2025-12-22;7;0
5;2025-12-22;8;0
5;2025-12-22;9;0
5;2025-12-22;10;0
5;2025-12-22;11;0
5;2025-12-22;12;0
5;2025-12-22;13;0
5;2025-12-22;14;0
5;2025-12-22;15;0
5;2025-12-22;16;0
5;2025-12-22;17;0
5;2025-12-22;18;0
5;2025-12-22;19;0
5;2025-12-22;20;0
5;2025-12-22;21;0
5;2025-12-22;22;0
5;2025-12-22;23;0
5;2025-12-23;0;0
5;2025-12-23;1;0
5;2025-12-23;2;0
5;2025-12-23;3;0
5;2025-12-23;4;0
5;2025-12-23;5;0
5;2025-12-23;6;0
5;2025-12-23;7;0
5;2025-12-23;8;0
5;2025-12-23;9;0
5;2025-12-23;10;0
5;2025-12-23;11;0
5;2025-12-23;12;0
5;2025-12-23;13;0
5;2025-12-23;14;0
5;2025-12-23;15;0
5;2025-12-23;16;0
5;2025-12-23;17;0
5;2025-12-23;18;0
5;2025-12-23;19;0
5;2025-12-23;20;0
5;2025-12-23;21;0
5;2025-12-23;22;0
5;2025-12-23;23;0
5;2025-12-24;0;0
5;2025-12-24;1;0
5;2025-12-24;2;0
5;2025-12-24;3;0
5;2025-12-24;4;0
5;2025-12-24;5;0
5;2025-12-24;6;0
5;2025-12-24;7;0
5;2025-12-24;8;0
5;2025-12-24;9;0
5;2025-12-24;10;0
5;2025-12-24;11;0
5;2025-12-24;12;0
5;2025-12-24;13;0
5;2025-12-24;14;0
5;2025-12-24;15;0
5;2025-12-24;16;0
5;2025-12-24;17;0
5;2025-12-24;18;0
5;2025-12-24;19;0
5;2025-12-24;20;0
5;2025-12-24;21;0
5;2025-12-24;22;0
5;2025-12-24;23;0
5;2025-12-25;0;0
5;2025-12-25;1;0
5;2025-12-25;2;0
5;2025-12-25;3;0
5;2025-12-25;4;0
5;2025-12-25;5;0
5;2025-12-25;6;0
5;2025-12-25;7;0
5;2025-12-25;8;0
5;2025-12-25;9;0
5;2025-12-25;10;0
5;2025-12-25;11;0
5;2025-12-25;12;0
5;2025-12-25;13;0
5;2025-12-25;14;0
5;2025-12-25;15;0
5;2025-12-25;16;0
5;2025-12-25;17;0
5;2025-12-25;18;0
5;2025-12-25;19;0
5;2025-12-25;20;0
5;2025-12-25;21;0
5;2025-12-25;22;0
5;2025-12-25;23;0
5;2025-12-26;0;0
5;2025-12-26;1;0
5;2025-12-26;2;0
5;2025-12-26;3;0
5;2025-12-26;4;0
5;2025-12-26;5;0
5;2025-12-26;6;0
5;2025-12-26;7;0
5;2025-12-26;8;0
5;2025-12-26;9;0
5;2025-12-26;10;0
5;2025-12-26;11;0
5;2025-12-26;12;0
5;2025-12-26;13;0
5;2025-12-26;14;0
5;2025-12-26;15;0
5;2025-12-26;16;0
5;2025-12-26;17;0
5;2025-12-26;18;0
5;2025-12-26;19;0
5;2025-12-26;20;0
5;2025-12-26;21;0
5;2025-12-26;22;0
5;2025-12-26;23;0
5;2025-12-27;0;0
5;2025-12-27;1;0
5;2025-12-27;2;0
5;2025-12-27;3;0
5;2025-12-27;4;0
5;2025-12-27;5;0
5;2025-12-27;6;0
5;2025-12-27;7;0
5;2025-12-27;8;0
5;2025-12-27;9;0
5;2025-12-27;10;0
5;2025-12-27;11;0
5;2025-12-27;12;0
5;2025-12-27;13;0
5;2025-12-27;14;0
5;2025-12-27;15;0
5;2025-12-27;16;0
5;2025-12-27;17;0
5;2025-12-27;18;0
5;2025-12-27;19;0
5;2025-12-27;20;0
5;2025-12-27;21;0
5;2025-12-27;22;0
5;2025-12-27;23;0
5;2025-12-28;0;0
5;2025-12-28;1;0
5;2025-12-28;2;0
5;2025-12-28;3;0
5;2025-12-28;4;0
5;2025-12-28;5;0
5;2025-12-28;6;0
5;2025-12-28;7;0
5;2025-12-28;8;0
5;2025-12-28;9;0
5;2025-12-28;10;0
5;2025-12-28;11;0
5;2025-12-28;12;0
5;2025-12-28;13;0
5;2025-12-28;14;0
5;2025-12-28;15;0
5;2025-12-28;16;0
5;2025-12-28;17;0
5;2025-12-28;18;0
5;2025-12-28;19;0
5;2025-12-28;20;0
5;2025-12-28;21;0
5;2025-12-28;22;0
5;2025-12-28;23;0
5;2025-12-29;0;0
5;2025-12-29;1;0
5;2025-12-29;2;0
5;2025-12-29;3;0
5;2025-12-29;4;0
5;2025-12-29;5;0
5;2025-12-29;6;0
5;2025-12-29;7;0
5;2025-12-29;8;0
5;2025-12-29;9;0
5;2025-12-29;10;0
5;2025-12-29;11;0
5;2025-12-29;12;0
5;2025-12-29;13;0
5;2025-12-29;14;0
5;2025-12-29;15;0
5;2025-12-29;16;0
5;2025-12-29;17;0
5;2025-12-29;18;0
5;2025-12-29;19;0
5;2025-12-29;20;0
5;2025-12-29;21;0
5;2025-12-29;22;0
5;2025-12-29;23;0
5;2025-12-30;0;0
5;2025-12-30;1;0
5;2025-12-30;2;0
5;2025-12-30;3;0
5;2025-12-30;4;0
5;2025-12-30;5;0
5;2025-12-30;6;0
5;2025-12-30;7;0
5;2025-12-30;8;0
5;2025-12-30;9;0
5;2025-12-30;10;0
5;2025-12-30;11;0
5;2025-12-30;12;0
5;2025-12-30;13;0
5;2025-12-30;14;0
5;2025-12-30;15;0
5;2025-12-30;16;0
5;2025-12-30;17;0
5;2025-12-30;18;0
5;2025-12-30;19;0
5;2025-12-30;20;0
5;2025-12-30;21;0
5;2025-12-30;22;0
5;2025-12-30;23;0
5;2025-12-31;0;0
5;2025-12-31;1;0
5;2025-12-31;2;0
5;2025-12-31;3;0
5;2025-12-31;4;0
5;2025-12-31;5;0
5;2025-12-31;6;0
5;2025-12-31;7;0
5;2025-12-31;8;0
5;2025-12-31;9;0
5;2025-12-31;10;0
5;2025-12-31;11;0
5;2025-12-31;12;0
5;2025-12-31;13;0
5;2025-12-31;14;0
5;2025-12-31;15;0
5;2025-12-31;16;0
5;2025-12-31;17;0
5;2025-12-31;18;0
5;2025-12-31;19;0
5;2025-12-31;20;0
5;2025-12-31;21;0
5;2025-12-31;22;0
5;2025-12-31;23;0
7;2025-11-01;0;87
7;2025-11-01;1;12
7;2025-11-01;2;1
7;2025-11-01;3;1
7;2025-11-01;4;2
7;2025-11-01;5;46
7;2025-11-01;6;245
7;2025-11-01;7;377
7;2025-11-01;8;671
7;2025-11-01;9;598
7;2025-11-01;10;673
7;2025-11-01;11;807
7;2025-11-01;12;1021
7;2025-11-01;13;947
7;2025-11-01;14;969
7;2025-11-01;15;1000
7;2025-11-01;16;895
7;2025-11-01;17;832
7;2025-11-01;18;762
7;2025-11-01;19;697
7;2025-11-01;20;502
7;2025-11-01;21;428
7;2025-11-01;22;235
7;2025-11-01;23;167
7;2025-11-02;0;111
7;2025-11-02;1;24
7;2025-11-02;2;0
7;2025-11-02;3;0
7;2025-11-02;4;2
7;2025-11-02;5;39
7;2025-11-02;6;211
7;2025-11-02;7;324
7;2025-11-02;8;533
7;2025-11-02;9;606
7;2025-11-02;10;694
7;2025-11-02;11;894
7;2025-11-02;12;1008
7;2025-11-02;13;1100
7;2025-11-02;14;1203
7;2025-11-02;15;1181
7;2025-11-02;16;1083
7;2025-11-02;17;1109
7;2025-11-02;18;972
7;2025-11-02;19;861
7;2025-11-02;20;665
7;2025-11-02;21;512
7;2025-11-02;22;302
7;2025-11-02;23;181
7;2025-11-03;0;75
7;2025-11-03;1;10
7;2025-11-03;2;1
7;2025-11-03;3;0
7;2025-11-03;4;2
7;2025-11-03;5;144
7;2025-11-03;6;374
7;2025-11-03;7;553
7;2025-11-03;8;704
7;2025-11-03;9;797
7;2025-11-03;10;785
7;2025-11-03;11;816
7;2025-11-03;12;850
7;2025-11-03;13;859
7;2025-11-03;14;853
7;2025-11-03;15;830
7;2025-11-03;16;928
7;2025-11-03;17;1015
7;2025-11-03;18;964
7;2025-11-03;19;1035
7;2025-11-03;20;757
7;2025-11-03;21;489
7;2025-11-03;22;285
7;2025-11-03;23;180
7;2025-11-04;0;66
7;2025-11-04;1;17
7;2025-11-04;2;1
7;2025-11-04;3;0
7;2025-11-04;4;3
7;2025-11-04;5;158
7;2025-11-04;6;348
7;2025-11-04;7;534
7;2025-11-04;8;659
7;2025-11-04;9;786
7;2025-11-04;10;765
7;2025-11-04;11;720
7;2025-11-04;12;844
7;2025-11-04;13;878
7;2025-11-04;14;1028
7;2025-11-04;15;989
7;2025-11-04;16;962
7;2025-11-04;17;991
7;2025-11-04;18;956
7;2025-11-04;19;1017
7;2025-11-04;20;772
7;2025-11-04;21;526
7;2025-11-04;22;327
7;2025-11-04;23;184
7;2025-11-05;0;59
7;2025-11-05;1;11
7;2025-11-05;2;0
7;2025-11-05;3;0
7;2025-11-05;4;1
7;2025-11-05;5;205
7;2025-11-05;6;671
7;2025-11-05;7;1658
7;2025-11-05;8;2682
7;2025-11-05;9;2038
7;2025-11-05;10;1679
7;2025-11-05;11;1489
7;2025-11-05;12;1600
7;2025-11-05;13;1606
7;2025-11-05;14;1681
7;2025-11-05;15;1880
7;2025-11-05;16;1935
7;2025-11-05;17;2520
7;2025-11-05;18;2720
7;2025-11-05;19;1834
7;2025-11-05;20;1063
7;2025-11-05;21;570
7;2025-11-05;22;349
7;2025-11-05;23;182
7;2025-11-06;0;56
7;2025-11-06;1;11
7;2025-11-06;2;0
7;2025-11-06;3;0
7;2025-11-06;4;1
7;2025-11-06;5;191
7;2025-11-06;6;719
7;2025-11-06;7;1637
7;2025-11-06;8;2539
7;2025-11-06;9;1860
7;2025-11-06;10;1522
7;2025-11-06;11;1373
7;2025-11-06;12;1474
7;2025-11-06;13;1541
7;2025-11-06;14;1622
7;2025-11-06;15;1671
7;2025-11-06;16;1778
7;2025-11-06;17;2309
7;2025-11-06;18;2702
7;2025-11-06;19;1700
7;2025-11-06;20;1009
7;2025-11-06;21;634
7;2025-11-06;22;326
7;2025-11-06;23;184
7;2025-11-07;0;58
7;2025-11-07;1;11
7;2025-11-07;2;0
7;2025-11-07;3;0
7;2025-11-07;4;1
7;2025-11-07;5;184
7;2025-11-07;6;650
7;2025-11-07;7;1608
7;2025-11-07;8;2483
7;2025-11-07;9;1845
7;2025-11-07;10;1570
7;2025-11-07;11;1449
7;2025-11-07;12;1575
7;2025-11-07;13;1666
7;2025-11-07;14;1697
7;2025-11-07;15;1853
7;2025-11-07;16;2137
7;2025-11-07;17;2350
7;2025-11-07;18;2168
7;2025-11-07;19;1500
7;2025-11-07;20;988
7;2025-11-07;21;632
7;2025-11-07;22;355
7;2025-11-07;23;231
7;2025-11-08;0;93
7;2025-11-08;1;22
7;2025-11-08;2;0
7;2025-11-08;3;0
7;2025-11-08;4;0
7;2025-11-08;5;61
7;2025-11-08;6;307
7;2025-11-08;7;510
7;2025-11-08;8;768
7;2025-11-08;9;836
7;2025-11-08;10;869
7;2025-11-08;11;1012
7;2025-11-08;12;1135
7;2025-11-08;13;1158
7;2025-11-08;14;1210
7;2025-11-08;15;1201
7;2025-11-08;16;1164
7;2025-11-08;17;1073
7;2025-11-08;18;1042
7;2025-11-08;19;998
7;2025-11-08;20;754
7;2025-11-08;21;622
7;2025-11-08;22;341
7;2025-11-08;23;217
7;2025-11-09;0;108
7;2025-11-09;1;24
7;2025-11-09;2;0
7;2025-11-09;3;0
7;2025-11-09;4;1
7;2025-11-09;5;41
7;2025-11-09;6;219
7;2025-11-09;7;339
7;2025-11-09;8;563
7;2025-11-09;9;674
7;2025-11-09;10;727
7;2025-11-09;11;920
7;2025-11-09;12;990
7;2025-11-09;13;1066
7;2025-11-09;14;1092
7;2025-11-09;15;1087
7;2025-11-09;16;1036
7;2025-11-09;17;1062
7;2025-11-09;18;918
7;2025-11-09;19;801
7;2025-11-09;20;659
7;2025-11-09;21;533
7;2025-11-09;22;295
7;2025-11-09;23;171
7;2025-11-10;0;70
7;2025-11-10;1;11
7;2025-11-10;2;0
7;2025-11-10;3;0
7;2025-11-10;4;1
7;2025-11-10;5;204
7;2025-11-10;6;802
7;2025-11-10;7;1698
7;2025-11-10;8;2615
7;2025-11-10;9;1949
7;2025-11-10;10;1556
7;2025-11-10;11;1376
7;2025-11-10;12;1492
7;2025-11-10;13;1480
7;2025-11-10;14;1553
7;2025-11-10;15;1730
7;2025-11-10;16;1881
7;2025-11-10;17;2434
7;2025-11-10;18;2723
7;2025-11-10;19;1804
7;2025-11-10;20;1089
7;2025-11-10;21;609
7;2025-11-10;22;299
7;2025-11-10;23;183
7;2025-11-11;0;55
7;2025-11-11;1;13
7;2025-11-11;2;0
7;2025-11-11;3;0
7;2025-11-11;4;2
7;2025-11-11;5;219
7;2025-11-11;6;803
7;2025-11-11;7;1809
7;2025-11-11;8;2673
7;2025-11-11;9;1958
7;2025-11-11;10;1624
7;2025-11-11;11;1518
7;2025-11-11;12;1587
7;2025-11-11;13;1602
7;2025-11-11;14;1652
7;2025-11-11;15;1822
7;2025-11-11;16;1903
7;2025-11-11;17;2470
7;2025-11-11;18;2787
7;2025-11-11;19;1911
7;2025-11-11;20;1109
7;2025-11-11;21;684
7;2025-11-11;22;343
7;2025-11-11;23;184
7;2025-11-12;0;59
7;2025-11-12;1;9
7;2025-11-12;2;0
7;2025-11-12;3;0
7;2025-11-12;4;1
7;2025-11-12;5;203
7;2025-11-12;6;786
7;2025-11-12;7;1698
7;2025-11-12;8;2758
7;2025-11-12;9;2094
7;2025-11-12;10;1706
7;2025-11-12;11;1479
7;2025-11-12;12;1552
7;2025-11-12;13;1553
7;2025-11-12;14;1629
7;2025-11-12;15;1817
7;2025-11-12;16;1895
7;2025-11-12;17;2522
7;2025-11-12;18;2746
7;2025-11-12;19;1805
7;2025-11-12;20;1095
7;2025-11-12;21;660
7;2025-11-12;22;355
7;2025-11-12;23;201
7;2025-11-13;0;67
7;2025-11-13;1;13
7;2025-11-13;2;0
7;2025-11-13;3;0
7;2025-11-13;4;1
7;2025-11-13;5;198
7;2025-11-13;6;789
7;2025-11-13;7;1733
7;2025-11-13;8;2695
7;2025-11-13;9;1978
7;2025-11-13;10;1613
7;2025-11-13;11;1451
7;2025-11-13;12;1550
7;2025-11-13;13;1615
7;2025-11-13;14;1719
7;2025-11-13;15;1768
7;2025-11-13;16;1895
7;2025-11-13;17;2449
7;2025-11-13;18;2829
7;2025-11-13;19;1768
7;2025-11-13;20;1076
7;2025-11-13;21;666
7;2025-11-13;22;345
7;2025-11-13;23;195
7;2025-11-14;0;61
7;2025-11-14;1;6
7;2025-11-14;2;0
7;2025-11-14;3;0
7;2025-11-14;4;0
7;2025-11-14;5;196
7;2025-11-14;6;710
7;2025-11-14;7;1676
7;2025-11-14;8;2558
7;2025-11-14;9;1915
7;2025-11-14;10;1623
7;2025-11-14;11;1514
7;2025-11-14;12;1645
7;2025-11-14;13;1729
7;2025-11-14;14;1777
7;2025-11-14;15;1921
7;2025-11-14;16;2190
7;2025-11-14;17;2396
7;2025-11-14;18;2242
7;2025-11-14;19;1552
7;2025-11-14;20;1016
7;2025-11-14;21;651
7;2025-11-14;22;357
7;2025-11-14;23;228
7;2025-11-15;0;85
7;2025-11-15;1;12
7;2025-11-15;2;0
7;2025-11-15;3;0
7;2025-11-15;4;1
7;2025-11-15;5;62
7;2025-11-15;6;299
7;2025-11-15;7;487
7;2025-11-15;8;746
7;2025-11-15;9;847
7;2025-11-15;10;872
7;2025-11-15;11;1042
7;2025-11-15;12;1154
7;2025-11-15;13;1206
7;2025-11-15;14;1313
7;2025-11-15;15;1288
7;2025-11-15;16;1242
7;2025-11-15;17;1121
7;2025-11-15;18;1049
7;2025-11-15;19;1047
7;2025-11-15;20;826
7;2025-11-15;21;633
7;2025-11-15;22;326
7;2025-11-15;23;198
7;2025-11-16;0;98
7;2025-11-16;1;16
7;2025-11-16;2;1
7;2025-11-16;3;0
7;2025-11-16;4;0
7;2025-11-16;5;33
7;2025-11-16;6;200
7;2025-11-16;7;304
7;2025-11-16;8;526
7;2025-11-16;9;676
7;2025-11-16;10;777
7;2025-11-16;11;986
7;2025-11-16;12;1046
7;2025-11-16;13;1123
7;2025-11-16;14;1135
7;2025-11-16;15;1088
7;2025-11-16;16;1023
7;2025-11-16;17;1031
7;2025-11-16;18;852
7;2025-11-16;19;755
7;2025-11-16;20;612
7;2025-11-16;21;492
7;2025-11-16;22;256
7;2025-11-16;23;143
7;2025-11-17;0;55
7;2025-11-17;1;7
7;2025-11-17;2;0
7;2025-11-17;3;0
7;2025-11-17;4;0
7;2025-11-17;5;181
7;2025-11-17;6;753
7;2025-11-17;7;1592
7;2025-11-17;8;2482
7;2025-11-17;9;1821
7;2025-11-17;10;1442
7;2025-11-17;11;1280
7;2025-11-17;12;1368
7;2025-11-17;13;1359
7;2025-11-17;14;1431
7;2025-11-17;15;1598
7;2025-11-17;16;1730
7;2025-11-17;17;2347
7;2025-11-17;18;2623
7;2025-11-17;19;1703
7;2025-11-17;20;990
7;2025-11-17;21;564
7;2025-11-17;22;262
7;2025-11-17;23;154
7;2025-11-18;0;45
7;2025-11-18;1;8
7;2025-11-18;2;0
7;2025-11-18;3;0
7;2025-11-18;4;0
7;2025-11-18;5;200
7;2025-11-18;6;762
7;2025-11-18;7;1772
7;2025-11-18;8;2623
7;2025-11-18;9;1940
7;2025-11-18;10;1586
7;2025-11-18;11;1501
7;2025-11-18;12;1589
7;2025-11-18;13;1598
7;2025-11-18;14;1629
7;2025-11-18;15;1781
7;2025-11-18;16;1837
7;2025-11-18;17;2406
7;2025-11-18;18;2721
7;2025-11-18;19;1862
7;2025-11-18;20;1086
7;2025-11-18;21;651
7;2025-11-18;22;332
7;2025-11-18;23;166
7;2025-11-19;0;47
7;2025-11-19;1;7
7;2025-11-19;2;0
7;2025-11-19;3;0
7;2025-11-19;4;1
7;2025-11-19;5;194
7;2025-11-19;6;776
7;2025-11-19;7;1707
7;2025-11-19;8;2759
7;2025-11-19;9;2043
7;2025-11-19;10;1655
7;2025-11-19;11;1465
7;2025-11-19;12;1533
7;2025-11-19;13;1566
7;2025-11-19;14;1619
7;2025-11-19;15;1840
7;2025-11-19;16;1921
7;2025-11-19;17;2527
7;2025-11-19;18;2716
7;2025-11-19;19;1813
7;2025-11-19;20;1094
7;2025-11-19;21;647
7;2025-11-19;22;329
7;2025-11-19;23;167
7;2025-11-20;0;58
7;2025-11-20;1;8
7;2025-11-20;2;0
7;2025-11-20;3;0
7;2025-11-20;4;1
7;2025-11-20;5;194
7;2025-11-20;6;785
7;2025-11-20;7;1733
7;2025-11-20;8;2686
7;2025-11-20;9;1983
7;2025-11-20;10;1611
7;2025-11-20;11;1482
7;2025-11-20;12;1568
7;2025-11-20;13;1634
7;2025-11-20;14;1732
7;2025-11-20;15;1778
7;2025-11-20;16;1907
7;2025-11-20;17;2425
7;2025-11-20;18;2813
7;2025-11-20;19;1783
7;2025-11-20;20;1068
7;2025-11-20;21;641
7;2025-11-20;22;332
7;2025-11-20;23;187
7;2025-11-21;0;58
7;2025-11-21;1;3
7;2025-11-21;2;0
7;2025-11-21;3;0
7;2025-11-21;4;0
7;2025-11-21;5;183
7;2025-11-21;6;700
7;2025-11-21;7;1687
7;2025-11-21;8;2543
7;2025-11-21;9;1893
7;2025-11-21;10;1608
7;2025-11-21;11;1489
7;2025-11-21;12;1610
7;2025-11-21;13;1735
7;2025-11-21;14;1752
7;2025-11-21;15;1921
7;2025-11-21;16;2194
7;2025-11-21;17;2385
7;2025-11-21;18;2230
7;2025-11-21;19;1564
7;2025-11-21;20;1010
7;2025-11-21;21;648
7;2025-11-21;22;347
7;2025-11-21;23;218
7;2025-11-22;0;94
7;2025-11-22;1;24
7;2025-11-22;2;0
7;2025-11-22;3;0
7;2025-11-22;4;1
7;2025-11-22;5;56
7;2025-11-22;6;293
7;2025-11-22;7;488
7;2025-11-22;8;760
7;2025-11-22;9;878
7;2025-11-22;10;926
7;2025-11-22;11;1118
7;2025-11-22;12;1224
7;2025-11-22;13;1241
7;2025-11-22;14;1288
7;2025-11-22;15;1271
7;2025-11-22;16;1223
7;2025-11-22;17;1129
7;2025-11-22;18;1111
7;2025-11-22;19;1061
7;2025-11-22;20;802
7;2025-11-22;21;629
7;2025-11-22;22;321
7;2025-11-22;23;193
7;2025-11-23;0;101
7;2025-11-23;1;20
7;2025-11-23;2;0
7;2025-11-23;3;0
7;2025-11-23;4;0
7;2025-11-23;5;39
7;2025-11-23;6;228
7;2025-11-23;7;329
7;2025-11-23;8;548
7;2025-11-23;9;676
7;2025-11-23;10;778
7;2025-11-23;11;1024
7;2025-11-23;12;1122
7;2025-11-23;13;1240
7;2025-11-23;14;1280
7;2025-11-23;15;1240
7;2025-11-23;16;1143
7;2025-11-23;17;1164
7;2025-11-23;18;976
7;2025-11-23;19;848
7;2025-11-23;20;683
7;2025-11-23;21;502
7;2025-11-23;22;277
7;2025-11-23;23;151
7;2025-11-24;0;55
7;2025-11-24;1;0
7;2025-11-24;2;0
7;2025-11-24;3;0
7;2025-11-24;4;0
7;2025-11-24;5;187
7;2025-11-24;6;780
7;2025-11-24;7;1664
7;2025-11-24;8;2534
7;2025-11-24;9;1931
7;2025-11-24;10;1554
7;2025-11-24;11;1354
7;2025-11-24;12;1462
7;2025-11-24;13;1464
7;2025-11-24;14;1520
7;2025-11-24;15;1689
7;2025-11-24;16;1829
7;2025-11-24;17;2383
7;2025-11-24;18;2645
7;2025-11-24;19;1766
7;2025-11-24;20;1087
7;2025-11-24;21;615
7;2025-11-24;22;295
7;2025-11-24;23;168
7;2025-11-25;0;46
7;2025-11-25;1;6
7;2025-11-25;2;0
7;2025-11-25;3;0
7;2025-11-25;4;0
7;2025-11-25;5;209
7;2025-11-25;6;811
7;2025-11-25;7;1774
7;2025-11-25;8;2587
7;2025-11-25;9;1897
7;2025-11-25;10;1569
7;2025-11-25;11;1485
7;2025-11-25;12;1547
7;2025-11-25;13;1572
7;2025-11-25;14;1604
7;2025-11-25;15;1786
7;2025-11-25;16;1866
7;2025-11-25;17;2411
7;2025-11-25;18;2718
7;2025-11-25;19;1843
7;2025-11-25;20;1094
7;2025-11-25;21;663
7;2025-11-25;22;319
7;2025-11-25;23;163
7;2025-11-26;0;51
7;2025-11-26;1;6
7;2025-11-26;2;0
7;2025-11-26;3;0
7;2025-11-26;4;2
7;2025-11-26;5;192
7;2025-11-26;6;813
7;2025-11-26;7;1701
7;2025-11-26;8;2618
7;2025-11-26;9;2019
7;2025-11-26;10;1679
7;2025-11-26;11;1483
7;2025-11-26;12;1539
7;2025-11-26;13;1549
7;2025-11-26;14;1604
7;2025-11-26;15;1795
7;2025-11-26;16;1881
7;2025-11-26;17;2378
7;2025-11-26;18;2564
7;2025-11-26;19;1780
7;2025-11-26;20;1094
7;2025-11-26;21;685
7;2025-11-26;22;334
7;2025-11-26;23;178
7;2025-11-27;0;58
7;2025-11-27;1;10
7;2025-11-27;2;0
7;2025-11-27;3;0
7;2025-11-27;4;4
7;2025-11-27;5;202
7;2025-11-27;6;836
7;2025-11-27;7;1721
7;2025-11-27;8;2468
7;2025-11-27;9;1935
7;2025-11-27;10;1597
7;2025-11-27;11;1477
7;2025-11-27;12;1548
7;2025-11-27;13;1608
7;2025-11-27;14;1693
7;2025-11-27;15;1764
7;2025-11-27;16;1874
7;2025-11-27;17;2313
7;2025-11-27;18;2630
7;2025-11-27;19;1791
7;2025-11-27;20;1143
7;2025-11-27;21;725
7;2025-11-27;22;351
7;2025-11-27;23;205
7;2025-11-28;0;71
7;2025-11-28;1;16
7;2025-11-28;2;0
7;2025-11-28;3;0
7;2025-11-28;4;2
7;2025-11-28;5;194
7;2025-11-28;6;740
7;2025-11-28;7;1684
7;2025-11-28;8;2385
7;2025-11-28;9;1898
7;2025-11-28;10;1654
7;2025-11-28;11;1553
7;2025-11-28;12;1643
7;2025-11-28;13;1760
7;2025-11-28;14;1784
7;2025-11-28;15;1941
7;2025-11-28;16;2107
7;2025-11-28;17;2275
7;2025-11-28;18;2104
7;2025-11-28;19;1598
7;2025-11-28;20;1103
7;2025-11-28;21;703
7;2025-11-28;22;388
7;2025-11-28;23;245
7;2025-11-29;0;104
7;2025-11-29;1;33
7;2025-11-29;2;0
7;2025-11-29;3;1
7;2025-11-29;4;3
7;2025-11-29;5;67
7;2025-11-29;6;348
7;2025-11-29;7;534
7;2025-11-29;8;829
7;2025-11-29;9;921
7;2025-11-29;10;970
7;2025-11-29;11;1162
7;2025-11-29;12;1272
7;2025-11-29;13;1280
7;2025-11-29;14;1328
7;2025-11-29;15;1300
7;2025-11-29;16;1261
7;2025-11-29;17;1174
7;2025-11-29;18;1137
7;2025-11-29;19;1071
7;2025-11-29;20;842
7;2025-11-29;21;684
7;2025-11-29;22;364
7;2025-11-29;23;222
7;2025-11-30;0;103
7;2025-11-30;1;26
7;2025-11-30;2;0
7;2025-11-30;3;0
7;2025-11-30;4;3
7;2025-11-30;5;53
7;2025-11-30;6;263
7;2025-11-30;7;379
7;2025-11-30;8;593
7;2025-11-30;9;738
7;2025-11-30;10;835
7;2025-11-30;11;1017
7;2025-11-30;12;1079
7;2025-11-30;13;1151
7;2025-11-30;14;1184
7;2025-11-30;15;1161
7;2025-11-30;16;1098
7;2025-11-30;17;1108
7;2025-11-30;18;972
7;2025-11-30;19;855
7;2025-11-30;20;756
7;2025-11-30;21;583
7;2025-11-30;22;330
7;2025-11-30;23;190
7;2025-12-01;0;65
7;2025-12-01;1;0
7;2025-12-01;2;0
7;2025-12-01;3;0
7;2025-12-01;4;3
7;2025-12-01;5;221
7;2025-12-01;6;867
7;2025-12-01;7;1717
7;2025-12-01;8;2424
7;2025-12-01;9;1923
7;2025-12-01;10;1567
7;2025-12-01;11;1432
7;2025-12-01;12;1528
7;2025-12-01;13;1541
7;2025-12-01;14;1598
7;2025-12-01;15;1733
7;2025-12-01;16;1892
7;2025-12-01;17;2300
7;2025-12-01;18;2574
7;2025-12-01;19;1823
7;2025-12-01;20;1174
7;2025-12-01;21;655
7;2025-12-01;22;340
7;2025-12-01;23;189
7;2025-12-02;0;46
7;2025-12-02;1;4
7;2025-12-02;2;0
7;2025-12-02;3;0
7;2025-12-02;4;5
7;2025-12-02;5;242
7;2025-12-02;6;858
7;2025-12-02;7;1818
7;2025-12-02;8;2496
7;2025-12-02;9;1924
7;2025-12-02;10;1621
7;2025-12-02;11;1550
7;2025-12-02;12;1602
7;2025-12-02;13;1622
7;2025-12-02;14;1664
7;2025-12-02;15;1810
7;2025-12-02;16;1886
7;2025-12-02;17;2320
7;2025-12-02;18;2628
7;2025-12-02;19;1892
7;2025-12-02;20;1150
7;2025-12-02;21;736
7;2025-12-02;22;379
7;2025-12-02;23;191
7;2025-12-03;0;56
7;2025-12-03;1;7
7;2025-12-03;2;0
7;2025-12-03;3;0
7;2025-12-03;4;5
7;2025-12-03;5;222
7;2025-12-03;6;836
7;2025-12-03;7;1722
7;2025-12-03;8;2685
7;2025-12-03;9;2053
7;2025-12-03;10;1730
7;2025-12-03;11;1573
7;2025-12-03;12;1629
7;2025-12-03;13;1627
7;2025-12-03;14;1681
7;2025-12-03;15;1874
7;2025-12-03;16;1962
7;2025-12-03;17;2464
7;2025-12-03;18;2672
7;2025-12-03;19;1848
7;2025-12-03;20;1189
7;2025-12-03;21;731
7;2025-12-03;22;395
7;2025-12-03;23;217
7;2025-12-04;0;63
7;2025-12-04;1;0
7;2025-12-04;2;0
7;2025-12-04;3;0
7;2025-12-04;4;5
7;2025-12-04;5;228
7;2025-12-04;6;837
7;2025-12-04;7;1744
7;2025-12-04;8;2581
7;2025-12-04;9;1936
7;2025-12-04;10;1622
7;2025-12-04;11;1511
7;2025-12-04;12;1588
7;2025-12-04;13;1634
7;2025-12-04;14;1712
7;2025-12-04;15;1774
7;2025-12-04;16;1899
7;2025-12-04;17;2378
7;2025-12-04;18;2730
7;2025-12-04;19;1803
7;2025-12-04;20;1189
7;2025-12-04;21;751
7;2025-12-04;22;377
7;2025-12-04;23;225
7;2025-12-05;0;73
7;2025-12-05;1;0
7;2025-12-05;2;0
7;2025-12-05;3;0
7;2025-12-05;4;4
7;2025-12-05;5;223
7;2025-12-05;6;736
7;2025-12-05;7;1691
7;2025-12-05;8;2478
7;2025-12-05;9;1882
7;2025-12-05;10;1646
7;2025-12-05;11;1547
7;2025-12-05;12;1641
7;2025-12-05;13;1726
7;2025-12-05;14;1762
7;2025-12-05;15;1920
7;2025-12-05;16;2154
7;2025-12-05;17;2334
7;2025-12-05;18;2190
7;2025-12-05;19;1614
7;2025-12-05;20;1124
7;2025-12-05;21;724
7;2025-12-05;22;401
7;2025-12-05;23;267
7;2025-12-06;0;98
7;2025-12-06;1;7
7;2025-12-06;2;0
7;2025-12-06;3;1
7;2025-12-06;4;4
7;2025-12-06;5;75
7;2025-12-06;6;345
7;2025-12-06;7;538
7;2025-12-06;8;815
7;2025-12-06;9;903
7;2025-12-06;10;945
7;2025-12-06;11;1125
7;2025-12-06;12;1259
7;2025-12-06;13;1256
7;2025-12-06;14;1291
7;2025-12-06;15;1282
7;2025-12-06;16;1228
7;2025-12-06;17;1134
7;2025-12-06;18;1121
7;2025-12-06;19;1059
7;2025-12-06;20;842
7;2025-12-06;21;678
7;2025-12-06;22;375
7;2025-12-06;23;239
7;2025-12-07;0;114
7;2025-12-07;1;28
7;2025-12-07;2;0
7;2025-12-07;3;1
7;2025-12-07;4;3
7;2025-12-07;5;47
7;2025-12-07;6;235
7;2025-12-07;7;348
7;2025-12-07;8;578
7;2025-12-07;9;710
7;2025-12-07;10;802
7;2025-12-07;11;977
7;2025-12-07;12;1049
7;2025-12-07;13;1133
7;2025-12-07;14;1164
7;2025-12-07;15;1149
7;2025-12-07;16;1054
7;2025-12-07;17;1090
7;2025-12-07;18;936
7;2025-12-07;19;830
7;2025-12-07;20;718
7;2025-12-07;21;546
7;2025-12-07;22;304
7;2025-12-07;23;175
7;2025-12-08;0;74
7;2025-12-08;1;16
7;2025-12-08;2;0
7;2025-12-08;3;0
7;2025-12-08;4;3
7;2025-12-08;5;220
7;2025-12-08;6;823
7;2025-12-08;7;1706
7;2025-12-08;8;2554
7;2025-12-08;9;1936
7;2025-12-08;10;1610
7;2025-12-08;11;1456
7;2025-12-08;12;1566
7;2025-12-08;13;1544
7;2025-12-08;14;1596
7;2025-12-08;15;1764
7;2025-12-08;16;1899
7;2025-12-08;17;2403
7;2025-12-08;18;2679
7;2025-12-08;19;1828
7;2025-12-08;20;1152
7;2025-12-08;21;626
7;2025-12-08;22;312
7;2025-12-08;23;193
7;2025-12-09;0;58
7;2025-12-09;1;14
7;2025-12-09;2;0
7;2025-12-09;3;0
7;2025-12-09;4;4
7;2025-12-09;5;236
7;2025-12-09;6;822
7;2025-12-09;7;1828
7;2025-12-09;8;2631
7;2025-12-09;9;1959
7;2025-12-09;10;1665
7;2025-12-09;11;1583
7;2025-12-09;12;1652
7;2025-12-09;13;1646
7;2025-12-09;14;1695
7;2025-12-09;15;1866
7;2025-12-09;16;1937
7;2025-12-09;17;2435
7;2025-12-09;18;2733
7;2025-12-09;19;1927
7;2025-12-09;20;1169
7;2025-12-09;21;708
7;2025-12-09;22;357
7;2025-12-09;23;190
7;2025-12-10;0;61
7;2025-12-10;1;11
7;2025-12-10;2;0
7;2025-12-10;3;0
7;2025-12-10;4;2
7;2025-12-10;5;218
7;2025-12-10;6;813
7;2025-12-10;7;1724
7;2025-12-10;8;2756
7;2025-12-10;9;2100
7;2025-12-10;10;1749
7;2025-12-10;11;1568
7;2025-12-10;12;1621
7;2025-12-10;13;1619
7;2025-12-10;14;1684
7;2025-12-10;15;1894
7;2025-12-10;16;1958
7;2025-12-10;17;2555
7;2025-12-10;18;2707
7;2025-12-10;19;1844
7;2025-12-10;20;1156
7;2025-12-10;21;680
7;2025-12-10;22;360
7;2025-12-10;23;202
7;2025-12-11;0;70
7;2025-12-11;1;17
7;2025-12-11;2;0
7;2025-12-11;3;0
7;2025-12-11;4;2
7;2025-12-11;5;210
7;2025-12-11;6;816
7;2025-12-11;7;1730
7;2025-12-11;8;2617
7;2025-12-11;9;1964
7;2025-12-11;10;1631
7;2025-12-11;11;1516
7;2025-12-11;12;1577
7;2025-12-11;13;1622
7;2025-12-11;14;1740
7;2025-12-11;15;1778
7;2025-12-11;16;1887
7;2025-12-11;17;2389
7;2025-12-11;18;2724
7;2025-12-11;19;1781
7;2025-12-11;20;1115
7;2025-12-11;21;717
7;2025-12-11;22;358
7;2025-12-11;23;213
7;2025-12-12;0;70
7;2025-12-12;1;0
7;2025-12-12;2;0
7;2025-12-12;3;0
7;2025-12-12;4;3
7;2025-12-12;5;213
7;2025-12-12;6;713
7;2025-12-12;7;1676
7;2025-12-12;8;2527
7;2025-12-12;9;1908
7;2025-12-12;10;1670
7;2025-12-12;11;1560
7;2025-12-12;12;1653
7;2025-12-12;13;1733
7;2025-12-12;14;1761
7;2025-12-12;15;1899
7;2025-12-12;16;2169
7;2025-12-12;17;2397
7;2025-12-12;18;2228
7;2025-12-12;19;1651
7;2025-12-12;20;1092
7;2025-12-12;21;721
7;2025-12-12;22;391
7;2025-12-12;23;235
7;2025-12-13;0;103
7;2025-12-13;1;12
7;2025-12-13;2;0
7;2025-12-13;3;1
7;2025-12-13;4;0
7;2025-12-13;5;69
7;2025-12-13;6;342
7;2025-12-13;7;526
7;2025-12-13;8;850
7;2025-12-13;9;953
7;2025-12-13;10;1015
7;2025-12-13;11;1185
7;2025-12-13;12;1297
7;2025-12-13;13;1293
7;2025-12-13;14;1325
7;2025-12-13;15;1296
7;2025-12-13;16;1261
7;2025-12-13;17;1197
7;2025-12-13;18;1181
7;2025-12-13;19;1155
7;2025-12-13;20;890
7;2025-12-13;21;699
7;2025-12-13;22;354
7;2025-12-13;23;211
7;2025-12-14;0;97
7;2025-12-14;1;17
7;2025-12-14;2;1
7;2025-12-14;3;0
7;2025-12-14;4;0
7;2025-12-14;5;41
7;2025-12-14;6;220
7;2025-12-14;7;330
7;2025-12-14;8;555
7;2025-12-14;9;710
7;2025-12-14;10;780
7;2025-12-14;11;955
7;2025-12-14;12;1033
7;2025-12-14;13;1128
7;2025-12-14;14;1157
7;2025-12-14;15;1129
7;2025-12-14;16;1057
7;2025-12-14;17;1112
7;2025-12-14;18;970
7;2025-12-14;19;860
7;2025-12-14;20;716
7;2025-12-14;21;519
7;2025-12-14;22;292
7;2025-12-14;23;163
7;2025-12-15;0;69
7;2025-12-15;1;12
7;2025-12-15;2;0
7;2025-12-15;3;0
7;2025-12-15;4;0
7;2025-12-15;5;206
7;2025-12-15;6;810
7;2025-12-15;7;1679
7;2025-12-15;8;2546
7;2025-12-15;9;1934
7;2025-12-15;10;1558
7;2025-12-15;11;1417
7;2025-12-15;12;1503
7;2025-12-15;13;1495
7;2025-12-15;14;1567
7;2025-12-15;15;1744
7;2025-12-15;16;1888
7;2025-12-15;17;2418
7;2025-12-15;18;2664
7;2025-12-15;19;1796
7;2025-12-15;20;1098
7;2025-12-15;21;614
7;2025-12-15;22;293
7;2025-12-15;23;176
7;2025-12-16;0;50
7;2025-12-16;1;10
7;2025-12-16;2;0
7;2025-12-16;3;0
7;2025-12-16;4;2
7;2025-12-16;5;217
7;2025-12-16;6;798
7;2025-12-16;7;1786
7;2025-12-16;8;2613
7;2025-12-16;9;1940
7;2025-12-16;10;1645
7;2025-12-16;11;1562
7;2025-12-16;12;1625
7;2025-12-16;13;1626
7;2025-12-16;14;1685
7;2025-12-16;15;1875
7;2025-12-16;16;1922
7;2025-12-16;17;2448
7;2025-12-16;18;2737
7;2025-12-16;19;1909
7;2025-12-16;20;1127
7;2025-12-16;21;692
7;2025-12-16;22;343
7;2025-12-16;23;181
7;2025-12-17;0;58
7;2025-12-17;1;0
7;2025-12-17;2;0
7;2025-12-17;3;0
7;2025-12-17;4;1
7;2025-12-17;5;213
7;2025-12-17;6;793
7;2025-12-17;7;1706
7;2025-12-17;8;2736
7;2025-12-17;9;2091
7;2025-12-17;10;1750
7;2025-12-17;11;1568
7;2025-12-17;12;1626
7;2025-12-17;13;1625
7;2025-12-17;14;1691
7;2025-12-17;15;1893
7;2025-12-17;16;1954
7;2025-12-17;17;2558
7;2025-12-17;18;2695
7;2025-12-17;19;1825
7;2025-12-17;20;1124
7;2025-12-17;21;673
7;2025-12-17;22;346
7;2025-12-17;23;194
7;2025-12-18;0;60
7;2025-12-18;1;13
7;2025-12-18;2;0
7;2025-12-18;3;0
7;2025-12-18;4;1
7;2025-12-18;5;204
7;2025-12-18;6;805
7;2025-12-18;7;1719
7;2025-12-18;8;2624
7;2025-12-18;9;1950
7;2025-12-18;10;1623
7;2025-12-18;11;1513
7;2025-12-18;12;1586
7;2025-12-18;13;1618
7;2025-12-18;14;1728
7;2025-12-18;15;1799
7;2025-12-18;16;1906
7;2025-12-18;17;2434
7;2025-12-18;18;2773
7;2025-12-18;19;1785
7;2025-12-18;20;1123
7;2025-12-18;21;704
7;2025-12-18;22;337
7;2025-12-18;23;205
7;2025-12-19;0;72
7;2025-12-19;1;2
7;2025-12-19;2;0
7;2025-12-19;3;0
7;2025-12-19;4;3
7;2025-12-19;5;216
7;2025-12-19;6;715
7;2025-12-19;7;1673
7;2025-12-19;8;2526
7;2025-12-19;9;1910
7;2025-12-19;10;1656
7;2025-12-19;11;1562
7;2025-12-19;12;1668
7;2025-12-19;13;1741
7;2025-12-19;14;1786
7;2025-12-19;15;1952
7;2025-12-19;16;2203
7;2025-12-19;17;2421
7;2025-12-19;18;2211
7;2025-12-19;19;1573
7;2025-12-19;20;1068
7;2025-12-19;21;683
7;2025-12-19;22;362
7;2025-12-19;23;238
7;2025-12-20;0;99
7;2025-12-20;1;24
7;2025-12-20;2;0
7;2025-12-20;3;0
7;2025-12-20;4;1
7;2025-12-20;5;66
7;2025-12-20;6;333
7;2025-12-20;7;528
7;2025-12-20;8;809
7;2025-12-20;9;907
7;2025-12-20;10;933
7;2025-12-20;11;1116
7;2025-12-20;12;1250
7;2025-12-20;13;1234
7;2025-12-20;14;1281
7;2025-12-20;15;1270
7;2025-12-20;16;1202
7;2025-12-20;17;1116
7;2025-12-20;18;1067
7;2025-12-20;19;1022
7;2025-12-20;20;811
7;2025-12-20;21;659
7;2025-12-20;22;350
7;2025-12-20;23;218
7;2025-12-21;0;95
7;2025-12-21;1;20
7;2025-12-21;2;0
7;2025-12-21;3;0
7;2025-12-21;4;1
7;2025-12-21;5;43
7;2025-12-21;6;219
7;2025-12-21;7;349
7;2025-12-21;8;562
7;2025-12-21;9;696
7;2025-12-21;10;768
7;2025-12-21;11;940
7;2025-12-21;12;1006
7;2025-12-21;13;1093
7;2025-12-21;14;1117
7;2025-12-21;15;1112
7;2025-12-21;16;1018
7;2025-12-21;17;1048
7;2025-12-21;18;887
7;2025-12-21;19;798
7;2025-12-21;20;686
7;2025-12-21;21;514
7;2025-12-21;22;279
7;2025-12-21;23;164
7;2025-12-22;0;73
7;2025-12-22;1;11
7;2025-12-22;2;0
7;2025-12-22;3;0
7;2025-12-22;4;2
7;2025-12-22;5;219
7;2025-12-22;6;802
7;2025-12-22;7;1696
7;2025-12-22;8;2563
7;2025-12-22;9;1950
7;2025-12-22;10;1623
7;2025-12-22;11;1437
7;2025-12-22;12;1542
7;2025-12-22;13;1523
7;2025-12-22;14;1583
7;2025-12-22;15;1762
7;2025-12-22;16;1908
7;2025-12-22;17;2417
7;2025-12-22;18;2679
7;2025-12-22;19;1852
7;2025-12-22;20;1158
7;2025-12-22;21;638
7;2025-12-22;22;292
7;2025-12-22;23;166
7;2025-12-23;0;50
7;2025-12-23;1;4
7;2025-12-23;2;0
7;2025-12-23;3;0
7;2025-12-23;4;0
7;2025-12-23;5;223
7;2025-12-23;6;803
7;2025-12-23;7;1805
7;2025-12-23;8;2596
7;2025-12-23;9;1953
7;2025-12-23;10;1630
7;2025-12-23;11;1547
7;2025-12-23;12;1616
7;2025-12-23;13;1595
7;2025-12-23;14;1656
7;2025-12-23;15;1847
7;2025-12-23;16;1905
7;2025-12-23;17;2438
7;2025-12-23;18;2727
7;2025-12-23;19;1927
7;2025-12-23;20;1154
7;2025-12-23;21;697
7;2025-12-23;22;330
7;2025-12-23;23;170
7;2025-12-24;0;54
7;2025-12-24;1;6
7;2025-12-24;2;0
7;2025-12-24;3;0
7;2025-12-24;4;1
7;2025-12-24;5;207
7;2025-12-24;6;793
7;2025-12-24;7;1691
7;2025-12-24;8;2707
7;2025-12-24;9;2076
7;2025-12-24;10;1722
7;2025-12-24;11;1547
7;2025-12-24;12;1615
7;2025-12-24;13;1602
7;2025-12-24;14;1661
7;2025-12-24;15;1877
7;2025-12-24;16;1936
7;2025-12-24;17;2536
7;2025-12-24;18;2691
7;2025-12-24;19;1831
7;2025-12-24;20;1120
7;2025-12-24;21;668
7;2025-12-24;22;345
7;2025-12-24;23;192
7;2025-12-25;0;57
7;2025-12-25;1;13
7;2025-12-25;2;0
7;2025-12-25;3;0
7;2025-12-25;4;0
7;2025-12-25;5;197
7;2025-12-25;6;786
7;2025-12-25;7;1681
7;2025-12-25;8;2593
7;2025-12-25;9;1945
7;2025-12-25;10;1612
7;2025-12-25;11;1492
7;2025-12-25;12;1557
7;2025-12-25;13;1586
7;2025-12-25;14;1702
7;2025-12-25;15;1764
7;2025-12-25;16;1883
7;2025-12-25;17;2394
7;2025-12-25;18;2686
7;2025-12-25;19;1753
7;2025-12-25;20;1078
7;2025-12-25;21;682
7;2025-12-25;22;333
7;2025-12-25;23;188
7;2025-12-26;0;57
7;2025-12-26;1;5
7;2025-12-26;2;0
7;2025-12-26;3;0
7;2025-12-26;4;1
7;2025-12-26;5;218
7;2025-12-26;6;713
7;2025-12-26;7;1667
7;2025-12-26;8;2491
7;2025-12-26;9;1938
7;2025-12-26;10;1707
7;2025-12-26;11;1556
7;2025-12-26;12;1656
7;2025-12-26;13;1750
7;2025-12-26;14;1784
7;2025-12-26;15;1935
7;2025-12-26;16;2173
7;2025-12-26;17;2367
7;2025-12-26;18;2187
7;2025-12-26;19;1582
7;2025-12-26;20;1082
7;2025-12-26;21;698
7;2025-12-26;22;390
7;2025-12-26;23;247
7;2025-12-27;0;105
7;2025-12-27;1;19
7;2025-12-27;2;0
7;2025-12-27;3;1
7;2025-12-27;4;3
7;2025-12-27;5;72
7;2025-12-27;6;327
7;2025-12-27;7;519
7;2025-12-27;8;818
7;2025-12-27;9;887
7;2025-12-27;10;935
7;2025-12-27;11;1105
7;2025-12-27;12;1225
7;2025-12-27;13;1197
7;2025-12-27;14;1234
7;2025-12-27;15;1247
7;2025-12-27;16;1175
7;2025-12-27;17;1100
7;2025-12-27;18;1048
7;2025-12-27;19;1016
7;2025-12-27;20;790
7;2025-12-27;21;653
7;2025-12-27;22;344
7;2025-12-27;23;212
7;2025-12-28;0;104
7;2025-12-28;1;24
7;2025-12-28;2;0
7;2025-12-28;3;0
7;2025-12-28;4;1
7;2025-12-28;5;43
7;2025-12-28;6;218
7;2025-12-28;7;346
7;2025-12-28;8;559
7;2025-12-28;9;690
7;2025-12-28;10;761
7;2025-12-28;11;907
7;2025-12-28;12;976
7;2025-12-28;13;1070
7;2025-12-28;14;1078
7;2025-12-28;15;1089
7;2025-12-28;16;999
7;2025-12-28;17;1048
7;2025-12-28;18;882
7;2025-12-28;19;792
7;2025-12-28;20;672
7;2025-12-28;21;534
7;2025-12-28;22;293
7;2025-12-28;23;174
7;2025-12-29;0;80
7;2025-12-29;1;17
7;2025-12-29;2;0
7;2025-12-29;3;0
7;2025-12-29;4;2
7;2025-12-29;5;215
7;2025-12-29;6;788
7;2025-12-29;7;1656
7;2025-12-29;8;2496
7;2025-12-29;9;1946
7;2025-12-29;10;1626
7;2025-12-29;11;1454
7;2025-12-29;12;1560
7;2025-12-29;13;1553
7;2025-12-29;14;1611
7;2025-12-29;15;1766
7;2025-12-29;16;1902
7;2025-12-29;17;2392
7;2025-12-29;18;2623
7;2025-12-29;19;1842
7;2025-12-29;20;1157
7;2025-12-29;21;640
7;2025-12-29;22;316
7;2025-12-29;23;193
7;2025-12-30;0;62
7;2025-12-30;1;16
7;2025-12-30;2;0
7;2025-12-30;3;0
7;2025-12-30;4;2
7;2025-12-30;5;224
7;2025-12-30;6;776
7;2025-12-30;7;1754
7;2025-12-30;8;2506
7;2025-12-30;9;1942
7;2025-12-30;10;1673
7;2025-12-30;11;1577
7;2025-12-30;12;1651
7;2025-12-30;13;1652
7;2025-12-30;14;1715
7;2025-12-30;15;1862
7;2025-12-30;16;1911
7;2025-12-30;17;2384
7;2025-12-30;18;2651
7;2025-12-30;19;1909
7;2025-12-30;20;1148
7;2025-12-30;21;691
7;2025-12-30;22;358
7;2025-12-30;23;197
7;2025-12-31;0;41
7;2025-12-31;1;0
7;2025-12-31;2;2
7;2025-12-31;3;0
7;2025-12-31;4;0
7;2025-12-31;5;86
7;2025-12-31;6;250
7;2025-12-31;7;353
7;2025-12-31;8;497
7;2025-12-31;9;605
7;2025-12-31;10;611
7;2025-12-31;11;648
7;2025-12-31;12;874
7;2025-12-31;13;822
7;2025-12-31;14;910
7;2025-12-31;15;941
7;2025-12-31;16;904
7;2025-12-31;17;949
7;2025-12-31;18;792
7;2025-12-31;19;765
7;2025-12-31;20;605
7;2025-12-31;21;400
7;2025-12-31;22;302
7;2025-12-31;23;164
11;2025-11-01;0;99
11;2025-11-01;1;1
11;2025-11-01;2;0
11;2025-11-01;3;0
11;2025-11-01;4;0
11;2025-11-01;5;182
11;2025-11-01;6;823
11;2025-11-01;7;700
11;2025-11-01;8;1003
11;2025-11-01;9;1178
11;2025-11-01;10;1342
11;2025-11-01;11;1720
11;2025-11-01;12;1993
11;2025-11-01;13;1876
11;2025-11-01;14;1958
11;2025-11-01;15;1869
11;2025-11-01;16;1890
11;2025-11-01;17;1885
11;2025-11-01;18;1509
11;2025-11-01;19;1460
11;2025-11-01;20;1044
11;2025-11-01;21;758
11;2025-11-01;22;413
11;2025-11-01;23;314
11;2025-11-02;0;115
11;2025-11-02;1;15
11;2025-11-02;2;0
11;2025-11-02;3;0
11;2025-11-02;4;6
11;2025-11-02;5;140
11;2025-11-02;6;477
11;2025-11-02;7;496
11;2025-11-02;8;624
11;2025-11-02;9;819
11;2025-11-02;10;869
11;2025-11-02;11;1275
11;2025-11-02;12;1391
11;2025-11-02;13;1409
11;2025-11-02;14;1562
11;2025-11-02;15;1610
11;2025-11-02;16;1558
11;2025-11-02;17;1611
11;2025-11-02;18;1330
11;2025-11-02;19;1022
11;2025-11-02;20;928
11;2025-11-02;21;655
11;2025-11-02;22;369
11;2025-11-02;23;257
11;2025-11-03;0;75
11;2025-11-03;1;3
11;2025-11-03;2;0
11;2025-11-03;3;0
11;2025-11-03;4;0
11;2025-11-03;5;235
11;2025-11-03;6;723
11;2025-11-03;7;717
11;2025-11-03;8;928
11;2025-11-03;9;905
11;2025-11-03;10;837
11;2025-11-03;11;1039
11;2025-11-03;12;949
11;2025-11-03;13;1070
11;2025-11-03;14;1076
11;2025-11-03;15;1103
11;2025-11-03;16;1264
11;2025-11-03;17;1322
11;2025-11-03;18;1365
11;2025-11-03;19;1278
11;2025-11-03;20;1063
11;2025-11-03;21;701
11;2025-11-03;22;388
11;2025-11-03;23;225
11;2025-11-04;0;66
11;2025-11-04;1;1
11;2025-11-04;2;0
11;2025-11-04;3;0
11;2025-11-04;4;1
11;2025-11-04;5;213
11;2025-11-04;6;673
11;2025-11-04;7;696
11;2025-11-04;8;816
11;2025-11-04;9;868
11;2025-11-04;10;788
11;2025-11-04;11;959
11;2025-11-04;12;918
11;2025-11-04;13;1102
11;2025-11-04;14;1336
11;2025-11-04;15;1322
11;2025-11-04;16;1311
11;2025-11-04;17;1391
11;2025-11-04;18;1352
11;2025-11-04;19;1250
11;2025-11-04;20;1064
11;2025-11-04;21;770
11;2025-11-04;22;405
11;2025-11-04;23;237
11;2025-11-05;0;66
11;2025-11-05;1;1
11;2025-11-05;2;0
11;2025-11-05;3;0
11;2025-11-05;4;1
11;2025-11-05;5;299
11;2025-11-05;6;1412
11;2025-11-05;7;2477
11;2025-11-05;8;3250
11;2025-11-05;9;2451
11;2025-11-05;10;1892
11;2025-11-05;11;1897
11;2025-11-05;12;2007
11;2025-11-05;13;2156
11;2025-11-05;14;2132
11;2025-11-05;15;2261
11;2025-11-05;16;2377
11;2025-11-05;17;2947
11;2025-11-05;18;3243
11;2025-11-05;19;2427
11;2025-11-05;20;1576
11;2025-11-05;21;926
11;2025-11-05;22;453
11;2025-11-05;23;244
11;2025-11-06;0;65
11;2025-11-06;1;1
11;2025-11-06;2;0
11;2025-11-06;3;0
11;2025-11-06;4;1
11;2025-11-06;5;296
11;2025-11-06;6;1373
11;2025-11-06;7;2409
11;2025-11-06;8;3069
11;2025-11-06;9;2486
11;2025-11-06;10;1978
11;2025-11-06;11;1770
11;2025-11-06;12;1918
11;2025-11-06;13;2103
11;2025-11-06;14;2082
11;2025-11-06;15;2142
11;2025-11-06;16;2325
11;2025-11-06;17;2888
11;2025-11-06;18;3247
11;2025-11-06;19;2345
11;2025-11-06;20;1483
11;2025-11-06;21;923
11;2025-11-06;22;483
11;2025-11-06;23;239
11;2025-11-07;0;73
11;2025-11-07;1;2
11;2025-11-07;2;0
11;2025-11-07;3;0
11;2025-11-07;4;2
11;2025-11-07;5;284
11;2025-11-07;6;1366
11;2025-11-07;7;2420
11;2025-11-07;8;3055
11;2025-11-07;9;2367
11;2025-11-07;10;1875
11;2025-11-07;11;1838
11;2025-11-07;12;1895
11;2025-11-07;13;2039
11;2025-11-07;14;2118
11;2025-11-07;15;2389
11;2025-11-07;16;2645
11;2025-11-07;17;3025
11;2025-11-07;18;2698
11;2025-11-07;19;2163
11;2025-11-07;20;1470
11;2025-11-07;21;915
11;2025-11-07;22;486
11;2025-11-07;23;301
11;2025-11-08;0;102
11;2025-11-08;1;2
11;2025-11-08;2;0
11;2025-11-08;3;0
11;2025-11-08;4;4
11;2025-11-08;5;211
11;2025-11-08;6;814
11;2025-11-08;7;707
11;2025-11-08;8;1008
11;2025-11-08;9;1180
11;2025-11-08;10;1278
11;2025-11-08;11;1677
11;2025-11-08;12;1949
11;2025-11-08;13;1833
11;2025-11-08;14;1901
11;2025-11-08;15;1941
11;2025-11-08;16;1939
11;2025-11-08;17;1951
11;2025-11-08;18;1634
11;2025-11-08;19;1548
11;2025-11-08;20;1114
11;2025-11-08;21;817
11;2025-11-08;22;465
11;2025-11-08;23;330
11;2025-11-09;0;117
11;2025-11-09;1;17
11;2025-11-09;2;0
11;2025-11-09;3;0
11;2025-11-09;4;4
11;2025-11-09;5;134
11;2025-11-09;6;549
11;2025-11-09;7;545
11;2025-11-09;8;670
11;2025-11-09;9;948
11;2025-11-09;10;1047
11;2025-11-09;11;1472
11;2025-11-09;12;1613
11;2025-11-09;13;1552
11;2025-11-09;14;1647
11;2025-11-09;15;1707
11;2025-11-09;16;1642
11;2025-11-09;17;1722
11;2025-11-09;18;1327
11;2025-11-09;19;1085
11;2025-11-09;20;886
11;2025-11-09;21;641
11;2025-11-09;22;400
11;2025-11-09;23;259
11;2025-11-10;0;79
11;2025-11-10;1;8
11;2025-11-10;2;0
11;2025-11-10;3;0
11;2025-11-10;4;4
11;2025-11-10;5;315
11;2025-11-10;6;1424
11;2025-11-10;7;2566
11;2025-11-10;8;3312
11;2025-11-10;9;2562
11;2025-11-10;10;1888
11;2025-11-10;11;1909
11;2025-11-10;12;1833
11;2025-11-10;13;2030
11;2025-11-10;14;2018
11;2025-11-10;15;2248
11;2025-11-10;16;2474
11;2025-11-10;17;3044
11;2025-11-10;18;3358
11;2025-11-10;19;2534
11;2025-11-10;20;1531
11;2025-11-10;21;908
11;2025-11-10;22;472
11;2025-11-10;23;235
11;2025-11-11;0;65
11;2025-11-11;1;2
11;2025-11-11;2;0
11;2025-11-11;3;0
11;2025-11-11;4;4
11;2025-11-11;5;300
11;2025-11-11;6;1448
11;2025-11-11;7;2645
11;2025-11-11;8;3467
11;2025-11-11;9;2652
11;2025-11-11;10;1964
11;2025-11-11;11;1938
11;2025-11-11;12;1943
11;2025-11-11;13;2135
11;2025-11-11;14;2169
11;2025-11-11;15;2282
11;2025-11-11;16;2506
11;2025-11-11;17;3114
11;2025-11-11;18;3336
11;2025-11-11;19;2523
11;2025-11-11;20;1586
11;2025-11-11;21;922
11;2025-11-11;22;475
11;2025-11-11;23;243
11;2025-11-12;0;71
11;2025-11-12;1;2
11;2025-11-12;2;0
11;2025-11-12;3;0
11;2025-11-12;4;4
11;2025-11-12;5;315
11;2025-11-12;6;1390
11;2025-11-12;7;2594
11;2025-11-12;8;3430
11;2025-11-12;9;2552
11;2025-11-12;10;1953
11;2025-11-12;11;1925
11;2025-11-12;12;2021
11;2025-11-12;13;2152
11;2025-11-12;14;2147
11;2025-11-12;15;2281
11;2025-11-12;16;2419
11;2025-11-12;17;3036
11;2025-11-12;18;3348
11;2025-11-12;19;2482
11;2025-11-12;20;1599
11;2025-11-12;21;928
11;2025-11-12;22;481
11;2025-11-12;23;265
11;2025-11-13;0;74
11;2025-11-13;1;2
11;2025-11-13;2;0
11;2025-11-13;3;0
11;2025-11-13;4;3
11;2025-11-13;5;305
11;2025-11-13;6;1436
11;2025-11-13;7;2557
11;2025-11-13;8;3291
11;2025-11-13;9;2646
11;2025-11-13;10;2137
11;2025-11-13;11;1972
11;2025-11-13;12;2064
11;2025-11-13;13;2231
11;2025-11-13;14;2227
11;2025-11-13;15;2314
11;2025-11-13;16;2512
11;2025-11-13;17;3073
11;2025-11-13;18;3451
11;2025-11-13;19;2459
11;2025-11-13;20;1564
11;2025-11-13;21;966
11;2025-11-13;22;522
11;2025-11-13;23;264
11;2025-11-14;0;81
11;2025-11-14;1;5
11;2025-11-14;2;0
11;2025-11-14;3;0
11;2025-11-14;4;4
11;2025-11-14;5;310
11;2025-11-14;6;1384
11;2025-11-14;7;2510
11;2025-11-14;8;3130
11;2025-11-14;9;2486
11;2025-11-14;10;1950
11;2025-11-14;11;1933
11;2025-11-14;12;2021
11;2025-11-14;13;2124
11;2025-11-14;14;2213
11;2025-11-14;15;2461
11;2025-11-14;16;2680
11;2025-11-14;17;3060
11;2025-11-14;18;2780
11;2025-11-14;19;2208
11;2025-11-14;20;1517
11;2025-11-14;21;927
11;2025-11-14;22;502
11;2025-11-14;23;304
11;2025-11-15;0;93
11;2025-11-15;1;5
11;2025-11-15;2;0
11;2025-11-15;3;0
11;2025-11-15;4;4
11;2025-11-15;5;182
11;2025-11-15;6;708
11;2025-11-15;7;634
11;2025-11-15;8;917
11;2025-11-15;9;1083
11;2025-11-15;10;1129
11;2025-11-15;11;1556
11;2025-11-15;12;1802
11;2025-11-15;13;1755
11;2025-11-15;14;1867
11;2025-11-15;15;1867
11;2025-11-15;16;1855
11;2025-11-15;17;1801
11;2025-11-15;18;1458
11;2025-11-15;19;1432
11;2025-11-15;20;1088
11;2025-11-15;21;772
11;2025-11-15;22;438
11;2025-11-15;23;287
11;2025-11-16;0;98
11;2025-11-16;1;7
11;2025-11-16;2;0
11;2025-11-16;3;0
11;2025-11-16;4;0
11;2025-11-16;5;114
11;2025-11-16;6;443
11;2025-11-16;7;481
11;2025-11-16;8;578
11;2025-11-16;9;883
11;2025-11-16;10;998
11;2025-11-16;11;1466
11;2025-11-16;12;1602
11;2025-11-16;13;1549
11;2025-11-16;14;1610
11;2025-11-16;15;1630
11;2025-11-16;16;1523
11;2025-11-16;17;1580
11;2025-11-16;18;1177
11;2025-11-16;19;942
11;2025-11-16;20;780
11;2025-11-16;21;575
11;2025-11-16;22;344
11;2025-11-16;23;209
11;2025-11-17;0;69
11;2025-11-17;1;3
11;2025-11-17;2;0
11;2025-11-17;3;0
11;2025-11-17;4;7
11;2025-11-17;5;300
11;2025-11-17;6;1291
11;2025-11-17;7;2477
11;2025-11-17;8;3211
11;2025-11-17;9;2445
11;2025-11-17;10;1772
11;2025-11-17;11;1778
11;2025-11-17;12;1668
11;2025-11-17;13;1801
11;2025-11-17;14;1824
11;2025-11-17;15;2076
11;2025-11-17;16;2351
11;2025-11-17;17;2991
11;2025-11-17;18;3331
11;2025-11-17;19;2455
11;2025-11-17;20;1468
11;2025-11-17;21;825
11;2025-11-17;22;436
11;2025-11-17;23;203
11;2025-11-18;0;61
11;2025-11-18;1;2
11;2025-11-18;2;1
11;2025-11-18;3;0
11;2025-11-18;4;8
11;2025-11-18;5;269
11;2025-11-18;6;1385
11;2025-11-18;7;2596
11;2025-11-18;8;3364
11;2025-11-18;9;2570
11;2025-11-18;10;1843
11;2025-11-18;11;1838
11;2025-11-18;12;1850
11;2025-11-18;13;1965
11;2025-11-18;14;1987
11;2025-11-18;15;2161
11;2025-11-18;16;2396
11;2025-11-18;17;3041
11;2025-11-18;18;3272
11;2025-11-18;19;2453
11;2025-11-18;20;1579
11;2025-11-18;21;888
11;2025-11-18;22;461
11;2025-11-18;23;225
11;2025-11-19;0;71
11;2025-11-19;1;5
11;2025-11-19;2;0
11;2025-11-19;3;0
11;2025-11-19;4;7
11;2025-11-19;5;312
11;2025-11-19;6;1397
11;2025-11-19;7;2595
11;2025-11-19;8;3428
11;2025-11-19;9;2515
11;2025-11-19;10;1940
11;2025-11-19;11;1940
11;2025-11-19;12;2029
11;2025-11-19;13;2197
11;2025-11-19;14;2148
11;2025-11-19;15;2299
11;2025-11-19;16;2417
11;2025-11-19;17;3047
11;2025-11-19;18;3373
11;2025-11-19;19;2452
11;2025-11-19;20;1595
11;2025-11-19;21;946
11;2025-11-19;22;462
11;2025-11-19;23;235
11;2025-11-20;0;72
11;2025-11-20;1;1
11;2025-11-20;2;0
11;2025-11-20;3;0
11;2025-11-20;4;4
11;2025-11-20;5;304
11;2025-11-20;6;1415
11;2025-11-20;7;2564
11;2025-11-20;8;3287
11;2025-11-20;9;2652
11;2025-11-20;10;2134
11;2025-11-20;11;1969
11;2025-11-20;12;2052
11;2025-11-20;13;2221
11;2025-11-20;14;2230
11;2025-11-20;15;2311
11;2025-11-20;16;2499
11;2025-11-20;17;3081
11;2025-11-20;18;3471
11;2025-11-20;19;2440
11;2025-11-20;20;1556
11;2025-11-20;21;934
11;2025-11-20;22;496
11;2025-11-20;23;251
11;2025-11-21;0;78
11;2025-11-21;1;4
11;2025-11-21;2;0
11;2025-11-21;3;0
11;2025-11-21;4;5
11;2025-11-21;5;290
11;2025-11-21;6;1391
11;2025-11-21;7;2504
11;2025-11-21;8;3185
11;2025-11-21;9;2475
11;2025-11-21;10;1930
11;2025-11-21;11;1904
11;2025-11-21;12;1965
11;2025-11-21;13;2129
11;2025-11-21;14;2211
11;2025-11-21;15;2458
11;2025-11-21;16;2709
11;2025-11-21;17;3105
11;2025-11-21;18;2822
11;2025-11-21;19;2210
11;2025-11-21;20;1517
11;2025-11-21;21;908
11;2025-11-21;22;489
11;2025-11-21;23;288
11;2025-11-22;0;101
11;2025-11-22;1;3
11;2025-11-22;2;0
11;2025-11-22;3;0
11;2025-11-22;4;4
11;2025-11-22;5;171
11;2025-11-22;6;727
11;2025-11-22;7;679
11;2025-11-22;8;936
11;2025-11-22;9;1136
11;2025-11-22;10;1246
11;2025-11-22;11;1711
11;2025-11-22;12;1961
11;2025-11-22;13;1844
11;2025-11-22;14;1908
11;2025-11-22;15;1891
11;2025-11-22;16;1911
11;2025-11-22;17;1901
11;2025-11-22;18;1599
11;2025-11-22;19;1520
11;2025-11-22;20;1086
11;2025-11-22;21;752
11;2025-11-22;22;421
11;2025-11-22;23;292
11;2025-11-23;0;104
11;2025-11-23;1;12
11;2025-11-23;2;0
11;2025-11-23;3;1
11;2025-11-23;4;2
11;2025-11-23;5;124
11;2025-11-23;6;511
11;2025-11-23;7;512
11;2025-11-23;8;647
11;2025-11-23;9;914
11;2025-11-23;10;1047
11;2025-11-23;11;1562
11;2025-11-23;12;1717
11;2025-11-23;13;1683
11;2025-11-23;14;1768
11;2025-11-23;15;1781
11;2025-11-23;16;1703
11;2025-11-23;17;1753
11;2025-11-23;18;1321
11;2025-11-23;19;1085
11;2025-11-23;20;897
11;2025-11-23;21;610
11;2025-11-23;22;369
11;2025-11-23;23;228
11;2025-11-24;0;73
11;2025-11-24;1;4
11;2025-11-24;2;1
11;2025-11-24;3;0
11;2025-11-24;4;5
11;2025-11-24;5;290
11;2025-11-24;6;1337
11;2025-11-24;7;2483
11;2025-11-24;8;3213
11;2025-11-24;9;2459
11;2025-11-24;10;1778
11;2025-11-24;11;1753
11;2025-11-24;12;1707
11;2025-11-24;13;1927
11;2025-11-24;14;1857
11;2025-11-24;15;2064
11;2025-11-24;16;2350
11;2025-11-24;17;2911
11;2025-11-24;18;3247
11;2025-11-24;19;2421
11;2025-11-24;20;1474
11;2025-11-24;21;879
11;2025-11-24;22;448
11;2025-11-24;23;210
11;2025-11-25;0;61
11;2025-11-25;1;2
11;2025-11-25;2;0
11;2025-11-25;3;0
11;2025-11-25;4;8
11;2025-11-25;5;294
11;2025-11-25;6;1373
11;2025-11-25;7;2592
11;2025-11-25;8;3380
11;2025-11-25;9;2576
11;2025-11-25;10;1857
11;2025-11-25;11;1847
11;2025-11-25;12;1856
11;2025-11-25;13;2062
11;2025-11-25;14;2070
11;2025-11-25;15;2188
11;2025-11-25;16;2413
11;2025-11-25;17;3059
11;2025-11-25;18;3298
11;2025-11-25;19;2406
11;2025-11-25;20;1528
11;2025-11-25;21;870
11;2025-11-25;22;446
11;2025-11-25;23;216
11;2025-11-26;0;61
11;2025-11-26;1;5
11;2025-11-26;2;0
11;2025-11-26;3;0
11;2025-11-26;4;5
11;2025-11-26;5;275
11;2025-11-26;6;1330
11;2025-11-26;7;2360
11;2025-11-26;8;3188
11;2025-11-26;9;2356
11;2025-11-26;10;1812
11;2025-11-26;11;1755
11;2025-11-26;12;1787
11;2025-11-26;13;1959
11;2025-11-26;14;1896
11;2025-11-26;15;2037
11;2025-11-26;16;2170
11;2025-11-26;17;2735
11;2025-11-26;18;3109
11;2025-11-26;19;2197
11;2025-11-26;20;1490
11;2025-11-26;21;848
11;2025-11-26;22;423
11;2025-11-26;23;215
11;2025-11-27;0;58
11;2025-11-27;1;0
11;2025-11-27;2;0
11;2025-11-27;3;0
11;2025-11-27;4;3
11;2025-11-27;5;289
11;2025-11-27;6;1385
11;2025-11-27;7;2340
11;2025-11-27;8;2998
11;2025-11-27;9;2385
11;2025-11-27;10;1879
11;2025-11-27;11;1738
11;2025-11-27;12;1775
11;2025-11-27;13;1897
11;2025-11-27;14;1900
11;2025-11-27;15;2016
11;2025-11-27;16;2215
11;2025-11-27;17;2719
11;2025-11-27;18;3106
11;2025-11-27;19;2171
11;2025-11-27;20;1459
11;2025-11-27;21;866
11;2025-11-27;22;458
11;2025-11-27;23;230
11;2025-11-28;0;61
11;2025-11-28;1;0
11;2025-11-28;2;0
11;2025-11-28;3;0
11;2025-11-28;4;4
11;2025-11-28;5;269
11;2025-11-28;6;1332
11;2025-11-28;7;2272
11;2025-11-28;8;2931
11;2025-11-28;9;2223
11;2025-11-28;10;1791
11;2025-11-28;11;1770
11;2025-11-28;12;1776
11;2025-11-28;13;1863
11;2025-11-28;14;1916
11;2025-11-28;15;2205
11;2025-11-28;16;2474
11;2025-11-28;17;2800
11;2025-11-28;18;2516
11;2025-11-28;19;1926
11;2025-11-28;20;1402
11;2025-11-28;21;870
11;2025-11-28;22;479
11;2025-11-28;23;278
11;2025-11-29;0;91
11;2025-11-29;1;4
11;2025-11-29;2;0
11;2025-11-29;3;0
11;2025-11-29;4;5
11;2025-11-29;5;170
11;2025-11-29;6;743
11;2025-11-29;7;639
11;2025-11-29;8;898
11;2025-11-29;9;1056
11;2025-11-29;10;1187
11;2025-11-29;11;1538
11;2025-11-29;12;1737
11;2025-11-29;13;1632
11;2025-11-29;14;1697
11;2025-11-29;15;1692
11;2025-11-29;16;1702
11;2025-11-29;17;1663
11;2025-11-29;18;1385
11;2025-11-29;19;1314
11;2025-11-29;20;991
11;2025-11-29;21;720
11;2025-11-29;22;405
11;2025-11-29;23;286
11;2025-11-30;0;98
11;2025-11-30;1;9
11;2025-11-30;2;0
11;2025-11-30;3;0
11;2025-11-30;4;0
11;2025-11-30;5;112
11;2025-11-30;6;456
11;2025-11-30;7;455
11;2025-11-30;8;525
11;2025-11-30;9;811
11;2025-11-30;10;946
11;2025-11-30;11;1325
11;2025-11-30;12;1416
11;2025-11-30;13;1387
11;2025-11-30;14;1439
11;2025-11-30;15;1519
11;2025-11-30;16;1420
11;2025-11-30;17;1489
11;2025-11-30;18;1150
11;2025-11-30;19;940
11;2025-11-30;20;810
11;2025-11-30;21;617
11;2025-11-30;22;354
11;2025-11-30;23;234
11;2025-12-01;0;62
11;2025-12-01;1;0
11;2025-12-01;2;0
11;2025-12-01;3;0
11;2025-12-01;4;2
11;2025-12-01;5;288
11;2025-12-01;6;1272
11;2025-12-01;7;2142
11;2025-12-01;8;2842
11;2025-12-01;9;2076
11;2025-12-01;10;1615
11;2025-12-01;11;1608
11;2025-12-01;12;1550
11;2025-12-01;13;1619
11;2025-12-01;14;1630
11;2025-12-01;15;1757
11;2025-12-01;16;1994
11;2025-12-01;17;2521
11;2025-12-01;18;2852
11;2025-12-01;19;2037
11;2025-12-01;20;1323
11;2025-12-01;21;798
11;2025-12-01;22;388
11;2025-12-01;23;181
11;2025-12-02;0;45
11;2025-12-02;1;0
11;2025-12-02;2;0
11;2025-12-02;3;0
11;2025-12-02;4;3
11;2025-12-02;5;278
11;2025-12-02;6;1306
11;2025-12-02;7;2240
11;2025-12-02;8;3057
11;2025-12-02;9;2186
11;2025-12-02;10;1659
11;2025-12-02;11;1648
11;2025-12-02;12;1630
11;2025-12-02;13;1700
11;2025-12-02;14;1678
11;2025-12-02;15;1809
11;2025-12-02;16;2022
11;2025-12-02;17;2629
11;2025-12-02;18;2888
11;2025-12-02;19;2039
11;2025-12-02;20;1363
11;2025-12-02;21;803
11;2025-12-02;22;389
11;2025-12-02;23;184
11;2025-12-03;0;51
11;2025-12-03;1;0
11;2025-12-03;2;0
11;2025-12-03;3;0
11;2025-12-03;4;2
11;2025-12-03;5;292
11;2025-12-03;6;1296
11;2025-12-03;7;2317
11;2025-12-03;8;3123
11;2025-12-03;9;2256
11;2025-12-03;10;1766
11;2025-12-03;11;1729
11;2025-12-03;12;1793
11;2025-12-03;13;1909
11;2025-12-03;14;1865
11;2025-12-03;15;1980
11;2025-12-03;16;2122
11;2025-12-03;17;2724
11;2025-12-03;18;3037
11;2025-12-03;19;2134
11;2025-12-03;20;1432
11;2025-12-03;21;861
11;2025-12-03;22;416
11;2025-12-03;23;224
11;2025-12-04;0;54
11;2025-12-04;1;0
11;2025-12-04;2;0
11;2025-12-04;3;0
11;2025-12-04;4;2
11;2025-12-04;5;287
11;2025-12-04;6;1348
11;2025-12-04;7;2343
11;2025-12-04;8;3012
11;2025-12-04;9;2389
11;2025-12-04;10;1942
11;2025-12-04;11;1799
11;2025-12-04;12;1841
11;2025-12-04;13;1978
11;2025-12-04;14;1961
11;2025-12-04;15;2057
11;2025-12-04;16;2248
11;2025-12-04;17;2784
11;2025-12-04;18;3163
11;2025-12-04;19;2166
11;2025-12-04;20;1441
11;2025-12-04;21;886
11;2025-12-04;22;439
11;2025-12-04;23;225
11;2025-12-05;0;63
11;2025-12-05;1;0
11;2025-12-05;2;0
11;2025-12-05;3;0
11;2025-12-05;4;4
11;2025-12-05;5;290
11;2025-12-05;6;1343
11;2025-12-05;7;2331
11;2025-12-05;8;2995
11;2025-12-05;9;2287
11;2025-12-05;10;1834
11;2025-12-05;11;1820
11;2025-12-05;12;1842
11;2025-12-05;13;1964
11;2025-12-05;14;2001
11;2025-12-05;15;2282
11;2025-12-05;16;2509
11;2025-12-05;17;2875
11;2025-12-05;18;2585
11;2025-12-05;19;2007
11;2025-12-05;20;1458
11;2025-12-05;21;897
11;2025-12-05;22;463
11;2025-12-05;23;276
11;2025-12-06;0;88
11;2025-12-06;1;0
11;2025-12-06;2;0
11;2025-12-06;3;0
11;2025-12-06;4;0
11;2025-12-06;5;162
11;2025-12-06;6;744
11;2025-12-06;7;665
11;2025-12-06;8;942
11;2025-12-06;9;1103
11;2025-12-06;10;1232
11;2025-12-06;11;1608
11;2025-12-06;12;1820
11;2025-12-06;13;1720
11;2025-12-06;14;1779
11;2025-12-06;15;1803
11;2025-12-06;16;1786
11;2025-12-06;17;1770
11;2025-12-06;18;1459
11;2025-12-06;19;1382
11;2025-12-06;20;1016
11;2025-12-06;21;735
11;2025-12-06;22;415
11;2025-12-06;23;287
11;2025-12-07;0;107
11;2025-12-07;1;13
11;2025-12-07;2;0
11;2025-12-07;3;0
11;2025-12-07;4;2
11;2025-12-07;5;122
11;2025-12-07;6;496
11;2025-12-07;7;512
11;2025-12-07;8;632
11;2025-12-07;9;924
11;2025-12-07;10;1049
11;2025-12-07;11;1476
11;2025-12-07;12;1566
11;2025-12-07;13;1531
11;2025-12-07;14;1590
11;2025-12-07;15;1648
11;2025-12-07;16;1566
11;2025-12-07;17;1658
11;2025-12-07;18;1299
11;2025-12-07;19;1066
11;2025-12-07;20;885
11;2025-12-07;21;650
11;2025-12-07;22;389
11;2025-12-07;23;253
11;2025-12-08;0;76
11;2025-12-08;1;7
11;2025-12-08;2;0
11;2025-12-08;3;0
11;2025-12-08;4;2
11;2025-12-08;5;321
11;2025-12-08;6;1409
11;2025-12-08;7;2446
11;2025-12-08;8;3210
11;2025-12-08;9;2455
11;2025-12-08;10;1873
11;2025-12-08;11;1880
11;2025-12-08;12;1794
11;2025-12-08;13;1934
11;2025-12-08;14;1906
11;2025-12-08;15;2097
11;2025-12-08;16;2341
11;2025-12-08;17;2915
11;2025-12-08;18;3209
11;2025-12-08;19;2405
11;2025-12-08;20;1496
11;2025-12-08;21;864
11;2025-12-08;22;446
11;2025-12-08;23;220
11;2025-12-09;0;59
11;2025-12-09;1;2
11;2025-12-09;2;0
11;2025-12-09;3;0
11;2025-12-09;4;2
11;2025-12-09;5;308
11;2025-12-09;6;1432
11;2025-12-09;7;2558
11;2025-12-09;8;3369
11;2025-12-09;9;2591
11;2025-12-09;10;1934
11;2025-12-09;11;1906
11;2025-12-09;12;1894
11;2025-12-09;13;2027
11;2025-12-09;14;2034
11;2025-12-09;15;2146
11;2025-12-09;16;2366
11;2025-12-09;17;2990
11;2025-12-09;18;3206
11;2025-12-09;19;2433
11;2025-12-09;20;1569
11;2025-12-09;21;887
11;2025-12-09;22;447
11;2025-12-09;23;221
11;2025-12-10;0;63
11;2025-12-10;1;0
11;2025-12-10;2;0
11;2025-12-10;3;0
11;2025-12-10;4;2
11;2025-12-10;5;315
11;2025-12-10;6;1366
11;2025-12-10;7;2506
11;2025-12-10;8;3386
11;2025-12-10;9;2512
11;2025-12-10;10;1935
11;2025-12-10;11;1939
11;2025-12-10;12;1993
11;2025-12-10;13;2132
11;2025-12-10;14;2069
11;2025-12-10;15;2204
11;2025-12-10;16;2354
11;2025-12-10;17;2974
11;2025-12-10;18;3262
11;2025-12-10;19;2402
11;2025-12-10;20;1578
11;2025-12-10;21;912
11;2025-12-10;22;450
11;2025-12-10;23;250
11;2025-12-11;0;69
11;2025-12-11;1;0
11;2025-12-11;2;0
11;2025-12-11;3;0
11;2025-12-11;4;3
11;2025-12-11;5;302
11;2025-12-11;6;1368
11;2025-12-11;7;2481
11;2025-12-11;8;3136
11;2025-12-11;9;2528
11;2025-12-11;10;2013
11;2025-12-11;11;1892
11;2025-12-11;12;1947
11;2025-12-11;13;2118
11;2025-12-11;14;2115
11;2025-12-11;15;2193
11;2025-12-11;16;2389
11;2025-12-11;17;2917
11;2025-12-11;18;3252
11;2025-12-11;19;2313
11;2025-12-11;20;1509
11;2025-12-11;21;904
11;2025-12-11;22;473
11;2025-12-11;23;243
11;2025-12-12;0;68
11;2025-12-12;1;0
11;2025-12-12;2;0
11;2025-12-12;3;0
11;2025-12-12;4;3
11;2025-12-12;5;308
11;2025-12-12;6;1349
11;2025-12-12;7;2440
11;2025-12-12;8;3157
11;2025-12-12;9;2443
11;2025-12-12;10;1923
11;2025-12-12;11;1925
11;2025-12-12;12;1873
11;2025-12-12;13;1979
11;2025-12-12;14;2028
11;2025-12-12;15;2282
11;2025-12-12;16;2590
11;2025-12-12;17;2966
11;2025-12-12;18;2660
11;2025-12-12;19;2174
11;2025-12-12;20;1488
11;2025-12-12;21;932
11;2025-12-12;22;509
11;2025-12-12;23;284
11;2025-12-13;0;101
11;2025-12-13;1;0
11;2025-12-13;2;0
11;2025-12-13;3;0
11;2025-12-13;4;0
11;2025-12-13;5;189
11;2025-12-13;6;792
11;2025-12-13;7;716
11;2025-12-13;8;1015
11;2025-12-13;9;1194
11;2025-12-13;10;1294
11;2025-12-13;11;1670
11;2025-12-13;12;1900
11;2025-12-13;13;1778
11;2025-12-13;14;1809
11;2025-12-13;15;1804
11;2025-12-13;16;1829
11;2025-12-13;17;1855
11;2025-12-13;18;1520
11;2025-12-13;19;1497
11;2025-12-13;20;1086
11;2025-12-13;21;766
11;2025-12-13;22;435
11;2025-12-13;23;297
11;2025-12-14;0;100
11;2025-12-14;1;10
11;2025-12-14;2;0
11;2025-12-14;3;0
11;2025-12-14;4;4
11;2025-12-14;5;113
11;2025-12-14;6;508
11;2025-12-14;7;514
11;2025-12-14;8;633
11;2025-12-14;9;910
11;2025-12-14;10;1007
11;2025-12-14;11;1454
11;2025-12-14;12;1552
11;2025-12-14;13;1498
11;2025-12-14;14;1570
11;2025-12-14;15;1606
11;2025-12-14;16;1573
11;2025-12-14;17;1669
11;2025-12-14;18;1309
11;2025-12-14;19;1106
11;2025-12-14;20;882
11;2025-12-14;21;627
11;2025-12-14;22;376
11;2025-12-14;23;238
11;2025-12-15;0;81
11;2025-12-15;1;5
11;2025-12-15;2;0
11;2025-12-15;3;0
11;2025-12-15;4;5
11;2025-12-15;5;329
11;2025-12-15;6;1358
11;2025-12-15;7;2491
11;2025-12-15;8;3251
11;2025-12-15;9;2520
11;2025-12-15;10;1868
11;2025-12-15;11;1889
11;2025-12-15;12;1789
11;2025-12-15;13;1983
11;2025-12-15;14;1931
11;2025-12-15;15;2141
11;2025-12-15;16;2413
11;2025-12-15;17;2997
11;2025-12-15;18;3266
11;2025-12-15;19;2452
11;2025-12-15;20;1473
11;2025-12-15;21;872
11;2025-12-15;22;444
11;2025-12-15;23;214
11;2025-12-16;0;60
11;2025-12-16;1;0
11;2025-12-16;2;0
11;2025-12-16;3;0
11;2025-12-16;4;4
11;2025-12-16;5;304
11;2025-12-16;6;1378
11;2025-12-16;7;2581
11;2025-12-16;8;3412
11;2025-12-16;9;2612
11;2025-12-16;10;1935
11;2025-12-16;11;1881
11;2025-12-16;12;1839
11;2025-12-16;13;1999
11;2025-12-16;14;2060
11;2025-12-16;15;2180
11;2025-12-16;16;2410
11;2025-12-16;17;3069
11;2025-12-16;18;3254
11;2025-12-16;19;2461
11;2025-12-16;20;1579
11;2025-12-16;21;889
11;2025-12-16;22;448
11;2025-12-16;23;230
11;2025-12-17;0;67
11;2025-12-17;1;1
11;2025-12-17;2;0
11;2025-12-17;3;0
11;2025-12-17;4;3
11;2025-12-17;5;312
11;2025-12-17;6;1341
11;2025-12-17;7;2509
11;2025-12-17;8;3394
11;2025-12-17;9;2497
11;2025-12-17;10;1922
11;2025-12-17;11;1942
11;2025-12-17;12;1992
11;2025-12-17;13;2140
11;2025-12-17;14;2076
11;2025-12-17;15;2195
11;2025-12-17;16;2350
11;2025-12-17;17;2980
11;2025-12-17;18;3258
11;2025-12-17;19;2389
11;2025-12-17;20;1565
11;2025-12-17;21;891
11;2025-12-17;22;443
11;2025-12-17;23;241
11;2025-12-18;0;63
11;2025-12-18;1;1
11;2025-12-18;2;0
11;2025-12-18;3;0
11;2025-12-18;4;3
11;2025-12-18;5;300
11;2025-12-18;6;1371
11;2025-12-18;7;2488
11;2025-12-18;8;3227
11;2025-12-18;9;2593
11;2025-12-18;10;2071
11;2025-12-18;11;1939
11;2025-12-18;12;1992
11;2025-12-18;13;2139
11;2025-12-18;14;2116
11;2025-12-18;15;2205
11;2025-12-18;16;2445
11;2025-12-18;17;3024
11;2025-12-18;18;3369
11;2025-12-18;19;2388
11;2025-12-18;20;1533
11;2025-12-18;21;921
11;2025-12-18;22;470
11;2025-12-18;23;244
11;2025-12-19;0;76
11;2025-12-19;1;3
11;2025-12-19;2;0
11;2025-12-19;3;0
11;2025-12-19;4;4
11;2025-12-19;5;310
11;2025-12-19;6;1354
11;2025-12-19;7;2465
11;2025-12-19;8;3180
11;2025-12-19;9;2481
11;2025-12-19;10;1936
11;2025-12-19;11;1929
11;2025-12-19;12;1951
11;2025-12-19;13;2062
11;2025-12-19;14;2115
11;2025-12-19;15;2392
11;2025-12-19;16;2675
11;2025-12-19;17;3092
11;2025-12-19;18;2734
11;2025-12-19;19;2179
11;2025-12-19;20;1496
11;2025-12-19;21;912
11;2025-12-19;22;483
11;2025-12-19;23;297
11;2025-12-20;0;103
11;2025-12-20;1;2
11;2025-12-20;2;0
11;2025-12-20;3;0
11;2025-12-20;4;4
11;2025-12-20;5;207
11;2025-12-20;6;801
11;2025-12-20;7;722
11;2025-12-20;8;1015
11;2025-12-20;9;1179
11;2025-12-20;10;1262
11;2025-12-20;11;1692
11;2025-12-20;12;1916
11;2025-12-20;13;1791
11;2025-12-20;14;1836
11;2025-12-20;15;1850
11;2025-12-20;16;1850
11;2025-12-20;17;1842
11;2025-12-20;18;1503
11;2025-12-20;19;1449
11;2025-12-20;20;1035
11;2025-12-20;21;743
11;2025-12-20;22;439
11;2025-12-20;23;307
11;2025-12-21;0;101
11;2025-12-21;1;10
11;2025-12-21;2;0
11;2025-12-21;3;1
11;2025-12-21;4;4
11;2025-12-21;5;123
11;2025-12-21;6;486
11;2025-12-21;7;537
11;2025-12-21;8;654
11;2025-12-21;9;923
11;2025-12-21;10;1022
11;2025-12-21;11;1476
11;2025-12-21;12;1578
11;2025-12-21;13;1533
11;2025-12-21;14;1586
11;2025-12-21;15;1667
11;2025-12-21;16;1595
11;2025-12-21;17;1688
11;2025-12-21;18;1307
11;2025-12-21;19;1066
11;2025-12-21;20;858
11;2025-12-21;21;626
11;2025-12-21;22;364
11;2025-12-21;23;241
11;2025-12-22;0;78
11;2025-12-22;1;6
11;2025-12-22;2;0
11;2025-12-22;3;0
11;2025-12-22;4;2
11;2025-12-22;5;318
11;2025-12-22;6;1393
11;2025-12-22;7;2478
11;2025-12-22;8;3247
11;2025-12-22;9;2493
11;2025-12-22;10;1855
11;2025-12-22;11;1870
11;2025-12-22;12;1781
11;2025-12-22;13;1937
11;2025-12-22;14;1901
11;2025-12-22;15;2110
11;2025-12-22;16;2379
11;2025-12-22;17;2947
11;2025-12-22;18;3221
11;2025-12-22;19;2468
11;2025-12-22;20;1510
11;2025-12-22;21;908
11;2025-12-22;22;447
11;2025-12-22;23;199
11;2025-12-23;0;60
11;2025-12-23;1;3
11;2025-12-23;2;0
11;2025-12-23;3;0
11;2025-12-23;4;3
11;2025-12-23;5;304
11;2025-12-23;6;1399
11;2025-12-23;7;2549
11;2025-12-23;8;3357
11;2025-12-23;9;2617
11;2025-12-23;10;1918
11;2025-12-23;11;1904
11;2025-12-23;12;1898
11;2025-12-23;13;2048
11;2025-12-23;14;2037
11;2025-12-23;15;2151
11;2025-12-23;16;2395
11;2025-12-23;17;3051
11;2025-12-23;18;3221
11;2025-12-23;19;2464
11;2025-12-23;20;1567
11;2025-12-23;21;907
11;2025-12-23;22;441
11;2025-12-23;23;215
11;2025-12-24;0;68
11;2025-12-24;1;1
11;2025-12-24;2;0
11;2025-12-24;3;0
11;2025-12-24;4;6
11;2025-12-24;5;325
11;2025-12-24;6;1360
11;2025-12-24;7;2515
11;2025-12-24;8;3386
11;2025-12-24;9;2511
11;2025-12-24;10;1902
11;2025-12-24;11;1938
11;2025-12-24;12;1996
11;2025-12-24;13;2130
11;2025-12-24;14;2040
11;2025-12-24;15;2182
11;2025-12-24;16;2341
11;2025-12-24;17;2989
11;2025-12-24;18;3265
11;2025-12-24;19;2408
11;2025-12-24;20;1559
11;2025-12-24;21;889
11;2025-12-24;22;443
11;2025-12-24;23;242
11;2025-12-25;0;65
11;2025-12-25;1;1
11;2025-12-25;2;0
11;2025-12-25;3;0
11;2025-12-25;4;4
11;2025-12-25;5;306
11;2025-12-25;6;1388
11;2025-12-25;7;2483
11;2025-12-25;8;3199
11;2025-12-25;9;2615
11;2025-12-25;10;2080
11;2025-12-25;11;1949
11;2025-12-25;12;1992
11;2025-12-25;13;2143
11;2025-12-25;14;2111
11;2025-12-25;15;2202
11;2025-12-25;16;2447
11;2025-12-25;17;2977
11;2025-12-25;18;3180
11;2025-12-25;19;2387
11;2025-12-25;20;1521
11;2025-12-25;21;925
11;2025-12-25;22;457
11;2025-12-25;23;232
11;2025-12-26;0;60
11;2025-12-26;1;4
11;2025-12-26;2;0
11;2025-12-26;3;0
11;2025-12-26;4;4
11;2025-12-26;5;313
11;2025-12-26;6;1381
11;2025-12-26;7;2369
11;2025-12-26;8;3036
11;2025-12-26;9;2440
11;2025-12-26;10;1917
11;2025-12-26;11;1863
11;2025-12-26;12;1873
11;2025-12-26;13;2033
11;2025-12-26;14;2085
11;2025-12-26;15;2341
11;2025-12-26;16;2628
11;2025-12-26;17;2936
11;2025-12-26;18;2633
11;2025-12-26;19;2090
11;2025-12-26;20;1491
11;2025-12-26;21;939
11;2025-12-26;22;483
11;2025-12-26;23;295
11;2025-12-27;0;107
11;2025-12-27;1;7
11;2025-12-27;2;0
11;2025-12-27;3;1
11;2025-12-27;4;6
11;2025-12-27;5;209
11;2025-12-27;6;824
11;2025-12-27;7;742
11;2025-12-27;8;1065
11;2025-12-27;9;1214
11;2025-12-27;10;1335
11;2025-12-27;11;1734
11;2025-12-27;12;1944
11;2025-12-27;13;1818
11;2025-12-27;14;1856
11;2025-12-27;15;1871
11;2025-12-27;16;1882
11;2025-12-27;17;1890
11;2025-12-27;18;1543
11;2025-12-27;19;1473
11;2025-12-27;20;1087
11;2025-12-27;21;775
11;2025-12-27;22;435
11;2025-12-27;23;319
11;2025-12-28;0;107
11;2025-12-28;1;14
11;2025-12-28;2;0
11;2025-12-28;3;1
11;2025-12-28;4;3
11;2025-12-28;5;122
11;2025-12-28;6;503
11;2025-12-28;7;505
11;2025-12-28;8;632
11;2025-12-28;9;942
11;2025-12-28;10;1066
11;2025-12-28;11;1474
11;2025-12-28;12;1614
11;2025-12-28;13;1572
11;2025-12-28;14;1613
11;2025-12-28;15;1667
11;2025-12-28;16;1635
11;2025-12-28;17;1713
11;2025-12-28;18;1326
11;2025-12-28;19;1114
11;2025-12-28;20;881
11;2025-12-28;21;647
11;2025-12-28;22;381
11;2025-12-28;23;256
11;2025-12-29;0;82
11;2025-12-29;1;10
11;2025-12-29;2;0
11;2025-12-29;3;0
11;2025-12-29;4;4
11;2025-12-29;5;315
11;2025-12-29;6;1410
11;2025-12-29;7;2436
11;2025-12-29;8;3126
11;2025-12-29;9;2498
11;2025-12-29;10;1905
11;2025-12-29;11;1907
11;2025-12-29;12;1814
11;2025-12-29;13;1990
11;2025-12-29;14;1942
11;2025-12-29;15;2112
11;2025-12-29;16;2413
11;2025-12-29;17;2931
11;2025-12-29;18;3125
11;2025-12-29;19;2453
11;2025-12-29;20;1535
11;2025-12-29;21;885
11;2025-12-29;22;452
11;2025-12-29;23;237
11;2025-12-30;0;64
11;2025-12-30;1;3
11;2025-12-30;2;0
11;2025-12-30;3;0
11;2025-12-30;4;5
11;2025-12-30;5;299
11;2025-12-30;6;1416
11;2025-12-30;7;2516
11;2025-12-30;8;3174
11;2025-12-30;9;2571
11;2025-12-30;10;1919
11;2025-12-30;11;1899
11;2025-12-30;12;1893
11;2025-12-30;13;2052
11;2025-12-30;14;2069
11;2025-12-30;15;2151
11;2025-12-30;16;2417
11;2025-12-30;17;2964
11;2025-12-30;18;3083
11;2025-12-30;19;2394
11;2025-12-30;20;1578
11;2025-12-30;21;890
11;2025-12-30;22;447
11;2025-12-30;23;242
11;2025-12-31;0;47
11;2025-12-31;1;0
11;2025-12-31;2;0
11;2025-12-31;3;0
11;2025-12-31;4;0
11;2025-12-31;5;176
11;2025-12-31;6;443
11;2025-12-31;7;441
11;2025-12-31;8;723
11;2025-12-31;9;680
11;2025-12-31;10;614
11;2025-12-31;11;927
11;2025-12-31;12;1114
11;2025-12-31;13;1177
11;2025-12-31;14;1193
11;2025-12-31;15;1254
11;2025-12-31;16;1192
11;2025-12-31;17;1297
11;2025-12-31;18;1221
11;2025-12-31;19;975
11;2025-12-31;20;909
11;2025-12-31;21;629
11;2025-12-31;22;371
11;2025-12-31;23;218
12;2025-11-01;0;79
12;2025-11-01;1;3
12;2025-11-01;2;0
12;2025-11-01;3;0
12;2025-11-01;4;4
12;2025-11-01;5;236
12;2025-11-01;6;892
12;2025-11-01;7;919
12;2025-11-01;8;1029
12;2025-11-01;9;1217
12;2025-11-01;10;1439
12;2025-11-01;11;1541
12;2025-11-01;12;1526
12;2025-11-01;13;1803
12;2025-11-01;14;1686
12;2025-11-01;15;1586
12;2025-11-01;16;1686
12;2025-11-01;17;1582
12;2025-11-01;18;1461
12;2025-11-01;19;1398
12;2025-11-01;20;948
12;2025-11-01;21;726
12;2025-11-01;22;410
12;2025-11-01;23;284
12;2025-11-02;0;91
12;2025-11-02;1;8
12;2025-11-02;2;0
12;2025-11-02;3;0
12;2025-11-02;4;5
12;2025-11-02;5;181
12;2025-11-02;6;493
12;2025-11-02;7;589
12;2025-11-02;8;694
12;2025-11-02;9;817
12;2025-11-02;10;971
12;2025-11-02;11;1093
12;2025-11-02;12;1209
12;2025-11-02;13;1413
12;2025-11-02;14;1438
12;2025-11-02;15;1263
12;2025-11-02;16;1437
12;2025-11-02;17;1463
12;2025-11-02;18;1151
12;2025-11-02;19;933
12;2025-11-02;20;784
12;2025-11-02;21;548
12;2025-11-02;22;359
12;2025-11-02;23;221
12;2025-11-03;0;70
12;2025-11-03;1;1
12;2025-11-03;2;0
12;2025-11-03;3;0
12;2025-11-03;4;2
12;2025-11-03;5;267
12;2025-11-03;6;705
12;2025-11-03;7;861
12;2025-11-03;8;951
12;2025-11-03;9;876
12;2025-11-03;10;1064
12;2025-11-03;11;1039
12;2025-11-03;12;1069
12;2025-11-03;13;1073
12;2025-11-03;14;1106
12;2025-11-03;15;1051
12;2025-11-03;16;1297
12;2025-11-03;17;1349
12;2025-11-03;18;1346
12;2025-11-03;19;1227
12;2025-11-03;20;1016
12;2025-11-03;21;698
12;2025-11-03;22;411
12;2025-11-03;23;218
12;2025-11-04;0;53
12;2025-11-04;1;0
12;2025-11-04;2;0
12;2025-11-04;3;0
12;2025-11-04;4;3
12;2025-11-04;5;270
12;2025-11-04;6;680
12;2025-11-04;7;861
12;2025-11-04;8;921
12;2025-11-04;9;815
12;2025-11-04;10;987
12;2025-11-04;11;942
12;2025-11-04;12;988
12;2025-11-04;13;1090
12;2025-11-04;14;1298
12;2025-11-04;15;1245
12;2025-11-04;16;1470
12;2025-11-04;17;1408
12;2025-11-04;18;1256
12;2025-11-04;19;1260
12;2025-11-04;20;1002
12;2025-11-04;21;744
12;2025-11-04;22;440
12;2025-11-04;23;226
12;2025-11-05;0;63
12;2025-11-05;1;4
12;2025-11-05;2;0
12;2025-11-05;3;0
12;2025-11-05;4;6
12;2025-11-05;5;357
12;2025-11-05;6;1536
12;2025-11-05;7;2830
12;2025-11-05;8;3528
12;2025-11-05;9;2657
12;2025-11-05;10;2247
12;2025-11-05;11;2136
12;2025-11-05;12;2204
12;2025-11-05;13;2166
12;2025-11-05;14;2207
12;2025-11-05;15;2447
12;2025-11-05;16;2924
12;2025-11-05;17;3204
12;2025-11-05;18;3317
12;2025-11-05;19;2656
12;2025-11-05;20;1585
12;2025-11-05;21;1003
12;2025-11-05;22;502
12;2025-11-05;23;251
12;2025-11-06;0;51
12;2025-11-06;1;2
12;2025-11-06;2;0
12;2025-11-06;3;0
12;2025-11-06;4;6
12;2025-11-06;5;350
12;2025-11-06;6;1435
12;2025-11-06;7;2805
12;2025-11-06;8;3555
12;2025-11-06;9;2482
12;2025-11-06;10;2104
12;2025-11-06;11;2042
12;2025-11-06;12;2130
12;2025-11-06;13;2132
12;2025-11-06;14;2129
12;2025-11-06;15;2341
12;2025-11-06;16;2800
12;2025-11-06;17;3129
12;2025-11-06;18;3324
12;2025-11-06;19;2615
12;2025-11-06;20;1592
12;2025-11-06;21;952
12;2025-11-06;22;508
12;2025-11-06;23;252
12;2025-11-07;0;57
12;2025-11-07;1;3
12;2025-11-07;2;0
12;2025-11-07;3;0
12;2025-11-07;4;5
12;2025-11-07;5;335
12;2025-11-07;6;1444
12;2025-11-07;7;2791
12;2025-11-07;8;3522
12;2025-11-07;9;2492
12;2025-11-07;10;2073
12;2025-11-07;11;2088
12;2025-11-07;12;2100
12;2025-11-07;13;2182
12;2025-11-07;14;2202
12;2025-11-07;15;2542
12;2025-11-07;16;3142
12;2025-11-07;17;3164
12;2025-11-07;18;2776
12;2025-11-07;19;2368
12;2025-11-07;20;1481
12;2025-11-07;21;1001
12;2025-11-07;22;540
12;2025-11-07;23;298
12;2025-11-08;0;81
12;2025-11-08;1;4
12;2025-11-08;2;0
12;2025-11-08;3;0
12;2025-11-08;4;3
12;2025-11-08;5;268
12;2025-11-08;6;875
12;2025-11-08;7;944
12;2025-11-08;8;1041
12;2025-11-08;9;1200
12;2025-11-08;10;1437
12;2025-11-08;11;1528
12;2025-11-08;12;1530
12;2025-11-08;13;1777
12;2025-11-08;14;1707
12;2025-11-08;15;1615
12;2025-11-08;16;1705
12;2025-11-08;17;1632
12;2025-11-08;18;1538
12;2025-11-08;19;1483
12;2025-11-08;20;1002
12;2025-11-08;21;701
12;2025-11-08;22;456
12;2025-11-08;23;285
12;2025-11-09;0;93
12;2025-11-09;1;11
12;2025-11-09;2;0
12;2025-11-09;3;0
12;2025-11-09;4;3
12;2025-11-09;5;181
12;2025-11-09;6;558
12;2025-11-09;7;642
12;2025-11-09;8;750
12;2025-11-09;9;949
12;2025-11-09;10;1166
12;2025-11-09;11;1337
12;2025-11-09;12;1406
12;2025-11-09;13;1616
12;2025-11-09;14;1559
12;2025-11-09;15;1441
12;2025-11-09;16;1541
12;2025-11-09;17;1536
12;2025-11-09;18;1293
12;2025-11-09;19;1018
12;2025-11-09;20;751
12;2025-11-09;21;602
12;2025-11-09;22;403
12;2025-11-09;23;228
12;2025-11-10;0;73
12;2025-11-10;1;4
12;2025-11-10;2;0
12;2025-11-10;3;0
12;2025-11-10;4;9
12;2025-11-10;5;355
12;2025-11-10;6;1458
12;2025-11-10;7;2899
12;2025-11-10;8;3753
12;2025-11-10;9;2656
12;2025-11-10;10;2162
12;2025-11-10;11;2089
12;2025-11-10;12;2247
12;2025-11-10;13;2168
12;2025-11-10;14;2141
12;2025-11-10;15;2442
12;2025-11-10;16;2897
12;2025-11-10;17;3270
12;2025-11-10;18;3440
12;2025-11-10;19;2669
12;2025-11-10;20;1616
12;2025-11-10;21;951
12;2025-11-10;22;506
12;2025-11-10;23;255
12;2025-11-11;0;57
12;2025-11-11;1;3
12;2025-11-11;2;0
12;2025-11-11;3;0
12;2025-11-11;4;8
12;2025-11-11;5;372
12;2025-11-11;6;1524
12;2025-11-11;7;2988
12;2025-11-11;8;3913
12;2025-11-11;9;2747
12;2025-11-11;10;2323
12;2025-11-11;11;2266
12;2025-11-11;12;2313
12;2025-11-11;13;2289
12;2025-11-11;14;2265
12;2025-11-11;15;2507
12;2025-11-11;16;2988
12;2025-11-11;17;3368
12;2025-11-11;18;3544
12;2025-11-11;19;2740
12;2025-11-11;20;1611
12;2025-11-11;21;985
12;2025-11-11;22;543
12;2025-11-11;23;268
12;2025-11-12;0;66
12;2025-11-12;1;3
12;2025-11-12;2;0
12;2025-11-12;3;0
12;2025-11-12;4;10
12;2025-11-12;5;361
12;2025-11-12;6;1544
12;2025-11-12;7;2952
12;2025-11-12;8;3739
12;2025-11-12;9;2756
12;2025-11-12;10;2344
12;2025-11-12;11;2198
12;2025-11-12;12;2260
12;2025-11-12;13;2201
12;2025-11-12;14;2266
12;2025-11-12;15;2482
12;2025-11-12;16;2993
12;2025-11-12;17;3302
12;2025-11-12;18;3450
12;2025-11-12;19;2713
12;2025-11-12;20;1600
12;2025-11-12;21;976
12;2025-11-12;22;538
12;2025-11-12;23;275
12;2025-11-13;0;61
12;2025-11-13;1;4
12;2025-11-13;2;0
12;2025-11-13;3;0
12;2025-11-13;4;8
12;2025-11-13;5;362
12;2025-11-13;6;1494
12;2025-11-13;7;2969
12;2025-11-13;8;3838
12;2025-11-13;9;2649
12;2025-11-13;10;2257
12;2025-11-13;11;2258
12;2025-11-13;12;2293
12;2025-11-13;13;2272
12;2025-11-13;14;2287
12;2025-11-13;15;2508
12;2025-11-13;16;3005
12;2025-11-13;17;3325
12;2025-11-13;18;3531
12;2025-11-13;19;2753
12;2025-11-13;20;1673
12;2025-11-13;21;986
12;2025-11-13;22;540
12;2025-11-13;23;282
12;2025-11-14;0;63
12;2025-11-14;1;5
12;2025-11-14;2;0
12;2025-11-14;3;0
12;2025-11-14;4;7
12;2025-11-14;5;345
12;2025-11-14;6;1461
12;2025-11-14;7;2867
12;2025-11-14;8;3667
12;2025-11-14;9;2594
12;2025-11-14;10;2173
12;2025-11-14;11;2208
12;2025-11-14;12;2245
12;2025-11-14;13;2281
12;2025-11-14;14;2326
12;2025-11-14;15;2640
12;2025-11-14;16;3196
12;2025-11-14;17;3242
12;2025-11-14;18;2904
12;2025-11-14;19;2430
12;2025-11-14;20;1523
12;2025-11-14;21;1019
12;2025-11-14;22;549
12;2025-11-14;23;301
12;2025-11-15;0;74
12;2025-11-15;1;8
12;2025-11-15;2;0
12;2025-11-15;3;0
12;2025-11-15;4;2
12;2025-11-15;5;218
12;2025-11-15;6;770
12;2025-11-15;7;826
12;2025-11-15;8;965
12;2025-11-15;9;1114
12;2025-11-15;10;1335
12;2025-11-15;11;1468
12;2025-11-15;12;1475
12;2025-11-15;13;1773
12;2025-11-15;14;1715
12;2025-11-15;15;1592
12;2025-11-15;16;1668
12;2025-11-15;17;1542
12;2025-11-15;18;1437
12;2025-11-15;19;1409
12;2025-11-15;20;979
12;2025-11-15;21;677
12;2025-11-15;22;417
12;2025-11-15;23;247
12;2025-11-16;0;78
12;2025-11-16;1;4
12;2025-11-16;2;0
12;2025-11-16;3;0
12;2025-11-16;4;0
12;2025-11-16;5;136
12;2025-11-16;6;443
12;2025-11-16;7;549
12;2025-11-16;8;648
12;2025-11-16;9;896
12;2025-11-16;10;1126
12;2025-11-16;11;1346
12;2025-11-16;12;1415
12;2025-11-16;13;1625
12;2025-11-16;14;1540
12;2025-11-16;15;1386
12;2025-11-16;16;1441
12;2025-11-16;17;1409
12;2025-11-16;18;1151
12;2025-11-16;19;896
12;2025-11-16;20;673
12;2025-11-16;21;542
12;2025-11-16;22;346
12;2025-11-16;23;188
12;2025-11-17;0;60
12;2025-11-17;1;0
12;2025-11-17;2;0
12;2025-11-17;3;0
12;2025-11-17;4;4
12;2025-11-17;5;300
12;2025-11-17;6;1305
12;2025-11-17;7;2778
12;2025-11-17;8;3646
12;2025-11-17;9;2511
12;2025-11-17;10;2006
12;2025-11-17;11;1949
12;2025-11-17;12;2061
12;2025-11-17;13;1966
12;2025-11-17;14;1965
12;2025-11-17;15;2300
12;2025-11-17;16;2781
12;2025-11-17;17;3213
12;2025-11-17;18;3436
12;2025-11-17;19;2605
12;2025-11-17;20;1560
12;2025-11-17;21;864
12;2025-11-17;22;462
12;2025-11-17;23;223
12;2025-11-18;0;50
12;2025-11-18;1;2
12;2025-11-18;2;0
12;2025-11-18;3;0
12;2025-11-18;4;7
12;2025-11-18;5;335
12;2025-11-18;6;1485
12;2025-11-18;7;2910
12;2025-11-18;8;3826
12;2025-11-18;9;2670
12;2025-11-18;10;2155
12;2025-11-18;11;2137
12;2025-11-18;12;2190
12;2025-11-18;13;2125
12;2025-11-18;14;2099
12;2025-11-18;15;2400
12;2025-11-18;16;2865
12;2025-11-18;17;3310
12;2025-11-18;18;3494
12;2025-11-18;19;2661
12;2025-11-18;20;1571
12;2025-11-18;21;938
12;2025-11-18;22;518
12;2025-11-18;23;243
12;2025-11-19;0;59
12;2025-11-19;1;6
12;2025-11-19;2;0
12;2025-11-19;3;0
12;2025-11-19;4;7
12;2025-11-19;5;345
12;2025-11-19;6;1539
12;2025-11-19;7;2948
12;2025-11-19;8;3727
12;2025-11-19;9;2693
12;2025-11-19;10;2294
12;2025-11-19;11;2176
12;2025-11-19;12;2250
12;2025-11-19;13;2225
12;2025-11-19;14;2254
12;2025-11-19;15;2471
12;2025-11-19;16;2992
12;2025-11-19;17;3296
12;2025-11-19;18;3446
12;2025-11-19;19;2678
12;2025-11-19;20;1596
12;2025-11-19;21;974
12;2025-11-19;22;516
12;2025-11-19;23;238
12;2025-11-20;0;53
12;2025-11-20;1;3
12;2025-11-20;2;0
12;2025-11-20;3;0
12;2025-11-20;4;6
12;2025-11-20;5;338
12;2025-11-20;6;1465
12;2025-11-20;7;2974
12;2025-11-20;8;3813
12;2025-11-20;9;2620
12;2025-11-20;10;2238
12;2025-11-20;11;2233
12;2025-11-20;12;2265
12;2025-11-20;13;2252
12;2025-11-20;14;2272
12;2025-11-20;15;2486
12;2025-11-20;16;2989
12;2025-11-20;17;3318
12;2025-11-20;18;3526
12;2025-11-20;19;2718
12;2025-11-20;20;1661
12;2025-11-20;21;952
12;2025-11-20;22;513
12;2025-11-20;23;265
12;2025-11-21;0;56
12;2025-11-21;1;3
12;2025-11-21;2;0
12;2025-11-21;3;0
12;2025-11-21;4;6
12;2025-11-21;5;312
12;2025-11-21;6;1455
12;2025-11-21;7;2877
12;2025-11-21;8;3702
12;2025-11-21;9;2554
12;2025-11-21;10;2141
12;2025-11-21;11;2175
12;2025-11-21;12;2193
12;2025-11-21;13;2277
12;2025-11-21;14;2304
12;2025-11-21;15;2611
12;2025-11-21;16;3219
12;2025-11-21;17;3246
12;2025-11-21;18;2908
12;2025-11-21;19;2432
12;2025-11-21;20;1533
12;2025-11-21;21;978
12;2025-11-21;22;529
12;2025-11-21;23;291
12;2025-11-22;0;84
12;2025-11-22;1;7
12;2025-11-22;2;0
12;2025-11-22;3;0
12;2025-11-22;4;2
12;2025-11-22;5;206
12;2025-11-22;6;794
12;2025-11-22;7;891
12;2025-11-22;8;979
12;2025-11-22;9;1163
12;2025-11-22;10;1422
12;2025-11-22;11;1574
12;2025-11-22;12;1574
12;2025-11-22;13;1840
12;2025-11-22;14;1733
12;2025-11-22;15;1592
12;2025-11-22;16;1700
12;2025-11-22;17;1614
12;2025-11-22;18;1528
12;2025-11-22;19;1467
12;2025-11-22;20;986
12;2025-11-22;21;671
12;2025-11-22;22;406
12;2025-11-22;23;256
12;2025-11-23;0;84
12;2025-11-23;1;8
12;2025-11-23;2;0
12;2025-11-23;3;0
12;2025-11-23;4;1
12;2025-11-23;5;158
12;2025-11-23;6;507
12;2025-11-23;7;599
12;2025-11-23;8;726
12;2025-11-23;9;922
12;2025-11-23;10;1160
12;2025-11-23;11;1398
12;2025-11-23;12;1484
12;2025-11-23;13;1744
12;2025-11-23;14;1654
12;2025-11-23;15;1517
12;2025-11-23;16;1582
12;2025-11-23;17;1558
12;2025-11-23;18;1269
12;2025-11-23;19;1002
12;2025-11-23;20;751
12;2025-11-23;21;552
12;2025-11-23;22;367
12;2025-11-23;23;202
12;2025-11-24;0;63
12;2025-11-24;1;4
12;2025-11-24;2;0
12;2025-11-24;3;0
12;2025-11-24;4;7
12;2025-11-24;5;315
12;2025-11-24;6;1367
12;2025-11-24;7;2777
12;2025-11-24;8;3685
12;2025-11-24;9;2545
12;2025-11-24;10;1998
12;2025-11-24;11;1907
12;2025-11-24;12;2073
12;2025-11-24;13;2060
12;2025-11-24;14;1980
12;2025-11-24;15;2261
12;2025-11-24;16;2761
12;2025-11-24;17;3127
12;2025-11-24;18;3358
12;2025-11-24;19;2568
12;2025-11-24;20;1542
12;2025-11-24;21;917
12;2025-11-24;22;473
12;2025-11-24;23;228
12;2025-11-25;0;43
12;2025-11-25;1;2
12;2025-11-25;2;0
12;2025-11-25;3;0
12;2025-11-25;4;8
12;2025-11-25;5;330
12;2025-11-25;6;1439
12;2025-11-25;7;2918
12;2025-11-25;8;3839
12;2025-11-25;9;2633
12;2025-11-25;10;2195
12;2025-11-25;11;2132
12;2025-11-25;12;2192
12;2025-11-25;13;2193
12;2025-11-25;14;2141
12;2025-11-25;15;2396
12;2025-11-25;16;2888
12;2025-11-25;17;3277
12;2025-11-25;18;3492
12;2025-11-25;19;2622
12;2025-11-25;20;1535
12;2025-11-25;21;915
12;2025-11-25;22;507
12;2025-11-25;23;237
12;2025-11-26;0;48
12;2025-11-26;1;5
12;2025-11-26;2;0
12;2025-11-26;3;0
12;2025-11-26;4;7
12;2025-11-26;5;299
12;2025-11-26;6;1462
12;2025-11-26;7;2633
12;2025-11-26;8;3467
12;2025-11-26;9;2487
12;2025-11-26;10;2045
12;2025-11-26;11;1919
12;2025-11-26;12;1940
12;2025-11-26;13;1952
12;2025-11-26;14;1944
12;2025-11-26;15;2181
12;2025-11-26;16;2666
12;2025-11-26;17;2957
12;2025-11-26;18;3135
12;2025-11-26;19;2377
12;2025-11-26;20;1480
12;2025-11-26;21;883
12;2025-11-26;22;473
12;2025-11-26;23;227
12;2025-11-27;0;44
12;2025-11-27;1;0
12;2025-11-27;2;0
12;2025-11-27;3;0
12;2025-11-27;4;8
12;2025-11-27;5;330
12;2025-11-27;6;1419
12;2025-11-27;7;2611
12;2025-11-27;8;3477
12;2025-11-27;9;2278
12;2025-11-27;10;1874
12;2025-11-27;11;1878
12;2025-11-27;12;1871
12;2025-11-27;13;1843
12;2025-11-27;14;1902
12;2025-11-27;15;2101
12;2025-11-27;16;2537
12;2025-11-27;17;2866
12;2025-11-27;18;3101
12;2025-11-27;19;2329
12;2025-11-27;20;1539
12;2025-11-27;21;898
12;2025-11-27;22;469
12;2025-11-27;23;251
12;2025-11-28;0;44
12;2025-11-28;1;0
12;2025-11-28;2;0
12;2025-11-28;3;0
12;2025-11-28;4;7
12;2025-11-28;5;300
12;2025-11-28;6;1396
12;2025-11-28;7;2499
12;2025-11-28;8;3335
12;2025-11-28;9;2220
12;2025-11-28;10;1788
12;2025-11-28;11;1828
12;2025-11-28;12;1796
12;2025-11-28;13;1893
12;2025-11-28;14;1902
12;2025-11-28;15;2242
12;2025-11-28;16;2820
12;2025-11-28;17;2872
12;2025-11-28;18;2516
12;2025-11-28;19;2031
12;2025-11-28;20;1393
12;2025-11-28;21;928
12;2025-11-28;22;506
12;2025-11-28;23;279
12;2025-11-29;0;68
12;2025-11-29;1;6
12;2025-11-29;2;0
12;2025-11-29;3;0
12;2025-11-29;4;2
12;2025-11-29;5;218
12;2025-11-29;6;795
12;2025-11-29;7;799
12;2025-11-29;8;902
12;2025-11-29;9;1040
12;2025-11-29;10;1290
12;2025-11-29;11;1418
12;2025-11-29;12;1424
12;2025-11-29;13;1579
12;2025-11-29;14;1513
12;2025-11-29;15;1422
12;2025-11-29;16;1472
12;2025-11-29;17;1387
12;2025-11-29;18;1333
12;2025-11-29;19;1250
12;2025-11-29;20;870
12;2025-11-29;21;614
12;2025-11-29;22;392
12;2025-11-29;23;245
12;2025-11-30;0;72
12;2025-11-30;1;7
12;2025-11-30;2;0
12;2025-11-30;3;0
12;2025-11-30;4;0
12;2025-11-30;5;139
12;2025-11-30;6;451
12;2025-11-30;7;504
12;2025-11-30;8;610
12;2025-11-30;9;810
12;2025-11-30;10;1057
12;2025-11-30;11;1225
12;2025-11-30;12;1278
12;2025-11-30;13;1439
12;2025-11-30;14;1334
12;2025-11-30;15;1329
12;2025-11-30;16;1303
12;2025-11-30;17;1299
12;2025-11-30;18;1132
12;2025-11-30;19;860
12;2025-11-30;20;687
12;2025-11-30;21;551
12;2025-11-30;22;356
12;2025-11-30;23;199
12;2025-12-01;0;51
12;2025-12-01;1;0
12;2025-12-01;2;0
12;2025-12-01;3;0
12;2025-12-01;4;0
12;2025-12-01;5;300
12;2025-12-01;6;1281
12;2025-12-01;7;2292
12;2025-12-01;8;3231
12;2025-12-01;9;2051
12;2025-12-01;10;1561
12;2025-12-01;11;1562
12;2025-12-01;12;1625
12;2025-12-01;13;1590
12;2025-12-01;14;1604
12;2025-12-01;15;1856
12;2025-12-01;16;2275
12;2025-12-01;17;2651
12;2025-12-01;18;2915
12;2025-12-01;19;2036
12;2025-12-01;20;1355
12;2025-12-01;21;816
12;2025-12-01;22;422
12;2025-12-01;23;201
12;2025-12-02;0;31
12;2025-12-02;1;0
12;2025-12-02;2;0
12;2025-12-02;3;0
12;2025-12-02;4;0
12;2025-12-02;5;332
12;2025-12-02;6;1314
12;2025-12-02;7;2445
12;2025-12-02;8;3456
12;2025-12-02;9;2188
12;2025-12-02;10;1796
12;2025-12-02;11;1736
12;2025-12-02;12;1743
12;2025-12-02;13;1763
12;2025-12-02;14;1707
12;2025-12-02;15;1961
12;2025-12-02;16;2393
12;2025-12-02;17;2808
12;2025-12-02;18;3070
12;2025-12-02;19;2159
12;2025-12-02;20;1365
12;2025-12-02;21;842
12;2025-12-02;22;453
12;2025-12-02;23;215
12;2025-12-03;0;48
12;2025-12-03;1;2
12;2025-12-03;2;0
12;2025-12-03;3;0
12;2025-12-03;4;1
12;2025-12-03;5;334
12;2025-12-03;6;1410
12;2025-12-03;7;2576
12;2025-12-03;8;3373
12;2025-12-03;9;2444
12;2025-12-03;10;1999
12;2025-12-03;11;1908
12;2025-12-03;12;1940
12;2025-12-03;13;1909
12;2025-12-03;14;1900
12;2025-12-03;15;2127
12;2025-12-03;16;2654
12;2025-12-03;17;2959
12;2025-12-03;18;3097
12;2025-12-03;19;2312
12;2025-12-03;20;1430
12;2025-12-03;21;902
12;2025-12-03;22;471
12;2025-12-03;23;242
12;2025-12-04;0;44
12;2025-12-04;1;1
12;2025-12-04;2;0
12;2025-12-04;3;0
12;2025-12-04;4;3
12;2025-12-04;5;309
12;2025-12-04;6;1395
12;2025-12-04;7;2622
12;2025-12-04;8;3496
12;2025-12-04;9;2324
12;2025-12-04;10;1928
12;2025-12-04;11;1923
12;2025-12-04;12;1921
12;2025-12-04;13;1931
12;2025-12-04;14;1952
12;2025-12-04;15;2179
12;2025-12-04;16;2605
12;2025-12-04;17;2961
12;2025-12-04;18;3171
12;2025-12-04;19;2356
12;2025-12-04;20;1532
12;2025-12-04;21;900
12;2025-12-04;22;461
12;2025-12-04;23;243
12;2025-12-05;0;48
12;2025-12-05;1;0
12;2025-12-05;2;0
12;2025-12-05;3;0
12;2025-12-05;4;3
12;2025-12-05;5;304
12;2025-12-05;6;1420
12;2025-12-05;7;2603
12;2025-12-05;8;3426
12;2025-12-05;9;2332
12;2025-12-05;10;1912
12;2025-12-05;11;1934
12;2025-12-05;12;1931
12;2025-12-05;13;2031
12;2025-12-05;14;2040
12;2025-12-05;15;2360
12;2025-12-05;16;2924
12;2025-12-05;17;2977
12;2025-12-05;18;2623
12;2025-12-05;19;2172
12;2025-12-05;20;1463
12;2025-12-05;21;971
12;2025-12-05;22;508
12;2025-12-05;23;283
12;2025-12-06;0;70
12;2025-12-06;1;1
12;2025-12-06;2;0
12;2025-12-06;3;0
12;2025-12-06;4;1
12;2025-12-06;5;219
12;2025-12-06;6;804
12;2025-12-06;7;851
12;2025-12-06;8;966
12;2025-12-06;9;1103
12;2025-12-06;10;1361
12;2025-12-06;11;1478
12;2025-12-06;12;1467
12;2025-12-06;13;1677
12;2025-12-06;14;1589
12;2025-12-06;15;1507
12;2025-12-06;16;1572
12;2025-12-06;17;1497
12;2025-12-06;18;1424
12;2025-12-06;19;1339
12;2025-12-06;20;934
12;2025-12-06;21;651
12;2025-12-06;22;414
12;2025-12-06;23;260
12;2025-12-07;0;88
12;2025-12-07;1;8
12;2025-12-07;2;0
12;2025-12-07;3;0
12;2025-12-07;4;3
12;2025-12-07;5;144
12;2025-12-07;6;498
12;2025-12-07;7;593
12;2025-12-07;8;707
12;2025-12-07;9;929
12;2025-12-07;10;1151
12;2025-12-07;11;1343
12;2025-12-07;12;1376
12;2025-12-07;13;1586
12;2025-12-07;14;1511
12;2025-12-07;15;1405
12;2025-12-07;16;1462
12;2025-12-07;17;1482
12;2025-12-07;18;1248
12;2025-12-07;19;991
12;2025-12-07;20;757
12;2025-12-07;21;591
12;2025-12-07;22;397
12;2025-12-07;23;225
12;2025-12-08;0;68
12;2025-12-08;1;5
12;2025-12-08;2;0
12;2025-12-08;3;0
12;2025-12-08;4;6
12;2025-12-08;5;352
12;2025-12-08;6;1449
12;2025-12-08;7;2719
12;2025-12-08;8;3611
12;2025-12-08;9;2519
12;2025-12-08;10;2019
12;2025-12-08;11;1984
12;2025-12-08;12;2088
12;2025-12-08;13;2026
12;2025-12-08;14;2000
12;2025-12-08;15;2276
12;2025-12-08;16;2719
12;2025-12-08;17;3102
12;2025-12-08;18;3292
12;2025-12-08;19;2511
12;2025-12-08;20;1597
12;2025-12-08;21;926
12;2025-12-08;22;493
12;2025-12-08;23;248
12;2025-12-09;0;49
12;2025-12-09;1;2
12;2025-12-09;2;0
12;2025-12-09;3;0
12;2025-12-09;4;7
12;2025-12-09;5;368
12;2025-12-09;6;1495
12;2025-12-09;7;2842
12;2025-12-09;8;3812
12;2025-12-09;9;2656
12;2025-12-09;10;2231
12;2025-12-09;11;2156
12;2025-12-09;12;2172
12;2025-12-09;13;2158
12;2025-12-09;14;2108
12;2025-12-09;15;2355
12;2025-12-09;16;2808
12;2025-12-09;17;3215
12;2025-12-09;18;3404
12;2025-12-09;19;2585
12;2025-12-09;20;1585
12;2025-12-09;21;937
12;2025-12-09;22;513
12;2025-12-09;23;252
12;2025-12-10;0;55
12;2025-12-10;1;4
12;2025-12-10;2;0
12;2025-12-10;3;0
12;2025-12-10;4;6
12;2025-12-10;5;349
12;2025-12-10;6;1527
12;2025-12-10;7;2827
12;2025-12-10;8;3675
12;2025-12-10;9;2691
12;2025-12-10;10;2256
12;2025-12-10;11;2146
12;2025-12-10;12;2184
12;2025-12-10;13;2161
12;2025-12-10;14;2172
12;2025-12-10;15;2396
12;2025-12-10;16;2895
12;2025-12-10;17;3225
12;2025-12-10;18;3329
12;2025-12-10;19;2596
12;2025-12-10;20;1604
12;2025-12-10;21;962
12;2025-12-10;22;519
12;2025-12-10;23;265
12;2025-12-11;0;55
12;2025-12-11;1;3
12;2025-12-11;2;0
12;2025-12-11;3;0
12;2025-12-11;4;6
12;2025-12-11;5;319
12;2025-12-11;6;1441
12;2025-12-11;7;2824
12;2025-12-11;8;3653
12;2025-12-11;9;2534
12;2025-12-11;10;2097
12;2025-12-11;11;2124
12;2025-12-11;12;2133
12;2025-12-11;13;2145
12;2025-12-11;14;2158
12;2025-12-11;15;2383
12;2025-12-11;16;2815
12;2025-12-11;17;3142
12;2025-12-11;18;3313
12;2025-12-11;19;2541
12;2025-12-11;20;1649
12;2025-12-11;21;949
12;2025-12-11;22;509
12;2025-12-11;23;273
12;2025-12-12;0;56
12;2025-12-12;1;2
12;2025-12-12;2;0
12;2025-12-12;3;0
12;2025-12-12;4;5
12;2025-12-12;5;319
12;2025-12-12;6;1437
12;2025-12-12;7;2752
12;2025-12-12;8;3614
12;2025-12-12;9;2519
12;2025-12-12;10;2075
12;2025-12-12;11;2110
12;2025-12-12;12;2038
12;2025-12-12;13;2101
12;2025-12-12;14;2108
12;2025-12-12;15;2412
12;2025-12-12;16;3016
12;2025-12-12;17;3121
12;2025-12-12;18;2719
12;2025-12-12;19;2332
12;2025-12-12;20;1514
12;2025-12-12;21;976
12;2025-12-12;22;551
12;2025-12-12;23;283
12;2025-12-13;0;81
12;2025-12-13;1;0
12;2025-12-13;2;0
12;2025-12-13;3;0
12;2025-12-13;4;0
12;2025-12-13;5;223
12;2025-12-13;6;833
12;2025-12-13;7;898
12;2025-12-13;8;1011
12;2025-12-13;9;1184
12;2025-12-13;10;1396
12;2025-12-13;11;1526
12;2025-12-13;12;1501
12;2025-12-13;13;1742
12;2025-12-13;14;1617
12;2025-12-13;15;1503
12;2025-12-13;16;1596
12;2025-12-13;17;1556
12;2025-12-13;18;1461
12;2025-12-13;19;1430
12;2025-12-13;20;993
12;2025-12-13;21;670
12;2025-12-13;22;420
12;2025-12-13;23;254
12;2025-12-14;0;82
12;2025-12-14;1;7
12;2025-12-14;2;0
12;2025-12-14;3;0
12;2025-12-14;4;0
12;2025-12-14;5;146
12;2025-12-14;6;511
12;2025-12-14;7;599
12;2025-12-14;8;700
12;2025-12-14;9;905
12;2025-12-14;10;1122
12;2025-12-14;11;1313
12;2025-12-14;12;1348
12;2025-12-14;13;1565
12;2025-12-14;14;1481
12;2025-12-14;15;1371
12;2025-12-14;16;1478
12;2025-12-14;17;1496
12;2025-12-14;18;1271
12;2025-12-14;19;1034
12;2025-12-14;20;764
12;2025-12-14;21;574
12;2025-12-14;22;377
12;2025-12-14;23;211
12;2025-12-15;0;69
12;2025-12-15;1;2
12;2025-12-15;2;0
12;2025-12-15;3;0
12;2025-12-15;4;1
12;2025-12-15;5;343
12;2025-12-15;6;1360
12;2025-12-15;7;2733
12;2025-12-15;8;3636
12;2025-12-15;9;2545
12;2025-12-15;10;2012
12;2025-12-15;11;1958
12;2025-12-15;12;2067
12;2025-12-15;13;2041
12;2025-12-15;14;1986
12;2025-12-15;15;2292
12;2025-12-15;16;2763
12;2025-12-15;17;3147
12;2025-12-15;18;3314
12;2025-12-15;19;2543
12;2025-12-15;20;1565
12;2025-12-15;21;882
12;2025-12-15;22;467
12;2025-12-15;23;236
12;2025-12-16;0;51
12;2025-12-16;1;0
12;2025-12-16;2;0
12;2025-12-16;3;0
12;2025-12-16;4;5
12;2025-12-16;5;351
12;2025-12-16;6;1444
12;2025-12-16;7;2880
12;2025-12-16;8;3848
12;2025-12-16;9;2666
12;2025-12-16;10;2224
12;2025-12-16;11;2142
12;2025-12-16;12;2130
12;2025-12-16;13;2124
12;2025-12-16;14;2125
12;2025-12-16;15;2403
12;2025-12-16;16;2854
12;2025-12-16;17;3298
12;2025-12-16;18;3467
12;2025-12-16;19;2636
12;2025-12-16;20;1611
12;2025-12-16;21;941
12;2025-12-16;22;516
12;2025-12-16;23;259
12;2025-12-17;0;60
12;2025-12-17;1;3
12;2025-12-17;2;0
12;2025-12-17;3;0
12;2025-12-17;4;8
12;2025-12-17;5;333
12;2025-12-17;6;1526
12;2025-12-17;7;2841
12;2025-12-17;8;3710
12;2025-12-17;9;2695
12;2025-12-17;10;2254
12;2025-12-17;11;2155
12;2025-12-17;12;2183
12;2025-12-17;13;2171
12;2025-12-17;14;2180
12;2025-12-17;15;2393
12;2025-12-17;16;2902
12;2025-12-17;17;3231
12;2025-12-17;18;3330
12;2025-12-17;19;2590
12;2025-12-17;20;1598
12;2025-12-17;21;939
12;2025-12-17;22;510
12;2025-12-17;23;262
12;2025-12-18;0;51
12;2025-12-18;1;4
12;2025-12-18;2;0
12;2025-12-18;3;0
12;2025-12-18;4;5
12;2025-12-18;5;336
12;2025-12-18;6;1443
12;2025-12-18;7;2842
12;2025-12-18;8;3760
12;2025-12-18;9;2560
12;2025-12-18;10;2148
12;2025-12-18;11;2156
12;2025-12-18;12;2166
12;2025-12-18;13;2153
12;2025-12-18;14;2148
12;2025-12-18;15;2388
12;2025-12-18;16;2865
12;2025-12-18;17;3245
12;2025-12-18;18;3413
12;2025-12-18;19;2613
12;2025-12-18;20;1669
12;2025-12-18;21;960
12;2025-12-18;22;504
12;2025-12-18;23;274
12;2025-12-19;0;65
12;2025-12-19;1;3
12;2025-12-19;2;0
12;2025-12-19;3;0
12;2025-12-19;4;6
12;2025-12-19;5;321
12;2025-12-19;6;1439
12;2025-12-19;7;2794
12;2025-12-19;8;3632
12;2025-12-19;9;2551
12;2025-12-19;10;2081
12;2025-12-19;11;2118
12;2025-12-19;12;2109
12;2025-12-19;13;2185
12;2025-12-19;14;2180
12;2025-12-19;15;2513
12;2025-12-19;16;3118
12;2025-12-19;17;3204
12;2025-12-19;18;2777
12;2025-12-19;19;2347
12;2025-12-19;20;1527
12;2025-12-19;21;984
12;2025-12-19;22;533
12;2025-12-19;23;306
12;2025-12-20;0;86
12;2025-12-20;1;5
12;2025-12-20;2;0
12;2025-12-20;3;0
12;2025-12-20;4;3
12;2025-12-20;5;263
12;2025-12-20;6;863
12;2025-12-20;7;932
12;2025-12-20;8;1038
12;2025-12-20;9;1195
12;2025-12-20;10;1413
12;2025-12-20;11;1558
12;2025-12-20;12;1524
12;2025-12-20;13;1773
12;2025-12-20;14;1656
12;2025-12-20;15;1566
12;2025-12-20;16;1651
12;2025-12-20;17;1586
12;2025-12-20;18;1467
12;2025-12-20;19;1400
12;2025-12-20;20;971
12;2025-12-20;21;675
12;2025-12-20;22;438
12;2025-12-20;23;282
12;2025-12-21;0;82
12;2025-12-21;1;6
12;2025-12-21;2;0
12;2025-12-21;3;0
12;2025-12-21;4;2
12;2025-12-21;5;162
12;2025-12-21;6;493
12;2025-12-21;7;630
12;2025-12-21;8;721
12;2025-12-21;9;936
12;2025-12-21;10;1130
12;2025-12-21;11;1325
12;2025-12-21;12;1364
12;2025-12-21;13;1596
12;2025-12-21;14;1502
12;2025-12-21;15;1420
12;2025-12-21;16;1494
12;2025-12-21;17;1519
12;2025-12-21;18;1260
12;2025-12-21;19;1007
12;2025-12-21;20;759
12;2025-12-21;21;582
12;2025-12-21;22;374
12;2025-12-21;23;221
12;2025-12-22;0;71
12;2025-12-22;1;6
12;2025-12-22;2;0
12;2025-12-22;3;0
12;2025-12-22;4;5
12;2025-12-22;5;359
12;2025-12-22;6;1446
12;2025-12-22;7;2757
12;2025-12-22;8;3666
12;2025-12-22;9;2565
12;2025-12-22;10;2016
12;2025-12-22;11;1975
12;2025-12-22;12;2099
12;2025-12-22;13;2039
12;2025-12-22;14;1995
12;2025-12-22;15;2312
12;2025-12-22;16;2724
12;2025-12-22;17;3114
12;2025-12-22;18;3281
12;2025-12-22;19;2538
12;2025-12-22;20;1576
12;2025-12-22;21;916
12;2025-12-22;22;475
12;2025-12-22;23;217
12;2025-12-23;0;51
12;2025-12-23;1;0
12;2025-12-23;2;0
12;2025-12-23;3;0
12;2025-12-23;4;2
12;2025-12-23;5;369
12;2025-12-23;6;1444
12;2025-12-23;7;2799
12;2025-12-23;8;3783
12;2025-12-23;9;2635
12;2025-12-23;10;2188
12;2025-12-23;11;2128
12;2025-12-23;12;2145
12;2025-12-23;13;2139
12;2025-12-23;14;2075
12;2025-12-23;15;2345
12;2025-12-23;16;2806
12;2025-12-23;17;3253
12;2025-12-23;18;3394
12;2025-12-23;19;2596
12;2025-12-23;20;1564
12;2025-12-23;21;915
12;2025-12-23;22;509
12;2025-12-23;23;240
12;2025-12-24;0;62
12;2025-12-24;1;2
12;2025-12-24;2;0
12;2025-12-24;3;0
12;2025-12-24;4;5
12;2025-12-24;5;346
12;2025-12-24;6;1492
12;2025-12-24;7;2805
12;2025-12-24;8;3645
12;2025-12-24;9;2663
12;2025-12-24;10;2229
12;2025-12-24;11;2127
12;2025-12-24;12;2152
12;2025-12-24;13;2129
12;2025-12-24;14;2124
12;2025-12-24;15;2366
12;2025-12-24;16;2869
12;2025-12-24;17;3219
12;2025-12-24;18;3315
12;2025-12-24;19;2579
12;2025-12-24;20;1561
12;2025-12-24;21;916
12;2025-12-24;22;498
12;2025-12-24;23;253
12;2025-12-25;0;50
12;2025-12-25;1;2
12;2025-12-25;2;0
12;2025-12-25;3;0
12;2025-12-25;4;7
12;2025-12-25;5;335
12;2025-12-25;6;1440
12;2025-12-25;7;2809
12;2025-12-25;8;3653
12;2025-12-25;9;2570
12;2025-12-25;10;2148
12;2025-12-25;11;2141
12;2025-12-25;12;2150
12;2025-12-25;13;2147
12;2025-12-25;14;2141
12;2025-12-25;15;2384
12;2025-12-25;16;2856
12;2025-12-25;17;3197
12;2025-12-25;18;3243
12;2025-12-25;19;2600
12;2025-12-25;20;1628
12;2025-12-25;21;948
12;2025-12-25;22;481
12;2025-12-25;23;258
12;2025-12-26;0;50
12;2025-12-26;1;4
12;2025-12-26;2;0
12;2025-12-26;3;0
12;2025-12-26;4;1
12;2025-12-26;5;353
12;2025-12-26;6;1460
12;2025-12-26;7;2645
12;2025-12-26;8;3482
12;2025-12-26;9;2540
12;2025-12-26;10;2077
12;2025-12-26;11;2059
12;2025-12-26;12;2041
12;2025-12-26;13;2162
12;2025-12-26;14;2171
12;2025-12-26;15;2494
12;2025-12-26;16;3057
12;2025-12-26;17;3084
12;2025-12-26;18;2706
12;2025-12-26;19;2271
12;2025-12-26;20;1519
12;2025-12-26;21;1019
12;2025-12-26;22;545
12;2025-12-26;23;303
12;2025-12-27;0;90
12;2025-12-27;1;8
12;2025-12-27;2;0
12;2025-12-27;3;0
12;2025-12-27;4;4
12;2025-12-27;5;252
12;2025-12-27;6;879
12;2025-12-27;7;942
12;2025-12-27;8;1079
12;2025-12-27;9;1233
12;2025-12-27;10;1452
12;2025-12-27;11;1578
12;2025-12-27;12;1549
12;2025-12-27;13;1776
12;2025-12-27;14;1649
12;2025-12-27;15;1570
12;2025-12-27;16;1656
12;2025-12-27;17;1582
12;2025-12-27;18;1473
12;2025-12-27;19;1421
12;2025-12-27;20;1005
12;2025-12-27;21;701
12;2025-12-27;22;430
12;2025-12-27;23;286
12;2025-12-28;0;91
12;2025-12-28;1;10
12;2025-12-28;2;0
12;2025-12-28;3;0
12;2025-12-28;4;3
12;2025-12-28;5;170
12;2025-12-28;6;516
12;2025-12-28;7;598
12;2025-12-28;8;713
12;2025-12-28;9;956
12;2025-12-28;10;1188
12;2025-12-28;11;1346
12;2025-12-28;12;1402
12;2025-12-28;13;1629
12;2025-12-28;14;1521
12;2025-12-28;15;1450
12;2025-12-28;16;1530
12;2025-12-28;17;1532
12;2025-12-28;18;1290
12;2025-12-28;19;1056
12;2025-12-28;20;781
12;2025-12-28;21;601
12;2025-12-28;22;392
12;2025-12-28;23;233
12;2025-12-29;0;76
12;2025-12-29;1;7
12;2025-12-29;2;0
12;2025-12-29;3;0
12;2025-12-29;4;7
12;2025-12-29;5;356
12;2025-12-29;6;1441
12;2025-12-29;7;2683
12;2025-12-29;8;3448
12;2025-12-29;9;2559
12;2025-12-29;10;2066
12;2025-12-29;11;1987
12;2025-12-29;12;2088
12;2025-12-29;13;2067
12;2025-12-29;14;2001
12;2025-12-29;15;2290
12;2025-12-29;16;2770
12;2025-12-29;17;3080
12;2025-12-29;18;3163
12;2025-12-29;19;2548
12;2025-12-29;20;1603
12;2025-12-29;21;938
12;2025-12-29;22;497
12;2025-12-29;23;252
12;2025-12-30;0;56
12;2025-12-30;1;2
12;2025-12-30;2;0
12;2025-12-30;3;0
12;2025-12-30;4;8
12;2025-12-30;5;365
12;2025-12-30;6;1467
12;2025-12-30;7;2788
12;2025-12-30;8;3484
12;2025-12-30;9;2648
12;2025-12-30;10;2199
12;2025-12-30;11;2126
12;2025-12-30;12;2143
12;2025-12-30;13;2163
12;2025-12-30;14;2109
12;2025-12-30;15;2354
12;2025-12-30;16;2837
12;2025-12-30;17;3159
12;2025-12-30;18;3249
12;2025-12-30;19;2540
12;2025-12-30;20;1576
12;2025-12-30;21;946
12;2025-12-30;22;518
12;2025-12-30;23;261
12;2025-12-31;0;34
12;2025-12-31;1;0
12;2025-12-31;2;0
12;2025-12-31;3;0
12;2025-12-31;4;0
12;2025-12-31;5;175
12;2025-12-31;6;470
12;2025-12-31;7;622
12;2025-12-31;8;723
12;2025-12-31;9;595
12;2025-12-31;10;799
12;2025-12-31;11;912
12;2025-12-31;12;1102
12;2025-12-31;13;1138
12;2025-12-31;14;1167
12;2025-12-31;15;1173
12;2025-12-31;16;1425
12;2025-12-31;17;1307
12;2025-12-31;18;1154
12;2025-12-31;19;961
12;2025-12-31;20;822
12;2025-12-31;21;558
12;2025-12-31;22;372
12;2025-12-31;23;193
17;2025-11-01;0;198
17;2025-11-01;1;29
17;2025-11-01;2;0
17;2025-11-01;3;0
17;2025-11-01;4;4
17;2025-11-01;5;132
17;2025-11-01;6;565
17;2025-11-01;7;1226
17;2025-11-01;8;1752
17;2025-11-01;9;2208
17;2025-11-01;10;2501
17;2025-11-01;11;2999
17;2025-11-01;12;3276
17;2025-11-01;13;3533
17;2025-11-01;14;3599
17;2025-11-01;15;3602
17;2025-11-01;16;3654
17;2025-11-01;17;3505
17;2025-11-01;18;2948
17;2025-11-01;19;2446
17;2025-11-01;20;1944
17;2025-11-01;21;1443
17;2025-11-01;22;842
17;2025-11-01;23;459
17;2025-11-02;0;182
17;2025-11-02;1;28
17;2025-11-02;2;0
17;2025-11-02;3;0
17;2025-11-02;4;5
17;2025-11-02;5;98
17;2025-11-02;6;380
17;2025-11-02;7;711
17;2025-11-02;8;1073
17;2025-11-02;9;1541
17;2025-11-02;10;1687
17;2025-11-02;11;2099
17;2025-11-02;12;2518
17;2025-11-02;13;2655
17;2025-11-02;14;2832
17;2025-11-02;15;2790
17;2025-11-02;16;2801
17;2025-11-02;17;2637
17;2025-11-02;18;2297
17;2025-11-02;19;1874
17;2025-11-02;20;1597
17;2025-11-02;21;1072
17;2025-11-02;22;717
17;2025-11-02;23;324
17;2025-11-03;0;107
17;2025-11-03;1;8
17;2025-11-03;2;0
17;2025-11-03;3;0
17;2025-11-03;4;16
17;2025-11-03;5;211
17;2025-11-03;6;608
17;2025-11-03;7;1731
17;2025-11-03;8;2988
17;2025-11-03;9;1776
17;2025-11-03;10;1893
17;2025-11-03;11;2108
17;2025-11-03;12;2130
17;2025-11-03;13;2045
17;2025-11-03;14;2154
17;2025-11-03;15;2053
17;2025-11-03;16;2122
17;2025-11-03;17;2624
17;2025-11-03;18;3038
17;2025-11-03;19;2252
17;2025-11-03;20;1797
17;2025-11-03;21;1228
17;2025-11-03;22;763
17;2025-11-03;23;323
17;2025-11-04;0;119
17;2025-11-04;1;9
17;2025-11-04;2;0
17;2025-11-04;3;0
17;2025-11-04;4;20
17;2025-11-04;5;206
17;2025-11-04;6;590
17;2025-11-04;7;1813
17;2025-11-04;8;2920
17;2025-11-04;9;1808
17;2025-11-04;10;1721
17;2025-11-04;11;1864
17;2025-11-04;12;1953
17;2025-11-04;13;1985
17;2025-11-04;14;2515
17;2025-11-04;15;2354
17;2025-11-04;16;2182
17;2025-11-04;17;2758
17;2025-11-04;18;3124
17;2025-11-04;19;2242
17;2025-11-04;20;1845
17;2025-11-04;21;1334
17;2025-11-04;22;851
17;2025-11-04;23;347
17;2025-11-05;0;122
17;2025-11-05;1;10
17;2025-11-05;2;0
17;2025-11-05;3;0
17;2025-11-05;4;26
17;2025-11-05;5;304
17;2025-11-05;6;1539
17;2025-11-05;7;3859
17;2025-11-05;8;5046
17;2025-11-05;9;3637
17;2025-11-05;10;2982
17;2025-11-05;11;2894
17;2025-11-05;12;2991
17;2025-11-05;13;3088
17;2025-11-05;14;3180
17;2025-11-05;15;3350
17;2025-11-05;16;3589
17;2025-11-05;17;4308
17;2025-11-05;18;4835
17;2025-11-05;19;3448
17;2025-11-05;20;2388
17;2025-11-05;21;1490
17;2025-11-05;22;866
17;2025-11-05;23;358
17;2025-11-06;0;121
17;2025-11-06;1;8
17;2025-11-06;2;0
17;2025-11-06;3;0
17;2025-11-06;4;24
17;2025-11-06;5;299
17;2025-11-06;6;1496
17;2025-11-06;7;3824
17;2025-11-06;8;5113
17;2025-11-06;9;3642
17;2025-11-06;10;2898
17;2025-11-06;11;2673
17;2025-11-06;12;2963
17;2025-11-06;13;3086
17;2025-11-06;14;3106
17;2025-11-06;15;3197
17;2025-11-06;16;3602
17;2025-11-06;17;4362
17;2025-11-06;18;4936
17;2025-11-06;19;3509
17;2025-11-06;20;2270
17;2025-11-06;21;1498
17;2025-11-06;22;855
17;2025-11-06;23;380
17;2025-11-07;0;141
17;2025-11-07;1;12
17;2025-11-07;2;0
17;2025-11-07;3;0
17;2025-11-07;4;23
17;2025-11-07;5;288
17;2025-11-07;6;1511
17;2025-11-07;7;3898
17;2025-11-07;8;5146
17;2025-11-07;9;3604
17;2025-11-07;10;2919
17;2025-11-07;11;2974
17;2025-11-07;12;3028
17;2025-11-07;13;3145
17;2025-11-07;14;3207
17;2025-11-07;15;3523
17;2025-11-07;16;4172
17;2025-11-07;17;4549
17;2025-11-07;18;4395
17;2025-11-07;19;3325
17;2025-11-07;20;2393
17;2025-11-07;21;1591
17;2025-11-07;22;949
17;2025-11-07;23;459
17;2025-11-08;0;196
17;2025-11-08;1;26
17;2025-11-08;2;0
17;2025-11-08;3;0
17;2025-11-08;4;3
17;2025-11-08;5;130
17;2025-11-08;6;546
17;2025-11-08;7;1163
17;2025-11-08;8;1679
17;2025-11-08;9;2087
17;2025-11-08;10;2367
17;2025-11-08;11;2832
17;2025-11-08;12;3096
17;2025-11-08;13;3348
17;2025-11-08;14;3415
17;2025-11-08;15;3512
17;2025-11-08;16;3526
17;2025-11-08;17;3435
17;2025-11-08;18;3098
17;2025-11-08;19;2545
17;2025-11-08;20;2016
17;2025-11-08;21;1475
17;2025-11-08;22;927
17;2025-11-08;23;452
17;2025-11-09;0;187
17;2025-11-09;1;28
17;2025-11-09;2;1
17;2025-11-09;3;0
17;2025-11-09;4;3
17;2025-11-09;5;110
17;2025-11-09;6;422
17;2025-11-09;7;758
17;2025-11-09;8;1251
17;2025-11-09;9;1673
17;2025-11-09;10;1950
17;2025-11-09;11;2481
17;2025-11-09;12;2862
17;2025-11-09;13;3067
17;2025-11-09;14;3171
17;2025-11-09;15;3191
17;2025-11-09;16;3163
17;2025-11-09;17;3026
17;2025-11-09;18;2682
17;2025-11-09;19;2169
17;2025-11-09;20;1595
17;2025-11-09;21;1159
17;2025-11-09;22;735
17;2025-11-09;23;324
17;2025-11-10;0;101
17;2025-11-10;1;14
17;2025-11-10;2;0
17;2025-11-10;3;0
17;2025-11-10;4;31
17;2025-11-10;5;318
17;2025-11-10;6;1562
17;2025-11-10;7;4084
17;2025-11-10;8;5365
17;2025-11-10;9;3879
17;2025-11-10;10;2965
17;2025-11-10;11;2922
17;2025-11-10;12;2997
17;2025-11-10;13;3066
17;2025-11-10;14;3088
17;2025-11-10;15;3322
17;2025-11-10;16;3674
17;2025-11-10;17;4508
17;2025-11-10;18;5066
17;2025-11-10;19;3546
17;2025-11-10;20;2398
17;2025-11-10;21;1412
17;2025-11-10;22;764
17;2025-11-10;23;338
17;2025-11-11;0;107
17;2025-11-11;1;10
17;2025-11-11;2;0
17;2025-11-11;3;0
17;2025-11-11;4;30
17;2025-11-11;5;321
17;2025-11-11;6;1587
17;2025-11-11;7;4201
17;2025-11-11;8;5369
17;2025-11-11;9;3946
17;2025-11-11;10;3073
17;2025-11-11;11;2999
17;2025-11-11;12;3074
17;2025-11-11;13;3084
17;2025-11-11;14;3210
17;2025-11-11;15;3338
17;2025-11-11;16;3751
17;2025-11-11;17;4635
17;2025-11-11;18;5101
17;2025-11-11;19;3626
17;2025-11-11;20;2463
17;2025-11-11;21;1478
17;2025-11-11;22;820
17;2025-11-11;23;357
17;2025-11-12;0;121
17;2025-11-12;1;12
17;2025-11-12;2;0
17;2025-11-12;3;0
17;2025-11-12;4;30
17;2025-11-12;5;323
17;2025-11-12;6;1570
17;2025-11-12;7;4079
17;2025-11-12;8;5325
17;2025-11-12;9;3858
17;2025-11-12;10;3027
17;2025-11-12;11;2882
17;2025-11-12;12;2969
17;2025-11-12;13;3039
17;2025-11-12;14;3147
17;2025-11-12;15;3324
17;2025-11-12;16;3681
17;2025-11-12;17;4521
17;2025-11-12;18;5039
17;2025-11-12;19;3539
17;2025-11-12;20;2436
17;2025-11-12;21;1520
17;2025-11-12;22;826
17;2025-11-12;23;382
17;2025-11-13;0;132
17;2025-11-13;1;10
17;2025-11-13;2;0
17;2025-11-13;3;0
17;2025-11-13;4;28
17;2025-11-13;5;314
17;2025-11-13;6;1584
17;2025-11-13;7;4072
17;2025-11-13;8;5353
17;2025-11-13;9;3889
17;2025-11-13;10;3092
17;2025-11-13;11;3010
17;2025-11-13;12;3131
17;2025-11-13;13;3200
17;2025-11-13;14;3247
17;2025-11-13;15;3402
17;2025-11-13;16;3840
17;2025-11-13;17;4563
17;2025-11-13;18;5084
17;2025-11-13;19;3621
17;2025-11-13;20;2463
17;2025-11-13;21;1523
17;2025-11-13;22;861
17;2025-11-13;23;400
17;2025-11-14;0;142
17;2025-11-14;1;15
17;2025-11-14;2;0
17;2025-11-14;3;0
17;2025-11-14;4;27
17;2025-11-14;5;319
17;2025-11-14;6;1561
17;2025-11-14;7;3960
17;2025-11-14;8;5261
17;2025-11-14;9;3771
17;2025-11-14;10;2950
17;2025-11-14;11;3005
17;2025-11-14;12;3086
17;2025-11-14;13;3151
17;2025-11-14;14;3227
17;2025-11-14;15;3554
17;2025-11-14;16;4192
17;2025-11-14;17;4620
17;2025-11-14;18;4478
17;2025-11-14;19;3349
17;2025-11-14;20;2380
17;2025-11-14;21;1592
17;2025-11-14;22;929
17;2025-11-14;23;457
17;2025-11-15;0;163
17;2025-11-15;1;15
17;2025-11-15;2;0
17;2025-11-15;3;0
17;2025-11-15;4;0
17;2025-11-15;5;128
17;2025-11-15;6;510
17;2025-11-15;7;1001
17;2025-11-15;8;1603
17;2025-11-15;9;1977
17;2025-11-15;10;2253
17;2025-11-15;11;2658
17;2025-11-15;12;2961
17;2025-11-15;13;3352
17;2025-11-15;14;3444
17;2025-11-15;15;3506
17;2025-11-15;16;3513
17;2025-11-15;17;3370
17;2025-11-15;18;2939
17;2025-11-15;19;2404
17;2025-11-15;20;1938
17;2025-11-15;21;1410
17;2025-11-15;22;871
17;2025-11-15;23;411
17;2025-11-16;0;153
17;2025-11-16;1;17
17;2025-11-16;2;0
17;2025-11-16;3;1
17;2025-11-16;4;0
17;2025-11-16;5;97
17;2025-11-16;6;374
17;2025-11-16;7;670
17;2025-11-16;8;1157
17;2025-11-16;9;1586
17;2025-11-16;10;1885
17;2025-11-16;11;2474
17;2025-11-16;12;2853
17;2025-11-16;13;3066
17;2025-11-16;14;3163
17;2025-11-16;15;3195
17;2025-11-16;16;3104
17;2025-11-16;17;2915
17;2025-11-16;18;2559
17;2025-11-16;19;2025
17;2025-11-16;20;1483
17;2025-11-16;21;1062
17;2025-11-16;22;664
17;2025-11-16;23;277
17;2025-11-17;0;89
17;2025-11-17;1;10
17;2025-11-17;2;0
17;2025-11-17;3;0
17;2025-11-17;4;24
17;2025-11-17;5;295
17;2025-11-17;6;1470
17;2025-11-17;7;4001
17;2025-11-17;8;5307
17;2025-11-17;9;3759
17;2025-11-17;10;2762
17;2025-11-17;11;2727
17;2025-11-17;12;2702
17;2025-11-17;13;2738
17;2025-11-17;14;2786
17;2025-11-17;15;3103
17;2025-11-17;16;3549
17;2025-11-17;17;4427
17;2025-11-17;18;5035
17;2025-11-17;19;3489
17;2025-11-17;20;2333
17;2025-11-17;21;1327
17;2025-11-17;22;712
17;2025-11-17;23;304
17;2025-11-18;0;102
17;2025-11-18;1;8
17;2025-11-18;2;1
17;2025-11-18;3;1
17;2025-11-18;4;18
17;2025-11-18;5;293
17;2025-11-18;6;1535
17;2025-11-18;7;4136
17;2025-11-18;8;5301
17;2025-11-18;9;3825
17;2025-11-18;10;2787
17;2025-11-18;11;2810
17;2025-11-18;12;2861
17;2025-11-18;13;2776
17;2025-11-18;14;2928
17;2025-11-18;15;3188
17;2025-11-18;16;3633
17;2025-11-18;17;4589
17;2025-11-18;18;5079
17;2025-11-18;19;3553
17;2025-11-18;20;2385
17;2025-11-18;21;1436
17;2025-11-18;22;776
17;2025-11-18;23;322
17;2025-11-19;0;107
17;2025-11-19;1;12
17;2025-11-19;2;0
17;2025-11-19;3;0
17;2025-11-19;4;24
17;2025-11-19;5;320
17;2025-11-19;6;1574
17;2025-11-19;7;4078
17;2025-11-19;8;5373
17;2025-11-19;9;3848
17;2025-11-19;10;3001
17;2025-11-19;11;2920
17;2025-11-19;12;3039
17;2025-11-19;13;3127
17;2025-11-19;14;3191
17;2025-11-19;15;3359
17;2025-11-19;16;3700
17;2025-11-19;17;4550
17;2025-11-19;18;5071
17;2025-11-19;19;3527
17;2025-11-19;20;2430
17;2025-11-19;21;1525
17;2025-11-19;22;817
17;2025-11-19;23;342
17;2025-11-20;0;125
17;2025-11-20;1;10
17;2025-11-20;2;0
17;2025-11-20;3;0
17;2025-11-20;4;24
17;2025-11-20;5;313
17;2025-11-20;6;1586
17;2025-11-20;7;4053
17;2025-11-20;8;5386
17;2025-11-20;9;3890
17;2025-11-20;10;3102
17;2025-11-20;11;3015
17;2025-11-20;12;3147
17;2025-11-20;13;3210
17;2025-11-20;14;3260
17;2025-11-20;15;3408
17;2025-11-20;16;3859
17;2025-11-20;17;4613
17;2025-11-20;18;5104
17;2025-11-20;19;3639
17;2025-11-20;20;2484
17;2025-11-20;21;1531
17;2025-11-20;22;845
17;2025-11-20;23;384
17;2025-11-21;0;133
17;2025-11-21;1;11
17;2025-11-21;2;0
17;2025-11-21;3;0
17;2025-11-21;4;28
17;2025-11-21;5;297
17;2025-11-21;6;1582
17;2025-11-21;7;3968
17;2025-11-21;8;5305
17;2025-11-21;9;3805
17;2025-11-21;10;3016
17;2025-11-21;11;3061
17;2025-11-21;12;3098
17;2025-11-21;13;3213
17;2025-11-21;14;3274
17;2025-11-21;15;3603
17;2025-11-21;16;4246
17;2025-11-21;17;4662
17;2025-11-21;18;4524
17;2025-11-21;19;3386
17;2025-11-21;20;2417
17;2025-11-21;21;1612
17;2025-11-21;22;903
17;2025-11-21;23;448
17;2025-11-22;0;172
17;2025-11-22;1;23
17;2025-11-22;2;0
17;2025-11-22;3;0
17;2025-11-22;4;0
17;2025-11-22;5;116
17;2025-11-22;6;517
17;2025-11-22;7;1106
17;2025-11-22;8;1669
17;2025-11-22;9;2085
17;2025-11-22;10;2416
17;2025-11-22;11;2891
17;2025-11-22;12;3192
17;2025-11-22;13;3421
17;2025-11-22;14;3459
17;2025-11-22;15;3506
17;2025-11-22;16;3526
17;2025-11-22;17;3418
17;2025-11-22;18;3079
17;2025-11-22;19;2498
17;2025-11-22;20;1979
17;2025-11-22;21;1381
17;2025-11-22;22;832
17;2025-11-22;23;389
17;2025-11-23;0;152
17;2025-11-23;1;19
17;2025-11-23;2;0
17;2025-11-23;3;0
17;2025-11-23;4;1
17;2025-11-23;5;104
17;2025-11-23;6;412
17;2025-11-23;7;726
17;2025-11-23;8;1219
17;2025-11-23;9;1647
17;2025-11-23;10;1974
17;2025-11-23;11;2535
17;2025-11-23;12;2954
17;2025-11-23;13;3133
17;2025-11-23;14;3235
17;2025-11-23;15;3242
17;2025-11-23;16;3192
17;2025-11-23;17;3063
17;2025-11-23;18;2702
17;2025-11-23;19;2176
17;2025-11-23;20;1602
17;2025-11-23;21;1122
17;2025-11-23;22;706
17;2025-11-23;23;289
17;2025-11-24;0;85
17;2025-11-24;1;0
17;2025-11-24;2;0
17;2025-11-24;3;0
17;2025-11-24;4;23
17;2025-11-24;5;290
17;2025-11-24;6;1481
17;2025-11-24;7;3997
17;2025-11-24;8;5374
17;2025-11-24;9;3755
17;2025-11-24;10;2716
17;2025-11-24;11;2633
17;2025-11-24;12;2723
17;2025-11-24;13;2892
17;2025-11-24;14;2882
17;2025-11-24;15;3067
17;2025-11-24;16;3525
17;2025-11-24;17;4447
17;2025-11-24;18;5030
17;2025-11-24;19;3461
17;2025-11-24;20;2292
17;2025-11-24;21;1374
17;2025-11-24;22;718
17;2025-11-24;23;305
17;2025-11-25;0;94
17;2025-11-25;1;0
17;2025-11-25;2;0
17;2025-11-25;3;0
17;2025-11-25;4;30
17;2025-11-25;5;314
17;2025-11-25;6;1549
17;2025-11-25;7;4173
17;2025-11-25;8;5419
17;2025-11-25;9;3906
17;2025-11-25;10;2977
17;2025-11-25;11;2925
17;2025-11-25;12;3015
17;2025-11-25;13;3030
17;2025-11-25;14;3149
17;2025-11-25;15;3287
17;2025-11-25;16;3712
17;2025-11-25;17;4635
17;2025-11-25;18;5153
17;2025-11-25;19;3588
17;2025-11-25;20;2401
17;2025-11-25;21;1460
17;2025-11-25;22;810
17;2025-11-25;23;335
17;2025-11-26;0;108
17;2025-11-26;1;8
17;2025-11-26;2;0
17;2025-11-26;3;0
17;2025-11-26;4;22
17;2025-11-26;5;293
17;2025-11-26;6;1468
17;2025-11-26;7;3878
17;2025-11-26;8;5274
17;2025-11-26;9;3666
17;2025-11-26;10;2742
17;2025-11-26;11;2644
17;2025-11-26;12;2744
17;2025-11-26;13;2879
17;2025-11-26;14;2917
17;2025-11-26;15;3143
17;2025-11-26;16;3456
17;2025-11-26;17;4333
17;2025-11-26;18;4932
17;2025-11-26;19;3303
17;2025-11-26;20;2182
17;2025-11-26;21;1416
17;2025-11-26;22;763
17;2025-11-26;23;344
17;2025-11-27;0;119
17;2025-11-27;1;4
17;2025-11-27;2;0
17;2025-11-27;3;0
17;2025-11-27;4;27
17;2025-11-27;5;312
17;2025-11-27;6;1499
17;2025-11-27;7;3833
17;2025-11-27;8;5254
17;2025-11-27;9;3628
17;2025-11-27;10;2730
17;2025-11-27;11;2549
17;2025-11-27;12;2631
17;2025-11-27;13;2778
17;2025-11-27;14;2756
17;2025-11-27;15;3014
17;2025-11-27;16;3491
17;2025-11-27;17;4253
17;2025-11-27;18;4860
17;2025-11-27;19;3271
17;2025-11-27;20;2122
17;2025-11-27;21;1416
17;2025-11-27;22;763
17;2025-11-27;23;374
17;2025-11-28;0;130
17;2025-11-28;1;5
17;2025-11-28;2;0
17;2025-11-28;3;0
17;2025-11-28;4;26
17;2025-11-28;5;293
17;2025-11-28;6;1476
17;2025-11-28;7;3773
17;2025-11-28;8;5165
17;2025-11-28;9;3526
17;2025-11-28;10;2656
17;2025-11-28;11;2728
17;2025-11-28;12;2749
17;2025-11-28;13;2892
17;2025-11-28;14;2951
17;2025-11-28;15;3292
17;2025-11-28;16;3990
17;2025-11-28;17;4399
17;2025-11-28;18;4271
17;2025-11-28;19;3075
17;2025-11-28;20;2120
17;2025-11-28;21;1504
17;2025-11-28;22;917
17;2025-11-28;23;455
17;2025-11-29;0;172
17;2025-11-29;1;11
17;2025-11-29;2;0
17;2025-11-29;3;0
17;2025-11-29;4;8
17;2025-11-29;5;117
17;2025-11-29;6;518
17;2025-11-29;7;1052
17;2025-11-29;8;1553
17;2025-11-29;9;1800
17;2025-11-29;10;2047
17;2025-11-29;11;2505
17;2025-11-29;12;2797
17;2025-11-29;13;3024
17;2025-11-29;14;3063
17;2025-11-29;15;3124
17;2025-11-29;16;3148
17;2025-11-29;17;3034
17;2025-11-29;18;2666
17;2025-11-29;19;2155
17;2025-11-29;20;1694
17;2025-11-29;21;1336
17;2025-11-29;22;856
17;2025-11-29;23;400
17;2025-11-30;0;138
17;2025-11-30;1;6
17;2025-11-30;2;0
17;2025-11-30;3;0
17;2025-11-30;4;5
17;2025-11-30;5;97
17;2025-11-30;6;378
17;2025-11-30;7;623
17;2025-11-30;8;1085
17;2025-11-30;9;1410
17;2025-11-30;10;1664
17;2025-11-30;11;2146
17;2025-11-30;12;2453
17;2025-11-30;13;2708
17;2025-11-30;14;2811
17;2025-11-30;15;2843
17;2025-11-30;16;2771
17;2025-11-30;17;2638
17;2025-11-30;18;2338
17;2025-11-30;19;1817
17;2025-11-30;20;1389
17;2025-11-30;21;1071
17;2025-11-30;22;681
17;2025-11-30;23;284
17;2025-12-01;0;75
17;2025-12-01;1;0
17;2025-12-01;2;0
17;2025-12-01;3;0
17;2025-12-01;4;5
17;2025-12-01;5;317
17;2025-12-01;6;1374
17;2025-12-01;7;3748
17;2025-12-01;8;5204
17;2025-12-01;9;3473
17;2025-12-01;10;2425
17;2025-12-01;11;2392
17;2025-12-01;12;2411
17;2025-12-01;13;2533
17;2025-12-01;14;2520
17;2025-12-01;15;2869
17;2025-12-01;16;3238
17;2025-12-01;17;4152
17;2025-12-01;18;4797
17;2025-12-01;19;3111
17;2025-12-01;20;1969
17;2025-12-01;21;1257
17;2025-12-01;22;714
17;2025-12-01;23;308
17;2025-12-02;0;99
17;2025-12-02;1;0
17;2025-12-02;2;0
17;2025-12-02;3;0
17;2025-12-02;4;24
17;2025-12-02;5;322
17;2025-12-02;6;1414
17;2025-12-02;7;3914
17;2025-12-02;8;5234
17;2025-12-02;9;3610
17;2025-12-02;10;2598
17;2025-12-02;11;2542
17;2025-12-02;12;2571
17;2025-12-02;13;2620
17;2025-12-02;14;2761
17;2025-12-02;15;2945
17;2025-12-02;16;3373
17;2025-12-02;17;4322
17;2025-12-02;18;4923
17;2025-12-02;19;3261
17;2025-12-02;20;2050
17;2025-12-02;21;1306
17;2025-12-02;22;748
17;2025-12-02;23;315
17;2025-12-03;0;95
17;2025-12-03;1;11
17;2025-12-03;2;0
17;2025-12-03;3;0
17;2025-12-03;4;24
17;2025-12-03;5;318
17;2025-12-03;6;1451
17;2025-12-03;7;3890
17;2025-12-03;8;5267
17;2025-12-03;9;3656
17;2025-12-03;10;2829
17;2025-12-03;11;2772
17;2025-12-03;12;2816
17;2025-12-03;13;2901
17;2025-12-03;14;2913
17;2025-12-03;15;3131
17;2025-12-03;16;3483
17;2025-12-03;17;4347
17;2025-12-03;18;4876
17;2025-12-03;19;3282
17;2025-12-03;20;2156
17;2025-12-03;21;1385
17;2025-12-03;22;789
17;2025-12-03;23;356
17;2025-12-04;0;103
17;2025-12-04;1;0
17;2025-12-04;2;0
17;2025-12-04;3;0
17;2025-12-04;4;8
17;2025-12-04;5;314
17;2025-12-04;6;1509
17;2025-12-04;7;3821
17;2025-12-04;8;5240
17;2025-12-04;9;3644
17;2025-12-04;10;2850
17;2025-12-04;11;2769
17;2025-12-04;12;2863
17;2025-12-04;13;2943
17;2025-12-04;14;2958
17;2025-12-04;15;3160
17;2025-12-04;16;3585
17;2025-12-04;17;4328
17;2025-12-04;18;4900
17;2025-12-04;19;3356
17;2025-12-04;20;2247
17;2025-12-04;21;1407
17;2025-12-04;22;811
17;2025-12-04;23;365
17;2025-12-05;0;116
17;2025-12-05;1;0
17;2025-12-05;2;0
17;2025-12-05;3;0
17;2025-12-05;4;9
17;2025-12-05;5;318
17;2025-12-05;6;1529
17;2025-12-05;7;3838
17;2025-12-05;8;5225
17;2025-12-05;9;3619
17;2025-12-05;10;2814
17;2025-12-05;11;2880
17;2025-12-05;12;2897
17;2025-12-05;13;3015
17;2025-12-05;14;3074
17;2025-12-05;15;3388
17;2025-12-05;16;4045
17;2025-12-05;17;4466
17;2025-12-05;18;4329
17;2025-12-05;19;3189
17;2025-12-05;20;2234
17;2025-12-05;21;1528
17;2025-12-05;22;881
17;2025-12-05;23;441
17;2025-12-06;0;161
17;2025-12-06;1;8
17;2025-12-06;2;0
17;2025-12-06;3;0
17;2025-12-06;4;0
17;2025-12-06;5;120
17;2025-12-06;6;541
17;2025-12-06;7;1083
17;2025-12-06;8;1624
17;2025-12-06;9;1933
17;2025-12-06;10;2225
17;2025-12-06;11;2656
17;2025-12-06;12;2932
17;2025-12-06;13;3165
17;2025-12-06;14;3197
17;2025-12-06;15;3273
17;2025-12-06;16;3265
17;2025-12-06;17;3164
17;2025-12-06;18;2802
17;2025-12-06;19;2264
17;2025-12-06;20;1793
17;2025-12-06;21;1332
17;2025-12-06;22;836
17;2025-12-06;23;401
17;2025-12-07;0;152
17;2025-12-07;1;6
17;2025-12-07;2;0
17;2025-12-07;3;0
17;2025-12-07;4;3
17;2025-12-07;5;101
17;2025-12-07;6;417
17;2025-12-07;7;710
17;2025-12-07;8;1203
17;2025-12-07;9;1597
17;2025-12-07;10;1850
17;2025-12-07;11;2388
17;2025-12-07;12;2737
17;2025-12-07;13;2914
17;2025-12-07;14;3028
17;2025-12-07;15;3049
17;2025-12-07;16;3006
17;2025-12-07;17;2877
17;2025-12-07;18;2565
17;2025-12-07;19;2042
17;2025-12-07;20;1538
17;2025-12-07;21;1137
17;2025-12-07;22;735
17;2025-12-07;23;319
17;2025-12-08;0;102
17;2025-12-08;1;15
17;2025-12-08;2;0
17;2025-12-08;3;0
17;2025-12-08;4;31
17;2025-12-08;5;332
17;2025-12-08;6;1543
17;2025-12-08;7;4016
17;2025-12-08;8;5398
17;2025-12-08;9;3821
17;2025-12-08;10;2885
17;2025-12-08;11;2845
17;2025-12-08;12;2872
17;2025-12-08;13;2952
17;2025-12-08;14;2968
17;2025-12-08;15;3226
17;2025-12-08;16;3590
17;2025-12-08;17;4443
17;2025-12-08;18;4998
17;2025-12-08;19;3469
17;2025-12-08;20;2341
17;2025-12-08;21;1382
17;2025-12-08;22;751
17;2025-12-08;23;334
17;2025-12-09;0;107
17;2025-12-09;1;13
17;2025-12-09;2;1
17;2025-12-09;3;0
17;2025-12-09;4;33
17;2025-12-09;5;337
17;2025-12-09;6;1580
17;2025-12-09;7;4116
17;2025-12-09;8;5407
17;2025-12-09;9;3923
17;2025-12-09;10;3002
17;2025-12-09;11;2912
17;2025-12-09;12;2929
17;2025-12-09;13;2943
17;2025-12-09;14;3069
17;2025-12-09;15;3242
17;2025-12-09;16;3676
17;2025-12-09;17;4588
17;2025-12-09;18;5100
17;2025-12-09;19;3565
17;2025-12-09;20;2368
17;2025-12-09;21;1468
17;2025-12-09;22;782
17;2025-12-09;23;340
17;2025-12-10;0;108
17;2025-12-10;1;9
17;2025-12-10;2;0
17;2025-12-10;3;0
17;2025-12-10;4;27
17;2025-12-10;5;327
17;2025-12-10;6;1545
17;2025-12-10;7;4059
17;2025-12-10;8;5415
17;2025-12-10;9;3908
17;2025-12-10;10;3071
17;2025-12-10;11;2996
17;2025-12-10;12;3071
17;2025-12-10;13;3148
17;2025-12-10;14;3184
17;2025-12-10;15;3370
17;2025-12-10;16;3743
17;2025-12-10;17;4590
17;2025-12-10;18;5037
17;2025-12-10;19;3551
17;2025-12-10;20;2433
17;2025-12-10;21;1530
17;2025-12-10;22;842
17;2025-12-10;23;379
17;2025-12-11;0;129
17;2025-12-11;1;12
17;2025-12-11;2;0
17;2025-12-11;3;0
17;2025-12-11;4;10
17;2025-12-11;5;312
17;2025-12-11;6;1540
17;2025-12-11;7;3981
17;2025-12-11;8;5323
17;2025-12-11;9;3780
17;2025-12-11;10;2889
17;2025-12-11;11;2884
17;2025-12-11;12;2991
17;2025-12-11;13;3103
17;2025-12-11;14;3149
17;2025-12-11;15;3333
17;2025-12-11;16;3782
17;2025-12-11;17;4491
17;2025-12-11;18;4985
17;2025-12-11;19;3474
17;2025-12-11;20;2316
17;2025-12-11;21;1474
17;2025-12-11;22;792
17;2025-12-11;23;372
17;2025-12-12;0;114
17;2025-12-12;1;0
17;2025-12-12;2;0
17;2025-12-12;3;0
17;2025-12-12;4;5
17;2025-12-12;5;315
17;2025-12-12;6;1525
17;2025-12-12;7;3954
17;2025-12-12;8;5316
17;2025-12-12;9;3785
17;2025-12-12;10;2972
17;2025-12-12;11;3060
17;2025-12-12;12;2909
17;2025-12-12;13;3000
17;2025-12-12;14;3056
17;2025-12-12;15;3360
17;2025-12-12;16;4122
17;2025-12-12;17;4596
17;2025-12-12;18;4431
17;2025-12-12;19;3296
17;2025-12-12;20;2306
17;2025-12-12;21;1545
17;2025-12-12;22;875
17;2025-12-12;23;417
17;2025-12-13;0;153
17;2025-12-13;1;0
17;2025-12-13;2;0
17;2025-12-13;3;0
17;2025-12-13;4;0
17;2025-12-13;5;98
17;2025-12-13;6;532
17;2025-12-13;7;1046
17;2025-12-13;8;1613
17;2025-12-13;9;1971
17;2025-12-13;10;2227
17;2025-12-13;11;2646
17;2025-12-13;12;2947
17;2025-12-13;13;3178
17;2025-12-13;14;3216
17;2025-12-13;15;3247
17;2025-12-13;16;3291
17;2025-12-13;17;3199
17;2025-12-13;18;2820
17;2025-12-13;19;2344
17;2025-12-13;20;1835
17;2025-12-13;21;1317
17;2025-12-13;22;842
17;2025-12-13;23;379
17;2025-12-14;0;125
17;2025-12-14;1;5
17;2025-12-14;2;0
17;2025-12-14;3;0
17;2025-12-14;4;0
17;2025-12-14;5;82
17;2025-12-14;6;397
17;2025-12-14;7;729
17;2025-12-14;8;1159
17;2025-12-14;9;1560
17;2025-12-14;10;1838
17;2025-12-14;11;2392
17;2025-12-14;12;2709
17;2025-12-14;13;2879
17;2025-12-14;14;3011
17;2025-12-14;15;3023
17;2025-12-14;16;3047
17;2025-12-14;17;2909
17;2025-12-14;18;2581
17;2025-12-14;19;2110
17;2025-12-14;20;1573
17;2025-12-14;21;1131
17;2025-12-14;22;730
17;2025-12-14;23;311
17;2025-12-15;0;100
17;2025-12-15;1;11
17;2025-12-15;2;0
17;2025-12-15;3;0
17;2025-12-15;4;28
17;2025-12-15;5;319
17;2025-12-15;6;1514
17;2025-12-15;7;4084
17;2025-12-15;8;5458
17;2025-12-15;9;3904
17;2025-12-15;10;2946
17;2025-12-15;11;2915
17;2025-12-15;12;2951
17;2025-12-15;13;3036
17;2025-12-15;14;3062
17;2025-12-15;15;3310
17;2025-12-15;16;3693
17;2025-12-15;17;4538
17;2025-12-15;18;5061
17;2025-12-15;19;3508
17;2025-12-15;20;2376
17;2025-12-15;21;1370
17;2025-12-15;22;762
17;2025-12-15;23;333
17;2025-12-16;0;102
17;2025-12-16;1;7
17;2025-12-16;2;0
17;2025-12-16;3;0
17;2025-12-16;4;30
17;2025-12-16;5;317
17;2025-12-16;6;1552
17;2025-12-16;7;4201
17;2025-12-16;8;5475
17;2025-12-16;9;3983
17;2025-12-16;10;3060
17;2025-12-16;11;2961
17;2025-12-16;12;2924
17;2025-12-16;13;2908
17;2025-12-16;14;3191
17;2025-12-16;15;3337
17;2025-12-16;16;3760
17;2025-12-16;17;4649
17;2025-12-16;18;5129
17;2025-12-16;19;3603
17;2025-12-16;20;2408
17;2025-12-16;21;1477
17;2025-12-16;22;785
17;2025-12-16;23;337
17;2025-12-17;0;96
17;2025-12-17;1;0
17;2025-12-17;2;0
17;2025-12-17;3;0
17;2025-12-17;4;9
17;2025-12-17;5;315
17;2025-12-17;6;1544
17;2025-12-17;7;4086
17;2025-12-17;8;5441
17;2025-12-17;9;3929
17;2025-12-17;10;3078
17;2025-12-17;11;3044
17;2025-12-17;12;3078
17;2025-12-17;13;3158
17;2025-12-17;14;3212
17;2025-12-17;15;3397
17;2025-12-17;16;3769
17;2025-12-17;17;4607
17;2025-12-17;18;5024
17;2025-12-17;19;3546
17;2025-12-17;20;2418
17;2025-12-17;21;1511
17;2025-12-17;22;816
17;2025-12-17;23;370
17;2025-12-18;0;117
17;2025-12-18;1;8
17;2025-12-18;2;0
17;2025-12-18;3;0
17;2025-12-18;4;23
17;2025-12-18;5;307
17;2025-12-18;6;1544
17;2025-12-18;7;4041
17;2025-12-18;8;5419
17;2025-12-18;9;3887
17;2025-12-18;10;3042
17;2025-12-18;11;2990
17;2025-12-18;12;3095
17;2025-12-18;13;3175
17;2025-12-18;14;3204
17;2025-12-18;15;3367
17;2025-12-18;16;3856
17;2025-12-18;17;4595
17;2025-12-18;18;5034
17;2025-12-18;19;3576
17;2025-12-18;20;2417
17;2025-12-18;21;1491
17;2025-12-18;22;818
17;2025-12-18;23;372
17;2025-12-19;0;116
17;2025-12-19;1;0
17;2025-12-19;2;0
17;2025-12-19;3;0
17;2025-12-19;4;10
17;2025-12-19;5;316
17;2025-12-19;6;1534
17;2025-12-19;7;4027
17;2025-12-19;8;5369
17;2025-12-19;9;3843
17;2025-12-19;10;3002
17;2025-12-19;11;3083
17;2025-12-19;12;3114
17;2025-12-19;13;3197
17;2025-12-19;14;3276
17;2025-12-19;15;3583
17;2025-12-19;16;4268
17;2025-12-19;17;4674
17;2025-12-19;18;4472
17;2025-12-19;19;3366
17;2025-12-19;20;2382
17;2025-12-19;21;1583
17;2025-12-19;22;904
17;2025-12-19;23;455
17;2025-12-20;0;178
17;2025-12-20;1;21
17;2025-12-20;2;0
17;2025-12-20;3;0
17;2025-12-20;4;3
17;2025-12-20;5;125
17;2025-12-20;6;547
17;2025-12-20;7;1137
17;2025-12-20;8;1697
17;2025-12-20;9;2032
17;2025-12-20;10;2304
17;2025-12-20;11;2803
17;2025-12-20;12;3083
17;2025-12-20;13;3299
17;2025-12-20;14;3349
17;2025-12-20;15;3398
17;2025-12-20;16;3393
17;2025-12-20;17;3276
17;2025-12-20;18;2868
17;2025-12-20;19;2330
17;2025-12-20;20;1839
17;2025-12-20;21;1339
17;2025-12-20;22;827
17;2025-12-20;23;416
17;2025-12-21;0;149
17;2025-12-21;1;13
17;2025-12-21;2;0
17;2025-12-21;3;0
17;2025-12-21;4;1
17;2025-12-21;5;99
17;2025-12-21;6;402
17;2025-12-21;7;735
17;2025-12-21;8;1205
17;2025-12-21;9;1603
17;2025-12-21;10;1878
17;2025-12-21;11;2421
17;2025-12-21;12;2768
17;2025-12-21;13;2980
17;2025-12-21;14;3104
17;2025-12-21;15;3105
17;2025-12-21;16;3052
17;2025-12-21;17;2915
17;2025-12-21;18;2577
17;2025-12-21;19;2062
17;2025-12-21;20;1546
17;2025-12-21;21;1102
17;2025-12-21;22;679
17;2025-12-21;23;292
17;2025-12-22;0;96
17;2025-12-22;1;7
17;2025-12-22;2;0
17;2025-12-22;3;0
17;2025-12-22;4;28
17;2025-12-22;5;323
17;2025-12-22;6;1526
17;2025-12-22;7;4024
17;2025-12-22;8;5398
17;2025-12-22;9;3842
17;2025-12-22;10;2805
17;2025-12-22;11;2849
17;2025-12-22;12;2860
17;2025-12-22;13;2910
17;2025-12-22;14;2928
17;2025-12-22;15;3203
17;2025-12-22;16;3614
17;2025-12-22;17;4490
17;2025-12-22;18;4975
17;2025-12-22;19;3458
17;2025-12-22;20;2293
17;2025-12-22;21;1342
17;2025-12-22;22;728
17;2025-12-22;23;286
17;2025-12-23;0;88
17;2025-12-23;1;0
17;2025-12-23;2;0
17;2025-12-23;3;0
17;2025-12-23;4;14
17;2025-12-23;5;322
17;2025-12-23;6;1534
17;2025-12-23;7;4094
17;2025-12-23;8;5384
17;2025-12-23;9;3927
17;2025-12-23;10;2981
17;2025-12-23;11;2940
17;2025-12-23;12;2974
17;2025-12-23;13;2964
17;2025-12-23;14;3108
17;2025-12-23;15;3260
17;2025-12-23;16;3688
17;2025-12-23;17;4618
17;2025-12-23;18;5072
17;2025-12-23;19;3566
17;2025-12-23;20;2411
17;2025-12-23;21;1450
17;2025-12-23;22;812
17;2025-12-23;23;338
17;2025-12-24;0;110
17;2025-12-24;1;6
17;2025-12-24;2;0
17;2025-12-24;3;0
17;2025-12-24;4;28
17;2025-12-24;5;322
17;2025-12-24;6;1529
17;2025-12-24;7;4052
17;2025-12-24;8;5390
17;2025-12-24;9;3875
17;2025-12-24;10;3017
17;2025-12-24;11;2972
17;2025-12-24;12;3016
17;2025-12-24;13;3056
17;2025-12-24;14;3092
17;2025-12-24;15;3303
17;2025-12-24;16;3688
17;2025-12-24;17;4554
17;2025-12-24;18;4953
17;2025-12-24;19;3481
17;2025-12-24;20;2354
17;2025-12-24;21;1477
17;2025-12-24;22;787
17;2025-12-24;23;357
17;2025-12-25;0;117
17;2025-12-25;1;5
17;2025-12-25;2;0
17;2025-12-25;3;0
17;2025-12-25;4;22
17;2025-12-25;5;304
17;2025-12-25;6;1540
17;2025-12-25;7;3915
17;2025-12-25;8;5304
17;2025-12-25;9;3833
17;2025-12-25;10;3040
17;2025-12-25;11;2980
17;2025-12-25;12;3078
17;2025-12-25;13;3144
17;2025-12-25;14;3154
17;2025-12-25;15;3315
17;2025-12-25;16;3795
17;2025-12-25;17;4475
17;2025-12-25;18;4898
17;2025-12-25;19;3498
17;2025-12-25;20;2289
17;2025-12-25;21;1466
17;2025-12-25;22;769
17;2025-12-25;23;347
17;2025-12-26;0;108
17;2025-12-26;1;2
17;2025-12-26;2;0
17;2025-12-26;3;0
17;2025-12-26;4;11
17;2025-12-26;5;312
17;2025-12-26;6;1515
17;2025-12-26;7;3757
17;2025-12-26;8;5187
17;2025-12-26;9;3664
17;2025-12-26;10;2811
17;2025-12-26;11;2841
17;2025-12-26;12;2865
17;2025-12-26;13;3090
17;2025-12-26;14;3143
17;2025-12-26;15;3449
17;2025-12-26;16;4171
17;2025-12-26;17;4514
17;2025-12-26;18;4334
17;2025-12-26;19;3132
17;2025-12-26;20;2248
17;2025-12-26;21;1562
17;2025-12-26;22;889
17;2025-12-26;23;448
17;2025-12-27;0;178
17;2025-12-27;1;19
17;2025-12-27;2;0
17;2025-12-27;3;0
17;2025-12-27;4;0
17;2025-12-27;5;121
17;2025-12-27;6;556
17;2025-12-27;7;1133
17;2025-12-27;8;1683
17;2025-12-27;9;2057
17;2025-12-27;10;2319
17;2025-12-27;11;2795
17;2025-12-27;12;3074
17;2025-12-27;13;3283
17;2025-12-27;14;3324
17;2025-12-27;15;3404
17;2025-12-27;16;3431
17;2025-12-27;17;3327
17;2025-12-27;18;2917
17;2025-12-27;19;2386
17;2025-12-27;20;1905
17;2025-12-27;21;1387
17;2025-12-27;22;831
17;2025-12-27;23;422
17;2025-12-28;0;168
17;2025-12-28;1;19
17;2025-12-28;2;0
17;2025-12-28;3;0
17;2025-12-28;4;0
17;2025-12-28;5;95
17;2025-12-28;6;397
17;2025-12-28;7;692
17;2025-12-28;8;1151
17;2025-12-28;9;1596
17;2025-12-28;10;1907
17;2025-12-28;11;2390
17;2025-12-28;12;2795
17;2025-12-28;13;2995
17;2025-12-28;14;3088
17;2025-12-28;15;3124
17;2025-12-28;16;3105
17;2025-12-28;17;2946
17;2025-12-28;18;2611
17;2025-12-28;19;2122
17;2025-12-28;20;1583
17;2025-12-28;21;1167
17;2025-12-28;22;735
17;2025-12-28;23;335
17;2025-12-29;0;110
17;2025-12-29;1;10
17;2025-12-29;2;0
17;2025-12-29;3;0
17;2025-12-29;4;23
17;2025-12-29;5;305
17;2025-12-29;6;1513
17;2025-12-29;7;3810
17;2025-12-29;8;5114
17;2025-12-29;9;3783
17;2025-12-29;10;2928
17;2025-12-29;11;2886
17;2025-12-29;12;2930
17;2025-12-29;13;3024
17;2025-12-29;14;3049
17;2025-12-29;15;3274
17;2025-12-29;16;3661
17;2025-12-29;17;4313
17;2025-12-29;18;4755
17;2025-12-29;19;3413
17;2025-12-29;20;2375
17;2025-12-29;21;1429
17;2025-12-29;22;771
17;2025-12-29;23;349
17;2025-12-30;0;121
17;2025-12-30;1;7
17;2025-12-30;2;0
17;2025-12-30;3;0
17;2025-12-30;4;26
17;2025-12-30;5;307
17;2025-12-30;6;1533
17;2025-12-30;7;3833
17;2025-12-30;8;4988
17;2025-12-30;9;3700
17;2025-12-30;10;2953
17;2025-12-30;11;2867
17;2025-12-30;12;2994
17;2025-12-30;13;3008
17;2025-12-30;14;3215
17;2025-12-30;15;3352
17;2025-12-30;16;3693
17;2025-12-30;17;4307
17;2025-12-30;18;4746
17;2025-12-30;19;3369
17;2025-12-30;20;2353
17;2025-12-30;21;1518
17;2025-12-30;22;828
17;2025-12-30;23;371
17;2025-12-31;0;94
17;2025-12-31;1;0
17;2025-12-31;2;0
17;2025-12-31;3;0
17;2025-12-31;4;0
17;2025-12-31;5;146
17;2025-12-31;6;399
17;2025-12-31;7;1497
17;2025-12-31;8;2800
17;2025-12-31;9;1616
17;2025-12-31;10;1602
17;2025-12-31;11;1942
17;2025-12-31;12;2184
17;2025-12-31;13;2165
17;2025-12-31;14;2368
17;2025-12-31;15;2308
17;2025-12-31;16;2156
17;2025-12-31;17;2577
17;2025-12-31;18;2898
17;2025-12-31;19;1944
17;2025-12-31;20;1635
17;2025-12-31;21;1173
17;2025-12-31;22;762
17;2025-12-31;23;343
25;2025-11-01;0;0
25;2025-11-01;1;1
25;2025-11-01;2;0
25;2025-11-01;3;0
25;2025-11-01;4;0
25;2025-11-01;5;18
25;2025-11-01;6;97
25;2025-11-01;7;121
25;2025-11-01;8;301
25;2025-11-01;9;285
25;2025-11-01;10;295
25;2025-11-01;11;403
25;2025-11-01;12;401
25;2025-11-01;13;600
25;2025-11-01;14;606
25;2025-11-01;15;702
25;2025-11-01;16;615
25;2025-11-01;17;539
25;2025-11-01;18;481
25;2025-11-01;19;434
25;2025-11-01;20;267
25;2025-11-01;21;227
25;2025-11-01;22;115
25;2025-11-01;23;50
25;2025-11-02;0;19
25;2025-11-02;1;0
25;2025-11-02;2;0
25;2025-11-02;3;0
25;2025-11-02;4;0
25;2025-11-02;5;2
25;2025-11-02;6;42
25;2025-11-02;7;81
25;2025-11-02;8;168
25;2025-11-02;9;143
25;2025-11-02;10;164
25;2025-11-02;11;208
25;2025-11-02;12;287
25;2025-11-02;13;317
25;2025-11-02;14;399
25;2025-11-02;15;449
25;2025-11-02;16;381
25;2025-11-02;17;343
25;2025-11-02;18;322
25;2025-11-02;19;244
25;2025-11-02;20;195
25;2025-11-02;21;157
25;2025-11-02;22;108
25;2025-11-02;23;34
25;2025-11-03;0;6
25;2025-11-03;1;0
25;2025-11-03;2;0
25;2025-11-03;3;0
25;2025-11-03;4;0
25;2025-11-03;5;2
25;2025-11-03;6;100
25;2025-11-03;7;258
25;2025-11-03;8;250
25;2025-11-03;9;245
25;2025-11-03;10;190
25;2025-11-03;11;189
25;2025-11-03;12;205
25;2025-11-03;13;300
25;2025-11-03;14;252
25;2025-11-03;15;309
25;2025-11-03;16;372
25;2025-11-03;17;340
25;2025-11-03;18;317
25;2025-11-03;19;322
25;2025-11-03;20;217
25;2025-11-03;21;142
25;2025-11-03;22;94
25;2025-11-03;23;11
25;2025-11-04;0;2
25;2025-11-04;1;0
25;2025-11-04;2;0
25;2025-11-04;3;0
25;2025-11-04;4;0
25;2025-11-04;5;0
25;2025-11-04;6;104
25;2025-11-04;7;277
25;2025-11-04;8;270
25;2025-11-04;9;260
25;2025-11-04;10;217
25;2025-11-04;11;227
25;2025-11-04;12;195
25;2025-11-04;13;290
25;2025-11-04;14;317
25;2025-11-04;15;391
25;2025-11-04;16;416
25;2025-11-04;17;340
25;2025-11-04;18;311
25;2025-11-04;19;339
25;2025-11-04;20;260
25;2025-11-04;21;171
25;2025-11-04;22;110
25;2025-11-04;23;13
25;2025-11-05;0;0
25;2025-11-05;1;0
25;2025-11-05;2;0
25;2025-11-05;3;0
25;2025-11-05;4;0
25;2025-11-05;5;3
25;2025-11-05;6;144
25;2025-11-05;7;463
25;2025-11-05;8;764
25;2025-11-05;9;412
25;2025-11-05;10;315
25;2025-11-05;11;352
25;2025-11-05;12;364
25;2025-11-05;13;454
25;2025-11-05;14;391
25;2025-11-05;15;469
25;2025-11-05;16;552
25;2025-11-05;17;635
25;2025-11-05;18;687
25;2025-11-05;19;430
25;2025-11-05;20;302
25;2025-11-05;21;196
25;2025-11-05;22;114
25;2025-11-05;23;5
25;2025-11-06;0;0
25;2025-11-06;1;0
25;2025-11-06;2;0
25;2025-11-06;3;0
25;2025-11-06;4;0
25;2025-11-06;5;6
25;2025-11-06;6;134
25;2025-11-06;7;467
25;2025-11-06;8;804
25;2025-11-06;9;403
25;2025-11-06;10;321
25;2025-11-06;11;314
25;2025-11-06;12;346
25;2025-11-06;13;402
25;2025-11-06;14;387
25;2025-11-06;15;444
25;2025-11-06;16;549
25;2025-11-06;17;644
25;2025-11-06;18;717
25;2025-11-06;19;435
25;2025-11-06;20;279
25;2025-11-06;21;193
25;2025-11-06;22;120
25;2025-11-06;23;8
25;2025-11-07;0;1
25;2025-11-07;1;0
25;2025-11-07;2;0
25;2025-11-07;3;0
25;2025-11-07;4;0
25;2025-11-07;5;4
25;2025-11-07;6;139
25;2025-11-07;7;470
25;2025-11-07;8;761
25;2025-11-07;9;376
25;2025-11-07;10;304
25;2025-11-07;11;347
25;2025-11-07;12;345
25;2025-11-07;13;422
25;2025-11-07;14;415
25;2025-11-07;15;513
25;2025-11-07;16;671
25;2025-11-07;17;678
25;2025-11-07;18;558
25;2025-11-07;19;388
25;2025-11-07;20;270
25;2025-11-07;21;194
25;2025-11-07;22;121
25;2025-11-07;23;12
25;2025-11-08;0;0
25;2025-11-08;1;0
25;2025-11-08;2;0
25;2025-11-08;3;0
25;2025-11-08;4;0
25;2025-11-08;5;1
25;2025-11-08;6;45
25;2025-11-08;7;123
25;2025-11-08;8;259
25;2025-11-08;9;250
25;2025-11-08;10;243
25;2025-11-08;11;314
25;2025-11-08;12;334
25;2025-11-08;13;461
25;2025-11-08;14;481
25;2025-11-08;15;601
25;2025-11-08;16;526
25;2025-11-08;17;435
25;2025-11-08;18;428
25;2025-11-08;19;357
25;2025-11-08;20;251
25;2025-11-08;21;222
25;2025-11-08;22;130
25;2025-11-08;23;56
25;2025-11-09;0;18
25;2025-11-09;1;0
25;2025-11-09;2;0
25;2025-11-09;3;0
25;2025-11-09;4;0
25;2025-11-09;5;2
25;2025-11-09;6;44
25;2025-11-09;7;96
25;2025-11-09;8;182
25;2025-11-09;9;185
25;2025-11-09;10;194
25;2025-11-09;11;249
25;2025-11-09;12;304
25;2025-11-09;13;363
25;2025-11-09;14;410
25;2025-11-09;15;518
25;2025-11-09;16;426
25;2025-11-09;17;381
25;2025-11-09;18;357
25;2025-11-09;19;273
25;2025-11-09;20;210
25;2025-11-09;21;165
25;2025-11-09;22;113
25;2025-11-09;23;36
25;2025-11-10;0;10
25;2025-11-10;1;0
25;2025-11-10;2;0
25;2025-11-10;3;0
25;2025-11-10;4;0
25;2025-11-10;5;4
25;2025-11-10;6;156
25;2025-11-10;7;522
25;2025-11-10;8;879
25;2025-11-10;9;428
25;2025-11-10;10;301
25;2025-11-10;11;326
25;2025-11-10;12;349
25;2025-11-10;13;450
25;2025-11-10;14;358
25;2025-11-10;15;448
25;2025-11-10;16;635
25;2025-11-10;17;710
25;2025-11-10;18;772
25;2025-11-10;19;428
25;2025-11-10;20;279
25;2025-11-10;21;189
25;2025-11-10;22;106
25;2025-11-10;23;9
25;2025-11-11;0;0
25;2025-11-11;1;0
25;2025-11-11;2;0
25;2025-11-11;3;0
25;2025-11-11;4;0
25;2025-11-11;5;4
25;2025-11-11;6;151
25;2025-11-11;7;534
25;2025-11-11;8;901
25;2025-11-11;9;458
25;2025-11-11;10;345
25;2025-11-11;11;378
25;2025-11-11;12;345
25;2025-11-11;13;416
25;2025-11-11;14;382
25;2025-11-11;15;474
25;2025-11-11;16;611
25;2025-11-11;17;667
25;2025-11-11;18;748
25;2025-11-11;19;466
25;2025-11-11;20;299
25;2025-11-11;21;192
25;2025-11-11;22;114
25;2025-11-11;23;10
25;2025-11-12;0;0
25;2025-11-12;1;0
25;2025-11-12;2;0
25;2025-11-12;3;0
25;2025-11-12;4;0
25;2025-11-12;5;3
25;2025-11-12;6;148
25;2025-11-12;7;518
25;2025-11-12;8;890
25;2025-11-12;9;443
25;2025-11-12;10;330
25;2025-11-12;11;353
25;2025-11-12;12;344
25;2025-11-12;13;437
25;2025-11-12;14;375
25;2025-11-12;15;463
25;2025-11-12;16;618
25;2025-11-12;17;727
25;2025-11-12;18;766
25;2025-11-12;19;452
25;2025-11-12;20;315
25;2025-11-12;21;208
25;2025-11-12;22;121
25;2025-11-12;23;7
25;2025-11-13;0;1
25;2025-11-13;1;0
25;2025-11-13;2;0
25;2025-11-13;3;0
25;2025-11-13;4;0
25;2025-11-13;5;5
25;2025-11-13;6;143
25;2025-11-13;7;510
25;2025-11-13;8;890
25;2025-11-13;9;438
25;2025-11-13;10;348
25;2025-11-13;11;356
25;2025-11-13;12;359
25;2025-11-13;13;411
25;2025-11-13;14;398
25;2025-11-13;15;486
25;2025-11-13;16;601
25;2025-11-13;17;703
25;2025-11-13;18;760
25;2025-11-13;19;458
25;2025-11-13;20;299
25;2025-11-13;21;198
25;2025-11-13;22;131
25;2025-11-13;23;9
25;2025-11-14;0;0
25;2025-11-14;1;0
25;2025-11-14;2;0
25;2025-11-14;3;0
25;2025-11-14;4;0
25;2025-11-14;5;4
25;2025-11-14;6;160
25;2025-11-14;7;523
25;2025-11-14;8;839
25;2025-11-14;9;429
25;2025-11-14;10;341
25;2025-11-14;11;378
25;2025-11-14;12;367
25;2025-11-14;13;461
25;2025-11-14;14;444
25;2025-11-14;15;566
25;2025-11-14;16;708
25;2025-11-14;17;707
25;2025-11-14;18;604
25;2025-11-14;19;408
25;2025-11-14;20;280
25;2025-11-14;21;196
25;2025-11-14;22;136
25;2025-11-14;23;13
25;2025-11-15;0;0
25;2025-11-15;1;0
25;2025-11-15;2;0
25;2025-11-15;3;0
25;2025-11-15;4;0
25;2025-11-15;5;1
25;2025-11-15;6;44
25;2025-11-15;7;108
25;2025-11-15;8;222
25;2025-11-15;9;213
25;2025-11-15;10;204
25;2025-11-15;11;255
25;2025-11-15;12;278
25;2025-11-15;13;395
25;2025-11-15;14;450
25;2025-11-15;15;554
25;2025-11-15;16;487
25;2025-11-15;17;388
25;2025-11-15;18;357
25;2025-11-15;19;311
25;2025-11-15;20;213
25;2025-11-15;21;183
25;2025-11-15;22;116
25;2025-11-15;23;43
25;2025-11-16;0;12
25;2025-11-16;1;0
25;2025-11-16;2;0
25;2025-11-16;3;0
25;2025-11-16;4;0
25;2025-11-16;5;0
25;2025-11-16;6;32
25;2025-11-16;7;76
25;2025-11-16;8;143
25;2025-11-16;9;155
25;2025-11-16;10;173
25;2025-11-16;11;227
25;2025-11-16;12;290
25;2025-11-16;13;330
25;2025-11-16;14;372
25;2025-11-16;15;477
25;2025-11-16;16;357
25;2025-11-16;17;312
25;2025-11-16;18;285
25;2025-11-16;19;217
25;2025-11-16;20;163
25;2025-11-16;21;126
25;2025-11-16;22;93
25;2025-11-16;23;24
25;2025-11-17;0;9
25;2025-11-17;1;0
25;2025-11-17;2;0
25;2025-11-17;3;0
25;2025-11-17;4;0
25;2025-11-17;5;1
25;2025-11-17;6;142
25;2025-11-17;7;497
25;2025-11-17;8;824
25;2025-11-17;9;376
25;2025-11-17;10;252
25;2025-11-17;11;269
25;2025-11-17;12;287
25;2025-11-17;13;351
25;2025-11-17;14;289
25;2025-11-17;15;375
25;2025-11-17;16;556
25;2025-11-17;17;638
25;2025-11-17;18;696
25;2025-11-17;19;367
25;2025-11-17;20;230
25;2025-11-17;21;150
25;2025-11-17;22;92
25;2025-11-17;23;4
25;2025-11-18;0;0
25;2025-11-18;1;0
25;2025-11-18;2;0
25;2025-11-18;3;0
25;2025-11-18;4;0
25;2025-11-18;5;2
25;2025-11-18;6;144
25;2025-11-18;7;509
25;2025-11-18;8;872
25;2025-11-18;9;424
25;2025-11-18;10;312
25;2025-11-18;11;339
25;2025-11-18;12;310
25;2025-11-18;13;376
25;2025-11-18;14;348
25;2025-11-18;15;438
25;2025-11-18;16;570
25;2025-11-18;17;632
25;2025-11-18;18;732
25;2025-11-18;19;439
25;2025-11-18;20;286
25;2025-11-18;21;182
25;2025-11-18;22;113
25;2025-11-18;23;5
25;2025-11-19;0;0
25;2025-11-19;1;1
25;2025-11-19;2;0
25;2025-11-19;3;0
25;2025-11-19;4;0
25;2025-11-19;5;1
25;2025-11-19;6;151
25;2025-11-19;7;519
25;2025-11-19;8;894
25;2025-11-19;9;417
25;2025-11-19;10;308
25;2025-11-19;11;337
25;2025-11-19;12;330
25;2025-11-19;13;431
25;2025-11-19;14;358
25;2025-11-19;15;451
25;2025-11-19;16;617
25;2025-11-19;17;732
25;2025-11-19;18;758
25;2025-11-19;19;422
25;2025-11-19;20;291
25;2025-11-19;21;189
25;2025-11-19;22;114
25;2025-11-19;23;3
25;2025-11-20;0;0
25;2025-11-20;1;0
25;2025-11-20;2;0
25;2025-11-20;3;0
25;2025-11-20;4;0
25;2025-11-20;5;2
25;2025-11-20;6;145
25;2025-11-20;7;512
25;2025-11-20;8;892
25;2025-11-20;9;430
25;2025-11-20;10;342
25;2025-11-20;11;344
25;2025-11-20;12;360
25;2025-11-20;13;412
25;2025-11-20;14;402
25;2025-11-20;15;495
25;2025-11-20;16;601
25;2025-11-20;17;701
25;2025-11-20;18;765
25;2025-11-20;19;443
25;2025-11-20;20;282
25;2025-11-20;21;186
25;2025-11-20;22;120
25;2025-11-20;23;6
25;2025-11-21;0;0
25;2025-11-21;1;0
25;2025-11-21;2;0
25;2025-11-21;3;0
25;2025-11-21;4;0
25;2025-11-21;5;1
25;2025-11-21;6;152
25;2025-11-21;7;512
25;2025-11-21;8;822
25;2025-11-21;9;385
25;2025-11-21;10;298
25;2025-11-21;11;332
25;2025-11-21;12;324
25;2025-11-21;13;407
25;2025-11-21;14;394
25;2025-11-21;15;502
25;2025-11-21;16;664
25;2025-11-21;17;684
25;2025-11-21;18;564
25;2025-11-21;19;358
25;2025-11-21;20;253
25;2025-11-21;21;186
25;2025-11-21;22;122
25;2025-11-21;23;9
25;2025-11-22;0;0
25;2025-11-22;1;0
25;2025-11-22;2;0
25;2025-11-22;3;0
25;2025-11-22;4;0
25;2025-11-22;5;1
25;2025-11-22;6;45
25;2025-11-22;7;116
25;2025-11-22;8;217
25;2025-11-22;9;223
25;2025-11-22;10;221
25;2025-11-22;11;284
25;2025-11-22;12;297
25;2025-11-22;13;411
25;2025-11-22;14;440
25;2025-11-22;15;540
25;2025-11-22;16;476
25;2025-11-22;17;408
25;2025-11-22;18;395
25;2025-11-22;19;334
25;2025-11-22;20;231
25;2025-11-22;21;196
25;2025-11-22;22;117
25;2025-11-22;23;47
25;2025-11-23;0;14
25;2025-11-23;1;0
25;2025-11-23;2;0
25;2025-11-23;3;0
25;2025-11-23;4;0
25;2025-11-23;5;0
25;2025-11-23;6;41
25;2025-11-23;7;86
25;2025-11-23;8;170
25;2025-11-23;9;169
25;2025-11-23;10;195
25;2025-11-23;11;252
25;2025-11-23;12;316
25;2025-11-23;13;367
25;2025-11-23;14;416
25;2025-11-23;15;536
25;2025-11-23;16;406
25;2025-11-23;17;365
25;2025-11-23;18;326
25;2025-11-23;19;243
25;2025-11-23;20;183
25;2025-11-23;21;136
25;2025-11-23;22;102
25;2025-11-23;23;29
25;2025-11-24;0;8
25;2025-11-24;1;0
25;2025-11-24;2;0
25;2025-11-24;3;0
25;2025-11-24;4;0
25;2025-11-24;5;2
25;2025-11-24;6;152
25;2025-11-24;7;493
25;2025-11-24;8;833
25;2025-11-24;9;411
25;2025-11-24;10;297
25;2025-11-24;11;295
25;2025-11-24;12;321
25;2025-11-24;13;422
25;2025-11-24;14;333
25;2025-11-24;15;416
25;2025-11-24;16;598
25;2025-11-24;17;667
25;2025-11-24;18;723
25;2025-11-24;19;403
25;2025-11-24;20;266
25;2025-11-24;21;181
25;2025-11-24;22;98
25;2025-11-24;23;7
25;2025-11-25;0;1
25;2025-11-25;1;0
25;2025-11-25;2;0
25;2025-11-25;3;0
25;2025-11-25;4;0
25;2025-11-25;5;0
25;2025-11-25;6;149
25;2025-11-25;7;520
25;2025-11-25;8;857
25;2025-11-25;9;428
25;2025-11-25;10;312
25;2025-11-25;11;334
25;2025-11-25;12;311
25;2025-11-25;13;384
25;2025-11-25;14;348
25;2025-11-25;15;443
25;2025-11-25;16;595
25;2025-11-25;17;654
25;2025-11-25;18;723
25;2025-11-25;19;424
25;2025-11-25;20;262
25;2025-11-25;21;158
25;2025-11-25;22;102
25;2025-11-25;23;4
25;2025-11-26;0;1
25;2025-11-26;1;0
25;2025-11-26;2;0
25;2025-11-26;3;0
25;2025-11-26;4;0
25;2025-11-26;5;5
25;2025-11-26;6;157
25;2025-11-26;7;502
25;2025-11-26;8;859
25;2025-11-26;9;423
25;2025-11-26;10;313
25;2025-11-26;11;334
25;2025-11-26;12;334
25;2025-11-26;13;408
25;2025-11-26;14;357
25;2025-11-26;15;429
25;2025-11-26;16;603
25;2025-11-26;17;712
25;2025-11-26;18;725
25;2025-11-26;19;424
25;2025-11-26;20;299
25;2025-11-26;21;196
25;2025-11-26;22;120
25;2025-11-26;23;9
25;2025-11-27;0;1
25;2025-11-27;1;0
25;2025-11-27;2;0
25;2025-11-27;3;0
25;2025-11-27;4;0
25;2025-11-27;5;5
25;2025-11-27;6;148
25;2025-11-27;7;508
25;2025-11-27;8;858
25;2025-11-27;9;396
25;2025-11-27;10;312
25;2025-11-27;11;340
25;2025-11-27;12;352
25;2025-11-27;13;397
25;2025-11-27;14;391
25;2025-11-27;15;478
25;2025-11-27;16;580
25;2025-11-27;17;698
25;2025-11-27;18;726
25;2025-11-27;19;456
25;2025-11-27;20;302
25;2025-11-27;21;199
25;2025-11-27;22;120
25;2025-11-27;23;11
25;2025-11-28;0;2
25;2025-11-28;1;0
25;2025-11-28;2;0
25;2025-11-28;3;0
25;2025-11-28;4;0
25;2025-11-28;5;3
25;2025-11-28;6;156
25;2025-11-28;7;508
25;2025-11-28;8;808
25;2025-11-28;9;425
25;2025-11-28;10;345
25;2025-11-28;11;384
25;2025-11-28;12;377
25;2025-11-28;13;460
25;2025-11-28;14;441
25;2025-11-28;15;552
25;2025-11-28;16;707
25;2025-11-28;17;733
25;2025-11-28;18;601
25;2025-11-28;19;414
25;2025-11-28;20;289
25;2025-11-28;21;206
25;2025-11-28;22;133
25;2025-11-28;23;14
25;2025-11-29;0;0
25;2025-11-29;1;0
25;2025-11-29;2;0
25;2025-11-29;3;0
25;2025-11-29;4;0
25;2025-11-29;5;3
25;2025-11-29;6;55
25;2025-11-29;7;124
25;2025-11-29;8;263
25;2025-11-29;9;257
25;2025-11-29;10;256
25;2025-11-29;11;316
25;2025-11-29;12;329
25;2025-11-29;13;453
25;2025-11-29;14;464
25;2025-11-29;15;559
25;2025-11-29;16;496
25;2025-11-29;17;428
25;2025-11-29;18;399
25;2025-11-29;19;340
25;2025-11-29;20;239
25;2025-11-29;21;202
25;2025-11-29;22;122
25;2025-11-29;23;49
25;2025-11-30;0;16
25;2025-11-30;1;0
25;2025-11-30;2;0
25;2025-11-30;3;0
25;2025-11-30;4;0
25;2025-11-30;5;4
25;2025-11-30;6;54
25;2025-11-30;7;94
25;2025-11-30;8;171
25;2025-11-30;9;205
25;2025-11-30;10;215
25;2025-11-30;11;268
25;2025-11-30;12;315
25;2025-11-30;13;355
25;2025-11-30;14;416
25;2025-11-30;15;497
25;2025-11-30;16;410
25;2025-11-30;17;373
25;2025-11-30;18;349
25;2025-11-30;19;275
25;2025-11-30;20;219
25;2025-11-30;21;180
25;2025-11-30;22;111
25;2025-11-30;23;39
25;2025-12-01;0;10
25;2025-12-01;1;0
25;2025-12-01;2;0
25;2025-12-01;3;0
25;2025-12-01;4;0
25;2025-12-01;5;3
25;2025-12-01;6;162
25;2025-12-01;7;518
25;2025-12-01;8;837
25;2025-12-01;9;435
25;2025-12-01;10;318
25;2025-12-01;11;340
25;2025-12-01;12;361
25;2025-12-01;13;457
25;2025-12-01;14;371
25;2025-12-01;15;450
25;2025-12-01;16;596
25;2025-12-01;17;679
25;2025-12-01;18;742
25;2025-12-01;19;436
25;2025-12-01;20;280
25;2025-12-01;21;178
25;2025-12-01;22;98
25;2025-12-01;23;10
25;2025-12-02;0;1
25;2025-12-02;1;0
25;2025-12-02;2;0
25;2025-12-02;3;0
25;2025-12-02;4;0
25;2025-12-02;5;3
25;2025-12-02;6;163
25;2025-12-02;7;522
25;2025-12-02;8;868
25;2025-12-02;9;472
25;2025-12-02;10;358
25;2025-12-02;11;386
25;2025-12-02;12;356
25;2025-12-02;13;418
25;2025-12-02;14;389
25;2025-12-02;15;467
25;2025-12-02;16;577
25;2025-12-02;17;647
25;2025-12-02;18;713
25;2025-12-02;19;461
25;2025-12-02;20;303
25;2025-12-02;21;197
25;2025-12-02;22;110
25;2025-12-02;23;10
25;2025-12-03;0;1
25;2025-12-03;1;0
25;2025-12-03;2;0
25;2025-12-03;3;0
25;2025-12-03;4;0
25;2025-12-03;5;2
25;2025-12-03;6;162
25;2025-12-03;7;528
25;2025-12-03;8;879
25;2025-12-03;9;472
25;2025-12-03;10;357
25;2025-12-03;11;398
25;2025-12-03;12;395
25;2025-12-03;13;482
25;2025-12-03;14;427
25;2025-12-03;15;503
25;2025-12-03;16;633
25;2025-12-03;17;756
25;2025-12-03;18;773
25;2025-12-03;19;479
25;2025-12-03;20;334
25;2025-12-03;21;227
25;2025-12-03;22;128
25;2025-12-03;23;11
25;2025-12-04;0;1
25;2025-12-04;1;0
25;2025-12-04;2;0
25;2025-12-04;3;0
25;2025-12-04;4;0
25;2025-12-04;5;8
25;2025-12-04;6;158
25;2025-12-04;7;518
25;2025-12-04;8;877
25;2025-12-04;9;452
25;2025-12-04;10;363
25;2025-12-04;11;378
25;2025-12-04;12;374
25;2025-12-04;13;421
25;2025-12-04;14;419
25;2025-12-04;15;489
25;2025-12-04;16;582
25;2025-12-04;17;710
25;2025-12-04;18;766
25;2025-12-04;19;478
25;2025-12-04;20;312
25;2025-12-04;21;212
25;2025-12-04;22;130
25;2025-12-04;23;12
25;2025-12-05;0;1
25;2025-12-05;1;0
25;2025-12-05;2;0
25;2025-12-05;3;0
25;2025-12-05;4;0
25;2025-12-05;5;4
25;2025-12-05;6;161
25;2025-12-05;7;519
25;2025-12-05;8;828
25;2025-12-05;9;430
25;2025-12-05;10;347
25;2025-12-05;11;398
25;2025-12-05;12;381
25;2025-12-05;13;463
25;2025-12-05;14;455
25;2025-12-05;15;538
25;2025-12-05;16;707
25;2025-12-05;17;732
25;2025-12-05;18;619
25;2025-12-05;19;449
25;2025-12-05;20;309
25;2025-12-05;21;224
25;2025-12-05;22;133
25;2025-12-05;23;15
25;2025-12-06;0;2
25;2025-12-06;1;0
25;2025-12-06;2;0
25;2025-12-06;3;0
25;2025-12-06;4;0
25;2025-12-06;5;5
25;2025-12-06;6;60
25;2025-12-06;7;130
25;2025-12-06;8;289
25;2025-12-06;9;275
25;2025-12-06;10;276
25;2025-12-06;11;342
25;2025-12-06;12;349
25;2025-12-06;13;471
25;2025-12-06;14;488
25;2025-12-06;15;569
25;2025-12-06;16;505
25;2025-12-06;17;438
25;2025-12-06;18;419
25;2025-12-06;19;365
25;2025-12-06;20;254
25;2025-12-06;21;207
25;2025-12-06;22;126
25;2025-12-06;23;53
25;2025-12-07;0;15
25;2025-12-07;1;0
25;2025-12-07;2;0
25;2025-12-07;3;0
25;2025-12-07;4;0
25;2025-12-07;5;5
25;2025-12-07;6;55
25;2025-12-07;7;95
25;2025-12-07;8;181
25;2025-12-07;9;203
25;2025-12-07;10;211
25;2025-12-07;11;279
25;2025-12-07;12;323
25;2025-12-07;13;395
25;2025-12-07;14;440
25;2025-12-07;15;523
25;2025-12-07;16;438
25;2025-12-07;17;400
25;2025-12-07;18;372
25;2025-12-07;19;293
25;2025-12-07;20;226
25;2025-12-07;21;175
25;2025-12-07;22;113
25;2025-12-07;23;37
25;2025-12-08;0;10
25;2025-12-08;1;0
25;2025-12-08;2;0
25;2025-12-08;3;0
25;2025-12-08;4;0
25;2025-12-08;5;5
25;2025-12-08;6;167
25;2025-12-08;7;537
25;2025-12-08;8;894
25;2025-12-08;9;456
25;2025-12-08;10;329
25;2025-12-08;11;356
25;2025-12-08;12;372
25;2025-12-08;13;477
25;2025-12-08;14;380
25;2025-12-08;15;462
25;2025-12-08;16;631
25;2025-12-08;17;707
25;2025-12-08;18;763
25;2025-12-08;19;452
25;2025-12-08;20;290
25;2025-12-08;21;182
25;2025-12-08;22;102
25;2025-12-08;23;7
25;2025-12-09;0;0
25;2025-12-09;1;0
25;2025-12-09;2;0
25;2025-12-09;3;0
25;2025-12-09;4;0
25;2025-12-09;5;4
25;2025-12-09;6;169
25;2025-12-09;7;550
25;2025-12-09;8;927
25;2025-12-09;9;496
25;2025-12-09;10;380
25;2025-12-09;11;412
25;2025-12-09;12;373
25;2025-12-09;13;453
25;2025-12-09;14;415
25;2025-12-09;15;514
25;2025-12-09;16;633
25;2025-12-09;17;697
25;2025-12-09;18;774
25;2025-12-09;19;505
25;2025-12-09;20;315
25;2025-12-09;21;190
25;2025-12-09;22;116
25;2025-12-09;23;7
25;2025-12-10;0;1
25;2025-12-10;1;1
25;2025-12-10;2;0
25;2025-12-10;3;0
25;2025-12-10;4;0
25;2025-12-10;5;6
25;2025-12-10;6;164
25;2025-12-10;7;525
25;2025-12-10;8;911
25;2025-12-10;9;464
25;2025-12-10;10;348
25;2025-12-10;11;381
25;2025-12-10;12;371
25;2025-12-10;13;463
25;2025-12-10;14;398
25;2025-12-10;15;482
25;2025-12-10;16;626
25;2025-12-10;17;743
25;2025-12-10;18;770
25;2025-12-10;19;467
25;2025-12-10;20;318
25;2025-12-10;21;199
25;2025-12-10;22;116
25;2025-12-10;23;3
25;2025-12-11;0;0
25;2025-12-11;1;0
25;2025-12-11;2;0
25;2025-12-11;3;0
25;2025-12-11;4;0
25;2025-12-11;5;4
25;2025-12-11;6;147
25;2025-12-11;7;512
25;2025-12-11;8;875
25;2025-12-11;9;438
25;2025-12-11;10;359
25;2025-12-11;11;352
25;2025-12-11;12;354
25;2025-12-11;13;400
25;2025-12-11;14;398
25;2025-12-11;15;464
25;2025-12-11;16;570
25;2025-12-11;17;679
25;2025-12-11;18;731
25;2025-12-11;19;452
25;2025-12-11;20;307
25;2025-12-11;21;213
25;2025-12-11;22;118
25;2025-12-11;23;6
25;2025-12-12;0;0
25;2025-12-12;1;0
25;2025-12-12;2;0
25;2025-12-12;3;0
25;2025-12-12;4;0
25;2025-12-12;5;4
25;2025-12-12;6;158
25;2025-12-12;7;509
25;2025-12-12;8;817
25;2025-12-12;9;407
25;2025-12-12;10;336
25;2025-12-12;11;378
25;2025-12-12;12;379
25;2025-12-12;13;462
25;2025-12-12;14;442
25;2025-12-12;15;503
25;2025-12-12;16;683
25;2025-12-12;17;710
25;2025-12-12;18;632
25;2025-12-12;19;435
25;2025-12-12;20;274
25;2025-12-12;21;196
25;2025-12-12;22;137
25;2025-12-12;23;9
25;2025-12-13;0;1
25;2025-12-13;1;0
25;2025-12-13;2;0
25;2025-12-13;3;0
25;2025-12-13;4;0
25;2025-12-13;5;2
25;2025-12-13;6;63
25;2025-12-13;7;125
25;2025-12-13;8;287
25;2025-12-13;9;286
25;2025-12-13;10;279
25;2025-12-13;11;340
25;2025-12-13;12;348
25;2025-12-13;13;464
25;2025-12-13;14;475
25;2025-12-13;15;577
25;2025-12-13;16;512
25;2025-12-13;17;423
25;2025-12-13;18;413
25;2025-12-13;19;378
25;2025-12-13;20;255
25;2025-12-13;21;194
25;2025-12-13;22;123
25;2025-12-13;23;45
25;2025-12-14;0;10
25;2025-12-14;1;0
25;2025-12-14;2;0
25;2025-12-14;3;0
25;2025-12-14;4;0
25;2025-12-14;5;2
25;2025-12-14;6;44
25;2025-12-14;7;88
25;2025-12-14;8;163
25;2025-12-14;9;178
25;2025-12-14;10;187
25;2025-12-14;11;244
25;2025-12-14;12;292
25;2025-12-14;13;345
25;2025-12-14;14;402
25;2025-12-14;15;492
25;2025-12-14;16;395
25;2025-12-14;17;353
25;2025-12-14;18;338
25;2025-12-14;19;274
25;2025-12-14;20;196
25;2025-12-14;21;144
25;2025-12-14;22;101
25;2025-12-14;23;28
25;2025-12-15;0;8
25;2025-12-15;1;0
25;2025-12-15;2;0
25;2025-12-15;3;0
25;2025-12-15;4;0
25;2025-12-15;5;3
25;2025-12-15;6;154
25;2025-12-15;7;538
25;2025-12-15;8;868
25;2025-12-15;9;446
25;2025-12-15;10;314
25;2025-12-15;11;351
25;2025-12-15;12;361
25;2025-12-15;13;465
25;2025-12-15;14;370
25;2025-12-15;15;454
25;2025-12-15;16;627
25;2025-12-15;17;693
25;2025-12-15;18;750
25;2025-12-15;19;438
25;2025-12-15;20;263
25;2025-12-15;21;169
25;2025-12-15;22;99
25;2025-12-15;23;8
25;2025-12-16;0;0
25;2025-12-16;1;0
25;2025-12-16;2;0
25;2025-12-16;3;0
25;2025-12-16;4;0
25;2025-12-16;5;3
25;2025-12-16;6;156
25;2025-12-16;7;528
25;2025-12-16;8;886
25;2025-12-16;9;465
25;2025-12-16;10;346
25;2025-12-16;11;375
25;2025-12-16;12;336
25;2025-12-16;13;404
25;2025-12-16;14;373
25;2025-12-16;15;463
25;2025-12-16;16;591
25;2025-12-16;17;651
25;2025-12-16;18;724
25;2025-12-16;19;462
25;2025-12-16;20;291
25;2025-12-16;21;173
25;2025-12-16;22;107
25;2025-12-16;23;5
25;2025-12-17;0;0
25;2025-12-17;1;0
25;2025-12-17;2;0
25;2025-12-17;3;0
25;2025-12-17;4;0
25;2025-12-17;5;3
25;2025-12-17;6;151
25;2025-12-17;7;512
25;2025-12-17;8;872
25;2025-12-17;9;444
25;2025-12-17;10;326
25;2025-12-17;11;368
25;2025-12-17;12;360
25;2025-12-17;13;457
25;2025-12-17;14;386
25;2025-12-17;15;473
25;2025-12-17;16;621
25;2025-12-17;17;723
25;2025-12-17;18;747
25;2025-12-17;19;453
25;2025-12-17;20;307
25;2025-12-17;21;199
25;2025-12-17;22;111
25;2025-12-17;23;4
25;2025-12-18;0;0
25;2025-12-18;1;0
25;2025-12-18;2;0
25;2025-12-18;3;0
25;2025-12-18;4;0
25;2025-12-18;5;4
25;2025-12-18;6;146
25;2025-12-18;7;510
25;2025-12-18;8;867
25;2025-12-18;9;430
25;2025-12-18;10;351
25;2025-12-18;11;358
25;2025-12-18;12;362
25;2025-12-18;13;412
25;2025-12-18;14;399
25;2025-12-18;15;473
25;2025-12-18;16;586
25;2025-12-18;17;691
25;2025-12-18;18;746
25;2025-12-18;19;456
25;2025-12-18;20;288
25;2025-12-18;21;188
25;2025-12-18;22;116
25;2025-12-18;23;5
25;2025-12-19;0;0
25;2025-12-19;1;0
25;2025-12-19;2;0
25;2025-12-19;3;0
25;2025-12-19;4;0
25;2025-12-19;5;4
25;2025-12-19;6;156
25;2025-12-19;7;513
25;2025-12-19;8;815
25;2025-12-19;9;413
25;2025-12-19;10;328
25;2025-12-19;11;376
25;2025-12-19;12;367
25;2025-12-19;13;450
25;2025-12-19;14;428
25;2025-12-19;15;524
25;2025-12-19;16;700
25;2025-12-19;17;716
25;2025-12-19;18;603
25;2025-12-19;19;413
25;2025-12-19;20;277
25;2025-12-19;21;197
25;2025-12-19;22;123
25;2025-12-19;23;13
25;2025-12-20;0;1
25;2025-12-20;1;0
25;2025-12-20;2;0
25;2025-12-20;3;0
25;2025-12-20;4;0
25;2025-12-20;5;2
25;2025-12-20;6;60
25;2025-12-20;7;126
25;2025-12-20;8;289
25;2025-12-20;9;270
25;2025-12-20;10;267
25;2025-12-20;11;343
25;2025-12-20;12;350
25;2025-12-20;13;482
25;2025-12-20;14;490
25;2025-12-20;15;576
25;2025-12-20;16;506
25;2025-12-20;17;436
25;2025-12-20;18;410
25;2025-12-20;19;363
25;2025-12-20;20;247
25;2025-12-20;21;198
25;2025-12-20;22;116
25;2025-12-20;23;46
25;2025-12-21;0;13
25;2025-12-21;1;0
25;2025-12-21;2;0
25;2025-12-21;3;0
25;2025-12-21;4;0
25;2025-12-21;5;3
25;2025-12-21;6;52
25;2025-12-21;7;102
25;2025-12-21;8;177
25;2025-12-21;9;184
25;2025-12-21;10;191
25;2025-12-21;11;253
25;2025-12-21;12;295
25;2025-12-21;13;352
25;2025-12-21;14;396
25;2025-12-21;15;518
25;2025-12-21;16;423
25;2025-12-21;17;385
25;2025-12-21;18;354
25;2025-12-21;19;285
25;2025-12-21;20;210
25;2025-12-21;21;154
25;2025-12-21;22;102
25;2025-12-21;23;32
25;2025-12-22;0;9
25;2025-12-22;1;0
25;2025-12-22;2;0
25;2025-12-22;3;0
25;2025-12-22;4;0
25;2025-12-22;5;6
25;2025-12-22;6;158
25;2025-12-22;7;528
25;2025-12-22;8;865
25;2025-12-22;9;438
25;2025-12-22;10;328
25;2025-12-22;11;352
25;2025-12-22;12;366
25;2025-12-22;13;471
25;2025-12-22;14;381
25;2025-12-22;15;438
25;2025-12-22;16;633
25;2025-12-22;17;707
25;2025-12-22;18;770
25;2025-12-22;19;434
25;2025-12-22;20;273
25;2025-12-22;21;172
25;2025-12-22;22;102
25;2025-12-22;23;10
25;2025-12-23;0;2
25;2025-12-23;1;0
25;2025-12-23;2;0
25;2025-12-23;3;0
25;2025-12-23;4;0
25;2025-12-23;5;4
25;2025-12-23;6;166
25;2025-12-23;7;546
25;2025-12-23;8;908
25;2025-12-23;9;483
25;2025-12-23;10;358
25;2025-12-23;11;390
25;2025-12-23;12;362
25;2025-12-23;13;424
25;2025-12-23;14;385
25;2025-12-23;15;476
25;2025-12-23;16;625
25;2025-12-23;17;695
25;2025-12-23;18;772
25;2025-12-23;19;475
25;2025-12-23;20;297
25;2025-12-23;21;169
25;2025-12-23;22;106
25;2025-12-23;23;7
25;2025-12-24;0;1
25;2025-12-24;1;0
25;2025-12-24;2;0
25;2025-12-24;3;0
25;2025-12-24;4;0
25;2025-12-24;5;3
25;2025-12-24;6;153
25;2025-12-24;7;511
25;2025-12-24;8;883
25;2025-12-24;9;456
25;2025-12-24;10;338
25;2025-12-24;11;380
25;2025-12-24;12;378
25;2025-12-24;13;462
25;2025-12-24;14;389
25;2025-12-24;15;478
25;2025-12-24;16;642
25;2025-12-24;17;745
25;2025-12-24;18;772
25;2025-12-24;19;471
25;2025-12-24;20;311
25;2025-12-24;21;193
25;2025-12-24;22;114
25;2025-12-24;23;8
25;2025-12-25;0;0
25;2025-12-25;1;0
25;2025-12-25;2;0
25;2025-12-25;3;0
25;2025-12-25;4;0
25;2025-12-25;5;6
25;2025-12-25;6;150
25;2025-12-25;7;500
25;2025-12-25;8;877
25;2025-12-25;9;434
25;2025-12-25;10;350
25;2025-12-25;11;362
25;2025-12-25;12;362
25;2025-12-25;13;420
25;2025-12-25;14;411
25;2025-12-25;15;480
25;2025-12-25;16;607
25;2025-12-25;17;699
25;2025-12-25;18;751
25;2025-12-25;19;457
25;2025-12-25;20;287
25;2025-12-25;21;191
25;2025-12-25;22;120
25;2025-12-25;23;9
25;2025-12-26;0;1
25;2025-12-26;1;0
25;2025-12-26;2;0
25;2025-12-26;3;0
25;2025-12-26;4;0
25;2025-12-26;5;7
25;2025-12-26;6;168
25;2025-12-26;7;504
25;2025-12-26;8;825
25;2025-12-26;9;437
25;2025-12-26;10;352
25;2025-12-26;11;386
25;2025-12-26;12;368
25;2025-12-26;13;455
25;2025-12-26;14;443
25;2025-12-26;15;529
25;2025-12-26;16;699
25;2025-12-26;17;706
25;2025-12-26;18;602
25;2025-12-26;19;420
25;2025-12-26;20;286
25;2025-12-26;21;210
25;2025-12-26;22;133
25;2025-12-26;23;14
25;2025-12-27;0;3
25;2025-12-27;1;0
25;2025-12-27;2;0
25;2025-12-27;3;0
25;2025-12-27;4;0
25;2025-12-27;5;4
25;2025-12-27;6;69
25;2025-12-27;7;130
25;2025-12-27;8;285
25;2025-12-27;9;266
25;2025-12-27;10;269
25;2025-12-27;11;339
25;2025-12-27;12;336
25;2025-12-27;13;460
25;2025-12-27;14;470
25;2025-12-27;15;590
25;2025-12-27;16;500
25;2025-12-27;17;437
25;2025-12-27;18;408
25;2025-12-27;19;358
25;2025-12-27;20;247
25;2025-12-27;21;203
25;2025-12-27;22;125
25;2025-12-27;23;49
25;2025-12-28;0;14
25;2025-12-28;1;0
25;2025-12-28;2;0
25;2025-12-28;3;0
25;2025-12-28;4;0
25;2025-12-28;5;4
25;2025-12-28;6;56
25;2025-12-28;7;103
25;2025-12-28;8;184
25;2025-12-28;9;193
25;2025-12-28;10;207
25;2025-12-28;11;262
25;2025-12-28;12;306
25;2025-12-28;13;368
25;2025-12-28;14;401
25;2025-12-28;15;502
25;2025-12-28;16;411
25;2025-12-28;17;370
25;2025-12-28;18;352
25;2025-12-28;19;286
25;2025-12-28;20;216
25;2025-12-28;21;172
25;2025-12-28;22;110
25;2025-12-28;23;36
25;2025-12-29;0;13
25;2025-12-29;1;1
25;2025-12-29;2;0
25;2025-12-29;3;0
25;2025-12-29;4;0
25;2025-12-29;5;5
25;2025-12-29;6;162
25;2025-12-29;7;501
25;2025-12-29;8;814
25;2025-12-29;9;434
25;2025-12-29;10;317
25;2025-12-29;11;358
25;2025-12-29;12;358
25;2025-12-29;13;471
25;2025-12-29;14;378
25;2025-12-29;15;455
25;2025-12-29;16;621
25;2025-12-29;17;681
25;2025-12-29;18;732
25;2025-12-29;19;449
25;2025-12-29;20;286
25;2025-12-29;21;191
25;2025-12-29;22;106
25;2025-12-29;23;13
25;2025-12-30;0;2
25;2025-12-30;1;0
25;2025-12-30;2;0
25;2025-12-30;3;0
25;2025-12-30;4;0
25;2025-12-30;5;4
25;2025-12-30;6;153
25;2025-12-30;7;487
25;2025-12-30;8;830
25;2025-12-30;9;452
25;2025-12-30;10;347
25;2025-12-30;11;387
25;2025-12-30;12;339
25;2025-12-30;13;427
25;2025-12-30;14;390
25;2025-12-30;15;479
25;2025-12-30;16;605
25;2025-12-30;17;654
25;2025-12-30;18;713
25;2025-12-30;19;454
25;2025-12-30;20;303
25;2025-12-30;21;182
25;2025-12-30;22;103
25;2025-12-30;23;9
25;2025-12-31;0;1
25;2025-12-31;1;0
25;2025-12-31;2;0
25;2025-12-31;3;0
25;2025-12-31;4;0
25;2025-12-31;5;0
25;2025-12-31;6;58
25;2025-12-31;7;195
25;2025-12-31;8;159
25;2025-12-31;9;218
25;2025-12-31;10;155
25;2025-12-31;11;206
25;2025-12-31;12;225
25;2025-12-31;13;311
25;2025-12-31;14;302
25;2025-12-31;15;361
25;2025-12-31;16;343
25;2025-12-31;17;315
25;2025-12-31;18;248
25;2025-12-31;19;297
25;2025-12-31;20;210
25;2025-12-31;21;141
25;2025-12-31;22;101
25;2025-12-31;23;13
26;2025-11-01;0;45
26;2025-11-01;1;1
26;2025-11-01;2;0
26;2025-11-01;3;0
26;2025-11-01;4;2
26;2025-11-01;5;53
26;2025-11-01;6;246
26;2025-11-01;7;346
26;2025-11-01;8;589
26;2025-11-01;9;678
26;2025-11-01;10;830
26;2025-11-01;11;1009
26;2025-11-01;12;1040
26;2025-11-01;13;1068
26;2025-11-01;14;1151
26;2025-11-01;15;1050
26;2025-11-01;16;1015
26;2025-11-01;17;973
26;2025-11-01;18;857
26;2025-11-01;19;773
26;2025-11-01;20;536
26;2025-11-01;21;377
26;2025-11-01;22;192
26;2025-11-01;23;152
26;2025-11-02;0;47
26;2025-11-02;1;5
26;2025-11-02;2;0
26;2025-11-02;3;0
26;2025-11-02;4;4
26;2025-11-02;5;34
26;2025-11-02;6;161
26;2025-11-02;7;231
26;2025-11-02;8;353
26;2025-11-02;9;410
26;2025-11-02;10;482
26;2025-11-02;11;612
26;2025-11-02;12;686
26;2025-11-02;13;725
26;2025-11-02;14;772
26;2025-11-02;15;731
26;2025-11-02;16;725
26;2025-11-02;17;700
26;2025-11-02;18;639
26;2025-11-02;19;487
26;2025-11-02;20;381
26;2025-11-02;21;256
26;2025-11-02;22;186
26;2025-11-02;23;100
26;2025-11-03;0;24
26;2025-11-03;1;1
26;2025-11-03;2;0
26;2025-11-03;3;0
26;2025-11-03;4;2
26;2025-11-03;5;60
26;2025-11-03;6;322
26;2025-11-03;7;376
26;2025-11-03;8;410
26;2025-11-03;9;468
26;2025-11-03;10;556
26;2025-11-03;11;557
26;2025-11-03;12;557
26;2025-11-03;13;551
26;2025-11-03;14;550
26;2025-11-03;15;538
26;2025-11-03;16;589
26;2025-11-03;17;608
26;2025-11-03;18;639
26;2025-11-03;19;628
26;2025-11-03;20;380
26;2025-11-03;21;328
26;2025-11-03;22;190
26;2025-11-03;23;92
26;2025-11-04;0;26
26;2025-11-04;1;2
26;2025-11-04;2;0
26;2025-11-04;3;0
26;2025-11-04;4;5
26;2025-11-04;5;58
26;2025-11-04;6;322
26;2025-11-04;7;386
26;2025-11-04;8;404
26;2025-11-04;9;469
26;2025-11-04;10;516
26;2025-11-04;11;506
26;2025-11-04;12;515
26;2025-11-04;13;562
26;2025-11-04;14;644
26;2025-11-04;15;642
26;2025-11-04;16;610
26;2025-11-04;17;574
26;2025-11-04;18;633
26;2025-11-04;19;629
26;2025-11-04;20;414
26;2025-11-04;21;352
26;2025-11-04;22;199
26;2025-11-04;23;107
26;2025-11-05;0;35
26;2025-11-05;1;2
26;2025-11-05;2;0
26;2025-11-05;3;0
26;2025-11-05;4;5
26;2025-11-05;5;84
26;2025-11-05;6;483
26;2025-11-05;7;1017
26;2025-11-05;8;2121
26;2025-11-05;9;1437
26;2025-11-05;10;1137
26;2025-11-05;11;993
26;2025-11-05;12;1086
26;2025-11-05;13;1122
26;2025-11-05;14;1191
26;2025-11-05;15;1265
26;2025-11-05;16;1437
26;2025-11-05;17;1700
26;2025-11-05;18;1866
26;2025-11-05;19;1267
26;2025-11-05;20;727
26;2025-11-05;21;431
26;2025-11-05;22;242
26;2025-11-05;23;107
26;2025-11-06;0;28
26;2025-11-06;1;1
26;2025-11-06;2;0
26;2025-11-06;3;0
26;2025-11-06;4;1
26;2025-11-06;5;85
26;2025-11-06;6;492
26;2025-11-06;7;1055
26;2025-11-06;8;2086
26;2025-11-06;9;1422
26;2025-11-06;10;1122
26;2025-11-06;11;1021
26;2025-11-06;12;1079
26;2025-11-06;13;1140
26;2025-11-06;14;1149
26;2025-11-06;15;1237
26;2025-11-06;16;1420
26;2025-11-06;17;1676
26;2025-11-06;18;1877
26;2025-11-06;19;1238
26;2025-11-06;20;737
26;2025-11-06;21;440
26;2025-11-06;22;245
26;2025-11-06;23;113
26;2025-11-07;0;29
26;2025-11-07;1;1
26;2025-11-07;2;0
26;2025-11-07;3;0
26;2025-11-07;4;3
26;2025-11-07;5;80
26;2025-11-07;6;496
26;2025-11-07;7;1048
26;2025-11-07;8;1956
26;2025-11-07;9;1387
26;2025-11-07;10;1137
26;2025-11-07;11;1026
26;2025-11-07;12;1098
26;2025-11-07;13;1156
26;2025-11-07;14;1176
26;2025-11-07;15;1339
26;2025-11-07;16;1629
26;2025-11-07;17;1701
26;2025-11-07;18;1389
26;2025-11-07;19;1067
26;2025-11-07;20;654
26;2025-11-07;21;422
26;2025-11-07;22;232
26;2025-11-07;23;142
26;2025-11-08;0;41
26;2025-11-08;1;2
26;2025-11-08;2;0
26;2025-11-08;3;0
26;2025-11-08;4;2
26;2025-11-08;5;50
26;2025-11-08;6;274
26;2025-11-08;7;366
26;2025-11-08;8;542
26;2025-11-08;9;647
26;2025-11-08;10;757
26;2025-11-08;11;948
26;2025-11-08;12;987
26;2025-11-08;13;1021
26;2025-11-08;14;1051
26;2025-11-08;15;983
26;2025-11-08;16;960
26;2025-11-08;17;927
26;2025-11-08;18;873
26;2025-11-08;19;799
26;2025-11-08;20;542
26;2025-11-08;21;388
26;2025-11-08;22;236
26;2025-11-08;23;151
26;2025-11-09;0;50
26;2025-11-09;1;7
26;2025-11-09;2;1
26;2025-11-09;3;0
26;2025-11-09;4;3
26;2025-11-09;5;36
26;2025-11-09;6;176
26;2025-11-09;7;271
26;2025-11-09;8;390
26;2025-11-09;9;519
26;2025-11-09;10;563
26;2025-11-09;11;767
26;2025-11-09;12;829
26;2025-11-09;13;845
26;2025-11-09;14;826
26;2025-11-09;15;777
26;2025-11-09;16;783
26;2025-11-09;17;769
26;2025-11-09;18;701
26;2025-11-09;19;540
26;2025-11-09;20;422
26;2025-11-09;21;290
26;2025-11-09;22;204
26;2025-11-09;23;111
26;2025-11-10;0;32
26;2025-11-10;1;3
26;2025-11-10;2;0
26;2025-11-10;3;0
26;2025-11-10;4;3
26;2025-11-10;5;90
26;2025-11-10;6;547
26;2025-11-10;7;1143
26;2025-11-10;8;2206
26;2025-11-10;9;1474
26;2025-11-10;10;1218
26;2025-11-10;11;1058
26;2025-11-10;12;1085
26;2025-11-10;13;1163
26;2025-11-10;14;1195
26;2025-11-10;15;1310
26;2025-11-10;16;1491
26;2025-11-10;17;1735
26;2025-11-10;18;1948
26;2025-11-10;19;1319
26;2025-11-10;20;793
26;2025-11-10;21;448
26;2025-11-10;22;230
26;2025-11-10;23;110
26;2025-11-11;0;31
26;2025-11-11;1;1
26;2025-11-11;2;0
26;2025-11-11;3;0
26;2025-11-11;4;3
26;2025-11-11;5;91
26;2025-11-11;6;573
26;2025-11-11;7;1175
26;2025-11-11;8;2254
26;2025-11-11;9;1499
26;2025-11-11;10;1214
26;2025-11-11;11;1139
26;2025-11-11;12;1163
26;2025-11-11;13;1166
26;2025-11-11;14;1220
26;2025-11-11;15;1327
26;2025-11-11;16;1537
26;2025-11-11;17;1781
26;2025-11-11;18;1977
26;2025-11-11;19;1357
26;2025-11-11;20;810
26;2025-11-11;21;471
26;2025-11-11;22;241
26;2025-11-11;23;118
26;2025-11-12;0;35
26;2025-11-12;1;1
26;2025-11-12;2;0
26;2025-11-12;3;0
26;2025-11-12;4;4
26;2025-11-12;5;95
26;2025-11-12;6;541
26;2025-11-12;7;1153
26;2025-11-12;8;2227
26;2025-11-12;9;1504
26;2025-11-12;10;1234
26;2025-11-12;11;1081
26;2025-11-12;12;1126
26;2025-11-12;13;1154
26;2025-11-12;14;1234
26;2025-11-12;15;1303
26;2025-11-12;16;1490
26;2025-11-12;17;1695
26;2025-11-12;18;1868
26;2025-11-12;19;1281
26;2025-11-12;20;799
26;2025-11-12;21;488
26;2025-11-12;22;255
26;2025-11-12;23;124
26;2025-11-13;0;37
26;2025-11-13;1;1
26;2025-11-13;2;0
26;2025-11-13;3;0
26;2025-11-13;4;2
26;2025-11-13;5;92
26;2025-11-13;6;532
26;2025-11-13;7;1144
26;2025-11-13;8;2250
26;2025-11-13;9;1527
26;2025-11-13;10;1206
26;2025-11-13;11;1140
26;2025-11-13;12;1158
26;2025-11-13;13;1221
26;2025-11-13;14;1227
26;2025-11-13;15;1341
26;2025-11-13;16;1523
26;2025-11-13;17;1757
26;2025-11-13;18;1962
26;2025-11-13;19;1306
26;2025-11-13;20;790
26;2025-11-13;21;474
26;2025-11-13;22;259
26;2025-11-13;23;122
26;2025-11-14;0;33
26;2025-11-14;1;2
26;2025-11-14;2;0
26;2025-11-14;3;0
26;2025-11-14;4;1
26;2025-11-14;5;89
26;2025-11-14;6;552
26;2025-11-14;7;1135
26;2025-11-14;8;2054
26;2025-11-14;9;1462
26;2025-11-14;10;1239
26;2025-11-14;11;1108
26;2025-11-14;12;1181
26;2025-11-14;13;1221
26;2025-11-14;14;1247
26;2025-11-14;15;1398
26;2025-11-14;16;1675
26;2025-11-14;17;1747
26;2025-11-14;18;1461
26;2025-11-14;19;1135
26;2025-11-14;20;723
26;2025-11-14;21;439
26;2025-11-14;22;245
26;2025-11-14;23;152
26;2025-11-15;0;39
26;2025-11-15;1;4
26;2025-11-15;2;0
26;2025-11-15;3;0
26;2025-11-15;4;3
26;2025-11-15;5;50
26;2025-11-15;6;266
26;2025-11-15;7;337
26;2025-11-15;8;526
26;2025-11-15;9;620
26;2025-11-15;10;712
26;2025-11-15;11;904
26;2025-11-15;12;942
26;2025-11-15;13;983
26;2025-11-15;14;1061
26;2025-11-15;15;978
26;2025-11-15;16;953
26;2025-11-15;17;899
26;2025-11-15;18;811
26;2025-11-15;19;787
26;2025-11-15;20;542
26;2025-11-15;21;350
26;2025-11-15;22;208
26;2025-11-15;23;133
26;2025-11-16;0;40
26;2025-11-16;1;2
26;2025-11-16;2;0
26;2025-11-16;3;0
26;2025-11-16;4;0
26;2025-11-16;5;24
26;2025-11-16;6;148
26;2025-11-16;7;226
26;2025-11-16;8;334
26;2025-11-16;9;496
26;2025-11-16;10;557
26;2025-11-16;11;813
26;2025-11-16;12;868
26;2025-11-16;13;872
26;2025-11-16;14;824
26;2025-11-16;15;749
26;2025-11-16;16;743
26;2025-11-16;17;715
26;2025-11-16;18;625
26;2025-11-16;19;482
26;2025-11-16;20;366
26;2025-11-16;21;246
26;2025-11-16;22;169
26;2025-11-16;23;85
26;2025-11-17;0;21
26;2025-11-17;1;0
26;2025-11-17;2;0
26;2025-11-17;3;0
26;2025-11-17;4;1
26;2025-11-17;5;78
26;2025-11-17;6;489
26;2025-11-17;7;1047
26;2025-11-17;8;2074
26;2025-11-17;9;1386
26;2025-11-17;10;1107
26;2025-11-17;11;971
26;2025-11-17;12;980
26;2025-11-17;13;1014
26;2025-11-17;14;1072
26;2025-11-17;15;1175
26;2025-11-17;16;1372
26;2025-11-17;17;1646
26;2025-11-17;18;1856
26;2025-11-17;19;1203
26;2025-11-17;20;731
26;2025-11-17;21;392
26;2025-11-17;22;196
26;2025-11-17;23;90
26;2025-11-18;0;24
26;2025-11-18;1;0
26;2025-11-18;2;0
26;2025-11-18;3;0
26;2025-11-18;4;2
26;2025-11-18;5;82
26;2025-11-18;6;537
26;2025-11-18;7;1118
26;2025-11-18;8;2220
26;2025-11-18;9;1493
26;2025-11-18;10;1152
26;2025-11-18;11;1088
26;2025-11-18;12;1118
26;2025-11-18;13;1096
26;2025-11-18;14;1152
26;2025-11-18;15;1267
26;2025-11-18;16;1495
26;2025-11-18;17;1740
26;2025-11-18;18;1938
26;2025-11-18;19;1324
26;2025-11-18;20;805
26;2025-11-18;21;454
26;2025-11-18;22;238
26;2025-11-18;23;108
26;2025-11-19;0;29
26;2025-11-19;1;3
26;2025-11-19;2;0
26;2025-11-19;3;0
26;2025-11-19;4;3
26;2025-11-19;5;87
26;2025-11-19;6;533
26;2025-11-19;7;1160
26;2025-11-19;8;2218
26;2025-11-19;9;1475
26;2025-11-19;10;1206
26;2025-11-19;11;1085
26;2025-11-19;12;1128
26;2025-11-19;13;1186
26;2025-11-19;14;1244
26;2025-11-19;15;1343
26;2025-11-19;16;1495
26;2025-11-19;17;1692
26;2025-11-19;18;1857
26;2025-11-19;19;1285
26;2025-11-19;20;784
26;2025-11-19;21;470
26;2025-11-19;22;233
26;2025-11-19;23;106
26;2025-11-20;0;33
26;2025-11-20;1;1
26;2025-11-20;2;0
26;2025-11-20;3;0
26;2025-11-20;4;1
26;2025-11-20;5;85
26;2025-11-20;6;536
26;2025-11-20;7;1155
26;2025-11-20;8;2212
26;2025-11-20;9;1523
26;2025-11-20;10;1215
26;2025-11-20;11;1163
26;2025-11-20;12;1181
26;2025-11-20;13;1242
26;2025-11-20;14;1260
26;2025-11-20;15;1364
26;2025-11-20;16;1524
26;2025-11-20;17;1745
26;2025-11-20;18;1955
26;2025-11-20;19;1292
26;2025-11-20;20;774
26;2025-11-20;21;460
26;2025-11-20;22;250
26;2025-11-20;23;116
26;2025-11-21;0;29
26;2025-11-21;1;1
26;2025-11-21;2;0
26;2025-11-21;3;0
26;2025-11-21;4;2
26;2025-11-21;5;84
26;2025-11-21;6;525
26;2025-11-21;7;1114
26;2025-11-21;8;2009
26;2025-11-21;9;1409
26;2025-11-21;10;1175
26;2025-11-21;11;1065
26;2025-11-21;12;1130
26;2025-11-21;13;1192
26;2025-11-21;14;1206
26;2025-11-21;15;1369
26;2025-11-21;16;1646
26;2025-11-21;17;1730
26;2025-11-21;18;1429
26;2025-11-21;19;1073
26;2025-11-21;20;700
26;2025-11-21;21;426
26;2025-11-21;22;221
26;2025-11-21;23;144
26;2025-11-22;0;41
26;2025-11-22;1;2
26;2025-11-22;2;0
26;2025-11-22;3;0
26;2025-11-22;4;2
26;2025-11-22;5;43
26;2025-11-22;6;254
26;2025-11-22;7;342
26;2025-11-22;8;514
26;2025-11-22;9;633
26;2025-11-22;10;748
26;2025-11-22;11;959
26;2025-11-22;12;984
26;2025-11-22;13;1021
26;2025-11-22;14;1043
26;2025-11-22;15;965
26;2025-11-22;16;930
26;2025-11-22;17;915
26;2025-11-22;18;871
26;2025-11-22;19;796
26;2025-11-22;20;544
26;2025-11-22;21;374
26;2025-11-22;22;206
26;2025-11-22;23;140
26;2025-11-23;0;47
26;2025-11-23;1;4
26;2025-11-23;2;0
26;2025-11-23;3;0
26;2025-11-23;4;1
26;2025-11-23;5;30
26;2025-11-23;6;176
26;2025-11-23;7;260
26;2025-11-23;8;381
26;2025-11-23;9;501
26;2025-11-23;10;575
26;2025-11-23;11;821
26;2025-11-23;12;899
26;2025-11-23;13;938
26;2025-11-23;14;917
26;2025-11-23;15;865
26;2025-11-23;16;840
26;2025-11-23;17;803
26;2025-11-23;18;704
26;2025-11-23;19;531
26;2025-11-23;20;400
26;2025-11-23;21;260
26;2025-11-23;22;184
26;2025-11-23;23;99
26;2025-11-24;0;23
26;2025-11-24;1;4
26;2025-11-24;2;0
26;2025-11-24;3;0
26;2025-11-24;4;2
26;2025-11-24;5;88
26;2025-11-24;6;521
26;2025-11-24;7;1090
26;2025-11-24;8;2171
26;2025-11-24;9;1489
26;2025-11-24;10;1170
26;2025-11-24;11;993
26;2025-11-24;12;1041
26;2025-11-24;13;1141
26;2025-11-24;14;1160
26;2025-11-24;15;1259
26;2025-11-24;16;1452
26;2025-11-24;17;1691
26;2025-11-24;18;1892
26;2025-11-24;19;1274
26;2025-11-24;20;773
26;2025-11-24;21;447
26;2025-11-24;22;221
26;2025-11-24;23;102
26;2025-11-25;0;29
26;2025-11-25;1;1
26;2025-11-25;2;0
26;2025-11-25;3;0
26;2025-11-25;4;1
26;2025-11-25;5;83
26;2025-11-25;6;545
26;2025-11-25;7;1134
26;2025-11-25;8;2175
26;2025-11-25;9;1477
26;2025-11-25;10;1180
26;2025-11-25;11;1113
26;2025-11-25;12;1138
26;2025-11-25;13;1146
26;2025-11-25;14;1188
26;2025-11-25;15;1314
26;2025-11-25;16;1493
26;2025-11-25;17;1713
26;2025-11-25;18;1904
26;2025-11-25;19;1305
26;2025-11-25;20;775
26;2025-11-25;21;423
26;2025-11-25;22;213
26;2025-11-25;23;107
26;2025-11-26;0;35
26;2025-11-26;1;5
26;2025-11-26;2;3
26;2025-11-26;3;1
26;2025-11-26;4;3
26;2025-11-26;5;94
26;2025-11-26;6;523
26;2025-11-26;7;1118
26;2025-11-26;8;2177
26;2025-11-26;9;1497
26;2025-11-26;10;1177
26;2025-11-26;11;1057
26;2025-11-26;12;1111
26;2025-11-26;13;1149
26;2025-11-26;14;1201
26;2025-11-26;15;1274
26;2025-11-26;16;1441
26;2025-11-26;17;1643
26;2025-11-26;18;1808
26;2025-11-26;19;1246
26;2025-11-26;20;794
26;2025-11-26;21;470
26;2025-11-26;22;233
26;2025-11-26;23;117
26;2025-11-27;0;34
26;2025-11-27;1;4
26;2025-11-27;2;3
26;2025-11-27;3;0
26;2025-11-27;4;5
26;2025-11-27;5;92
26;2025-11-27;6;545
26;2025-11-27;7;1150
26;2025-11-27;8;2132
26;2025-11-27;9;1486
26;2025-11-27;10;1150
26;2025-11-27;11;1131
26;2025-11-27;12;1154
26;2025-11-27;13;1218
26;2025-11-27;14;1206
26;2025-11-27;15;1325
26;2025-11-27;16;1494
26;2025-11-27;17;1745
26;2025-11-27;18;1932
26;2025-11-27;19;1290
26;2025-11-27;20;813
26;2025-11-27;21;497
26;2025-11-27;22;259
26;2025-11-27;23;135
26;2025-11-28;0;41
26;2025-11-28;1;9
26;2025-11-28;2;3
26;2025-11-28;3;0
26;2025-11-28;4;6
26;2025-11-28;5;89
26;2025-11-28;6;540
26;2025-11-28;7;1112
26;2025-11-28;8;2003
26;2025-11-28;9;1460
26;2025-11-28;10;1261
26;2025-11-28;11;1146
26;2025-11-28;12;1191
26;2025-11-28;13;1248
26;2025-11-28;14;1252
26;2025-11-28;15;1421
26;2025-11-28;16;1669
26;2025-11-28;17;1757
26;2025-11-28;18;1477
26;2025-11-28;19;1131
26;2025-11-28;20;762
26;2025-11-28;21;474
26;2025-11-28;22;257
26;2025-11-28;23;160
26;2025-11-29;0;49
26;2025-11-29;1;9
26;2025-11-29;2;3
26;2025-11-29;3;0
26;2025-11-29;4;5
26;2025-11-29;5;54
26;2025-11-29;6;292
26;2025-11-29;7;380
26;2025-11-29;8;576
26;2025-11-29;9;693
26;2025-11-29;10;802
26;2025-11-29;11;1013
26;2025-11-29;12;1042
26;2025-11-29;13;1055
26;2025-11-29;14;1086
26;2025-11-29;15;993
26;2025-11-29;16;965
26;2025-11-29;17;957
26;2025-11-29;18;878
26;2025-11-29;19;802
26;2025-11-29;20;549
26;2025-11-29;21;394
26;2025-11-29;22;234
26;2025-11-29;23;154
26;2025-11-30;0;51
26;2025-11-30;1;12
26;2025-11-30;2;3
26;2025-11-30;3;0
26;2025-11-30;4;5
26;2025-11-30;5;42
26;2025-11-30;6;181
26;2025-11-30;7;279
26;2025-11-30;8;398
26;2025-11-30;9;538
26;2025-11-30;10;592
26;2025-11-30;11;818
26;2025-11-30;12;868
26;2025-11-30;13;874
26;2025-11-30;14;849
26;2025-11-30;15;800
26;2025-11-30;16;803
26;2025-11-30;17;789
26;2025-11-30;18;711
26;2025-11-30;19;540
26;2025-11-30;20;455
26;2025-11-30;21;330
26;2025-11-30;22;215
26;2025-11-30;23;128
26;2025-12-01;0;34
26;2025-12-01;1;9
26;2025-12-01;2;3
26;2025-12-01;3;0
26;2025-12-01;4;5
26;2025-12-01;5;98
26;2025-12-01;6;544
26;2025-12-01;7;1134
26;2025-12-01;8;2046
26;2025-12-01;9;1456
26;2025-12-01;10;1195
26;2025-12-01;11;1056
26;2025-12-01;12;1099
26;2025-12-01;13;1186
26;2025-12-01;14;1210
26;2025-12-01;15;1307
26;2025-12-01;16;1456
26;2025-12-01;17;1676
26;2025-12-01;18;1896
26;2025-12-01;19;1318
26;2025-12-01;20;809
26;2025-12-01;21;467
26;2025-12-01;22;231
26;2025-12-01;23;118
26;2025-12-02;0;34
26;2025-12-02;1;8
26;2025-12-02;2;3
26;2025-12-02;3;0
26;2025-12-02;4;8
26;2025-12-02;5;102
26;2025-12-02;6;557
26;2025-12-02;7;1174
26;2025-12-02;8;2108
26;2025-12-02;9;1485
26;2025-12-02;10;1209
26;2025-12-02;11;1133
26;2025-12-02;12;1166
26;2025-12-02;13;1162
26;2025-12-02;14;1201
26;2025-12-02;15;1282
26;2025-12-02;16;1481
26;2025-12-02;17;1702
26;2025-12-02;18;1909
26;2025-12-02;19;1327
26;2025-12-02;20;814
26;2025-12-02;21;492
26;2025-12-02;22;248
26;2025-12-02;23;129
26;2025-12-03;0;37
26;2025-12-03;1;7
26;2025-12-03;2;3
26;2025-12-03;3;0
26;2025-12-03;4;5
26;2025-12-03;5;100
26;2025-12-03;6;542
26;2025-12-03;7;1128
26;2025-12-03;8;2176
26;2025-12-03;9;1495
26;2025-12-03;10;1255
26;2025-12-03;11;1125
26;2025-12-03;12;1174
26;2025-12-03;13;1206
26;2025-12-03;14;1263
26;2025-12-03;15;1340
26;2025-12-03;16;1483
26;2025-12-03;17;1684
26;2025-12-03;18;1867
26;2025-12-03;19;1290
26;2025-12-03;20;824
26;2025-12-03;21;524
26;2025-12-03;22;269
26;2025-12-03;23;138
26;2025-12-04;0;40
26;2025-12-04;1;5
26;2025-12-04;2;0
26;2025-12-04;3;0
26;2025-12-04;4;7
26;2025-12-04;5;101
26;2025-12-04;6;536
26;2025-12-04;7;1145
26;2025-12-04;8;2179
26;2025-12-04;9;1502
26;2025-12-04;10;1200
26;2025-12-04;11;1139
26;2025-12-04;12;1158
26;2025-12-04;13;1216
26;2025-12-04;14;1230
26;2025-12-04;15;1333
26;2025-12-04;16;1497
26;2025-12-04;17;1740
26;2025-12-04;18;1949
26;2025-12-04;19;1321
26;2025-12-04;20;828
26;2025-12-04;21;502
26;2025-12-04;22;275
26;2025-12-04;23;141
26;2025-12-05;0;40
26;2025-12-05;1;4
26;2025-12-05;2;0
26;2025-12-05;3;0
26;2025-12-05;4;6
26;2025-12-05;5;97
26;2025-12-05;6;538
26;2025-12-05;7;1101
26;2025-12-05;8;2019
26;2025-12-05;9;1444
26;2025-12-05;10;1225
26;2025-12-05;11;1105
26;2025-12-05;12;1154
26;2025-12-05;13;1215
26;2025-12-05;14;1250
26;2025-12-05;15;1395
26;2025-12-05;16;1668
26;2025-12-05;17;1747
26;2025-12-05;18;1485
26;2025-12-05;19;1151
26;2025-12-05;20;770
26;2025-12-05;21;483
26;2025-12-05;22;258
26;2025-12-05;23;160
26;2025-12-06;0;48
26;2025-12-06;1;5
26;2025-12-06;2;0
26;2025-12-06;3;0
26;2025-12-06;4;6
26;2025-12-06;5;56
26;2025-12-06;6;294
26;2025-12-06;7;385
26;2025-12-06;8;573
26;2025-12-06;9;675
26;2025-12-06;10;800
26;2025-12-06;11;980
26;2025-12-06;12;1023
26;2025-12-06;13;1043
26;2025-12-06;14;1071
26;2025-12-06;15;975
26;2025-12-06;16;948
26;2025-12-06;17;930
26;2025-12-06;18;876
26;2025-12-06;19;792
26;2025-12-06;20;552
26;2025-12-06;21;389
26;2025-12-06;22;236
26;2025-12-06;23;157
26;2025-12-07;0;50
26;2025-12-07;1;9
26;2025-12-07;2;0
26;2025-12-07;3;0
26;2025-12-07;4;5
26;2025-12-07;5;39
26;2025-12-07;6;173
26;2025-12-07;7;264
26;2025-12-07;8;396
26;2025-12-07;9;525
26;2025-12-07;10;573
26;2025-12-07;11;794
26;2025-12-07;12;845
26;2025-12-07;13;871
26;2025-12-07;14;850
26;2025-12-07;15;792
26;2025-12-07;16;786
26;2025-12-07;17;787
26;2025-12-07;18;706
26;2025-12-07;19;532
26;2025-12-07;20;436
26;2025-12-07;21;300
26;2025-12-07;22;206
26;2025-12-07;23;111
26;2025-12-08;0;31
26;2025-12-08;1;3
26;2025-12-08;2;0
26;2025-12-08;3;0
26;2025-12-08;4;4
26;2025-12-08;5;94
26;2025-12-08;6;534
26;2025-12-08;7;1133
26;2025-12-08;8;2165
26;2025-12-08;9;1481
26;2025-12-08;10;1251
26;2025-12-08;11;1079
26;2025-12-08;12;1099
26;2025-12-08;13;1168
26;2025-12-08;14;1197
26;2025-12-08;15;1304
26;2025-12-08;16;1477
26;2025-12-08;17;1708
26;2025-12-08;18;1923
26;2025-12-08;19;1310
26;2025-12-08;20;781
26;2025-12-08;21;441
26;2025-12-08;22;223
26;2025-12-08;23;103
26;2025-12-09;0;30
26;2025-12-09;1;1
26;2025-12-09;2;0
26;2025-12-09;3;1
26;2025-12-09;4;5
26;2025-12-09;5;93
26;2025-12-09;6;555
26;2025-12-09;7;1187
26;2025-12-09;8;2226
26;2025-12-09;9;1545
26;2025-12-09;10;1272
26;2025-12-09;11;1182
26;2025-12-09;12;1201
26;2025-12-09;13;1191
26;2025-12-09;14;1243
26;2025-12-09;15;1347
26;2025-12-09;16;1542
26;2025-12-09;17;1772
26;2025-12-09;18;1966
26;2025-12-09;19;1371
26;2025-12-09;20;805
26;2025-12-09;21;458
26;2025-12-09;22;242
26;2025-12-09;23;113
26;2025-12-10;0;32
26;2025-12-10;1;2
26;2025-12-10;2;0
26;2025-12-10;3;0
26;2025-12-10;4;4
26;2025-12-10;5;97
26;2025-12-10;6;512
26;2025-12-10;7;1118
26;2025-12-10;8;2214
26;2025-12-10;9;1522
26;2025-12-10;10;1243
26;2025-12-10;11;1113
26;2025-12-10;12;1156
26;2025-12-10;13;1178
26;2025-12-10;14;1253
26;2025-12-10;15;1334
26;2025-12-10;16;1492
26;2025-12-10;17;1693
26;2025-12-10;18;1855
26;2025-12-10;19;1287
26;2025-12-10;20;792
26;2025-12-10;21;471
26;2025-12-10;22;241
26;2025-12-10;23;118
26;2025-12-11;0;34
26;2025-12-11;1;1
26;2025-12-11;2;0
26;2025-12-11;3;0
26;2025-12-11;4;0
26;2025-12-11;5;83
26;2025-12-11;6;510
26;2025-12-11;7;1099
26;2025-12-11;8;2202
26;2025-12-11;9;1513
26;2025-12-11;10;1161
26;2025-12-11;11;1120
26;2025-12-11;12;1128
26;2025-12-11;13;1183
26;2025-12-11;14;1191
26;2025-12-11;15;1292
26;2025-12-11;16;1469
26;2025-12-11;17;1724
26;2025-12-11;18;1924
26;2025-12-11;19;1250
26;2025-12-11;20;774
26;2025-12-11;21;492
26;2025-12-11;22;261
26;2025-12-11;23;119
26;2025-12-12;0;32
26;2025-12-12;1;1
26;2025-12-12;2;0
26;2025-12-12;3;0
26;2025-12-12;4;0
26;2025-12-12;5;84
26;2025-12-12;6;504
26;2025-12-12;7;1067
26;2025-12-12;8;2033
26;2025-12-12;9;1410
26;2025-12-12;10;1197
26;2025-12-12;11;1075
26;2025-12-12;12;1125
26;2025-12-12;13;1165
26;2025-12-12;14;1187
26;2025-12-12;15;1324
26;2025-12-12;16;1648
26;2025-12-12;17;1746
26;2025-12-12;18;1473
26;2025-12-12;19;1139
26;2025-12-12;20;722
26;2025-12-12;21;431
26;2025-12-12;22;251
26;2025-12-12;23;143
26;2025-12-13;0;41
26;2025-12-13;1;0
26;2025-12-13;2;0
26;2025-12-13;3;0
26;2025-12-13;4;0
26;2025-12-13;5;44
26;2025-12-13;6;279
26;2025-12-13;7;374
26;2025-12-13;8;578
26;2025-12-13;9;708
26;2025-12-13;10;794
26;2025-12-13;11;985
26;2025-12-13;12;1015
26;2025-12-13;13;1018
26;2025-12-13;14;1029
26;2025-12-13;15;942
26;2025-12-13;16;922
26;2025-12-13;17;924
26;2025-12-13;18;865
26;2025-12-13;19;824
26;2025-12-13;20;552
26;2025-12-13;21;361
26;2025-12-13;22;213
26;2025-12-13;23;137
26;2025-12-14;0;43
26;2025-12-14;1;5
26;2025-12-14;2;0
26;2025-12-14;3;0
26;2025-12-14;4;0
26;2025-12-14;5;27
26;2025-12-14;6;153
26;2025-12-14;7;242
26;2025-12-14;8;367
26;2025-12-14;9;507
26;2025-12-14;10;555
26;2025-12-14;11;752
26;2025-12-14;12;815
26;2025-12-14;13;828
26;2025-12-14;14;804
26;2025-12-14;15;747
26;2025-12-14;16;763
26;2025-12-14;17;753
26;2025-12-14;18;698
26;2025-12-14;19;541
26;2025-12-14;20;406
26;2025-12-14;21;268
26;2025-12-14;22;199
26;2025-12-14;23;101
26;2025-12-15;0;31
26;2025-12-15;1;2
26;2025-12-15;2;0
26;2025-12-15;3;0
26;2025-12-15;4;1
26;2025-12-15;5;86
26;2025-12-15;6;511
26;2025-12-15;7;1101
26;2025-12-15;8;2166
26;2025-12-15;9;1461
26;2025-12-15;10;1209
26;2025-12-15;11;1056
26;2025-12-15;12;1060
26;2025-12-15;13;1140
26;2025-12-15;14;1156
26;2025-12-15;15;1276
26;2025-12-15;16;1454
26;2025-12-15;17;1687
26;2025-12-15;18;1926
26;2025-12-15;19;1298
26;2025-12-15;20;764
26;2025-12-15;21;428
26;2025-12-15;22;211
26;2025-12-15;23;100
26;2025-12-16;0;27
26;2025-12-16;1;0
26;2025-12-16;2;0
26;2025-12-16;3;0
26;2025-12-16;4;2
26;2025-12-16;5;84
26;2025-12-16;6;520
26;2025-12-16;7;1122
26;2025-12-16;8;2220
26;2025-12-16;9;1496
26;2025-12-16;10;1226
26;2025-12-16;11;1145
26;2025-12-16;12;1137
26;2025-12-16;13;1131
26;2025-12-16;14;1220
26;2025-12-16;15;1311
26;2025-12-16;16;1539
26;2025-12-16;17;1763
26;2025-12-16;18;1950
26;2025-12-16;19;1329
26;2025-12-16;20;788
26;2025-12-16;21;437
26;2025-12-16;22;224
26;2025-12-16;23;110
26;2025-12-17;0;30
26;2025-12-17;1;0
26;2025-12-17;2;0
26;2025-12-17;3;0
26;2025-12-17;4;3
26;2025-12-17;5;87
26;2025-12-17;6;503
26;2025-12-17;7;1090
26;2025-12-17;8;2210
26;2025-12-17;9;1484
26;2025-12-17;10;1200
26;2025-12-17;11;1075
26;2025-12-17;12;1121
26;2025-12-17;13;1161
26;2025-12-17;14;1219
26;2025-12-17;15;1298
26;2025-12-17;16;1488
26;2025-12-17;17;1679
26;2025-12-17;18;1836
26;2025-12-17;19;1244
26;2025-12-17;20;777
26;2025-12-17;21;464
26;2025-12-17;22;232
26;2025-12-17;23;114
26;2025-12-18;0;34
26;2025-12-18;1;0
26;2025-12-18;2;0
26;2025-12-18;3;0
26;2025-12-18;4;0
26;2025-12-18;5;84
26;2025-12-18;6;504
26;2025-12-18;7;1089
26;2025-12-18;8;2186
26;2025-12-18;9;1489
26;2025-12-18;10;1175
26;2025-12-18;11;1129
26;2025-12-18;12;1159
26;2025-12-18;13;1198
26;2025-12-18;14;1215
26;2025-12-18;15;1320
26;2025-12-18;16;1487
26;2025-12-18;17;1740
26;2025-12-18;18;1933
26;2025-12-18;19;1270
26;2025-12-18;20;770
26;2025-12-18;21;457
26;2025-12-18;22;240
26;2025-12-18;23;118
26;2025-12-19;0;32
26;2025-12-19;1;1
26;2025-12-19;2;0
26;2025-12-19;3;0
26;2025-12-19;4;1
26;2025-12-19;5;86
26;2025-12-19;6;509
26;2025-12-19;7;1070
26;2025-12-19;8;2043
26;2025-12-19;9;1421
26;2025-12-19;10;1191
26;2025-12-19;11;1099
26;2025-12-19;12;1145
26;2025-12-19;13;1194
26;2025-12-19;14;1217
26;2025-12-19;15;1353
26;2025-12-19;16;1660
26;2025-12-19;17;1746
26;2025-12-19;18;1447
26;2025-12-19;19;1106
26;2025-12-19;20;710
26;2025-12-19;21;428
26;2025-12-19;22;227
26;2025-12-19;23;147
26;2025-12-20;0;41
26;2025-12-20;1;2
26;2025-12-20;2;0
26;2025-12-20;3;0
26;2025-12-20;4;2
26;2025-12-20;5;47
26;2025-12-20;6;277
26;2025-12-20;7;371
26;2025-12-20;8;577
26;2025-12-20;9;670
26;2025-12-20;10;768
26;2025-12-20;11;970
26;2025-12-20;12;1009
26;2025-12-20;13;1015
26;2025-12-20;14;1052
26;2025-12-20;15;970
26;2025-12-20;16;911
26;2025-12-20;17;897
26;2025-12-20;18;815
26;2025-12-20;19;765
26;2025-12-20;20;524
26;2025-12-20;21;367
26;2025-12-20;22;214
26;2025-12-20;23;137
26;2025-12-21;0;39
26;2025-12-21;1;4
26;2025-12-21;2;0
26;2025-12-21;3;0
26;2025-12-21;4;1
26;2025-12-21;5;30
26;2025-12-21;6;164
26;2025-12-21;7;270
26;2025-12-21;8;400
26;2025-12-21;9;504
26;2025-12-21;10;553
26;2025-12-21;11;754
26;2025-12-21;12;806
26;2025-12-21;13;834
26;2025-12-21;14;814
26;2025-12-21;15;778
26;2025-12-21;16;770
26;2025-12-21;17;749
26;2025-12-21;18;674
26;2025-12-21;19;517
26;2025-12-21;20;415
26;2025-12-21;21;273
26;2025-12-21;22;189
26;2025-12-21;23;101
26;2025-12-22;0;30
26;2025-12-22;1;3
26;2025-12-22;2;0
26;2025-12-22;3;0
26;2025-12-22;4;2
26;2025-12-22;5;91
26;2025-12-22;6;523
26;2025-12-22;7;1113
26;2025-12-22;8;2190
26;2025-12-22;9;1473
26;2025-12-22;10;1208
26;2025-12-22;11;1052
26;2025-12-22;12;1088
26;2025-12-22;13;1160
26;2025-12-22;14;1208
26;2025-12-22;15;1315
26;2025-12-22;16;1496
26;2025-12-22;17;1714
26;2025-12-22;18;1936
26;2025-12-22;19;1308
26;2025-12-22;20;786
26;2025-12-22;21;423
26;2025-12-22;22;214
26;2025-12-22;23;98
26;2025-12-23;0;27
26;2025-12-23;1;0
26;2025-12-23;2;0
26;2025-12-23;3;1
26;2025-12-23;4;2
26;2025-12-23;5;87
26;2025-12-23;6;574
26;2025-12-23;7;1156
26;2025-12-23;8;2204
26;2025-12-23;9;1516
26;2025-12-23;10;1230
26;2025-12-23;11;1146
26;2025-12-23;12;1163
26;2025-12-23;13;1143
26;2025-12-23;14;1184
26;2025-12-23;15;1292
26;2025-12-23;16;1508
26;2025-12-23;17;1735
26;2025-12-23;18;1933
26;2025-12-23;19;1338
26;2025-12-23;20;808
26;2025-12-23;21;428
26;2025-12-23;22;220
26;2025-12-23;23;108
26;2025-12-24;0;33
26;2025-12-24;1;0
26;2025-12-24;2;0
26;2025-12-24;3;0
26;2025-12-24;4;5
26;2025-12-24;5;88
26;2025-12-24;6;516
26;2025-12-24;7;1098
26;2025-12-24;8;2192
26;2025-12-24;9;1486
26;2025-12-24;10;1216
26;2025-12-24;11;1093
26;2025-12-24;12;1152
26;2025-12-24;13;1165
26;2025-12-24;14;1211
26;2025-12-24;15;1297
26;2025-12-24;16;1473
26;2025-12-24;17;1652
26;2025-12-24;18;1833
26;2025-12-24;19;1263
26;2025-12-24;20;785
26;2025-12-24;21;459
26;2025-12-24;22;232
26;2025-12-24;23;112
26;2025-12-25;0;34
26;2025-12-25;1;0
26;2025-12-25;2;0
26;2025-12-25;3;0
26;2025-12-25;4;0
26;2025-12-25;5;85
26;2025-12-25;6;499
26;2025-12-25;7;1102
26;2025-12-25;8;2185
26;2025-12-25;9;1495
26;2025-12-25;10;1196
26;2025-12-25;11;1141
26;2025-12-25;12;1142
26;2025-12-25;13;1189
26;2025-12-25;14;1218
26;2025-12-25;15;1318
26;2025-12-25;16;1504
26;2025-12-25;17;1724
26;2025-12-25;18;1935
26;2025-12-25;19;1281
26;2025-12-25;20;775
26;2025-12-25;21;456
26;2025-12-25;22;244
26;2025-12-25;23;116
26;2025-12-26;0;31
26;2025-12-26;1;4
26;2025-12-26;2;0
26;2025-12-26;3;0
26;2025-12-26;4;1
26;2025-12-26;5;87
26;2025-12-26;6;532
26;2025-12-26;7;1098
26;2025-12-26;8;2059
26;2025-12-26;9;1501
26;2025-12-26;10;1265
26;2025-12-26;11;1099
26;2025-12-26;12;1170
26;2025-12-26;13;1240
26;2025-12-26;14;1268
26;2025-12-26;15;1405
26;2025-12-26;16;1683
26;2025-12-26;17;1767
26;2025-12-26;18;1483
26;2025-12-26;19;1145
26;2025-12-26;20;735
26;2025-12-26;21;446
26;2025-12-26;22;250
26;2025-12-26;23;143
26;2025-12-27;0;43
26;2025-12-27;1;4
26;2025-12-27;2;0
26;2025-12-27;3;0
26;2025-12-27;4;3
26;2025-12-27;5;56
26;2025-12-27;6;285
26;2025-12-27;7;380
26;2025-12-27;8;598
26;2025-12-27;9;693
26;2025-12-27;10;804
26;2025-12-27;11;1017
26;2025-12-27;12;1030
26;2025-12-27;13;1030
26;2025-12-27;14;1061
26;2025-12-27;15;989
26;2025-12-27;16;966
26;2025-12-27;17;959
26;2025-12-27;18;868
26;2025-12-27;19;796
26;2025-12-27;20;538
26;2025-12-27;21;371
26;2025-12-27;22;226
26;2025-12-27;23;149
26;2025-12-28;0;51
26;2025-12-28;1;8
26;2025-12-28;2;0
26;2025-12-28;3;1
26;2025-12-28;4;2
26;2025-12-28;5;36
26;2025-12-28;6;170
26;2025-12-28;7;276
26;2025-12-28;8;412
26;2025-12-28;9;523
26;2025-12-28;10;581
26;2025-12-28;11;785
26;2025-12-28;12;824
26;2025-12-28;13;862
26;2025-12-28;14;825
26;2025-12-28;15;798
26;2025-12-28;16;788
26;2025-12-28;17;789
26;2025-12-28;18;714
26;2025-12-28;19;547
26;2025-12-28;20;424
26;2025-12-28;21;299
26;2025-12-28;22;207
26;2025-12-28;23;110
26;2025-12-29;0;37
26;2025-12-29;1;6
26;2025-12-29;2;0
26;2025-12-29;3;1
26;2025-12-29;4;3
26;2025-12-29;5;94
26;2025-12-29;6;517
26;2025-12-29;7;1102
26;2025-12-29;8;2146
26;2025-12-29;9;1486
26;2025-12-29;10;1245
26;2025-12-29;11;1085
26;2025-12-29;12;1088
26;2025-12-29;13;1185
26;2025-12-29;14;1220
26;2025-12-29;15;1309
26;2025-12-29;16;1477
26;2025-12-29;17;1710
26;2025-12-29;18;1933
26;2025-12-29;19;1337
26;2025-12-29;20;801
26;2025-12-29;21;439
26;2025-12-29;22;236
26;2025-12-29;23;111
26;2025-12-30;0;39
26;2025-12-30;1;3
26;2025-12-30;2;0
26;2025-12-30;3;2
26;2025-12-30;4;2
26;2025-12-30;5;97
26;2025-12-30;6;517
26;2025-12-30;7;1099
26;2025-12-30;8;2184
26;2025-12-30;9;1527
26;2025-12-30;10;1241
26;2025-12-30;11;1174
26;2025-12-30;12;1182
26;2025-12-30;13;1176
26;2025-12-30;14;1231
26;2025-12-30;15;1323
26;2025-12-30;16;1520
26;2025-12-30;17;1769
26;2025-12-30;18;1934
26;2025-12-30;19;1350
26;2025-12-30;20;815
26;2025-12-30;21;440
26;2025-12-30;22;238
26;2025-12-30;23;119
26;2025-12-31;0;13
26;2025-12-31;1;0
26;2025-12-31;2;0
26;2025-12-31;3;0
26;2025-12-31;4;0
26;2025-12-31;5;33
26;2025-12-31;6;234
26;2025-12-31;7;220
26;2025-12-31;8;217
26;2025-12-31;9;336
26;2025-12-31;10;384
26;2025-12-31;11;475
26;2025-12-31;12;544
26;2025-12-31;13;550
26;2025-12-31;14;572
26;2025-12-31;15;588
26;2025-12-31;16;578
26;2025-12-31;17;545
26;2025-12-31;18;463
26;2025-12-31;19;496
26;2025-12-31;20;308
26;2025-12-31;21;316
26;2025-12-31;22;174
26;2025-12-31;23;93
28;2025-11-01;0;1
28;2025-11-01;1;0
28;2025-11-01;2;0
28;2025-11-01;3;0
28;2025-11-01;4;0
28;2025-11-01;5;39
28;2025-11-01;6;107
28;2025-11-01;7;210
28;2025-11-01;8;364
28;2025-11-01;9;448
28;2025-11-01;10;489
28;2025-11-01;11;498
28;2025-11-01;12;582
28;2025-11-01;13;597
28;2025-11-01;14;625
28;2025-11-01;15;615
28;2025-11-01;16;561
28;2025-11-01;17;574
28;2025-11-01;18;478
28;2025-11-01;19;389
28;2025-11-01;20;297
28;2025-11-01;21;277
28;2025-11-01;22;116
28;2025-11-01;23;16
28;2025-11-02;0;3
28;2025-11-02;1;0
28;2025-11-02;2;0
28;2025-11-02;3;0
28;2025-11-02;4;1
28;2025-11-02;5;28
28;2025-11-02;6;73
28;2025-11-02;7;134
28;2025-11-02;8;215
28;2025-11-02;9;260
28;2025-11-02;10;297
28;2025-11-02;11;322
28;2025-11-02;12;407
28;2025-11-02;13;406
28;2025-11-02;14;430
28;2025-11-02;15;437
28;2025-11-02;16;400
28;2025-11-02;17;391
28;2025-11-02;18;364
28;2025-11-02;19;312
28;2025-11-02;20;252
28;2025-11-02;21;231
28;2025-11-02;22;101
28;2025-11-02;23;10
28;2025-11-03;0;1
28;2025-11-03;1;0
28;2025-11-03;2;0
28;2025-11-03;3;0
28;2025-11-03;4;0
28;2025-11-03;5;48
28;2025-11-03;6;151
28;2025-11-03;7;257
28;2025-11-03;8;408
28;2025-11-03;9;321
28;2025-11-03;10;394
28;2025-11-03;11;335
28;2025-11-03;12;342
28;2025-11-03;13;382
28;2025-11-03;14;370
28;2025-11-03;15;367
28;2025-11-03;16;352
28;2025-11-03;17;404
28;2025-11-03;18;391
28;2025-11-03;19;337
28;2025-11-03;20;345
28;2025-11-03;21;232
28;2025-11-03;22;106
28;2025-11-03;23;10
28;2025-11-04;0;1
28;2025-11-04;1;1
28;2025-11-04;2;0
28;2025-11-04;3;0
28;2025-11-04;4;2
28;2025-11-04;5;46
28;2025-11-04;6;146
28;2025-11-04;7;256
28;2025-11-04;8;391
28;2025-11-04;9;337
28;2025-11-04;10;316
28;2025-11-04;11;337
28;2025-11-04;12;335
28;2025-11-04;13;379
28;2025-11-04;14;394
28;2025-11-04;15;398
28;2025-11-04;16;385
28;2025-11-04;17;423
28;2025-11-04;18;400
28;2025-11-04;19;345
28;2025-11-04;20;386
28;2025-11-04;21;256
28;2025-11-04;22;120
28;2025-11-04;23;18
28;2025-11-05;0;0
28;2025-11-05;1;0
28;2025-11-05;2;0
28;2025-11-05;3;0
28;2025-11-05;4;1
28;2025-11-05;5;81
28;2025-11-05;6;254
28;2025-11-05;7;648
28;2025-11-05;8;1112
28;2025-11-05;9;734
28;2025-11-05;10;525
28;2025-11-05;11;508
28;2025-11-05;12;554
28;2025-11-05;13;598
28;2025-11-05;14;560
28;2025-11-05;15;611
28;2025-11-05;16;783
28;2025-11-05;17;901
28;2025-11-05;18;887
28;2025-11-05;19;610
28;2025-11-05;20;441
28;2025-11-05;21;285
28;2025-11-05;22;140
28;2025-11-05;23;12
28;2025-11-06;0;0
28;2025-11-06;1;0
28;2025-11-06;2;0
28;2025-11-06;3;0
28;2025-11-06;4;1
28;2025-11-06;5;76
28;2025-11-06;6;257
28;2025-11-06;7;725
28;2025-11-06;8;1135
28;2025-11-06;9;813
28;2025-11-06;10;564
28;2025-11-06;11;489
28;2025-11-06;12;611
28;2025-11-06;13;659
28;2025-11-06;14;598
28;2025-11-06;15;610
28;2025-11-06;16;789
28;2025-11-06;17;946
28;2025-11-06;18;958
28;2025-11-06;19;679
28;2025-11-06;20;463
28;2025-11-06;21;313
28;2025-11-06;22;138
28;2025-11-06;23;13
28;2025-11-07;0;0
28;2025-11-07;1;0
28;2025-11-07;2;0
28;2025-11-07;3;0
28;2025-11-07;4;1
28;2025-11-07;5;73
28;2025-11-07;6;245
28;2025-11-07;7;714
28;2025-11-07;8;1089
28;2025-11-07;9;769
28;2025-11-07;10;531
28;2025-11-07;11;507
28;2025-11-07;12;611
28;2025-11-07;13;649
28;2025-11-07;14;622
28;2025-11-07;15;664
28;2025-11-07;16;891
28;2025-11-07;17;913
28;2025-11-07;18;770
28;2025-11-07;19;569
28;2025-11-07;20;428
28;2025-11-07;21;283
28;2025-11-07;22;139
28;2025-11-07;23;18
28;2025-11-08;0;0
28;2025-11-08;1;0
28;2025-11-08;2;0
28;2025-11-08;3;0
28;2025-11-08;4;0
28;2025-11-08;5;38
28;2025-11-08;6;100
28;2025-11-08;7;214
28;2025-11-08;8;339
28;2025-11-08;9;445
28;2025-11-08;10;442
28;2025-11-08;11;442
28;2025-11-08;12;523
28;2025-11-08;13;564
28;2025-11-08;14;569
28;2025-11-08;15;567
28;2025-11-08;16;527
28;2025-11-08;17;526
28;2025-11-08;18;454
28;2025-11-08;19;378
28;2025-11-08;20;299
28;2025-11-08;21;284
28;2025-11-08;22;134
28;2025-11-08;23;22
28;2025-11-09;0;2
28;2025-11-09;1;1
28;2025-11-09;2;0
28;2025-11-09;3;0
28;2025-11-09;4;1
28;2025-11-09;5;33
28;2025-11-09;6;85
28;2025-11-09;7;147
28;2025-11-09;8;242
28;2025-11-09;9;319
28;2025-11-09;10;354
28;2025-11-09;11;386
28;2025-11-09;12;432
28;2025-11-09;13;499
28;2025-11-09;14;486
28;2025-11-09;15;496
28;2025-11-09;16;466
28;2025-11-09;17;460
28;2025-11-09;18;400
28;2025-11-09;19;349
28;2025-11-09;20;278
28;2025-11-09;21;243
28;2025-11-09;22;109
28;2025-11-09;23;13
28;2025-11-10;0;0
28;2025-11-10;1;0
28;2025-11-10;2;0
28;2025-11-10;3;0
28;2025-11-10;4;2
28;2025-11-10;5;82
28;2025-11-10;6;277
28;2025-11-10;7;802
28;2025-11-10;8;1241
28;2025-11-10;9;910
28;2025-11-10;10;602
28;2025-11-10;11;531
28;2025-11-10;12;649
28;2025-11-10;13;681
28;2025-11-10;14;636
28;2025-11-10;15;660
28;2025-11-10;16;881
28;2025-11-10;17;992
28;2025-11-10;18;967
28;2025-11-10;19;758
28;2025-11-10;20;486
28;2025-11-10;21;298
28;2025-11-10;22;125
28;2025-11-10;23;16
28;2025-11-11;0;0
28;2025-11-11;1;0
28;2025-11-11;2;0
28;2025-11-11;3;0
28;2025-11-11;4;2
28;2025-11-11;5;82
28;2025-11-11;6;277
28;2025-11-11;7;815
28;2025-11-11;8;1248
28;2025-11-11;9;899
28;2025-11-11;10;666
28;2025-11-11;11;577
28;2025-11-11;12;662
28;2025-11-11;13;719
28;2025-11-11;14;657
28;2025-11-11;15;674
28;2025-11-11;16;837
28;2025-11-11;17;996
28;2025-11-11;18;962
28;2025-11-11;19;761
28;2025-11-11;20;528
28;2025-11-11;21;314
28;2025-11-11;22;137
28;2025-11-11;23;23
28;2025-11-12;0;0
28;2025-11-12;1;0
28;2025-11-12;2;0
28;2025-11-12;3;0
28;2025-11-12;4;1
28;2025-11-12;5;90
28;2025-11-12;6;282
28;2025-11-12;7;802
28;2025-11-12;8;1256
28;2025-11-12;9;861
28;2025-11-12;10;624
28;2025-11-12;11;576
28;2025-11-12;12;655
28;2025-11-12;13;720
28;2025-11-12;14;652
28;2025-11-12;15;703
28;2025-11-12;16;870
28;2025-11-12;17;1001
28;2025-11-12;18;967
28;2025-11-12;19;735
28;2025-11-12;20;501
28;2025-11-12;21;310
28;2025-11-12;22;150
28;2025-11-12;23;18
28;2025-11-13;0;0
28;2025-11-13;1;0
28;2025-11-13;2;0
28;2025-11-13;3;0
28;2025-11-13;4;2
28;2025-11-13;5;84
28;2025-11-13;6;268
28;2025-11-13;7;825
28;2025-11-13;8;1240
28;2025-11-13;9;898
28;2025-11-13;10;644
28;2025-11-13;11;565
28;2025-11-13;12;684
28;2025-11-13;13;727
28;2025-11-13;14;661
28;2025-11-13;15;686
28;2025-11-13;16;885
28;2025-11-13;17;1053
28;2025-11-13;18;1027
28;2025-11-13;19;752
28;2025-11-13;20;524
28;2025-11-13;21;338
28;2025-11-13;22;151
28;2025-11-13;23;17
28;2025-11-14;0;0
28;2025-11-14;1;0
28;2025-11-14;2;0
28;2025-11-14;3;0
28;2025-11-14;4;0
28;2025-11-14;5;88
28;2025-11-14;6;272
28;2025-11-14;7;816
28;2025-11-14;8;1188
28;2025-11-14;9;865
28;2025-11-14;10;628
28;2025-11-14;11;586
28;2025-11-14;12;695
28;2025-11-14;13;738
28;2025-11-14;14;697
28;2025-11-14;15;735
28;2025-11-14;16;953
28;2025-11-14;17;965
28;2025-11-14;18;846
28;2025-11-14;19;644
28;2025-11-14;20;458
28;2025-11-14;21;293
28;2025-11-14;22;154
28;2025-11-14;23;21
28;2025-11-15;0;0
28;2025-11-15;1;1
28;2025-11-15;2;0
28;2025-11-15;3;0
28;2025-11-15;4;2
28;2025-11-15;5;39
28;2025-11-15;6;102
28;2025-11-15;7;190
28;2025-11-15;8;314
28;2025-11-15;9;430
28;2025-11-15;10;430
28;2025-11-15;11;425
28;2025-11-15;12;517
28;2025-11-15;13;574
28;2025-11-15;14;579
28;2025-11-15;15;573
28;2025-11-15;16;544
28;2025-11-15;17;537
28;2025-11-15;18;443
28;2025-11-15;19;363
28;2025-11-15;20;283
28;2025-11-15;21;261
28;2025-11-15;22;131
28;2025-11-15;23;22
28;2025-11-16;0;2
28;2025-11-16;1;0
28;2025-11-16;2;0
28;2025-11-16;3;0
28;2025-11-16;4;0
28;2025-11-16;5;26
28;2025-11-16;6;72
28;2025-11-16;7;128
28;2025-11-16;8;218
28;2025-11-16;9;303
28;2025-11-16;10;341
28;2025-11-16;11;370
28;2025-11-16;12;428
28;2025-11-16;13;500
28;2025-11-16;14;479
28;2025-11-16;15;472
28;2025-11-16;16;437
28;2025-11-16;17;434
28;2025-11-16;18;363
28;2025-11-16;19;314
28;2025-11-16;20;251
28;2025-11-16;21;216
28;2025-11-16;22;100
28;2025-11-16;23;14
28;2025-11-17;0;1
28;2025-11-17;1;0
28;2025-11-17;2;0
28;2025-11-17;3;0
28;2025-11-17;4;2
28;2025-11-17;5;75
28;2025-11-17;6;255
28;2025-11-17;7;781
28;2025-11-17;8;1197
28;2025-11-17;9;890
28;2025-11-17;10;593
28;2025-11-17;11;511
28;2025-11-17;12;629
28;2025-11-17;13;646
28;2025-11-17;14;614
28;2025-11-17;15;649
28;2025-11-17;16;834
28;2025-11-17;17;955
28;2025-11-17;18;909
28;2025-11-17;19;710
28;2025-11-17;20;459
28;2025-11-17;21;268
28;2025-11-17;22;118
28;2025-11-17;23;13
28;2025-11-18;0;0
28;2025-11-18;1;0
28;2025-11-18;2;1
28;2025-11-18;3;0
28;2025-11-18;4;3
28;2025-11-18;5;84
28;2025-11-18;6;264
28;2025-11-18;7;805
28;2025-11-18;8;1247
28;2025-11-18;9;905
28;2025-11-18;10;650
28;2025-11-18;11;565
28;2025-11-18;12;656
28;2025-11-18;13;715
28;2025-11-18;14;660
28;2025-11-18;15;678
28;2025-11-18;16;818
28;2025-11-18;17;987
28;2025-11-18;18;970
28;2025-11-18;19;756
28;2025-11-18;20;519
28;2025-11-18;21;308
28;2025-11-18;22;147
28;2025-11-18;23;23
28;2025-11-19;0;0
28;2025-11-19;1;0
28;2025-11-19;2;0
28;2025-11-19;3;0
28;2025-11-19;4;3
28;2025-11-19;5;84
28;2025-11-19;6;283
28;2025-11-19;7;807
28;2025-11-19;8;1260
28;2025-11-19;9;836
28;2025-11-19;10;612
28;2025-11-19;11;567
28;2025-11-19;12;646
28;2025-11-19;13;712
28;2025-11-19;14;634
28;2025-11-19;15;690
28;2025-11-19;16;863
28;2025-11-19;17;994
28;2025-11-19;18;965
28;2025-11-19;19;718
28;2025-11-19;20;487
28;2025-11-19;21;292
28;2025-11-19;22;148
28;2025-11-19;23;18
28;2025-11-20;0;0
28;2025-11-20;1;0
28;2025-11-20;2;0
28;2025-11-20;3;0
28;2025-11-20;4;1
28;2025-11-20;5;76
28;2025-11-20;6;279
28;2025-11-20;7;839
28;2025-11-20;8;1251
28;2025-11-20;9;903
28;2025-11-20;10;629
28;2025-11-20;11;561
28;2025-11-20;12;681
28;2025-11-20;13;720
28;2025-11-20;14;650
28;2025-11-20;15;672
28;2025-11-20;16;884
28;2025-11-20;17;1043
28;2025-11-20;18;1024
28;2025-11-20;19;730
28;2025-11-20;20;508
28;2025-11-20;21;323
28;2025-11-20;22;144
28;2025-11-20;23;17
28;2025-11-21;0;0
28;2025-11-21;1;0
28;2025-11-21;2;0
28;2025-11-21;3;0
28;2025-11-21;4;2
28;2025-11-21;5;76
28;2025-11-21;6;256
28;2025-11-21;7;809
28;2025-11-21;8;1175
28;2025-11-21;9;829
28;2025-11-21;10;583
28;2025-11-21;11;540
28;2025-11-21;12;655
28;2025-11-21;13;707
28;2025-11-21;14;658
28;2025-11-21;15;704
28;2025-11-21;16;935
28;2025-11-21;17;960
28;2025-11-21;18;825
28;2025-11-21;19;608
28;2025-11-21;20;442
28;2025-11-21;21;288
28;2025-11-21;22;143
28;2025-11-21;23;20
28;2025-11-22;0;0
28;2025-11-22;1;0
28;2025-11-22;2;0
28;2025-11-22;3;0
28;2025-11-22;4;2
28;2025-11-22;5;33
28;2025-11-22;6;97
28;2025-11-22;7;204
28;2025-11-22;8;312
28;2025-11-22;9;425
28;2025-11-22;10;440
28;2025-11-22;11;441
28;2025-11-22;12;523
28;2025-11-22;13;562
28;2025-11-22;14;560
28;2025-11-22;15;544
28;2025-11-22;16;516
28;2025-11-22;17;527
28;2025-11-22;18;453
28;2025-11-22;19;374
28;2025-11-22;20;295
28;2025-11-22;21;266
28;2025-11-22;22;126
28;2025-11-22;23;24
28;2025-11-23;0;1
28;2025-11-23;1;0
28;2025-11-23;2;0
28;2025-11-23;3;0
28;2025-11-23;4;0
28;2025-11-23;5;29
28;2025-11-23;6;84
28;2025-11-23;7;144
28;2025-11-23;8;242
28;2025-11-23;9;300
28;2025-11-23;10;347
28;2025-11-23;11;380
28;2025-11-23;12;442
28;2025-11-23;13;516
28;2025-11-23;14;497
28;2025-11-23;15;499
28;2025-11-23;16;465
28;2025-11-23;17;456
28;2025-11-23;18;375
28;2025-11-23;19;322
28;2025-11-23;20;258
28;2025-11-23;21;219
28;2025-11-23;22;105
28;2025-11-23;23;13
28;2025-11-24;0;0
28;2025-11-24;1;0
28;2025-11-24;2;0
28;2025-11-24;3;0
28;2025-11-24;4;3
28;2025-11-24;5;83
28;2025-11-24;6;272
28;2025-11-24;7;800
28;2025-11-24;8;1241
28;2025-11-24;9;917
28;2025-11-24;10;618
28;2025-11-24;11;523
28;2025-11-24;12;661
28;2025-11-24;13;713
28;2025-11-24;14;642
28;2025-11-24;15;676
28;2025-11-24;16;875
28;2025-11-24;17;992
28;2025-11-24;18;962
28;2025-11-24;19;754
28;2025-11-24;20;482
28;2025-11-24;21;298
28;2025-11-24;22;130
28;2025-11-24;23;17
28;2025-11-25;0;2
28;2025-11-25;1;0
28;2025-11-25;2;0
28;2025-11-25;3;0
28;2025-11-25;4;2
28;2025-11-25;5;75
28;2025-11-25;6;268
28;2025-11-25;7;822
28;2025-11-25;8;1251
28;2025-11-25;9;903
28;2025-11-25;10;668
28;2025-11-25;11;560
28;2025-11-25;12;671
28;2025-11-25;13;726
28;2025-11-25;14;656
28;2025-11-25;15;679
28;2025-11-25;16;842
28;2025-11-25;17;1008
28;2025-11-25;18;970
28;2025-11-25;19;753
28;2025-11-25;20;508
28;2025-11-25;21;295
28;2025-11-25;22;139
28;2025-11-25;23;23
28;2025-11-26;0;1
28;2025-11-26;1;0
28;2025-11-26;2;3
28;2025-11-26;3;0
28;2025-11-26;4;7
28;2025-11-26;5;90
28;2025-11-26;6;282
28;2025-11-26;7;817
28;2025-11-26;8;1238
28;2025-11-26;9;864
28;2025-11-26;10;644
28;2025-11-26;11;579
28;2025-11-26;12;680
28;2025-11-26;13;738
28;2025-11-26;14;675
28;2025-11-26;15;717
28;2025-11-26;16;871
28;2025-11-26;17;1011
28;2025-11-26;18;956
28;2025-11-26;19;749
28;2025-11-26;20;489
28;2025-11-26;21;304
28;2025-11-26;22;154
28;2025-11-26;23;29
28;2025-11-27;0;1
28;2025-11-27;1;4
28;2025-11-27;2;3
28;2025-11-27;3;0
28;2025-11-27;4;5
28;2025-11-27;5;85
28;2025-11-27;6;290
28;2025-11-27;7;855
28;2025-11-27;8;1276
28;2025-11-27;9;907
28;2025-11-27;10;670
28;2025-11-27;11;582
28;2025-11-27;12;727
28;2025-11-27;13;765
28;2025-11-27;14;704
28;2025-11-27;15;718
28;2025-11-27;16;912
28;2025-11-27;17;1092
28;2025-11-27;18;1066
28;2025-11-27;19;774
28;2025-11-27;20;542
28;2025-11-27;21;350
28;2025-11-27;22;154
28;2025-11-27;23;27
28;2025-11-28;0;2
28;2025-11-28;1;4
28;2025-11-28;2;3
28;2025-11-28;3;0
28;2025-11-28;4;6
28;2025-11-28;5;85
28;2025-11-28;6;273
28;2025-11-28;7;823
28;2025-11-28;8;1206
28;2025-11-28;9;868
28;2025-11-28;10;627
28;2025-11-28;11;582
28;2025-11-28;12;722
28;2025-11-28;13;765
28;2025-11-28;14;724
28;2025-11-28;15;765
28;2025-11-28;16;985
28;2025-11-28;17;1016
28;2025-11-28;18;886
28;2025-11-28;19;666
28;2025-11-28;20;479
28;2025-11-28;21;320
28;2025-11-28;22;163
28;2025-11-28;23;33
28;2025-11-29;0;2
28;2025-11-29;1;5
28;2025-11-29;2;0
28;2025-11-29;3;0
28;2025-11-29;4;4
28;2025-11-29;5;43
28;2025-11-29;6;114
28;2025-11-29;7;235
28;2025-11-29;8;366
28;2025-11-29;9;469
28;2025-11-29;10;478
28;2025-11-29;11;486
28;2025-11-29;12;561
28;2025-11-29;13;603
28;2025-11-29;14;604
28;2025-11-29;15;586
28;2025-11-29;16;552
28;2025-11-29;17;562
28;2025-11-29;18;478
28;2025-11-29;19;401
28;2025-11-29;20;308
28;2025-11-29;21;285
28;2025-11-29;22;136
28;2025-11-29;23;29
28;2025-11-30;0;3
28;2025-11-30;1;5
28;2025-11-30;2;0
28;2025-11-30;3;0
28;2025-11-30;4;3
28;2025-11-30;5;40
28;2025-11-30;6;93
28;2025-11-30;7;170
28;2025-11-30;8;271
28;2025-11-30;9;351
28;2025-11-30;10;389
28;2025-11-30;11;422
28;2025-11-30;12;468
28;2025-11-30;13;528
28;2025-11-30;14;510
28;2025-11-30;15;518
28;2025-11-30;16;491
28;2025-11-30;17;477
28;2025-11-30;18;424
28;2025-11-30;19;371
28;2025-11-30;20;303
28;2025-11-30;21;259
28;2025-11-30;22;117
28;2025-11-30;23;21
28;2025-12-01;0;2
28;2025-12-01;1;3
28;2025-12-01;2;3
28;2025-12-01;3;0
28;2025-12-01;4;6
28;2025-12-01;5;93
28;2025-12-01;6;299
28;2025-12-01;7;842
28;2025-12-01;8;1257
28;2025-12-01;9;920
28;2025-12-01;10;644
28;2025-12-01;11;578
28;2025-12-01;12;706
28;2025-12-01;13;752
28;2025-12-01;14;697
28;2025-12-01;15;706
28;2025-12-01;16;909
28;2025-12-01;17;1027
28;2025-12-01;18;1025
28;2025-12-01;19;806
28;2025-12-01;20;517
28;2025-12-01;21;321
28;2025-12-01;22;139
28;2025-12-01;23;29
28;2025-12-02;0;2
28;2025-12-02;1;4
28;2025-12-02;2;3
28;2025-12-02;3;0
28;2025-12-02;4;6
28;2025-12-02;5;92
28;2025-12-02;6;300
28;2025-12-02;7;852
28;2025-12-02;8;1276
28;2025-12-02;9;917
28;2025-12-02;10;710
28;2025-12-02;11;615
28;2025-12-02;12;720
28;2025-12-02;13;777
28;2025-12-02;14;709
28;2025-12-02;15;712
28;2025-12-02;16;861
28;2025-12-02;17;1014
28;2025-12-02;18;982
28;2025-12-02;19;794
28;2025-12-02;20;558
28;2025-12-02;21;345
28;2025-12-02;22;151
28;2025-12-02;23;38
28;2025-12-03;0;2
28;2025-12-03;1;0
28;2025-12-03;2;3
28;2025-12-03;3;0
28;2025-12-03;4;5
28;2025-12-03;5;94
28;2025-12-03;6;301
28;2025-12-03;7;823
28;2025-12-03;8;1260
28;2025-12-03;9;867
28;2025-12-03;10;665
28;2025-12-03;11;618
28;2025-12-03;12;720
28;2025-12-03;13;777
28;2025-12-03;14;705
28;2025-12-03;15;751
28;2025-12-03;16;919
28;2025-12-03;17;1054
28;2025-12-03;18;1013
28;2025-12-03;19;769
28;2025-12-03;20;536
28;2025-12-03;21;338
28;2025-12-03;22;161
28;2025-12-03;23;34
28;2025-12-04;0;2
28;2025-12-04;1;1
28;2025-12-04;2;0
28;2025-12-04;3;0
28;2025-12-04;4;4
28;2025-12-04;5;94
28;2025-12-04;6;299
28;2025-12-04;7;849
28;2025-12-04;8;1259
28;2025-12-04;9;905
28;2025-12-04;10;677
28;2025-12-04;11;598
28;2025-12-04;12;724
28;2025-12-04;13;763
28;2025-12-04;14;698
28;2025-12-04;15;709
28;2025-12-04;16;895
28;2025-12-04;17;1090
28;2025-12-04;18;1081
28;2025-12-04;19;786
28;2025-12-04;20;552
28;2025-12-04;21;359
28;2025-12-04;22;157
28;2025-12-04;23;29
28;2025-12-05;0;1
28;2025-12-05;1;0
28;2025-12-05;2;0
28;2025-12-05;3;0
28;2025-12-05;4;5
28;2025-12-05;5;92
28;2025-12-05;6;277
28;2025-12-05;7;809
28;2025-12-05;8;1169
28;2025-12-05;9;842
28;2025-12-05;10;621
28;2025-12-05;11;582
28;2025-12-05;12;699
28;2025-12-05;13;753
28;2025-12-05;14;708
28;2025-12-05;15;741
28;2025-12-05;16;956
28;2025-12-05;17;998
28;2025-12-05;18;869
28;2025-12-05;19;670
28;2025-12-05;20;501
28;2025-12-05;21;327
28;2025-12-05;22;156
28;2025-12-05;23;31
28;2025-12-06;0;1
28;2025-12-06;1;1
28;2025-12-06;2;0
28;2025-12-06;3;0
28;2025-12-06;4;4
28;2025-12-06;5;45
28;2025-12-06;6;115
28;2025-12-06;7;236
28;2025-12-06;8;373
28;2025-12-06;9;474
28;2025-12-06;10;488
28;2025-12-06;11;495
28;2025-12-06;12;562
28;2025-12-06;13;605
28;2025-12-06;14;599
28;2025-12-06;15;580
28;2025-12-06;16;548
28;2025-12-06;17;547
28;2025-12-06;18;481
28;2025-12-06;19;406
28;2025-12-06;20;323
28;2025-12-06;21;292
28;2025-12-06;22;143
28;2025-12-06;23;31
28;2025-12-07;0;2
28;2025-12-07;1;0
28;2025-12-07;2;0
28;2025-12-07;3;0
28;2025-12-07;4;2
28;2025-12-07;5;35
28;2025-12-07;6;90
28;2025-12-07;7;148
28;2025-12-07;8;255
28;2025-12-07;9;336
28;2025-12-07;10;373
28;2025-12-07;11;407
28;2025-12-07;12;452
28;2025-12-07;13;513
28;2025-12-07;14;498
28;2025-12-07;15;501
28;2025-12-07;16;472
28;2025-12-07;17;472
28;2025-12-07;18;406
28;2025-12-07;19;357
28;2025-12-07;20;296
28;2025-12-07;21;249
28;2025-12-07;22;111
28;2025-12-07;23;16
28;2025-12-08;0;0
28;2025-12-08;1;0
28;2025-12-08;2;0
28;2025-12-08;3;0
28;2025-12-08;4;2
28;2025-12-08;5;82
28;2025-12-08;6;292
28;2025-12-08;7;807
28;2025-12-08;8;1251
28;2025-12-08;9;908
28;2025-12-08;10;629
28;2025-12-08;11;555
28;2025-12-08;12;682
28;2025-12-08;13;720
28;2025-12-08;14;659
28;2025-12-08;15;675
28;2025-12-08;16;881
28;2025-12-08;17;1000
28;2025-12-08;18;994
28;2025-12-08;19;777
28;2025-12-08;20;498
28;2025-12-08;21;304
28;2025-12-08;22;130
28;2025-12-08;23;14
28;2025-12-09;0;0
28;2025-12-09;1;0
28;2025-12-09;2;0
28;2025-12-09;3;0
28;2025-12-09;4;3
28;2025-12-09;5;81
28;2025-12-09;6;297
28;2025-12-09;7;837
28;2025-12-09;8;1284
28;2025-12-09;9;925
28;2025-12-09;10;705
28;2025-12-09;11;601
28;2025-12-09;12;717
28;2025-12-09;13;754
28;2025-12-09;14;693
28;2025-12-09;15;706
28;2025-12-09;16;835
28;2025-12-09;17;1005
28;2025-12-09;18;996
28;2025-12-09;19;786
28;2025-12-09;20;537
28;2025-12-09;21;320
28;2025-12-09;22;145
28;2025-12-09;23;21
28;2025-12-10;0;1
28;2025-12-10;1;0
28;2025-12-10;2;0
28;2025-12-10;3;0
28;2025-12-10;4;3
28;2025-12-10;5;92
28;2025-12-10;6;291
28;2025-12-10;7;809
28;2025-12-10;8;1259
28;2025-12-10;9;871
28;2025-12-10;10;640
28;2025-12-10;11;581
28;2025-12-10;12;686
28;2025-12-10;13;745
28;2025-12-10;14;667
28;2025-12-10;15;725
28;2025-12-10;16;881
28;2025-12-10;17;1020
28;2025-12-10;18;987
28;2025-12-10;19;758
28;2025-12-10;20;506
28;2025-12-10;21;311
28;2025-12-10;22;149
28;2025-12-10;23;17
28;2025-12-11;0;0
28;2025-12-11;1;0
28;2025-12-11;2;0
28;2025-12-11;3;0
28;2025-12-11;4;0
28;2025-12-11;5;79
28;2025-12-11;6;279
28;2025-12-11;7;824
28;2025-12-11;8;1233
28;2025-12-11;9;901
28;2025-12-11;10;670
28;2025-12-11;11;568
28;2025-12-11;12;708
28;2025-12-11;13;744
28;2025-12-11;14;677
28;2025-12-11;15;687
28;2025-12-11;16;856
28;2025-12-11;17;1035
28;2025-12-11;18;1021
28;2025-12-11;19;760
28;2025-12-11;20;527
28;2025-12-11;21;352
28;2025-12-11;22;145
28;2025-12-11;23;14
28;2025-12-12;0;0
28;2025-12-12;1;0
28;2025-12-12;2;0
28;2025-12-12;3;0
28;2025-12-12;4;0
28;2025-12-12;5;82
28;2025-12-12;6;260
28;2025-12-12;7;797
28;2025-12-12;8;1172
28;2025-12-12;9;832
28;2025-12-12;10;606
28;2025-12-12;11;563
28;2025-12-12;12;690
28;2025-12-12;13;731
28;2025-12-12;14;686
28;2025-12-12;15;709
28;2025-12-12;16;931
28;2025-12-12;17;984
28;2025-12-12;18;869
28;2025-12-12;19;671
28;2025-12-12;20;462
28;2025-12-12;21;308
28;2025-12-12;22;158
28;2025-12-12;23;24
28;2025-12-13;0;2
28;2025-12-13;1;4
28;2025-12-13;2;0
28;2025-12-13;3;0
28;2025-12-13;4;0
28;2025-12-13;5;42
28;2025-12-13;6;120
28;2025-12-13;7;232
28;2025-12-13;8;376
28;2025-12-13;9;488
28;2025-12-13;10;490
28;2025-12-13;11;476
28;2025-12-13;12;566
28;2025-12-13;13;606
28;2025-12-13;14;597
28;2025-12-13;15;575
28;2025-12-13;16;542
28;2025-12-13;17;558
28;2025-12-13;18;471
28;2025-12-13;19;411
28;2025-12-13;20;310
28;2025-12-13;21;277
28;2025-12-13;22;135
28;2025-12-13;23;22
28;2025-12-14;0;4
28;2025-12-14;1;1
28;2025-12-14;2;0
28;2025-12-14;3;0
28;2025-12-14;4;0
28;2025-12-14;5;28
28;2025-12-14;6;74
28;2025-12-14;7;137
28;2025-12-14;8;240
28;2025-12-14;9;326
28;2025-12-14;10;359
28;2025-12-14;11;379
28;2025-12-14;12;430
28;2025-12-14;13;491
28;2025-12-14;14;480
28;2025-12-14;15;471
28;2025-12-14;16;444
28;2025-12-14;17;444
28;2025-12-14;18;386
28;2025-12-14;19;350
28;2025-12-14;20;278
28;2025-12-14;21;231
28;2025-12-14;22;106
28;2025-12-14;23;11
28;2025-12-15;0;1
28;2025-12-15;1;0
28;2025-12-15;2;0
28;2025-12-15;3;0
28;2025-12-15;4;1
28;2025-12-15;5;75
28;2025-12-15;6;275
28;2025-12-15;7;788
28;2025-12-15;8;1207
28;2025-12-15;9;905
28;2025-12-15;10;623
28;2025-12-15;11;538
28;2025-12-15;12;666
28;2025-12-15;13;699
28;2025-12-15;14;643
28;2025-12-15;15;664
28;2025-12-15;16;858
28;2025-12-15;17;976
28;2025-12-15;18;969
28;2025-12-15;19;753
28;2025-12-15;20;478
28;2025-12-15;21;295
28;2025-12-15;22;122
28;2025-12-15;23;14
28;2025-12-16;0;0
28;2025-12-16;1;1
28;2025-12-16;2;0
28;2025-12-16;3;0
28;2025-12-16;4;1
28;2025-12-16;5;71
28;2025-12-16;6;265
28;2025-12-16;7;796
28;2025-12-16;8;1217
28;2025-12-16;9;885
28;2025-12-16;10;683
28;2025-12-16;11;571
28;2025-12-16;12;688
28;2025-12-16;13;738
28;2025-12-16;14;675
28;2025-12-16;15;690
28;2025-12-16;16;817
28;2025-12-16;17;972
28;2025-12-16;18;953
28;2025-12-16;19;763
28;2025-12-16;20;522
28;2025-12-16;21;303
28;2025-12-16;22;137
28;2025-12-16;23;16
28;2025-12-17;0;0
28;2025-12-17;1;0
28;2025-12-17;2;0
28;2025-12-17;3;0
28;2025-12-17;4;0
28;2025-12-17;5;85
28;2025-12-17;6;273
28;2025-12-17;7;780
28;2025-12-17;8;1232
28;2025-12-17;9;843
28;2025-12-17;10;629
28;2025-12-17;11;576
28;2025-12-17;12;669
28;2025-12-17;13;726
28;2025-12-17;14;658
28;2025-12-17;15;707
28;2025-12-17;16;857
28;2025-12-17;17;987
28;2025-12-17;18;953
28;2025-12-17;19;737
28;2025-12-17;20;499
28;2025-12-17;21;303
28;2025-12-17;22;142
28;2025-12-17;23;15
28;2025-12-18;0;0
28;2025-12-18;1;0
28;2025-12-18;2;0
28;2025-12-18;3;0
28;2025-12-18;4;0
28;2025-12-18;5;75
28;2025-12-18;6;271
28;2025-12-18;7;810
28;2025-12-18;8;1230
28;2025-12-18;9;881
28;2025-12-18;10;657
28;2025-12-18;11;566
28;2025-12-18;12;711
28;2025-12-18;13;738
28;2025-12-18;14;664
28;2025-12-18;15;684
28;2025-12-18;16;856
28;2025-12-18;17;1042
28;2025-12-18;18;1040
28;2025-12-18;19;757
28;2025-12-18;20;520
28;2025-12-18;21;330
28;2025-12-18;22;140
28;2025-12-18;23;13
28;2025-12-19;0;0
28;2025-12-19;1;0
28;2025-12-19;2;0
28;2025-12-19;3;0
28;2025-12-19;4;1
28;2025-12-19;5;80
28;2025-12-19;6;259
28;2025-12-19;7;787
28;2025-12-19;8;1139
28;2025-12-19;9;823
28;2025-12-19;10;601
28;2025-12-19;11;557
28;2025-12-19;12;694
28;2025-12-19;13;735
28;2025-12-19;14;686
28;2025-12-19;15;718
28;2025-12-19;16;932
28;2025-12-19;17;965
28;2025-12-19;18;844
28;2025-12-19;19;638
28;2025-12-19;20;453
28;2025-12-19;21;299
28;2025-12-19;22;142
28;2025-12-19;23;20
28;2025-12-20;0;0
28;2025-12-20;1;0
28;2025-12-20;2;0
28;2025-12-20;3;0
28;2025-12-20;4;1
28;2025-12-20;5;36
28;2025-12-20;6;106
28;2025-12-20;7;225
28;2025-12-20;8;365
28;2025-12-20;9;465
28;2025-12-20;10;473
28;2025-12-20;11;476
28;2025-12-20;12;552
28;2025-12-20;13;590
28;2025-12-20;14;579
28;2025-12-20;15;564
28;2025-12-20;16;529
28;2025-12-20;17;536
28;2025-12-20;18;457
28;2025-12-20;19;390
28;2025-12-20;20;302
28;2025-12-20;21;282
28;2025-12-20;22;126
28;2025-12-20;23;19
28;2025-12-21;0;1
28;2025-12-21;1;0
28;2025-12-21;2;0
28;2025-12-21;3;0
28;2025-12-21;4;0
28;2025-12-21;5;30
28;2025-12-21;6;84
28;2025-12-21;7;149
28;2025-12-21;8;253
28;2025-12-21;9;313
28;2025-12-21;10;351
28;2025-12-21;11;377
28;2025-12-21;12;421
28;2025-12-21;13;482
28;2025-12-21;14;461
28;2025-12-21;15;484
28;2025-12-21;16;452
28;2025-12-21;17;457
28;2025-12-21;18;394
28;2025-12-21;19;346
28;2025-12-21;20;277
28;2025-12-21;21;230
28;2025-12-21;22;102
28;2025-12-21;23;11
28;2025-12-22;0;0
28;2025-12-22;1;0
28;2025-12-22;2;0
28;2025-12-22;3;0
28;2025-12-22;4;2
28;2025-12-22;5;81
28;2025-12-22;6;280
28;2025-12-22;7;793
28;2025-12-22;8;1237
28;2025-12-22;9;898
28;2025-12-22;10;631
28;2025-12-22;11;543
28;2025-12-22;12;672
28;2025-12-22;13;709
28;2025-12-22;14;650
28;2025-12-22;15;684
28;2025-12-22;16;886
28;2025-12-22;17;988
28;2025-12-22;18;994
28;2025-12-22;19;766
28;2025-12-22;20;476
28;2025-12-22;21;289
28;2025-12-22;22;128
28;2025-12-22;23;18
28;2025-12-23;0;3
28;2025-12-23;1;0
28;2025-12-23;2;0
28;2025-12-23;3;0
28;2025-12-23;4;2
28;2025-12-23;5;74
28;2025-12-23;6;294
28;2025-12-23;7;818
28;2025-12-23;8;1248
28;2025-12-23;9;897
28;2025-12-23;10;681
28;2025-12-23;11;585
28;2025-12-23;12;693
28;2025-12-23;13;729
28;2025-12-23;14;658
28;2025-12-23;15;681
28;2025-12-23;16;801
28;2025-12-23;17;975
28;2025-12-23;18;969
28;2025-12-23;19;756
28;2025-12-23;20;514
28;2025-12-23;21;298
28;2025-12-23;22;131
28;2025-12-23;23;20
28;2025-12-24;0;2
28;2025-12-24;1;0
28;2025-12-24;2;0
28;2025-12-24;3;0
28;2025-12-24;4;2
28;2025-12-24;5;83
28;2025-12-24;6;278
28;2025-12-24;7;782
28;2025-12-24;8;1212
28;2025-12-24;9;850
28;2025-12-24;10;636
28;2025-12-24;11;588
28;2025-12-24;12;688
28;2025-12-24;13;735
28;2025-12-24;14;657
28;2025-12-24;15;714
28;2025-12-24;16;858
28;2025-12-24;17;994
28;2025-12-24;18;976
28;2025-12-24;19;754
28;2025-12-24;20;490
28;2025-12-24;21;300
28;2025-12-24;22;145
28;2025-12-24;23;18
28;2025-12-25;0;0
28;2025-12-25;1;0
28;2025-12-25;2;0
28;2025-12-25;3;0
28;2025-12-25;4;0
28;2025-12-25;5;75
28;2025-12-25;6;271
28;2025-12-25;7;794
28;2025-12-25;8;1218
28;2025-12-25;9;886
28;2025-12-25;10;652
28;2025-12-25;11;554
28;2025-12-25;12;691
28;2025-12-25;13;728
28;2025-12-25;14;662
28;2025-12-25;15;671
28;2025-12-25;16;863
28;2025-12-25;17;1043
28;2025-12-25;18;1039
28;2025-12-25;19;755
28;2025-12-25;20;507
28;2025-12-25;21;332
28;2025-12-25;22;144
28;2025-12-25;23;18
28;2025-12-26;0;2
28;2025-12-26;1;1
28;2025-12-26;2;0
28;2025-12-26;3;0
28;2025-12-26;4;1
28;2025-12-26;5;88
28;2025-12-26;6;276
28;2025-12-26;7;797
28;2025-12-26;8;1173
28;2025-12-26;9;873
28;2025-12-26;10;645
28;2025-12-26;11;570
28;2025-12-26;12;714
28;2025-12-26;13;755
28;2025-12-26;14;711
28;2025-12-26;15;732
28;2025-12-26;16;950
28;2025-12-26;17;980
28;2025-12-26;18;853
28;2025-12-26;19;657
28;2025-12-26;20;460
28;2025-12-26;21;313
28;2025-12-26;22;161
28;2025-12-26;23;19
28;2025-12-27;0;3
28;2025-12-27;1;2
28;2025-12-27;2;0
28;2025-12-27;3;0
28;2025-12-27;4;3
28;2025-12-27;5;47
28;2025-12-27;6;116
28;2025-12-27;7;223
28;2025-12-27;8;358
28;2025-12-27;9;464
28;2025-12-27;10;478
28;2025-12-27;11;469
28;2025-12-27;12;549
28;2025-12-27;13;584
28;2025-12-27;14;566
28;2025-12-27;15;558
28;2025-12-27;16;525
28;2025-12-27;17;532
28;2025-12-27;18;453
28;2025-12-27;19;389
28;2025-12-27;20;299
28;2025-12-27;21;277
28;2025-12-27;22;133
28;2025-12-27;23;21
28;2025-12-28;0;3
28;2025-12-28;1;1
28;2025-12-28;2;0
28;2025-12-28;3;0
28;2025-12-28;4;1
28;2025-12-28;5;30
28;2025-12-28;6;83
28;2025-12-28;7;151
28;2025-12-28;8;252
28;2025-12-28;9;336
28;2025-12-28;10;374
28;2025-12-28;11;391
28;2025-12-28;12;438
28;2025-12-28;13;504
28;2025-12-28;14;476
28;2025-12-28;15;483
28;2025-12-28;16;456
28;2025-12-28;17;451
28;2025-12-28;18;393
28;2025-12-28;19;354
28;2025-12-28;20;284
28;2025-12-28;21;245
28;2025-12-28;22;107
28;2025-12-28;23;13
28;2025-12-29;0;1
28;2025-12-29;1;0
28;2025-12-29;2;0
28;2025-12-29;3;0
28;2025-12-29;4;1
28;2025-12-29;5;81
28;2025-12-29;6;271
28;2025-12-29;7;740
28;2025-12-29;8;1152
28;2025-12-29;9;876
28;2025-12-29;10;623
28;2025-12-29;11;530
28;2025-12-29;12;661
28;2025-12-29;13;694
28;2025-12-29;14;640
28;2025-12-29;15;658
28;2025-12-29;16;843
28;2025-12-29;17;961
28;2025-12-29;18;940
28;2025-12-29;19;753
28;2025-12-29;20;486
28;2025-12-29;21;302
28;2025-12-29;22;125
28;2025-12-29;23;17
28;2025-12-30;0;1
28;2025-12-30;1;0
28;2025-12-30;2;0
28;2025-12-30;3;0
28;2025-12-30;4;0
28;2025-12-30;5;80
28;2025-12-30;6;256
28;2025-12-30;7;743
28;2025-12-30;8;1143
28;2025-12-30;9;874
28;2025-12-30;10;675
28;2025-12-30;11;574
28;2025-12-30;12;679
28;2025-12-30;13;743
28;2025-12-30;14;676
28;2025-12-30;15;695
28;2025-12-30;16;788
28;2025-12-30;17;964
28;2025-12-30;18;927
28;2025-12-30;19;741
28;2025-12-30;20;510
28;2025-12-30;21;308
28;2025-12-30;22;135
28;2025-12-30;23;14
28;2025-12-31;0;0
28;2025-12-31;1;0
28;2025-12-31;2;0
28;2025-12-31;3;0
28;2025-12-31;4;0
28;2025-12-31;5;26
28;2025-12-31;6;87
28;2025-12-31;7;145
28;2025-12-31;8;249
28;2025-12-31;9;225
28;2025-12-31;10;314
28;2025-12-31;11;323
28;2025-12-31;12;316
28;2025-12-31;13;348
28;2025-12-31;14;342
28;2025-12-31;15;396
28;2025-12-31;16;349
28;2025-12-31;17;385
28;2025-12-31;18;322
28;2025-12-31;19;282
28;2025-12-31;20;321
28;2025-12-31;21;211
28;2025-12-31;22;116
28;2025-12-31;23;11
50;2025-11-01;0;36
50;2025-11-01;1;3
50;2025-11-01;2;0
50;2025-11-01;3;0
50;2025-11-01;4;1
50;2025-11-01;5;0
50;2025-11-01;6;19
50;2025-11-01;7;112
50;2025-11-01;8;221
50;2025-11-01;9;85
50;2025-11-01;10;81
50;2025-11-01;11;119
50;2025-11-01;12;177
50;2025-11-01;13;302
50;2025-11-01;14;313
50;2025-11-01;15;196
50;2025-11-01;16;113
50;2025-11-01;17;157
50;2025-11-01;18;18
50;2025-11-01;19;29
50;2025-11-01;20;218
50;2025-11-01;21;150
50;2025-11-01;22;20
50;2025-11-01;23;22
50;2025-11-02;0;52
50;2025-11-02;1;7
50;2025-11-02;2;0
50;2025-11-02;3;0
50;2025-11-02;4;3
50;2025-11-02;5;27
50;2025-11-02;6;142
50;2025-11-02;7;236
50;2025-11-02;8;363
50;2025-11-02;9;423
50;2025-11-02;10;434
50;2025-11-02;11;594
50;2025-11-02;12;686
50;2025-11-02;13;724
50;2025-11-02;14;798
50;2025-11-02;15;728
50;2025-11-02;16;747
50;2025-11-02;17;725
50;2025-11-02;18;644
50;2025-11-02;19;512
50;2025-11-02;20;420
50;2025-11-02;21;352
50;2025-11-02;22;207
50;2025-11-02;23;113
50;2025-11-03;0;32
50;2025-11-03;1;3
50;2025-11-03;2;0
50;2025-11-03;3;0
50;2025-11-03;4;1
50;2025-11-03;5;48
50;2025-11-03;6;337
50;2025-11-03;7;423
50;2025-11-03;8;518
50;2025-11-03;9;470
50;2025-11-03;10;536
50;2025-11-03;11;585
50;2025-11-03;12;585
50;2025-11-03;13;610
50;2025-11-03;14;593
50;2025-11-03;15;553
50;2025-11-03;16;601
50;2025-11-03;17;688
50;2025-11-03;18;670
50;2025-11-03;19;675
50;2025-11-03;20;465
50;2025-11-03;21;379
50;2025-11-03;22;221
50;2025-11-03;23;126
50;2025-11-04;0;33
50;2025-11-04;1;4
50;2025-11-04;2;0
50;2025-11-04;3;0
50;2025-11-04;4;2
50;2025-11-04;5;45
50;2025-11-04;6;336
50;2025-11-04;7;410
50;2025-11-04;8;478
50;2025-11-04;9;466
50;2025-11-04;10;520
50;2025-11-04;11;546
50;2025-11-04;12;567
50;2025-11-04;13;596
50;2025-11-04;14;685
50;2025-11-04;15;642
50;2025-11-04;16;629
50;2025-11-04;17;667
50;2025-11-04;18;654
50;2025-11-04;19;668
50;2025-11-04;20;523
50;2025-11-04;21;425
50;2025-11-04;22;234
50;2025-11-04;23;147
50;2025-11-05;0;38
50;2025-11-05;1;6
50;2025-11-05;2;0
50;2025-11-05;3;0
50;2025-11-05;4;2
50;2025-11-05;5;71
50;2025-11-05;6;538
50;2025-11-05;7;1807
50;2025-11-05;8;2771
50;2025-11-05;9;2185
50;2025-11-05;10;1662
50;2025-11-05;11;1574
50;2025-11-05;12;1513
50;2025-11-05;13;1487
50;2025-11-05;14;1437
50;2025-11-05;15;1659
50;2025-11-05;16;1781
50;2025-11-05;17;2430
50;2025-11-05;18;2551
50;2025-11-05;19;1550
50;2025-11-05;20;860
50;2025-11-05;21;553
50;2025-11-05;22;310
50;2025-11-05;23;142
50;2025-11-06;0;38
50;2025-11-06;1;3
50;2025-11-06;2;0
50;2025-11-06;3;0
50;2025-11-06;4;2
50;2025-11-06;5;72
50;2025-11-06;6;542
50;2025-11-06;7;1801
50;2025-11-06;8;2718
50;2025-11-06;9;2152
50;2025-11-06;10;1629
50;2025-11-06;11;1517
50;2025-11-06;12;1447
50;2025-11-06;13;1411
50;2025-11-06;14;1376
50;2025-11-06;15;1591
50;2025-11-06;16;1716
50;2025-11-06;17;2367
50;2025-11-06;18;2585
50;2025-11-06;19;1471
50;2025-11-06;20;925
50;2025-11-06;21;649
50;2025-11-06;22;310
50;2025-11-06;23;148
50;2025-11-07;0;46
50;2025-11-07;1;6
50;2025-11-07;2;0
50;2025-11-07;3;0
50;2025-11-07;4;3
50;2025-11-07;5;68
50;2025-11-07;6;543
50;2025-11-07;7;1775
50;2025-11-07;8;2783
50;2025-11-07;9;2096
50;2025-11-07;10;1552
50;2025-11-07;11;1546
50;2025-11-07;12;1518
50;2025-11-07;13;1472
50;2025-11-07;14;1465
50;2025-11-07;15;1748
50;2025-11-07;16;2149
50;2025-11-07;17;2286
50;2025-11-07;18;1838
50;2025-11-07;19;1233
50;2025-11-07;20;804
50;2025-11-07;21;546
50;2025-11-07;22;317
50;2025-11-07;23;163
50;2025-11-08;0;62
50;2025-11-08;1;6
50;2025-11-08;2;0
50;2025-11-08;3;0
50;2025-11-08;4;0
50;2025-11-08;5;42
50;2025-11-08;6;169
50;2025-11-08;7;372
50;2025-11-08;8;557
50;2025-11-08;9;590
50;2025-11-08;10;590
50;2025-11-08;11;740
50;2025-11-08;12;737
50;2025-11-08;13;792
50;2025-11-08;14;822
50;2025-11-08;15;790
50;2025-11-08;16;758
50;2025-11-08;17;736
50;2025-11-08;18;684
50;2025-11-08;19;588
50;2025-11-08;20;463
50;2025-11-08;21;379
50;2025-11-08;22;228
50;2025-11-08;23;142
50;2025-11-09;0;54
50;2025-11-09;1;8
50;2025-11-09;2;0
50;2025-11-09;3;0
50;2025-11-09;4;2
50;2025-11-09;5;35
50;2025-11-09;6;139
50;2025-11-09;7;238
50;2025-11-09;8;371
50;2025-11-09;9;439
50;2025-11-09;10;468
50;2025-11-09;11;605
50;2025-11-09;12;686
50;2025-11-09;13;746
50;2025-11-09;14;771
50;2025-11-09;15;704
50;2025-11-09;16;720
50;2025-11-09;17;711
50;2025-11-09;18;648
50;2025-11-09;19;539
50;2025-11-09;20;437
50;2025-11-09;21;358
50;2025-11-09;22;209
50;2025-11-09;23;118
50;2025-11-10;0;39
50;2025-11-10;1;4
50;2025-11-10;2;0
50;2025-11-10;3;0
50;2025-11-10;4;4
50;2025-11-10;5;73
50;2025-11-10;6;569
50;2025-11-10;7;1856
50;2025-11-10;8;2905
50;2025-11-10;9;2285
50;2025-11-10;10;1680
50;2025-11-10;11;1583
50;2025-11-10;12;1483
50;2025-11-10;13;1495
50;2025-11-10;14;1470
50;2025-11-10;15;1698
50;2025-11-10;16;1747
50;2025-11-10;17;2462
50;2025-11-10;18;2720
50;2025-11-10;19;1552
50;2025-11-10;20;921
50;2025-11-10;21;613
50;2025-11-10;22;289
50;2025-11-10;23;140
50;2025-11-11;0;42
50;2025-11-11;1;3
50;2025-11-11;2;0
50;2025-11-11;3;0
50;2025-11-11;4;4
50;2025-11-11;5;79
50;2025-11-11;6;616
50;2025-11-11;7;1944
50;2025-11-11;8;2996
50;2025-11-11;9;2326
50;2025-11-11;10;1748
50;2025-11-11;11;1632
50;2025-11-11;12;1550
50;2025-11-11;13;1540
50;2025-11-11;14;1499
50;2025-11-11;15;1729
50;2025-11-11;16;1764
50;2025-11-11;17;2574
50;2025-11-11;18;2763
50;2025-11-11;19;1585
50;2025-11-11;20;976
50;2025-11-11;21;646
50;2025-11-11;22;301
50;2025-11-11;23;154
50;2025-11-12;0;41
50;2025-11-12;1;5
50;2025-11-12;2;0
50;2025-11-12;3;0
50;2025-11-12;4;1
50;2025-11-12;5;81
50;2025-11-12;6;586
50;2025-11-12;7;1864
50;2025-11-12;8;2896
50;2025-11-12;9;2292
50;2025-11-12;10;1746
50;2025-11-12;11;1630
50;2025-11-12;12;1567
50;2025-11-12;13;1543
50;2025-11-12;14;1512
50;2025-11-12;15;1677
50;2025-11-12;16;1814
50;2025-11-12;17;2503
50;2025-11-12;18;2655
50;2025-11-12;19;1574
50;2025-11-12;20;920
50;2025-11-12;21;643
50;2025-11-12;22;330
50;2025-11-12;23;156
50;2025-11-13;0;45
50;2025-11-13;1;2
50;2025-11-13;2;0
50;2025-11-13;3;0
50;2025-11-13;4;4
50;2025-11-13;5;79
50;2025-11-13;6;585
50;2025-11-13;7;1901
50;2025-11-13;8;2874
50;2025-11-13;9;2283
50;2025-11-13;10;1744
50;2025-11-13;11;1629
50;2025-11-13;12;1554
50;2025-11-13;13;1511
50;2025-11-13;14;1469
50;2025-11-13;15;1695
50;2025-11-13;16;1825
50;2025-11-13;17;2510
50;2025-11-13;18;2727
50;2025-11-13;19;1554
50;2025-11-13;20;988
50;2025-11-13;21;676
50;2025-11-13;22;326
50;2025-11-13;23;158
50;2025-11-14;0;50
50;2025-11-14;1;2
50;2025-11-14;2;0
50;2025-11-14;3;0
50;2025-11-14;4;2
50;2025-11-14;5;73
50;2025-11-14;6;593
50;2025-11-14;7;1848
50;2025-11-14;8;2832
50;2025-11-14;9;2173
50;2025-11-14;10;1651
50;2025-11-14;11;1658
50;2025-11-14;12;1617
50;2025-11-14;13;1554
50;2025-11-14;14;1549
50;2025-11-14;15;1833
50;2025-11-14;16;2200
50;2025-11-14;17;2337
50;2025-11-14;18;1926
50;2025-11-14;19;1305
50;2025-11-14;20;857
50;2025-11-14;21;581
50;2025-11-14;22;325
50;2025-11-14;23;168
50;2025-11-15;0;59
50;2025-11-15;1;8
50;2025-11-15;2;0
50;2025-11-15;3;1
50;2025-11-15;4;0
50;2025-11-15;5;41
50;2025-11-15;6;181
50;2025-11-15;7;370
50;2025-11-15;8;560
50;2025-11-15;9;616
50;2025-11-15;10;618
50;2025-11-15;11;782
50;2025-11-15;12;818
50;2025-11-15;13;857
50;2025-11-15;14;882
50;2025-11-15;15;859
50;2025-11-15;16;813
50;2025-11-15;17;781
50;2025-11-15;18;707
50;2025-11-15;19;641
50;2025-11-15;20;482
50;2025-11-15;21;371
50;2025-11-15;22;221
50;2025-11-15;23;138
50;2025-11-16;0;50
50;2025-11-16;1;5
50;2025-11-16;2;0
50;2025-11-16;3;0
50;2025-11-16;4;0
50;2025-11-16;5;24
50;2025-11-16;6;124
50;2025-11-16;7;222
50;2025-11-16;8;346
50;2025-11-16;9;450
50;2025-11-16;10;489
50;2025-11-16;11;654
50;2025-11-16;12;741
50;2025-11-16;13;792
50;2025-11-16;14;793
50;2025-11-16;15;721
50;2025-11-16;16;724
50;2025-11-16;17;690
50;2025-11-16;18;629
50;2025-11-16;19;519
50;2025-11-16;20;409
50;2025-11-16;21;335
50;2025-11-16;22;190
50;2025-11-16;23;106
50;2025-11-17;0;30
50;2025-11-17;1;2
50;2025-11-17;2;0
50;2025-11-17;3;0
50;2025-11-17;4;0
50;2025-11-17;5;61
50;2025-11-17;6;530
50;2025-11-17;7;1773
50;2025-11-17;8;2783
50;2025-11-17;9;2173
50;2025-11-17;10;1613
50;2025-11-17;11;1523
50;2025-11-17;12;1428
50;2025-11-17;13;1405
50;2025-11-17;14;1397
50;2025-11-17;15;1610
50;2025-11-17;16;1638
50;2025-11-17;17;2424
50;2025-11-17;18;2684
50;2025-11-17;19;1498
50;2025-11-17;20;859
50;2025-11-17;21;581
50;2025-11-17;22;255
50;2025-11-17;23;122
50;2025-11-18;0;36
50;2025-11-18;1;2
50;2025-11-18;2;1
50;2025-11-18;3;1
50;2025-11-18;4;3
50;2025-11-18;5;73
50;2025-11-18;6;598
50;2025-11-18;7;1907
50;2025-11-18;8;2917
50;2025-11-18;9;2300
50;2025-11-18;10;1694
50;2025-11-18;11;1583
50;2025-11-18;12;1511
50;2025-11-18;13;1498
50;2025-11-18;14;1457
50;2025-11-18;15;1695
50;2025-11-18;16;1718
50;2025-11-18;17;2521
50;2025-11-18;18;2730
50;2025-11-18;19;1568
50;2025-11-18;20;953
50;2025-11-18;21;612
50;2025-11-18;22;287
50;2025-11-18;23;143
50;2025-11-19;0;37
50;2025-11-19;1;8
50;2025-11-19;2;0
50;2025-11-19;3;0
50;2025-11-19;4;1
50;2025-11-19;5;76
50;2025-11-19;6;583
50;2025-11-19;7;1874
50;2025-11-19;8;2890
50;2025-11-19;9;2262
50;2025-11-19;10;1734
50;2025-11-19;11;1650
50;2025-11-19;12;1571
50;2025-11-19;13;1564
50;2025-11-19;14;1515
50;2025-11-19;15;1722
50;2025-11-19;16;1837
50;2025-11-19;17;2520
50;2025-11-19;18;2671
50;2025-11-19;19;1593
50;2025-11-19;20;908
50;2025-11-19;21;623
50;2025-11-19;22;307
50;2025-11-19;23;143
50;2025-11-20;0;42
50;2025-11-20;1;4
50;2025-11-20;2;0
50;2025-11-20;3;0
50;2025-11-20;4;1
50;2025-11-20;5;71
50;2025-11-20;6;589
50;2025-11-20;7;1900
50;2025-11-20;8;2847
50;2025-11-20;9;2276
50;2025-11-20;10;1740
50;2025-11-20;11;1654
50;2025-11-20;12;1569
50;2025-11-20;13;1522
50;2025-11-20;14;1483
50;2025-11-20;15;1710
50;2025-11-20;16;1840
50;2025-11-20;17;2505
50;2025-11-20;18;2730
50;2025-11-20;19;1545
50;2025-11-20;20;965
50;2025-11-20;21;651
50;2025-11-20;22;316
50;2025-11-20;23;152
50;2025-11-21;0;46
50;2025-11-21;1;3
50;2025-11-21;2;0
50;2025-11-21;3;0
50;2025-11-21;4;3
50;2025-11-21;5;68
50;2025-11-21;6;570
50;2025-11-21;7;1849
50;2025-11-21;8;2832
50;2025-11-21;9;2148
50;2025-11-21;10;1617
50;2025-11-21;11;1629
50;2025-11-21;12;1585
50;2025-11-21;13;1534
50;2025-11-21;14;1508
50;2025-11-21;15;1812
50;2025-11-21;16;2199
50;2025-11-21;17;2348
50;2025-11-21;18;1928
50;2025-11-21;19;1254
50;2025-11-21;20;817
50;2025-11-21;21;561
50;2025-11-21;22;311
50;2025-11-21;23;164
50;2025-11-22;0;60
50;2025-11-22;1;6
50;2025-11-22;2;0
50;2025-11-22;3;0
50;2025-11-22;4;1
50;2025-11-22;5;36
50;2025-11-22;6;169
50;2025-11-22;7;366
50;2025-11-22;8;537
50;2025-11-22;9;615
50;2025-11-22;10;623
50;2025-11-22;11;796
50;2025-11-22;12;818
50;2025-11-22;13;852
50;2025-11-22;14;859
50;2025-11-22;15;829
50;2025-11-22;16;786
50;2025-11-22;17;781
50;2025-11-22;18;711
50;2025-11-22;19;612
50;2025-11-22;20;473
50;2025-11-22;21;368
50;2025-11-22;22;212
50;2025-11-22;23;138
50;2025-11-23;0;48
50;2025-11-23;1;6
50;2025-11-23;2;0
50;2025-11-23;3;0
50;2025-11-23;4;1
50;2025-11-23;5;26
50;2025-11-23;6;138
50;2025-11-23;7;234
50;2025-11-23;8;357
50;2025-11-23;9;437
50;2025-11-23;10;483
50;2025-11-23;11;645
50;2025-11-23;12;726
50;2025-11-23;13;816
50;2025-11-23;14;834
50;2025-11-23;15;762
50;2025-11-23;16;765
50;2025-11-23;17;717
50;2025-11-23;18;646
50;2025-11-23;19;537
50;2025-11-23;20;422
50;2025-11-23;21;334
50;2025-11-23;22;197
50;2025-11-23;23;109
50;2025-11-24;0;28
50;2025-11-24;1;5
50;2025-11-24;2;1
50;2025-11-24;3;0
50;2025-11-24;4;2
50;2025-11-24;5;68
50;2025-11-24;6;559
50;2025-11-24;7;1801
50;2025-11-24;8;2825
50;2025-11-24;9;2236
50;2025-11-24;10;1630
50;2025-11-24;11;1513
50;2025-11-24;12;1432
50;2025-11-24;13;1448
50;2025-11-24;14;1414
50;2025-11-24;15;1619
50;2025-11-24;16;1662
50;2025-11-24;17;2386
50;2025-11-24;18;2653
50;2025-11-24;19;1500
50;2025-11-24;20;885
50;2025-11-24;21;593
50;2025-11-24;22;268
50;2025-11-24;23;126
50;2025-11-25;0;33
50;2025-11-25;1;3
50;2025-11-25;2;0
50;2025-11-25;3;0
50;2025-11-25;4;4
50;2025-11-25;5;69
50;2025-11-25;6;610
50;2025-11-25;7;1874
50;2025-11-25;8;2918
50;2025-11-25;9;2263
50;2025-11-25;10;1679
50;2025-11-25;11;1593
50;2025-11-25;12;1515
50;2025-11-25;13;1500
50;2025-11-25;14;1445
50;2025-11-25;15;1677
50;2025-11-25;16;1701
50;2025-11-25;17;2530
50;2025-11-25;18;2717
50;2025-11-25;19;1539
50;2025-11-25;20;918
50;2025-11-25;21;607
50;2025-11-25;22;272
50;2025-11-25;23;147
50;2025-11-26;0;36
50;2025-11-26;1;4
50;2025-11-26;2;0
50;2025-11-26;3;0
50;2025-11-26;4;2
50;2025-11-26;5;78
50;2025-11-26;6;576
50;2025-11-26;7;1796
50;2025-11-26;8;2713
50;2025-11-26;9;2131
50;2025-11-26;10;1650
50;2025-11-26;11;1546
50;2025-11-26;12;1481
50;2025-11-26;13;1477
50;2025-11-26;14;1439
50;2025-11-26;15;1600
50;2025-11-26;16;1726
50;2025-11-26;17;2329
50;2025-11-26;18;2453
50;2025-11-26;19;1511
50;2025-11-26;20;874
50;2025-11-26;21;614
50;2025-11-26;22;297
50;2025-11-26;23;146
50;2025-11-27;0;37
50;2025-11-27;1;2
50;2025-11-27;2;0
50;2025-11-27;3;0
50;2025-11-27;4;3
50;2025-11-27;5;71
50;2025-11-27;6;583
50;2025-11-27;7;1817
50;2025-11-27;8;2586
50;2025-11-27;9;2094
50;2025-11-27;10;1643
50;2025-11-27;11;1560
50;2025-11-27;12;1493
50;2025-11-27;13;1461
50;2025-11-27;14;1409
50;2025-11-27;15;1610
50;2025-11-27;16;1737
50;2025-11-27;17;2343
50;2025-11-27;18;2519
50;2025-11-27;19;1503
50;2025-11-27;20;965
50;2025-11-27;21;659
50;2025-11-27;22;314
50;2025-11-27;23;158
50;2025-11-28;0;47
50;2025-11-28;1;7
50;2025-11-28;2;0
50;2025-11-28;3;3
50;2025-11-28;4;2
50;2025-11-28;5;67
50;2025-11-28;6;571
50;2025-11-28;7;1765
50;2025-11-28;8;2590
50;2025-11-28;9;1990
50;2025-11-28;10;1570
50;2025-11-28;11;1584
50;2025-11-28;12;1542
50;2025-11-28;13;1492
50;2025-11-28;14;1464
50;2025-11-28;15;1739
50;2025-11-28;16;2060
50;2025-11-28;17;2180
50;2025-11-28;18;1839
50;2025-11-28;19;1246
50;2025-11-28;20;827
50;2025-11-28;21;567
50;2025-11-28;22;318
50;2025-11-28;23;167
50;2025-11-29;0;60
50;2025-11-29;1;6
50;2025-11-29;2;0
50;2025-11-29;3;0
50;2025-11-29;4;2
50;2025-11-29;5;38
50;2025-11-29;6;178
50;2025-11-29;7;366
50;2025-11-29;8;497
50;2025-11-29;9;622
50;2025-11-29;10;636
50;2025-11-29;11;814
50;2025-11-29;12;831
50;2025-11-29;13;875
50;2025-11-29;14;892
50;2025-11-29;15;850
50;2025-11-29;16;815
50;2025-11-29;17;819
50;2025-11-29;18;720
50;2025-11-29;19;618
50;2025-11-29;20;470
50;2025-11-29;21;377
50;2025-11-29;22;224
50;2025-11-29;23;139
50;2025-11-30;0;50
50;2025-11-30;1;5
50;2025-11-30;2;0
50;2025-11-30;3;4
50;2025-11-30;4;1
50;2025-11-30;5;30
50;2025-11-30;6;137
50;2025-11-30;7;213
50;2025-11-30;8;304
50;2025-11-30;9;429
50;2025-11-30;10;472
50;2025-11-30;11;629
50;2025-11-30;12;704
50;2025-11-30;13;771
50;2025-11-30;14;788
50;2025-11-30;15;713
50;2025-11-30;16;732
50;2025-11-30;17;718
50;2025-11-30;18;638
50;2025-11-30;19;507
50;2025-11-30;20;439
50;2025-11-30;21;354
50;2025-11-30;22;197
50;2025-11-30;23;112
50;2025-12-01;0;34
50;2025-12-01;1;4
50;2025-12-01;2;0
50;2025-12-01;3;0
50;2025-12-01;4;3
50;2025-12-01;5;69
50;2025-12-01;6;550
50;2025-12-01;7;1713
50;2025-12-01;8;2540
50;2025-12-01;9;1989
50;2025-12-01;10;1518
50;2025-12-01;11;1476
50;2025-12-01;12;1373
50;2025-12-01;13;1410
50;2025-12-01;14;1370
50;2025-12-01;15;1535
50;2025-12-01;16;1599
50;2025-12-01;17;2194
50;2025-12-01;18;2451
50;2025-12-01;19;1438
50;2025-12-01;20;872
50;2025-12-01;21;583
50;2025-12-01;22;266
50;2025-12-01;23;130
50;2025-12-02;0;36
50;2025-12-02;1;4
50;2025-12-02;2;0
50;2025-12-02;3;1
50;2025-12-02;4;2
50;2025-12-02;5;74
50;2025-12-02;6;599
50;2025-12-02;7;1801
50;2025-12-02;8;2661
50;2025-12-02;9;2066
50;2025-12-02;10;1599
50;2025-12-02;11;1512
50;2025-12-02;12;1456
50;2025-12-02;13;1450
50;2025-12-02;14;1397
50;2025-12-02;15;1581
50;2025-12-02;16;1636
50;2025-12-02;17;2310
50;2025-12-02;18;2503
50;2025-12-02;19;1468
50;2025-12-02;20;903
50;2025-12-02;21;614
50;2025-12-02;22;279
50;2025-12-02;23;143
50;2025-12-03;0;35
50;2025-12-03;1;3
50;2025-12-03;2;0
50;2025-12-03;3;0
50;2025-12-03;4;0
50;2025-12-03;5;74
50;2025-12-03;6;570
50;2025-12-03;7;1753
50;2025-12-03;8;2688
50;2025-12-03;9;2089
50;2025-12-03;10;1628
50;2025-12-03;11;1533
50;2025-12-03;12;1468
50;2025-12-03;13;1468
50;2025-12-03;14;1440
50;2025-12-03;15;1598
50;2025-12-03;16;1731
50;2025-12-03;17;2338
50;2025-12-03;18;2469
50;2025-12-03;19;1484
50;2025-12-03;20;889
50;2025-12-03;21;618
50;2025-12-03;22;313
50;2025-12-03;23;148
50;2025-12-04;0;39
50;2025-12-04;1;2
50;2025-12-04;2;0
50;2025-12-04;3;0
50;2025-12-04;4;2
50;2025-12-04;5;75
50;2025-12-04;6;576
50;2025-12-04;7;1830
50;2025-12-04;8;2681
50;2025-12-04;9;2132
50;2025-12-04;10;1654
50;2025-12-04;11;1570
50;2025-12-04;12;1477
50;2025-12-04;13;1445
50;2025-12-04;14;1419
50;2025-12-04;15;1631
50;2025-12-04;16;1752
50;2025-12-04;17;2386
50;2025-12-04;18;2570
50;2025-12-04;19;1500
50;2025-12-04;20;965
50;2025-12-04;21;658
50;2025-12-04;22;314
50;2025-12-04;23;155
50;2025-12-05;0;46
50;2025-12-05;1;2
50;2025-12-05;2;0
50;2025-12-05;3;0
50;2025-12-05;4;2
50;2025-12-05;5;71
50;2025-12-05;6;579
50;2025-12-05;7;1793
50;2025-12-05;8;2697
50;2025-12-05;9;2060
50;2025-12-05;10;1594
50;2025-12-05;11;1596
50;2025-12-05;12;1546
50;2025-12-05;13;1509
50;2025-12-05;14;1491
50;2025-12-05;15;1761
50;2025-12-05;16;2136
50;2025-12-05;17;2262
50;2025-12-05;18;1866
50;2025-12-05;19;1282
50;2025-12-05;20;846
50;2025-12-05;21;589
50;2025-12-05;22;322
50;2025-12-05;23;164
50;2025-12-06;0;64
50;2025-12-06;1;5
50;2025-12-06;2;0
50;2025-12-06;3;0
50;2025-12-06;4;1
50;2025-12-06;5;48
50;2025-12-06;6;198
50;2025-12-06;7;402
50;2025-12-06;8;556
50;2025-12-06;9;649
50;2025-12-06;10;666
50;2025-12-06;11;831
50;2025-12-06;12;839
50;2025-12-06;13;876
50;2025-12-06;14;879
50;2025-12-06;15;862
50;2025-12-06;16;818
50;2025-12-06;17;825
50;2025-12-06;18;751
50;2025-12-06;19;646
50;2025-12-06;20;492
50;2025-12-06;21;394
50;2025-12-06;22;236
50;2025-12-06;23;150
50;2025-12-07;0;51
50;2025-12-07;1;5
50;2025-12-07;2;0
50;2025-12-07;3;0
50;2025-12-07;4;0
50;2025-12-07;5;31
50;2025-12-07;6;149
50;2025-12-07;7;242
50;2025-12-07;8;372
50;2025-12-07;9;458
50;2025-12-07;10;488
50;2025-12-07;11;641
50;2025-12-07;12;719
50;2025-12-07;13;786
50;2025-12-07;14;804
50;2025-12-07;15;732
50;2025-12-07;16;743
50;2025-12-07;17;747
50;2025-12-07;18;665
50;2025-12-07;19;537
50;2025-12-07;20;452
50;2025-12-07;21;369
50;2025-12-07;22;205
50;2025-12-07;23;115
50;2025-12-08;0;35
50;2025-12-08;1;4
50;2025-12-08;2;0
50;2025-12-08;3;0
50;2025-12-08;4;4
50;2025-12-08;5;70
50;2025-12-08;6;572
50;2025-12-08;7;1860
50;2025-12-08;8;2834
50;2025-12-08;9;2227
50;2025-12-08;10;1668
50;2025-12-08;11;1570
50;2025-12-08;12;1456
50;2025-12-08;13;1474
50;2025-12-08;14;1439
50;2025-12-08;15;1656
50;2025-12-08;16;1729
50;2025-12-08;17;2402
50;2025-12-08;18;2649
50;2025-12-08;19;1539
50;2025-12-08;20;924
50;2025-12-08;21;613
50;2025-12-08;22;283
50;2025-12-08;23;134
50;2025-12-09;0;36
50;2025-12-09;1;3
50;2025-12-09;2;0
50;2025-12-09;3;0
50;2025-12-09;4;2
50;2025-12-09;5;75
50;2025-12-09;6;623
50;2025-12-09;7;1937
50;2025-12-09;8;2918
50;2025-12-09;9;2300
50;2025-12-09;10;1752
50;2025-12-09;11;1619
50;2025-12-09;12;1546
50;2025-12-09;13;1518
50;2025-12-09;14;1470
50;2025-12-09;15;1708
50;2025-12-09;16;1756
50;2025-12-09;17;2518
50;2025-12-09;18;2694
50;2025-12-09;19;1596
50;2025-12-09;20;971
50;2025-12-09;21;631
50;2025-12-09;22;292
50;2025-12-09;23;149
50;2025-12-10;0;36
50;2025-12-10;1;4
50;2025-12-10;2;0
50;2025-12-10;3;0
50;2025-12-10;4;0
50;2025-12-10;5;78
50;2025-12-10;6;585
50;2025-12-10;7;1870
50;2025-12-10;8;2885
50;2025-12-10;9;2284
50;2025-12-10;10;1740
50;2025-12-10;11;1624
50;2025-12-10;12;1547
50;2025-12-10;13;1529
50;2025-12-10;14;1486
50;2025-12-10;15;1688
50;2025-12-10;16;1828
50;2025-12-10;17;2505
50;2025-12-10;18;2605
50;2025-12-10;19;1573
50;2025-12-10;20;929
50;2025-12-10;21;630
50;2025-12-10;22;317
50;2025-12-10;23;153
50;2025-12-11;0;42
50;2025-12-11;1;2
50;2025-12-11;2;0
50;2025-12-11;3;0
50;2025-12-11;4;1
50;2025-12-11;5;72
50;2025-12-11;6;585
50;2025-12-11;7;1882
50;2025-12-11;8;2798
50;2025-12-11;9;2250
50;2025-12-11;10;1713
50;2025-12-11;11;1589
50;2025-12-11;12;1507
50;2025-12-11;13;1455
50;2025-12-11;14;1423
50;2025-12-11;15;1639
50;2025-12-11;16;1792
50;2025-12-11;17;2452
50;2025-12-11;18;2629
50;2025-12-11;19;1525
50;2025-12-11;20;965
50;2025-12-11;21;671
50;2025-12-11;22;328
50;2025-12-11;23;149
50;2025-12-12;0;42
50;2025-12-12;1;1
50;2025-12-12;2;0
50;2025-12-12;3;0
50;2025-12-12;4;0
50;2025-12-12;5;73
50;2025-12-12;6;578
50;2025-12-12;7;1838
50;2025-12-12;8;2821
50;2025-12-12;9;2152
50;2025-12-12;10;1617
50;2025-12-12;11;1622
50;2025-12-12;12;1567
50;2025-12-12;13;1502
50;2025-12-12;14;1481
50;2025-12-12;15;1750
50;2025-12-12;16;2147
50;2025-12-12;17;2319
50;2025-12-12;18;1916
50;2025-12-12;19;1294
50;2025-12-12;20;830
50;2025-12-12;21;590
50;2025-12-12;22;334
50;2025-12-12;23;161
50;2025-12-13;0;62
50;2025-12-13;1;6
50;2025-12-13;2;0
50;2025-12-13;3;1
50;2025-12-13;4;0
50;2025-12-13;5;45
50;2025-12-13;6;207
50;2025-12-13;7;424
50;2025-12-13;8;641
50;2025-12-13;9;709
50;2025-12-13;10;708
50;2025-12-13;11;837
50;2025-12-13;12;854
50;2025-12-13;13;889
50;2025-12-13;14;887
50;2025-12-13;15;867
50;2025-12-13;16;820
50;2025-12-13;17;843
50;2025-12-13;18;762
50;2025-12-13;19;696
50;2025-12-13;20;500
50;2025-12-13;21;394
50;2025-12-13;22;231
50;2025-12-13;23;147
50;2025-12-14;0;50
50;2025-12-14;1;4
50;2025-12-14;2;0
50;2025-12-14;3;0
50;2025-12-14;4;0
50;2025-12-14;5;26
50;2025-12-14;6;135
50;2025-12-14;7;236
50;2025-12-14;8;378
50;2025-12-14;9;460
50;2025-12-14;10;483
50;2025-12-14;11;636
50;2025-12-14;12;702
50;2025-12-14;13;753
50;2025-12-14;14;767
50;2025-12-14;15;707
50;2025-12-14;16;725
50;2025-12-14;17;726
50;2025-12-14;18;672
50;2025-12-14;19;551
50;2025-12-14;20;435
50;2025-12-14;21;351
50;2025-12-14;22;207
50;2025-12-14;23;112
50;2025-12-15;0;37
50;2025-12-15;1;4
50;2025-12-15;2;0
50;2025-12-15;3;0
50;2025-12-15;4;1
50;2025-12-15;5;66
50;2025-12-15;6;556
50;2025-12-15;7;1853
50;2025-12-15;8;2872
50;2025-12-15;9;2257
50;2025-12-15;10;1647
50;2025-12-15;11;1563
50;2025-12-15;12;1426
50;2025-12-15;13;1448
50;2025-12-15;14;1392
50;2025-12-15;15;1643
50;2025-12-15;16;1701
50;2025-12-15;17;2417
50;2025-12-15;18;2661
50;2025-12-15;19;1512
50;2025-12-15;20;903
50;2025-12-15;21;596
50;2025-12-15;22;272
50;2025-12-15;23;134
50;2025-12-16;0;38
50;2025-12-16;1;1
50;2025-12-16;2;0
50;2025-12-16;3;0
50;2025-12-16;4;2
50;2025-12-16;5;72
50;2025-12-16;6;599
50;2025-12-16;7;1911
50;2025-12-16;8;2953
50;2025-12-16;9;2304
50;2025-12-16;10;1737
50;2025-12-16;11;1612
50;2025-12-16;12;1529
50;2025-12-16;13;1502
50;2025-12-16;14;1471
50;2025-12-16;15;1715
50;2025-12-16;16;1747
50;2025-12-16;17;2543
50;2025-12-16;18;2689
50;2025-12-16;19;1585
50;2025-12-16;20;951
50;2025-12-16;21;626
50;2025-12-16;22;278
50;2025-12-16;23;152
50;2025-12-17;0;34
50;2025-12-17;1;4
50;2025-12-17;2;0
50;2025-12-17;3;0
50;2025-12-17;4;1
50;2025-12-17;5;72
50;2025-12-17;6;572
50;2025-12-17;7;1854
50;2025-12-17;8;2869
50;2025-12-17;9;2266
50;2025-12-17;10;1726
50;2025-12-17;11;1613
50;2025-12-17;12;1524
50;2025-12-17;13;1518
50;2025-12-17;14;1473
50;2025-12-17;15;1669
50;2025-12-17;16;1808
50;2025-12-17;17;2492
50;2025-12-17;18;2573
50;2025-12-17;19;1543
50;2025-12-17;20;895
50;2025-12-17;21;616
50;2025-12-17;22;299
50;2025-12-17;23;147
50;2025-12-18;0;38
50;2025-12-18;1;2
50;2025-12-18;2;0
50;2025-12-18;3;0
50;2025-12-18;4;1
50;2025-12-18;5;70
50;2025-12-18;6;570
50;2025-12-18;7;1860
50;2025-12-18;8;2809
50;2025-12-18;9;2243
50;2025-12-18;10;1702
50;2025-12-18;11;1593
50;2025-12-18;12;1514
50;2025-12-18;13;1457
50;2025-12-18;14;1426
50;2025-12-18;15;1654
50;2025-12-18;16;1800
50;2025-12-18;17;2486
50;2025-12-18;18;2651
50;2025-12-18;19;1520
50;2025-12-18;20;966
50;2025-12-18;21;659
50;2025-12-18;22;303
50;2025-12-18;23;155
50;2025-12-19;0;50
50;2025-12-19;1;3
50;2025-12-19;2;0
50;2025-12-19;3;0
50;2025-12-19;4;2
50;2025-12-19;5;79
50;2025-12-19;6;579
50;2025-12-19;7;1830
50;2025-12-19;8;2827
50;2025-12-19;9;2149
50;2025-12-19;10;1610
50;2025-12-19;11;1618
50;2025-12-19;12;1567
50;2025-12-19;13;1510
50;2025-12-19;14;1494
50;2025-12-19;15;1782
50;2025-12-19;16;2165
50;2025-12-19;17;2337
50;2025-12-19;18;1897
50;2025-12-19;19;1272
50;2025-12-19;20;833
50;2025-12-19;21;579
50;2025-12-19;22;310
50;2025-12-19;23;173
50;2025-12-20;0;65
50;2025-12-20;1;6
50;2025-12-20;2;0
50;2025-12-20;3;1
50;2025-12-20;4;1
50;2025-12-20;5;50
50;2025-12-20;6;201
50;2025-12-20;7;421
50;2025-12-20;8;600
50;2025-12-20;9;668
50;2025-12-20;10;667
50;2025-12-20;11;828
50;2025-12-20;12;835
50;2025-12-20;13;875
50;2025-12-20;14;877
50;2025-12-20;15;863
50;2025-12-20;16;816
50;2025-12-20;17;819
50;2025-12-20;18;735
50;2025-12-20;19;646
50;2025-12-20;20;481
50;2025-12-20;21;391
50;2025-12-20;22;230
50;2025-12-20;23;151
50;2025-12-21;0;51
50;2025-12-21;1;5
50;2025-12-21;2;0
50;2025-12-21;3;0
50;2025-12-21;4;1
50;2025-12-21;5;34
50;2025-12-21;6;152
50;2025-12-21;7;259
50;2025-12-21;8;391
50;2025-12-21;9;460
50;2025-12-21;10;481
50;2025-12-21;11;635
50;2025-12-21;12;693
50;2025-12-21;13;759
50;2025-12-21;14;778
50;2025-12-21;15;726
50;2025-12-21;16;731
50;2025-12-21;17;732
50;2025-12-21;18;655
50;2025-12-21;19;526
50;2025-12-21;20;441
50;2025-12-21;21;357
50;2025-12-21;22;201
50;2025-12-21;23;116
50;2025-12-22;0;38
50;2025-12-22;1;7
50;2025-12-22;2;1
50;2025-12-22;3;0
50;2025-12-22;4;3
50;2025-12-22;5;76
50;2025-12-22;6;565
50;2025-12-22;7;1847
50;2025-12-22;8;2864
50;2025-12-22;9;2254
50;2025-12-22;10;1684
50;2025-12-22;11;1557
50;2025-12-22;12;1440
50;2025-12-22;13;1459
50;2025-12-22;14;1422
50;2025-12-22;15;1648
50;2025-12-22;16;1729
50;2025-12-22;17;2401
50;2025-12-22;18;2638
50;2025-12-22;19;1523
50;2025-12-22;20;907
50;2025-12-22;21;598
50;2025-12-22;22;264
50;2025-12-22;23;125
50;2025-12-23;0;34
50;2025-12-23;1;2
50;2025-12-23;2;0
50;2025-12-23;3;0
50;2025-12-23;4;3
50;2025-12-23;5;72
50;2025-12-23;6;623
50;2025-12-23;7;1902
50;2025-12-23;8;2894
50;2025-12-23;9;2299
50;2025-12-23;10;1707
50;2025-12-23;11;1604
50;2025-12-23;12;1506
50;2025-12-23;13;1479
50;2025-12-23;14;1413
50;2025-12-23;15;1679
50;2025-12-23;16;1713
50;2025-12-23;17;2530
50;2025-12-23;18;2682
50;2025-12-23;19;1573
50;2025-12-23;20;971
50;2025-12-23;21;630
50;2025-12-23;22;278
50;2025-12-23;23;149
50;2025-12-24;0;42
50;2025-12-24;1;7
50;2025-12-24;2;0
50;2025-12-24;3;0
50;2025-12-24;4;3
50;2025-12-24;5;78
50;2025-12-24;6;581
50;2025-12-24;7;1835
50;2025-12-24;8;2870
50;2025-12-24;9;2259
50;2025-12-24;10;1699
50;2025-12-24;11;1605
50;2025-12-24;12;1526
50;2025-12-24;13;1498
50;2025-12-24;14;1428
50;2025-12-24;15;1643
50;2025-12-24;16;1786
50;2025-12-24;17;2481
50;2025-12-24;18;2583
50;2025-12-24;19;1537
50;2025-12-24;20;897
50;2025-12-24;21;608
50;2025-12-24;22;300
50;2025-12-24;23;152
50;2025-12-25;0;39
50;2025-12-25;1;4
50;2025-12-25;2;1
50;2025-12-25;3;0
50;2025-12-25;4;2
50;2025-12-25;5;72
50;2025-12-25;6;566
50;2025-12-25;7;1838
50;2025-12-25;8;2816
50;2025-12-25;9;2255
50;2025-12-25;10;1700
50;2025-12-25;11;1591
50;2025-12-25;12;1495
50;2025-12-25;13;1443
50;2025-12-25;14;1414
50;2025-12-25;15;1641
50;2025-12-25;16;1790
50;2025-12-25;17;2463
50;2025-12-25;18;2618
50;2025-12-25;19;1517
50;2025-12-25;20;959
50;2025-12-25;21;651
50;2025-12-25;22;299
50;2025-12-25;23;150
50;2025-12-26;0;42
50;2025-12-26;1;5
50;2025-12-26;2;0
50;2025-12-26;3;0
50;2025-12-26;4;0
50;2025-12-26;5;74
50;2025-12-26;6;576
50;2025-12-26;7;1816
50;2025-12-26;8;2773
50;2025-12-26;9;2174
50;2025-12-26;10;1652
50;2025-12-26;11;1602
50;2025-12-26;12;1562
50;2025-12-26;13;1528
50;2025-12-26;14;1521
50;2025-12-26;15;1788
50;2025-12-26;16;2177
50;2025-12-26;17;2310
50;2025-12-26;18;1897
50;2025-12-26;19;1293
50;2025-12-26;20;842
50;2025-12-26;21;586
50;2025-12-26;22;318
50;2025-12-26;23;163
50;2025-12-27;0;56
50;2025-12-27;1;7
50;2025-12-27;2;0
50;2025-12-27;3;1
50;2025-12-27;4;3
50;2025-12-27;5;33
50;2025-12-27;6;177
50;2025-12-27;7;382
50;2025-12-27;8;584
50;2025-12-27;9;644
50;2025-12-27;10;641
50;2025-12-27;11;770
50;2025-12-27;12;783
50;2025-12-27;13;817
50;2025-12-27;14;824
50;2025-12-27;15;799
50;2025-12-27;16;746
50;2025-12-27;17;773
50;2025-12-27;18;685
50;2025-12-27;19;612
50;2025-12-27;20;464
50;2025-12-27;21;366
50;2025-12-27;22;206
50;2025-12-27;23;136
50;2025-12-28;0;46
50;2025-12-28;1;7
50;2025-12-28;2;0
50;2025-12-28;3;0
50;2025-12-28;4;3
50;2025-12-28;5;21
50;2025-12-28;6;134
50;2025-12-28;7;244
50;2025-12-28;8;375
50;2025-12-28;9;459
50;2025-12-28;10;489
50;2025-12-28;11;600
50;2025-12-28;12;635
50;2025-12-28;13;694
50;2025-12-28;14;714
50;2025-12-28;15;659
50;2025-12-28;16;650
50;2025-12-28;17;659
50;2025-12-28;18;607
50;2025-12-28;19;526
50;2025-12-28;20;426
50;2025-12-28;21;352
50;2025-12-28;22;185
50;2025-12-28;23;110
50;2025-12-29;0;30
50;2025-12-29;1;5
50;2025-12-29;2;0
50;2025-12-29;3;0
50;2025-12-29;4;1
50;2025-12-29;5;73
50;2025-12-29;6;556
50;2025-12-29;7;1801
50;2025-12-29;8;2785
50;2025-12-29;9;2245
50;2025-12-29;10;1671
50;2025-12-29;11;1546
50;2025-12-29;12;1440
50;2025-12-29;13;1472
50;2025-12-29;14;1424
50;2025-12-29;15;1626
50;2025-12-29;16;1708
50;2025-12-29;17;2376
50;2025-12-29;18;2595
50;2025-12-29;19;1536
50;2025-12-29;20;914
50;2025-12-29;21;599
50;2025-12-29;22;270
50;2025-12-29;23;140
50;2025-12-30;0;37
50;2025-12-30;1;4
50;2025-12-30;2;0
50;2025-12-30;3;0
50;2025-12-30;4;0
50;2025-12-30;5;83
50;2025-12-30;6;588
50;2025-12-30;7;1870
50;2025-12-30;8;2817
50;2025-12-30;9;2300
50;2025-12-30;10;1749
50;2025-12-30;11;1594
50;2025-12-30;12;1510
50;2025-12-30;13;1507
50;2025-12-30;14;1457
50;2025-12-30;15;1674
50;2025-12-30;16;1732
50;2025-12-30;17;2469
50;2025-12-30;18;2605
50;2025-12-30;19;1551
50;2025-12-30;20;959
50;2025-12-30;21;606
50;2025-12-30;22;276
50;2025-12-30;23;154
50;2025-12-31;0;14
50;2025-12-31;1;0
50;2025-12-31;2;0
50;2025-12-31;3;0
50;2025-12-31;4;0
50;2025-12-31;5;23
50;2025-12-31;6;256
50;2025-12-31;7;220
50;2025-12-31;8;323
50;2025-12-31;9;317
50;2025-12-31;10;390
50;2025-12-31;11;513
50;2025-12-31;12;586
50;2025-12-31;13;545
50;2025-12-31;14;559
50;2025-12-31;15;592
50;2025-12-31;16;589
50;2025-12-31;17;618
50;2025-12-31;18;516
50;2025-12-31;19;486
50;2025-12-31;20;361
50;2025-12-31;21;299
50;2025-12-31;22;234
50;2025-12-31;23;123
