route;date;hour;prediction
1;2025-11-01;0;3
1;2025-11-01;1;0
1;2025-11-01;2;0
1;2025-11-01;3;0
1;2025-11-01;4;0
1;2025-11-01;5;26
1;2025-11-01;6;145
1;2025-11-01;7;279
1;2025-11-01;8;396
1;2025-11-01;9;680
1;2025-11-01;10;784
1;2025-11-01;11;728
1;2025-11-01;12;931
1;2025-11-01;13;992
1;2025-11-01;14;933
1;2025-11-01;15;783
1;2025-11-01;16;754
1;2025-11-01;17;686
1;2025-11-01;18;572
1;2025-11-01;19;512
1;2025-11-01;20;359
1;2025-11-01;21;267
1;2025-11-01;22;108
1;2025-11-01;23;27
1;2025-11-02;0;0
1;2025-11-02;1;0
1;2025-11-02;2;0
1;2025-11-02;3;0
1;2025-11-02;4;1
1;2025-11-02;5;27
1;2025-11-02;6;124
1;2025-11-02;7;214
1;2025-11-02;8;298
1;2025-11-02;9;500
1;2025-11-02;10;617
1;2025-11-02;11;588
1;2025-11-02;12;738
1;2025-11-02;13;754
1;2025-11-02;14;749
1;2025-11-02;15;697
1;2025-11-02;16;606
1;2025-11-02;17;519
1;2025-11-02;18;463
1;2025-11-02;19;407
1;2025-11-02;20;327
1;2025-11-02;21;232
1;2025-11-02;22;105
1;2025-11-02;23;27
1;2025-11-03;0;0
1;2025-11-03;1;0
1;2025-11-03;2;0
1;2025-11-03;3;0
1;2025-11-03;4;11
1;2025-11-03;5;85
1;2025-11-03;6;345
1;2025-11-03;7;477
1;2025-11-03;8;495
1;2025-11-03;9;565
1;2025-11-03;10;633
1;2025-11-03;11;635
1;2025-11-03;12;647
1;2025-11-03;13;676
1;2025-11-03;14;705
1;2025-11-03;15;672
1;2025-11-03;16;654
1;2025-11-03;17;655
1;2025-11-03;18;616
1;2025-11-03;19;614
1;2025-11-03;20;493
1;2025-11-03;21;379
1;2025-11-03;22;185
1;2025-11-03;23;40
1;2025-11-04;0;2
1;2025-11-04;1;0
1;2025-11-04;2;0
1;2025-11-04;3;2
1;2025-11-04;4;13
1;2025-11-04;5;78
1;2025-11-04;6;337
1;2025-11-04;7;439
1;2025-11-04;8;448
1;2025-11-04;9;485
1;2025-11-04;10;543
1;2025-11-04;11;558
1;2025-11-04;12;593
1;2025-11-04;13;658
1;2025-11-04;14;718
1;2025-11-04;15;707
1;2025-11-04;16;629
1;2025-11-04;17;593
1;2025-11-04;18;529
1;2025-11-04;19;565
1;2025-11-04;20;486
1;2025-11-04;21;376
1;2025-11-04;22;181
1;2025-11-04;23;40
1;2025-11-05;0;6
1;2025-11-05;1;0
1;2025-11-05;2;0
1;2025-11-05;3;0
1;2025-11-05;4;7
1;2025-11-05;5;129
1;2025-11-05;6;514
1;2025-11-05;7;1353
1;2025-11-05;8;1808
1;2025-11-05;9;1339
1;2025-11-05;10;1206
1;2025-11-05;11;1256
1;2025-11-05;12;1292
1;2025-11-05;13;1359
1;2025-11-05;14;1291
1;2025-11-05;15;1429
1;2025-11-05;16;1406
1;2025-11-05;17;1675
1;2025-11-05;18;1699
1;2025-11-05;19;1274
1;2025-11-05;20;833
1;2025-11-05;21;443
1;2025-11-05;22;219
1;2025-11-05;23;39
1;2025-11-06;0;5
1;2025-11-06;1;0
1;2025-11-06;2;0
1;2025-11-06;3;0
1;2025-11-06;4;7
1;2025-11-06;5;123
1;2025-11-06;6;504
1;2025-11-06;7;1400
1;2025-11-06;8;1827
1;2025-11-06;9;1378
1;2025-11-06;10;1245
1;2025-11-06;11;1294
1;2025-11-06;12;1351
1;2025-11-06;13;1361
1;2025-11-06;14;1307
1;2025-11-06;15;1459
1;2025-11-06;16;1467
1;2025-11-06;17;1711
1;2025-11-06;18;1690
1;2025-11-06;19;1263
1;2025-11-06;20;815
1;2025-11-06;21;465
1;2025-11-06;22;216
1;2025-11-06;23;47
1;2025-11-07;0;6
1;2025-11-07;1;0
1;2025-11-07;2;0
1;2025-11-07;3;0
1;2025-11-07;4;8
1;2025-11-07;5;134
1;2025-11-07;6;482
1;2025-11-07;7;1387
1;2025-11-07;8;1735
1;2025-11-07;9;1340
1;2025-11-07;10;1200
1;2025-11-07;11;1285
1;2025-11-07;12;1297
1;2025-11-07;13;1345
1;2025-11-07;14;1282
1;2025-11-07;15;1482
1;2025-11-07;16;1543
1;2025-11-07;17;1693
1;2025-11-07;18;1470
1;2025-11-07;19;1088
1;2025-11-07;20;759
1;2025-11-07;21;463
1;2025-11-07;22;222
1;2025-11-07;23;50
1;2025-11-08;0;8
1;2025-11-08;1;0
1;2025-11-08;2;0
1;2025-11-08;3;0
1;2025-11-08;4;1
1;2025-11-08;5;34
1;2025-11-08;6;163
1;2025-11-08;7;290
1;2025-11-08;8;402
1;2025-11-08;9;688
1;2025-11-08;10;747
1;2025-11-08;11;710
1;2025-11-08;12;872
1;2025-11-08;13;937
1;2025-11-08;14;856
1;2025-11-08;15;753
1;2025-11-08;16;723
1;2025-11-08;17;653
1;2025-11-08;18;572
1;2025-11-08;19;501
1;2025-11-08;20;353
1;2025-11-08;21;269
1;2025-11-08;22;136
1;2025-11-08;23;31
1;2025-11-09;0;3
1;2025-11-09;1;0
1;2025-11-09;2;0
1;2025-11-09;3;0
1;2025-11-09;4;1
1;2025-11-09;5;24
1;2025-11-09;6;131
1;2025-11-09;7;224
1;2025-11-09;8;313
1;2025-11-09;9;540
1;2025-11-09;10;653
1;2025-11-09;11;628
1;2025-11-09;12;783
1;2025-11-09;13;807
1;2025-11-09;14;729
1;2025-11-09;15;675
1;2025-11-09;16;594
1;2025-11-09;17;540
1;2025-11-09;18;489
1;2025-11-09;19;419
1;2025-11-09;20;323
1;2025-11-09;21;232
1;2025-11-09;22;108
1;2025-11-09;23;28
1;2025-11-10;0;2
1;2025-11-10;1;0
1;2025-11-10;2;0
1;2025-11-10;3;0
1;2025-11-10;4;8
1;2025-11-10;5;132
1;2025-11-10;6;525
1;2025-11-10;7;1396
1;2025-11-10;8;1805
1;2025-11-10;9;1303
1;2025-11-10;10;1148
1;2025-11-10;11;1230
1;2025-11-10;12;1280
1;2025-11-10;13;1297
1;2025-11-10;14;1233
1;2025-11-10;15;1400
1;2025-11-10;16;1436
1;2025-11-10;17;1690
1;2025-11-10;18;1740
1;2025-11-10;19;1297
1;2025-11-10;20;831
1;2025-11-10;21;455
1;2025-11-10;22;206
1;2025-11-10;23;38
1;2025-11-11;0;4
1;2025-11-11;1;0
1;2025-11-11;2;0
1;2025-11-11;3;0
1;2025-11-11;4;3
1;2025-11-11;5;129
1;2025-11-11;6;537
1;2025-11-11;7;1465
1;2025-11-11;8;1834
1;2025-11-11;9;1381
1;2025-11-11;10;1244
1;2025-11-11;11;1276
1;2025-11-11;12;1298
1;2025-11-11;13;1332
1;2025-11-11;14;1245
1;2025-11-11;15;1392
1;2025-11-11;16;1390
1;2025-11-11;17;1647
1;2025-11-11;18;1686
1;2025-11-11;19;1292
1;2025-11-11;20;848
1;2025-11-11;21;477
1;2025-11-11;22;216
1;2025-11-11;23;42
1;2025-11-12;0;4
1;2025-11-12;1;0
1;2025-11-12;2;0
1;2025-11-12;3;0
1;2025-11-12;4;9
1;2025-11-12;5;132
1;2025-11-12;6;544
1;2025-11-12;7;1407
1;2025-11-12;8;1850
1;2025-11-12;9;1390
1;2025-11-12;10;1253
1;2025-11-12;11;1293
1;2025-11-12;12;1315
1;2025-11-12;13;1365
1;2025-11-12;14;1317
1;2025-11-12;15;1441
1;2025-11-12;16;1408
1;2025-11-12;17;1681
1;2025-11-12;18;1703
1;2025-11-12;19;1277
1;2025-11-12;20;841
1;2025-11-12;21;464
1;2025-11-12;22;220
1;2025-11-12;23;41
1;2025-11-13;0;4
1;2025-11-13;1;0
1;2025-11-13;2;0
1;2025-11-13;3;0
1;2025-11-13;4;6
1;2025-11-13;5;123
1;2025-11-13;6;513
1;2025-11-13;7;1428
1;2025-11-13;8;1841
1;2025-11-13;9;1392
1;2025-11-13;10;1256
1;2025-11-13;11;1319
1;2025-11-13;12;1357
1;2025-11-13;13;1372
1;2025-11-13;14;1330
1;2025-11-13;15;1486
1;2025-11-13;16;1486
1;2025-11-13;17;1739
1;2025-11-13;18;1712
1;2025-11-13;19;1285
1;2025-11-13;20;845
1;2025-11-13;21;478
1;2025-11-13;22;218
1;2025-11-13;23;49
1;2025-11-14;0;5
1;2025-11-14;1;0
1;2025-11-14;2;0
1;2025-11-14;3;0
1;2025-11-14;4;0
1;2025-11-14;5;131
1;2025-11-14;6;504
1;2025-11-14;7;1406
1;2025-11-14;8;1734
1;2025-11-14;9;1360
1;2025-11-14;10;1213
1;2025-11-14;11;1320
1;2025-11-14;12;1329
1;2025-11-14;13;1348
1;2025-11-14;14;1298
1;2025-11-14;15;1481
1;2025-11-14;16;1544
1;2025-11-14;17;1686
1;2025-11-14;18;1486
1;2025-11-14;19;1106
1;2025-11-14;20;779
1;2025-11-14;21;470
1;2025-11-14;22;219
1;2025-11-14;23;53
1;2025-11-15;0;3
1;2025-11-15;1;0
1;2025-11-15;2;0
1;2025-11-15;3;0
1;2025-11-15;4;0
1;2025-11-15;5;32
1;2025-11-15;6;162
1;2025-11-15;7;272
1;2025-11-15;8;389
1;2025-11-15;9;664
1;2025-11-15;10;709
1;2025-11-15;11;710
1;2025-11-15;12;868
1;2025-11-15;13;938
1;2025-11-15;14;884
1;2025-11-15;15;781
1;2025-11-15;16;750
1;2025-11-15;17;677
1;2025-11-15;18;582
1;2025-11-15;19;524
1;2025-11-15;20;369
1;2025-11-15;21;276
1;2025-11-15;22;140
1;2025-11-15;23;33
1;2025-11-16;0;0
1;2025-11-16;1;0
1;2025-11-16;2;0
1;2025-11-16;3;0
1;2025-11-16;4;0
1;2025-11-16;5;24
1;2025-11-16;6;129
1;2025-11-16;7;237
1;2025-11-16;8;319
1;2025-11-16;9;564
1;2025-11-16;10;712
1;2025-11-16;11;691
1;2025-11-16;12;847
1;2025-11-16;13;860
1;2025-11-16;14;770
1;2025-11-16;15;710
1;2025-11-16;16;607
1;2025-11-16;17;541
1;2025-11-16;18;497
1;2025-11-16;19;429
1;2025-11-16;20;335
1;2025-11-16;21;238
1;2025-11-16;22;108
1;2025-11-16;23;31
1;2025-11-17;0;0
1;2025-11-17;1;0
1;2025-11-17;2;0
1;2025-11-17;3;0
1;2025-11-17;4;10
1;2025-11-17;5;131
1;2025-11-17;6;537
1;2025-11-17;7;1421
1;2025-11-17;8;1809
1;2025-11-17;9;1320
1;2025-11-17;10;1159
1;2025-11-17;11;1248
1;2025-11-17;12;1275
1;2025-11-17;13;1249
1;2025-11-17;14;1224
1;2025-11-17;15;1397
1;2025-11-17;16;1438
1;2025-11-17;17;1690
1;2025-11-17;18;1742
1;2025-11-17;19;1292
1;2025-11-17;20;837
1;2025-11-17;21;442
1;2025-11-17;22;205
1;2025-11-17;23;39
1;2025-11-18;0;1
1;2025-11-18;1;0
1;2025-11-18;2;0
1;2025-11-18;3;0
1;2025-11-18;4;2
1;2025-11-18;5;128
1;2025-11-18;6;536
1;2025-11-18;7;1477
1;2025-11-18;8;1856
1;2025-11-18;9;1422
1;2025-11-18;10;1226
1;2025-11-18;11;1286
1;2025-11-18;12;1304
1;2025-11-18;13;1316
1;2025-11-18;14;1238
1;2025-11-18;15;1393
1;2025-11-18;16;1373
1;2025-11-18;17;1635
1;2025-11-18;18;1687
1;2025-11-18;19;1301
1;2025-11-18;20;858
1;2025-11-18;21;470
1;2025-11-18;22;215
1;2025-11-18;23;37
1;2025-11-19;0;4
1;2025-11-19;1;0
1;2025-11-19;2;0
1;2025-11-19;3;0
1;2025-11-19;4;5
1;2025-11-19;5;129
1;2025-11-19;6;555
1;2025-11-19;7;1425
1;2025-11-19;8;1847
1;2025-11-19;9;1394
1;2025-11-19;10;1245
1;2025-11-19;11;1301
1;2025-11-19;12;1328
1;2025-11-19;13;1380
1;2025-11-19;14;1324
1;2025-11-19;15;1450
1;2025-11-19;16;1419
1;2025-11-19;17;1676
1;2025-11-19;18;1701
1;2025-11-19;19;1279
1;2025-11-19;20;851
1;2025-11-19;21;466
1;2025-11-19;22;223
1;2025-11-19;23;41
1;2025-11-20;0;4
1;2025-11-20;1;0
1;2025-11-20;2;0
1;2025-11-20;3;0
1;2025-11-20;4;6
1;2025-11-20;5;122
1;2025-11-20;6;534
1;2025-11-20;7;1442
1;2025-11-20;8;1849
1;2025-11-20;9;1413
1;2025-11-20;10;1273
1;2025-11-20;11;1344
1;2025-11-20;12;1381
1;2025-11-20;13;1390
1;2025-11-20;14;1337
1;2025-11-20;15;1483
1;2025-11-20;16;1474
1;2025-11-20;17;1724
1;2025-11-20;18;1704
1;2025-11-20;19;1271
1;2025-11-20;20;844
1;2025-11-20;21;474
1;2025-11-20;22;218
1;2025-11-20;23;51
1;2025-11-21;0;4
1;2025-11-21;1;0
1;2025-11-21;2;0
1;2025-11-21;3;1
1;2025-11-21;4;6
1;2025-11-21;5;128
1;2025-11-21;6;498
1;2025-11-21;7;1436
1;2025-11-21;8;1741
1;2025-11-21;9;1372
1;2025-11-21;10;1235
1;2025-11-21;11;1339
1;2025-11-21;12;1333
1;2025-11-21;13;1372
1;2025-11-21;14;1299
1;2025-11-21;15;1483
1;2025-11-21;16;1519
1;2025-11-21;17;1680
1;2025-11-21;18;1476
1;2025-11-21;19;1087
1;2025-11-21;20;764
1;2025-11-21;21;477
1;2025-11-21;22;226
1;2025-11-21;23;53
1;2025-11-22;0;6
1;2025-11-22;1;0
1;2025-11-22;2;0
1;2025-11-22;3;0
1;2025-11-22;4;0
1;2025-11-22;5;32
1;2025-11-22;6;167
1;2025-11-22;7;292
1;2025-11-22;8;397
1;2025-11-22;9;704
1;2025-11-22;10;759
1;2025-11-22;11;742
1;2025-11-22;12;892
1;2025-11-22;13;956
1;2025-11-22;14;874
1;2025-11-22;15;758
1;2025-11-22;16;723
1;2025-11-22;17;662
1;2025-11-22;18;576
1;2025-11-22;19;494
1;2025-11-22;20;363
1;2025-11-22;21;268
1;2025-11-22;22;133
1;2025-11-22;23;31
1;2025-11-23;0;0
1;2025-11-23;1;0
1;2025-11-23;2;0
1;2025-11-23;3;0
1;2025-11-23;4;1
1;2025-11-23;5;26
1;2025-11-23;6;133
1;2025-11-23;7;233
1;2025-11-23;8;324
1;2025-11-23;9;561
1;2025-11-23;10;696
1;2025-11-23;11;677
1;2025-11-23;12;858
1;2025-11-23;13;886
1;2025-11-23;14;796
1;2025-11-23;15;753
1;2025-11-23;16;647
1;2025-11-23;17;572
1;2025-11-23;18;511
1;2025-11-23;19;432
1;2025-11-23;20;339
1;2025-11-23;21;237
1;2025-11-23;22;107
1;2025-11-23;23;30
1;2025-11-24;0;0
1;2025-11-24;1;0
1;2025-11-24;2;0
1;2025-11-24;3;0
1;2025-11-24;4;3
1;2025-11-24;5;129
1;2025-11-24;6;522
1;2025-11-24;7;1408
1;2025-11-24;8;1803
1;2025-11-24;9;1344
1;2025-11-24;10;1151
1;2025-11-24;11;1222
1;2025-11-24;12;1290
1;2025-11-24;13;1291
1;2025-11-24;14;1223
1;2025-11-24;15;1375
1;2025-11-24;16;1413
1;2025-11-24;17;1663
1;2025-11-24;18;1727
1;2025-11-24;19;1295
1;2025-11-24;20;842
1;2025-11-24;21;451
1;2025-11-24;22;204
1;2025-11-24;23;40
1;2025-11-25;0;3
1;2025-11-25;1;0
1;2025-11-25;2;0
1;2025-11-25;3;1
1;2025-11-25;4;11
1;2025-11-25;5;128
1;2025-11-25;6;551
1;2025-11-25;7;1471
1;2025-11-25;8;1848
1;2025-11-25;9;1440
1;2025-11-25;10;1296
1;2025-11-25;11;1321
1;2025-11-25;12;1341
1;2025-11-25;13;1357
1;2025-11-25;14;1257
1;2025-11-25;15;1396
1;2025-11-25;16;1396
1;2025-11-25;17;1652
1;2025-11-25;18;1707
1;2025-11-25;19;1321
1;2025-11-25;20;856
1;2025-11-25;21;464
1;2025-11-25;22;216
1;2025-11-25;23;41
1;2025-11-26;0;6
1;2025-11-26;1;0
1;2025-11-26;2;0
1;2025-11-26;3;0
1;2025-11-26;4;6
1;2025-11-26;5;128
1;2025-11-26;6;539
1;2025-11-26;7;1401
1;2025-11-26;8;1835
1;2025-11-26;9;1398
1;2025-11-26;10;1257
1;2025-11-26;11;1299
1;2025-11-26;12;1319
1;2025-11-26;13;1364
1;2025-11-26;14;1313
1;2025-11-26;15;1421
1;2025-11-26;16;1390
1;2025-11-26;17;1649
1;2025-11-26;18;1689
1;2025-11-26;19;1286
1;2025-11-26;20;847
1;2025-11-26;21;453
1;2025-11-26;22;218
1;2025-11-26;23;43
1;2025-11-27;0;7
1;2025-11-27;1;0
1;2025-11-27;2;0
1;2025-11-27;3;0
1;2025-11-27;4;6
1;2025-11-27;5;121
1;2025-11-27;6;520
1;2025-11-27;7;1405
1;2025-11-27;8;1823
1;2025-11-27;9;1416
1;2025-11-27;10;1276
1;2025-11-27;11;1331
1;2025-11-27;12;1366
1;2025-11-27;13;1368
1;2025-11-27;14;1313
1;2025-11-27;15;1445
1;2025-11-27;16;1443
1;2025-11-27;17;1698
1;2025-11-27;18;1695
1;2025-11-27;19;1281
1;2025-11-27;20;841
1;2025-11-27;21;466
1;2025-11-27;22;217
1;2025-11-27;23;47
1;2025-11-28;0;5
1;2025-11-28;1;0
1;2025-11-28;2;0
1;2025-11-28;3;0
1;2025-11-28;4;8
1;2025-11-28;5;130
1;2025-11-28;6;488
1;2025-11-28;7;1373
1;2025-11-28;8;1700
1;2025-11-28;9;1363
1;2025-11-28;10;1249
1;2025-11-28;11;1332
1;2025-11-28;12;1337
1;2025-11-28;13;1364
1;2025-11-28;14;1296
1;2025-11-28;15;1451
1;2025-11-28;16;1496
1;2025-11-28;17;1662
1;2025-11-28;18;1462
1;2025-11-28;19;1116
1;2025-11-28;20;768
1;2025-11-28;21;465
1;2025-11-28;22;229
1;2025-11-28;23;59
1;2025-11-29;0;6
1;2025-11-29;1;0
1;2025-11-29;2;0
1;2025-11-29;3;0
1;2025-11-29;4;0
1;2025-11-29;5;28
1;2025-11-29;6;143
1;2025-11-29;7;262
1;2025-11-29;8;360
1;2025-11-29;9;670
1;2025-11-29;10;709
1;2025-11-29;11;716
1;2025-11-29;12;858
1;2025-11-29;13;914
1;2025-11-29;14;837
1;2025-11-29;15;743
1;2025-11-29;16;709
1;2025-11-29;17;645
1;2025-11-29;18;545
1;2025-11-29;19;453
1;2025-11-29;20;331
1;2025-11-29;21;239
1;2025-11-29;22;121
1;2025-11-29;23;33
1;2025-11-30;0;1
1;2025-11-30;1;0
1;2025-11-30;2;0
1;2025-11-30;3;0
1;2025-11-30;4;0
1;2025-11-30;5;24
1;2025-11-30;6;114
1;2025-11-30;7;197
1;2025-11-30;8;288
1;2025-11-30;9;503
1;2025-11-30;10;621
1;2025-11-30;11;597
1;2025-11-30;12;767
1;2025-11-30;13;787
1;2025-11-30;14;703
1;2025-11-30;15;651
1;2025-11-30;16;573
1;2025-11-30;17;496
1;2025-11-30;18;434
1;2025-11-30;19;384
1;2025-11-30;20;313
1;2025-11-30;21;216
1;2025-11-30;22;93
1;2025-11-30;23;31
1;2025-12-01;0;0
1;2025-12-01;1;0
1;2025-12-01;2;0
1;2025-12-01;3;1
1;2025-12-01;4;7
1;2025-12-01;5;110
1;2025-12-01;6;452
1;2025-12-01;7;1321
1;2025-12-01;8;1682
1;2025-12-01;9;1264
1;2025-12-01;10;1096
1;2025-12-01;11;1200
1;2025-12-01;12;1272
1;2025-12-01;13;1276
1;2025-12-01;14;1194
1;2025-12-01;15;1361
1;2025-12-01;16;1376
1;2025-12-01;17;1581
1;2025-12-01;18;1629
1;2025-12-01;19;1248
1;2025-12-01;20;721
1;2025-12-01;21;400
1;2025-12-01;22;184
1;2025-12-01;23;41
1;2025-12-02;0;3
1;2025-12-02;1;0
1;2025-12-02;2;0
1;2025-12-02;3;1
1;2025-12-02;4;4
1;2025-12-02;5;112
1;2025-12-02;6;463
1;2025-12-02;7;1365
1;2025-12-02;8;1706
1;2025-12-02;9;1350
1;2025-12-02;10;1231
1;2025-12-02;11;1263
1;2025-12-02;12;1279
1;2025-12-02;13;1307
1;2025-12-02;14;1214
1;2025-12-02;15;1342
1;2025-12-02;16;1347
1;2025-12-02;17;1566
1;2025-12-02;18;1596
1;2025-12-02;19;1256
1;2025-12-02;20;740
1;2025-12-02;21;416
1;2025-12-02;22;190
1;2025-12-02;23;40
1;2025-12-03;0;6
1;2025-12-03;1;0
1;2025-12-03;2;0
1;2025-12-03;3;0
1;2025-12-03;4;3
1;2025-12-03;5;108
1;2025-12-03;6;468
1;2025-12-03;7;1339
1;2025-12-03;8;1708
1;2025-12-03;9;1345
1;2025-12-03;10;1225
1;2025-12-03;11;1278
1;2025-12-03;12;1313
1;2025-12-03;13;1358
1;2025-12-03;14;1298
1;2025-12-03;15;1406
1;2025-12-03;16;1384
1;2025-12-03;17;1594
1;2025-12-03;18;1624
1;2025-12-03;19;1246
1;2025-12-03;20;735
1;2025-12-03;21;418
1;2025-12-03;22;197
1;2025-12-03;23;41
1;2025-12-04;0;6
1;2025-12-04;1;0
1;2025-12-04;2;0
1;2025-12-04;3;0
1;2025-12-04;4;5
1;2025-12-04;5;106
1;2025-12-04;6;459
1;2025-12-04;7;1352
1;2025-12-04;8;1724
1;2025-12-04;9;1372
1;2025-12-04;10;1247
1;2025-12-04;11;1299
1;2025-12-04;12;1352
1;2025-12-04;13;1358
1;2025-12-04;14;1300
1;2025-12-04;15;1412
1;2025-12-04;16;1414
1;2025-12-04;17;1638
1;2025-12-04;18;1614
1;2025-12-04;19;1247
1;2025-12-04;20;736
1;2025-12-04;21;435
1;2025-12-04;22;197
1;2025-12-04;23;51
1;2025-12-05;0;8
1;2025-12-05;1;0
1;2025-12-05;2;0
1;2025-12-05;3;0
1;2025-12-05;4;4
1;2025-12-05;5;111
1;2025-12-05;6;439
1;2025-12-05;7;1346
1;2025-12-05;8;1631
1;2025-12-05;9;1319
1;2025-12-05;10;1179
1;2025-12-05;11;1299
1;2025-12-05;12;1318
1;2025-12-05;13;1340
1;2025-12-05;14;1260
1;2025-12-05;15;1417
1;2025-12-05;16;1450
1;2025-12-05;17;1612
1;2025-12-05;18;1409
1;2025-12-05;19;1064
1;2025-12-05;20;675
1;2025-12-05;21;431
1;2025-12-05;22;203
1;2025-12-05;23;54
1;2025-12-06;0;6
1;2025-12-06;1;0
1;2025-12-06;2;0
1;2025-12-06;3;0
1;2025-12-06;4;0
1;2025-12-06;5;31
1;2025-12-06;6;144
1;2025-12-06;7;261
1;2025-12-06;8;365
1;2025-12-06;9;622
1;2025-12-06;10;683
1;2025-12-06;11;680
1;2025-12-06;12;847
1;2025-12-06;13;906
1;2025-12-06;14;820
1;2025-12-06;15;701
1;2025-12-06;16;660
1;2025-12-06;17;605
1;2025-12-06;18;519
1;2025-12-06;19;442
1;2025-12-06;20;334
1;2025-12-06;21;242
1;2025-12-06;22;120
1;2025-12-06;23;34
1;2025-12-07;0;0
1;2025-12-07;1;0
1;2025-12-07;2;0
1;2025-12-07;3;0
1;2025-12-07;4;0
1;2025-12-07;5;21
1;2025-12-07;6;103
1;2025-12-07;7;186
1;2025-12-07;8;282
1;2025-12-07;9;482
1;2025-12-07;10;588
1;2025-12-07;11;570
1;2025-12-07;12;749
1;2025-12-07;13;771
1;2025-12-07;14;692
1;2025-12-07;15;646
1;2025-12-07;16;572
1;2025-12-07;17;499
1;2025-12-07;18;438
1;2025-12-07;19;387
1;2025-12-07;20;313
1;2025-12-07;21;214
1;2025-12-07;22;92
1;2025-12-07;23;28
1;2025-12-08;0;0
1;2025-12-08;1;0
1;2025-12-08;2;0
1;2025-12-08;3;1
1;2025-12-08;4;2
1;2025-12-08;5;106
1;2025-12-08;6;435
1;2025-12-08;7;1299
1;2025-12-08;8;1674
1;2025-12-08;9;1231
1;2025-12-08;10;1065
1;2025-12-08;11;1167
1;2025-12-08;12;1253
1;2025-12-08;13;1261
1;2025-12-08;14;1179
1;2025-12-08;15;1348
1;2025-12-08;16;1378
1;2025-12-08;17;1592
1;2025-12-08;18;1642
1;2025-12-08;19;1245
1;2025-12-08;20;700
1;2025-12-08;21;400
1;2025-12-08;22;179
1;2025-12-08;23;39
1;2025-12-09;0;2
1;2025-12-09;1;0
1;2025-12-09;2;0
1;2025-12-09;3;1
1;2025-12-09;4;4
1;2025-12-09;5;96
1;2025-12-09;6;423
1;2025-12-09;7;1307
1;2025-12-09;8;1674
1;2025-12-09;9;1292
1;2025-12-09;10;1169
1;2025-12-09;11;1189
1;2025-12-09;12;1232
1;2025-12-09;13;1254
1;2025-12-09;14;1152
1;2025-12-09;15;1308
1;2025-12-09;16;1325
1;2025-12-09;17;1544
1;2025-12-09;18;1592
1;2025-12-09;19;1234
1;2025-12-09;20;702
1;2025-12-09;21;399
1;2025-12-09;22;178
1;2025-12-09;23;36
1;2025-12-10;0;0
1;2025-12-10;1;0
1;2025-12-10;2;0
1;2025-12-10;3;0
1;2025-12-10;4;0
1;2025-12-10;5;43
1;2025-12-10;6;367
1;2025-12-10;7;1156
1;2025-12-10;8;1562
1;2025-12-10;9;1157
1;2025-12-10;10;1028
1;2025-12-10;11;1071
1;2025-12-10;12;1117
1;2025-12-10;13;1169
1;2025-12-10;14;1113
1;2025-12-10;15;1218
1;2025-12-10;16;1210
1;2025-12-10;17;1433
1;2025-12-10;18;1481
1;2025-12-10;19;1076
1;2025-12-10;20;593
1;2025-12-10;21;337
1;2025-12-10;22;125
1;2025-12-10;23;0
1;2025-12-11;0;0
1;2025-12-11;1;0
1;2025-12-11;2;0
1;2025-12-11;3;0
1;2025-12-11;4;0
1;2025-12-11;5;48
1;2025-12-11;6;359
1;2025-12-11;7;1179
1;2025-12-11;8;1585
1;2025-12-11;9;1214
1;2025-12-11;10;1069
1;2025-12-11;11;1119
1;2025-12-11;12;1187
1;2025-12-11;13;1180
1;2025-12-11;14;1142
1;2025-12-11;15;1244
1;2025-12-11;16;1252
1;2025-12-11;17;1478
1;2025-12-11;18;1483
1;2025-12-11;19;1093
1;2025-12-11;20;612
1;2025-12-11;21;346
1;2025-12-11;22;132
1;2025-12-11;23;8
1;2025-12-12;0;0
1;2025-12-12;1;0
1;2025-12-12;2;0
1;2025-12-12;3;0
1;2025-12-12;4;0
1;2025-12-12;5;57
1;2025-12-12;6;329
1;2025-12-12;7;1165
1;2025-12-12;8;1469
1;2025-12-12;9;1106
1;2025-12-12;10;970
1;2025-12-12;11;1087
1;2025-12-12;12;1113
1;2025-12-12;13;1138
1;2025-12-12;14;1078
1;2025-12-12;15;1247
1;2025-12-12;16;1294
1;2025-12-12;17;1449
1;2025-12-12;18;1262
1;2025-12-12;19;919
1;2025-12-12;20;559
1;2025-12-12;21;356
1;2025-12-12;22;151
1;2025-12-12;23;16
1;2025-12-13;0;0
1;2025-12-13;1;0
1;2025-12-13;2;0
1;2025-12-13;3;0
1;2025-12-13;4;0
1;2025-12-13;5;0
1;2025-12-13;6;81
1;2025-12-13;7;212
1;2025-12-13;8;317
1;2025-12-13;9;520
1;2025-12-13;10;559
1;2025-12-13;11;575
1;2025-12-13;12;715
1;2025-12-13;13;768
1;2025-12-13;14;677
1;2025-12-13;15;583
1;2025-12-13;16;561
1;2025-12-13;17;502
1;2025-12-13;18;442
1;2025-12-13;19;384
1;2025-12-13;20;303
1;2025-12-13;21;197
1;2025-12-13;22;67
1;2025-12-13;23;2
1;2025-12-14;0;0
1;2025-12-14;1;0
1;2025-12-14;2;0
1;2025-12-14;3;0
1;2025-12-14;4;0
1;2025-12-14;5;0
1;2025-12-14;6;35
1;2025-12-14;7;116
1;2025-12-14;8;214
1;2025-12-14;9;389
1;2025-12-14;10;466
1;2025-12-14;11;452
1;2025-12-14;12;613
1;2025-12-14;13;637
1;2025-12-14;14;568
1;2025-12-14;15;531
1;2025-12-14;16;456
1;2025-12-14;17;398
1;2025-12-14;18;356
1;2025-12-14;19;317
1;2025-12-14;20;253
1;2025-12-14;21;148
1;2025-12-14;22;30
1;2025-12-14;23;0
1;2025-12-15;0;0
1;2025-12-15;1;0
1;2025-12-15;2;0
1;2025-12-15;3;0
1;2025-12-15;4;0
1;2025-12-15;5;39
1;2025-12-15;6;343
1;2025-12-15;7;1140
1;2025-12-15;8;1532
1;2025-12-15;9;1062
1;2025-12-15;10;906
1;2025-12-15;11;1007
1;2025-12-15;12;1091
1;2025-12-15;13;1113
1;2025-12-15;14;1027
1;2025-12-15;15;1199
1;2025-12-15;16;1233
1;2025-12-15;17;1451
1;2025-12-15;18;1516
1;2025-12-15;19;1091
1;2025-12-15;20;585
1;2025-12-15;21;335
1;2025-12-15;22;112
1;2025-12-15;23;0
1;2025-12-16;0;0
1;2025-12-16;1;0
1;2025-12-16;2;0
1;2025-12-16;3;0
1;2025-12-16;4;0
1;2025-12-16;5;37
1;2025-12-16;6;352
1;2025-12-16;7;1179
1;2025-12-16;8;1560
1;2025-12-16;9;1158
1;2025-12-16;10;1049
1;2025-12-16;11;1077
1;2025-12-16;12;1100
1;2025-12-16;13;1133
1;2025-12-16;14;1035
1;2025-12-16;15;1195
1;2025-12-16;16;1215
1;2025-12-16;17;1440
1;2025-12-16;18;1494
1;2025-12-16;19;1124
1;2025-12-16;20;624
1;2025-12-16;21;341
1;2025-12-16;22;122
1;2025-12-16;23;0
1;2025-12-17;0;0
1;2025-12-17;1;0
1;2025-12-17;2;0
1;2025-12-17;3;0
1;2025-12-17;4;0
1;2025-12-17;5;40
1;2025-12-17;6;357
1;2025-12-17;7;1138
1;2025-12-17;8;1546
1;2025-12-17;9;1152
1;2025-12-17;10;1015
1;2025-12-17;11;1062
1;2025-12-17;12;1109
1;2025-12-17;13;1169
1;2025-12-17;14;1107
1;2025-12-17;15;1216
1;2025-12-17;16;1206
1;2025-12-17;17;1433
1;2025-12-17;18;1477
1;2025-12-17;19;1070
1;2025-12-17;20;594
1;2025-12-17;21;339
1;2025-12-17;22;128
1;2025-12-17;23;0
1;2025-12-18;0;0
1;2025-12-18;1;0
1;2025-12-18;2;0
1;2025-12-18;3;0
1;2025-12-18;4;0
1;2025-12-18;5;38
1;2025-12-18;6;339
1;2025-12-18;7;1151
1;2025-12-18;8;1544
1;2025-12-18;9;1160
1;2025-12-18;10;1037
1;2025-12-18;11;1096
1;2025-12-18;12;1169
1;2025-12-18;13;1171
1;2025-12-18;14;1119
1;2025-12-18;15;1247
1;2025-12-18;16;1257
1;2025-12-18;17;1468
1;2025-12-18;18;1463
1;2025-12-18;19;1071
1;2025-12-18;20;601
1;2025-12-18;21;337
1;2025-12-18;22;128
1;2025-12-18;23;0
1;2025-12-19;0;0
1;2025-12-19;1;0
1;2025-12-19;2;0
1;2025-12-19;3;0
1;2025-12-19;4;0
1;2025-12-19;5;49
1;2025-12-19;6;334
1;2025-12-19;7;1148
1;2025-12-19;8;1454
1;2025-12-19;9;1102
1;2025-12-19;10;974
1;2025-12-19;11;1085
1;2025-12-19;12;1125
1;2025-12-19;13;1157
1;2025-12-19;14;1087
1;2025-12-19;15;1246
1;2025-12-19;16;1290
1;2025-12-19;17;1427
1;2025-12-19;18;1216
1;2025-12-19;19;878
1;2025-12-19;20;537
1;2025-12-19;21;334
1;2025-12-19;22;131
1;2025-12-19;23;0
1;2025-12-20;0;0
1;2025-12-20;1;0
1;2025-12-20;2;0
1;2025-12-20;3;0
1;2025-12-20;4;0
1;2025-12-20;5;0
1;2025-12-20;6;67
1;2025-12-20;7;178
1;2025-12-20;8;283
1;2025-12-20;9;480
1;2025-12-20;10;524
1;2025-12-20;11;532
1;2025-12-20;12;678
1;2025-12-20;13;732
1;2025-12-20;14;655
1;2025-12-20;15;558
1;2025-12-20;16;527
1;2025-12-20;17;466
1;2025-12-20;18;413
1;2025-12-20;19;343
1;2025-12-20;20;280
1;2025-12-20;21;181
1;2025-12-20;22;51
1;2025-12-20;23;0
1;2025-12-21;0;0
1;2025-12-21;1;0
1;2025-12-21;2;0
1;2025-12-21;3;0
1;2025-12-21;4;0
1;2025-12-21;5;0
1;2025-12-21;6;36
1;2025-12-21;7;124
1;2025-12-21;8;219
1;2025-12-21;9;380
1;2025-12-21;10;451
1;2025-12-21;11;449
1;2025-12-21;12;584
1;2025-12-21;13;611
1;2025-12-21;14;543
1;2025-12-21;15;507
1;2025-12-21;16;446
1;2025-12-21;17;385
1;2025-12-21;18;340
1;2025-12-21;19;299
1;2025-12-21;20;250
1;2025-12-21;21;145
1;2025-12-21;22;26
1;2025-12-21;23;0
1;2025-12-22;0;0
1;2025-12-22;1;0
1;2025-12-22;2;0
1;2025-12-22;3;0
1;2025-12-22;4;0
1;2025-12-22;5;45
1;2025-12-22;6;341
1;2025-12-22;7;1145
1;2025-12-22;8;1546
1;2025-12-22;9;1078
1;2025-12-22;10;925
1;2025-12-22;11;1014
1;2025-12-22;12;1106
1;2025-12-22;13;1121
1;2025-12-22;14;1043
1;2025-12-22;15;1208
1;2025-12-22;16;1253
1;2025-12-22;17;1489
1;2025-12-22;18;1540
1;2025-12-22;19;1130
1;2025-12-22;20;617
1;2025-12-22;21;351
1;2025-12-22;22;125
1;2025-12-22;23;0
1;2025-12-23;0;0
1;2025-12-23;1;0
1;2025-12-23;2;0
1;2025-12-23;3;0
1;2025-12-23;4;0
1;2025-12-23;5;49
1;2025-12-23;6;385
1;2025-12-23;7;1213
1;2025-12-23;8;1598
1;2025-12-23;9;1210
1;2025-12-23;10;1093
1;2025-12-23;11;1115
1;2025-12-23;12;1148
1;2025-12-23;13;1172
1;2025-12-23;14;1070
1;2025-12-23;15;1214
1;2025-12-23;16;1232
1;2025-12-23;17;1447
1;2025-12-23;18;1496
1;2025-12-23;19;1130
1;2025-12-23;20;612
1;2025-12-23;21;339
1;2025-12-23;22;123
1;2025-12-23;23;0
1;2025-12-24;0;0
1;2025-12-24;1;0
1;2025-12-24;2;0
1;2025-12-24;3;0
1;2025-12-24;4;0
1;2025-12-24;5;44
1;2025-12-24;6;359
1;2025-12-24;7;1130
1;2025-12-24;8;1534
1;2025-12-24;9;1148
1;2025-12-24;10;1026
1;2025-12-24;11;1084
1;2025-12-24;12;1126
1;2025-12-24;13;1184
1;2025-12-24;14;1111
1;2025-12-24;15;1226
1;2025-12-24;16;1209
1;2025-12-24;17;1411
1;2025-12-24;18;1450
1;2025-12-24;19;1074
1;2025-12-24;20;596
1;2025-12-24;21;319
1;2025-12-24;22;114
1;2025-12-24;23;0
1;2025-12-25;0;0
1;2025-12-25;1;0
1;2025-12-25;2;0
1;2025-12-25;3;0
1;2025-12-25;4;0
1;2025-12-25;5;22
1;2025-12-25;6;315
1;2025-12-25;7;1098
1;2025-12-25;8;1526
1;2025-12-25;9;1152
1;2025-12-25;10;1038
1;2025-12-25;11;1100
1;2025-12-25;12;1163
1;2025-12-25;13;1157
1;2025-12-25;14;1114
1;2025-12-25;15;1218
1;2025-12-25;16;1227
1;2025-12-25;17;1445
1;2025-12-25;18;1451
1;2025-12-25;19;1066
1;2025-12-25;20;597
1;2025-12-25;21;342
1;2025-12-25;22;129
1;2025-12-25;23;7
1;2025-12-26;0;0
1;2025-12-26;1;0
1;2025-12-26;2;0
1;2025-12-26;3;0
1;2025-12-26;4;0
1;2025-12-26;5;43
1;2025-12-26;6;327
1;2025-12-26;7;1108
1;2025-12-26;8;1445
1;2025-12-26;9;1130
1;2025-12-26;10;990
1;2025-12-26;11;1068
1;2025-12-26;12;1119
1;2025-12-26;13;1136
1;2025-12-26;14;1070
1;2025-12-26;15;1227
1;2025-12-26;16;1289
1;2025-12-26;17;1428
1;2025-12-26;18;1214
1;2025-12-26;19;901
1;2025-12-26;20;530
1;2025-12-26;21;345
1;2025-12-26;22;136
1;2025-12-26;23;10
1;2025-12-27;0;0
1;2025-12-27;1;0
1;2025-12-27;2;0
1;2025-12-27;3;0
1;2025-12-27;4;0
1;2025-12-27;5;0
1;2025-12-27;6;63
1;2025-12-27;7;176
1;2025-12-27;8;287
1;2025-12-27;9;467
1;2025-12-27;10;517
1;2025-12-27;11;513
1;2025-12-27;12;666
1;2025-12-27;13;722
1;2025-12-27;14;647
1;2025-12-27;15;550
1;2025-12-27;16;517
1;2025-12-27;17;458
1;2025-12-27;18;404
1;2025-12-27;19;332
1;2025-12-27;20;254
1;2025-12-27;21;166
1;2025-12-27;22;50
1;2025-12-27;23;0
1;2025-12-28;0;0
1;2025-12-28;1;0
1;2025-12-28;2;0
1;2025-12-28;3;0
1;2025-12-28;4;0
1;2025-12-28;5;0
1;2025-12-28;6;16
1;2025-12-28;7;102
1;2025-12-28;8;209
1;2025-12-28;9;378
1;2025-12-28;10;442
1;2025-12-28;11;433
1;2025-12-28;12;567
1;2025-12-28;13;594
1;2025-12-28;14;526
1;2025-12-28;15;494
1;2025-12-28;16;436
1;2025-12-28;17;375
1;2025-12-28;18;328
1;2025-12-28;19;275
1;2025-12-28;20;229
1;2025-12-28;21;134
1;2025-12-28;22;19
1;2025-12-28;23;0
1;2025-12-29;0;0
1;2025-12-29;1;0
1;2025-12-29;2;0
1;2025-12-29;3;0
1;2025-12-29;4;0
1;2025-12-29;5;26
1;2025-12-29;6;313
1;2025-12-29;7;1072
1;2025-12-29;8;1481
1;2025-12-29;9;1021
1;2025-12-29;10;875
1;2025-12-29;11;956
1;2025-12-29;12;1046
1;2025-12-29;13;1066
1;2025-12-29;14;976
1;2025-12-29;15;1136
1;2025-12-29;16;1176
1;2025-12-29;17;1396
1;2025-12-29;18;1444
1;2025-12-29;19;1042
1;2025-12-29;20;550
1;2025-12-29;21;318
1;2025-12-29;22;101
1;2025-12-29;23;0
1;2025-12-30;0;0
1;2025-12-30;1;0
1;2025-12-30;2;0
1;2025-12-30;3;0
1;2025-12-30;4;0
1;2025-12-30;5;24
1;2025-12-30;6;314
1;2025-12-30;7;1098
1;2025-12-30;8;1494
1;2025-12-30;9;1128
1;2025-12-30;10;1002
1;2025-12-30;11;1024
1;2025-12-30;12;1059
1;2025-12-30;13;1099
1;2025-12-30;14;1000
1;2025-12-30;15;1137
1;2025-12-30;16;1150
1;2025-12-30;17;1358
1;2025-12-30;18;1406
1;2025-12-30;19;1066
1;2025-12-30;20;576
1;2025-12-30;21;315
1;2025-12-30;22;106
1;2025-12-30;23;0
1;2025-12-31;0;0
1;2025-12-31;1;0
1;2025-12-31;2;0
1;2025-12-31;3;0
1;2025-12-31;4;0
1;2025-12-31;5;0
1;2025-12-31;6;121
1;2025-12-31;7;105
1;2025-12-31;8;108
1;2025-12-31;9;192
1;2025-12-31;10;249
1;2025-12-31;11;247
1;2025-12-31;12;410
1;2025-12-31;13;389
1;2025-12-31;14;373
1;2025-12-31;15;402
1;2025-12-31;16;396
1;2025-12-31;17;381
1;2025-12-31;18;255
1;2025-12-31;19;243
1;2025-12-31;20;190
1;2025-12-31;21;220
1;2025-12-31;22;68
1;2025-12-31;23;0
5;2025-11-01;0;0
5;2025-11-01;1;0
5;2025-11-01;2;0
5;2025-11-01;3;0
5;2025-11-01;4;0
5;2025-11-01;5;0
5;2025-11-01;6;0
5;2025-11-01;7;0
5;2025-11-01;8;0
5;2025-11-01;9;0
5;2025-11-01;10;0
5;2025-11-01;11;0
5;2025-11-01;12;0
5;2025-11-01;13;0
5;2025-11-01;14;0
5;2025-11-01;15;0
5;2025-11-01;16;0
5;2025-11-01;17;0
5;2025-11-01;18;0
5;2025-11-01;19;0
5;2025-11-01;20;0
5;2025-11-01;21;0
5;2025-11-01;22;0
5;2025-11-01;23;0
5;2025-11-02;0;0
5;2025-11-02;1;0
5;2025-11-02;2;0
5;2025-11-02;3;0
5;2025-11-02;4;0
5;2025-11-02;5;0
5;2025-11-02;6;0
5;2025-11-02;7;0
5;2025-11-02;8;0
5;2025-11-02;9;0
5;2025-11-02;10;0
5;2025-11-02;11;0
5;2025-11-02;12;0
5;2025-11-02;13;0
5;2025-11-02;14;0
5;2025-11-02;15;0
5;2025-11-02;16;0
5;2025-11-02;17;0
5;2025-11-02;18;0
5;2025-11-02;19;0
5;2025-11-02;20;0
5;2025-11-02;21;0
5;2025-11-02;22;0
5;2025-11-02;23;0
5;2025-11-03;0;0
5;2025-11-03;1;0
5;2025-11-03;2;0
5;2025-11-03;3;0
5;2025-11-03;4;0
5;2025-11-03;5;0
5;2025-11-03;6;0
5;2025-11-03;7;0
5;2025-11-03;8;0
5;2025-11-03;9;0
5;2025-11-03;10;0
5;2025-11-03;11;0
5;2025-11-03;12;0
5;2025-11-03;13;0
5;2025-11-03;14;0
5;2025-11-03;15;0
5;2025-11-03;16;0
5;2025-11-03;17;0
5;2025-11-03;18;0
5;2025-11-03;19;0
5;2025-11-03;20;0
5;2025-11-03;21;0
5;2025-11-03;22;0
5;2025-11-03;23;0
5;2025-11-04;0;0
5;2025-11-04;1;0
5;2025-11-04;2;0
5;2025-11-04;3;0
5;2025-11-04;4;0
5;2025-11-04;5;0
5;2025-11-04;6;0
5;2025-11-04;7;0
5;2025-11-04;8;0
5;2025-11-04;9;0
5;2025-11-04;10;0
5;2025-11-04;11;0
5;2025-11-04;12;0
5;2025-11-04;13;0
5;2025-11-04;14;0
5;2025-11-04;15;0
5;2025-11-04;16;0
5;2025-11-04;17;0
5;2025-11-04;18;0
5;2025-11-04;19;0
5;2025-11-04;20;0
5;2025-11-04;21;0
5;2025-11-04;22;0
5;2025-11-04;23;0
5;2025-11-05;0;0
5;2025-11-05;1;0
5;2025-11-05;2;0
5;2025-11-05;3;0
5;2025-11-05;4;0
5;2025-11-05;5;0
5;2025-11-05;6;0
5;2025-11-05;7;0
5;2025-11-05;8;0
5;2025-11-05;9;0
5;2025-11-05;10;0
5;2025-11-05;11;0
5;2025-11-05;12;0
5;2025-11-05;13;0
5;2025-11-05;14;0
5;2025-11-05;15;0
5;2025-11-05;16;0
5;2025-11-05;17;0
5;2025-11-05;18;0
5;2025-11-05;19;0
5;2025-11-05;20;0
5;2025-11-05;21;0
5;2025-11-05;22;0
5;2025-11-05;23;0
5;2025-11-06;0;0
5;2025-11-06;1;0
5;2025-11-06;2;0
5;2025-11-06;3;0
5;2025-11-06;4;0
5;2025-11-06;5;0
5;2025-11-06;6;0
5;2025-11-06;7;0
5;2025-11-06;8;0
5;2025-11-06;9;0
5;2025-11-06;10;0
5;2025-11-06;11;0
5;2025-11-06;12;0
5;2025-11-06;13;0
5;2025-11-06;14;0
5;2025-11-06;15;0
5;2025-11-06;16;0
5;2025-11-06;17;0
5;2025-11-06;18;0
5;2025-11-06;19;0
5;2025-11-06;20;0
5;2025-11-06;21;0
5;2025-11-06;22;0
5;2025-11-06;23;0
5;2025-11-07;0;0
5;2025-11-07;1;0
5;2025-11-07;2;0
5;2025-11-07;3;0
5;2025-11-07;4;0
5;2025-11-07;5;0
5;2025-11-07;6;0
5;2025-11-07;7;0
5;2025-11-07;8;0
5;2025-11-07;9;0
5;2025-11-07;10;0
5;2025-11-07;11;0
5;2025-11-07;12;0
5;2025-11-07;13;0
5;2025-11-07;14;0
5;2025-11-07;15;0
5;2025-11-07;16;0
5;2025-11-07;17;0
5;2025-11-07;18;0
5;2025-11-07;19;0
5;2025-11-07;20;0
5;2025-11-07;21;0
5;2025-11-07;22;0
5;2025-11-07;23;0
5;2025-11-08;0;0
5;2025-11-08;1;0
5;2025-11-08;2;0
5;2025-11-08;3;0
5;2025-11-08;4;0
5;2025-11-08;5;0
5;2025-11-08;6;0
5;2025-11-08;7;0
5;2025-11-08;8;0
5;2025-11-08;9;0
5;2025-11-08;10;0
5;2025-11-08;11;0
5;2025-11-08;12;0
5;2025-11-08;13;0
5;2025-11-08;14;0
5;2025-11-08;15;0
5;2025-11-08;16;0
5;2025-11-08;17;0
5;2025-11-08;18;0
5;2025-11-08;19;0
5;2025-11-08;20;0
5;2025-11-08;21;0
5;2025-11-08;22;0
5;2025-11-08;23;0
5;2025-11-09;0;0
5;2025-11-09;1;0
5;2025-11-09;2;0
5;2025-11-09;3;0
5;2025-11-09;4;0
5;2025-11-09;5;0
5;2025-11-09;6;0
5;2025-11-09;7;0
5;2025-11-09;8;0
5;2025-11-09;9;0
5;2025-11-09;10;0
5;2025-11-09;11;0
5;2025-11-09;12;0
5;2025-11-09;13;0
5;2025-11-09;14;0
5;2025-11-09;15;0
5;2025-11-09;16;0
5;2025-11-09;17;0
5;2025-11-09;18;0
5;2025-11-09;19;0
5;2025-11-09;20;0
5;2025-11-09;21;0
5;2025-11-09;22;0
5;2025-11-09;23;0
5;2025-11-10;0;0
5;2025-11-10;1;0
5;2025-11-10;2;0
5;2025-11-10;3;0
5;2025-11-10;4;0
5;2025-11-10;5;0
5;2025-11-10;6;0
5;2025-11-10;7;0
5;2025-11-10;8;0
5;2025-11-10;9;0
5;2025-11-10;10;0
5;2025-11-10;11;0
5;2025-11-10;12;0
5;2025-11-10;13;0
5;2025-11-10;14;0
5;2025-11-10;15;0
5;2025-11-10;16;0
5;2025-11-10;17;0
5;2025-11-10;18;0
5;2025-11-10;19;0
5;2025-11-10;20;0
5;2025-11-10;21;0
5;2025-11-10;22;0
5;2025-11-10;23;0
5;2025-11-11;0;0
5;2025-11-11;1;0
5;2025-11-11;2;0
5;2025-11-11;3;0
5;2025-11-11;4;0
5;2025-11-11;5;0
5;2025-11-11;6;0
5;2025-11-11;7;0
5;2025-11-11;8;0
5;2025-11-11;9;0
5;2025-11-11;10;0
5;2025-11-11;11;0
5;2025-11-11;12;0
5;2025-11-11;13;0
5;2025-11-11;14;0
5;2025-11-11;15;0
5;2025-11-11;16;0
5;2025-11-11;17;0
5;2025-11-11;18;0
5;2025-11-11;19;0
5;2025-11-11;20;0
5;2025-11-11;21;0
5;2025-11-11;22;0
5;2025-11-11;23;0
5;2025-11-12;0;0
5;2025-11-12;1;0
5;2025-11-12;2;0
5;2025-11-12;3;0
5;2025-11-12;4;0
5;2025-11-12;5;0
5;2025-11-12;6;0
5;2025-11-12;7;0
5;2025-11-12;8;0
5;2025-11-12;9;0
5;2025-11-12;10;0
5;2025-11-12;11;0
5;2025-11-12;12;0
5;2025-11-12;13;0
5;2025-11-12;14;0
5;2025-11-12;15;0
5;2025-11-12;16;0
5;2025-11-12;17;0
5;2025-11-12;18;0
5;2025-11-12;19;0
5;2025-11-12;20;0
5;2025-11-12;21;0
5;2025-11-12;22;0
5;2025-11-12;23;0
5;2025-11-13;0;0
5;2025-11-13;1;0
5;2025-11-13;2;0
5;2025-11-13;3;0
5;2025-11-13;4;0
5;2025-11-13;5;0
5;2025-11-13;6;0
5;2025-11-13;7;0
5;2025-11-13;8;0
5;2025-11-13;9;0
5;2025-11-13;10;0
5;2025-11-13;11;0
5;2025-11-13;12;0
5;2025-11-13;13;0
5;2025-11-13;14;0
5;2025-11-13;15;0
5;2025-11-13;16;0
5;2025-11-13;17;0
5;2025-11-13;18;0
5;2025-11-13;19;0
5;2025-11-13;20;0
5;2025-11-13;21;0
5;2025-11-13;22;0
5;2025-11-13;23;0
5;2025-11-14;0;0
5;2025-11-14;1;0
5;2025-11-14;2;0
5;2025-11-14;3;0
5;2025-11-14;4;0
5;2025-11-14;5;0
5;2025-11-14;6;0
5;2025-11-14;7;0
5;2025-11-14;8;0
5;2025-11-14;9;0
5;2025-11-14;10;0
5;2025-11-14;11;0
5;2025-11-14;12;0
5;2025-11-14;13;0
5;2025-11-14;14;0
5;2025-11-14;15;0
5;2025-11-14;16;0
5;2025-11-14;17;0
5;2025-11-14;18;0
5;2025-11-14;19;0
5;2025-11-14;20;0
5;2025-11-14;21;0
5;2025-11-14;22;0
5;2025-11-14;23;0
5;2025-11-15;0;0
5;2025-11-15;1;0
5;2025-11-15;2;0
5;2025-11-15;3;0
5;2025-11-15;4;0
5;2025-11-15;5;0
5;2025-11-15;6;0
5;2025-11-15;7;0
5;2025-11-15;8;0
5;2025-11-15;9;0
5;2025-11-15;10;0
5;2025-11-15;11;0
5;2025-11-15;12;0
5;2025-11-15;13;0
5;2025-11-15;14;0
5;2025-11-15;15;0
5;2025-11-15;16;0
5;2025-11-15;17;0
5;2025-11-15;18;0
5;2025-11-15;19;0
5;2025-11-15;20;0
5;2025-11-15;21;0
5;2025-11-15;22;0
5;2025-11-15;23;0
5;2025-11-16;0;0
5;2025-11-16;1;0
5;2025-11-16;2;0
5;2025-11-16;3;0
5;2025-11-16;4;0
5;2025-11-16;5;0
5;2025-11-16;6;0
5;2025-11-16;7;0
5;2025-11-16;8;0
5;2025-11-16;9;0
5;2025-11-16;10;0
5;2025-11-16;11;0
5;2025-11-16;12;0
5;2025-11-16;13;0
5;2025-11-16;14;0
5;2025-11-16;15;0
5;2025-11-16;16;0
5;2025-11-16;17;0
5;2025-11-16;18;0
5;2025-11-16;19;0
5;2025-11-16;20;0
5;2025-11-16;21;0
5;2025-11-16;22;0
5;2025-11-16;23;0
5;2025-11-17;0;0
5;2025-11-17;1;0
5;2025-11-17;2;0
5;2025-11-17;3;0
5;2025-11-17;4;0
5;2025-11-17;5;0
5;2025-11-17;6;0
5;2025-11-17;7;0
5;2025-11-17;8;0
5;2025-11-17;9;0
5;2025-11-17;10;0
5;2025-11-17;11;0
5;2025-11-17;12;0
5;2025-11-17;13;0
5;2025-11-17;14;0
5;2025-11-17;15;0
5;2025-11-17;16;0
5;2025-11-17;17;0
5;2025-11-17;18;0
5;2025-11-17;19;0
5;2025-11-17;20;0
5;2025-11-17;21;0
5;2025-11-17;22;0
5;2025-11-17;23;0
5;2025-11-18;0;0
5;2025-11-18;1;0
5;2025-11-18;2;0
5;2025-11-18;3;0
5;2025-11-18;4;0
5;2025-11-18;5;0
5;2025-11-18;6;0
5;2025-11-18;7;0
5;2025-11-18;8;0
5;2025-11-18;9;0
5;2025-11-18;10;0
5;2025-11-18;11;0
5;2025-11-18;12;0
5;2025-11-18;13;0
5;2025-11-18;14;0
5;2025-11-18;15;0
5;2025-11-18;16;0
5;2025-11-18;17;0
5;2025-11-18;18;0
5;2025-11-18;19;0
5;2025-11-18;20;0
5;2025-11-18;21;0
5;2025-11-18;22;0
5;2025-11-18;23;0
5;2025-11-19;0;0
5;2025-11-19;1;0
5;2025-11-19;2;0
5;2025-11-19;3;0
5;2025-11-19;4;0
5;2025-11-19;5;0
5;2025-11-19;6;0
5;2025-11-19;7;0
5;2025-11-19;8;0
5;2025-11-19;9;0
5;2025-11-19;10;0
5;2025-11-19;11;0
5;2025-11-19;12;0
5;2025-11-19;13;0
5;2025-11-19;14;0
5;2025-11-19;15;0
5;2025-11-19;16;0
5;2025-11-19;17;0
5;2025-11-19;18;0
5;2025-11-19;19;0
5;2025-11-19;20;0
5;2025-11-19;21;0
5;2025-11-19;22;0
5;2025-11-19;23;0
5;2025-11-20;0;0
5;2025-11-20;1;0
5;2025-11-20;2;0
5;2025-11-20;3;0
5;2025-11-20;4;0
5;2025-11-20;5;0
5;2025-11-20;6;0
5;2025-11-20;7;0
5;2025-11-20;8;0
5;2025-11-20;9;0
5;2025-11-20;10;0
5;2025-11-20;11;0
5;2025-11-20;12;0
5;2025-11-20;13;0
5;2025-11-20;14;0
5;2025-11-20;15;0
5;2025-11-20;16;0
5;2025-11-20;17;0
5;2025-11-20;18;0
5;2025-11-20;19;0
5;2025-11-20;20;0
5;2025-11-20;21;0
5;2025-11-20;22;0
5;2025-11-20;23;0
5;2025-11-21;0;0
5;2025-11-21;1;0
5;2025-11-21;2;0
5;2025-11-21;3;0
5;2025-11-21;4;0
5;2025-11-21;5;0
5;2025-11-21;6;0
5;2025-11-21;7;0
5;2025-11-21;8;0
5;2025-11-21;9;0
5;2025-11-21;10;0
5;2025-11-21;11;0
5;2025-11-21;12;0
5;2025-11-21;13;0
5;2025-11-21;14;0
5;2025-11-21;15;0
5;2025-11-21;16;0
5;2025-11-21;17;0
5;2025-11-21;18;0
5;2025-11-21;19;0
5;2025-11-21;20;0
5;2025-11-21;21;0
5;2025-11-21;22;0
5;2025-11-21;23;0
5;2025-11-22;0;0
5;2025-11-22;1;0
5;2025-11-22;2;0
5;2025-11-22;3;0
5;2025-11-22;4;0
5;2025-11-22;5;0
5;2025-11-22;6;0
5;2025-11-22;7;0
5;2025-11-22;8;0
5;2025-11-22;9;0
5;2025-11-22;10;0
5;2025-11-22;11;0
5;2025-11-22;12;0
5;2025-11-22;13;0
5;2025-11-22;14;0
5;2025-11-22;15;0
5;2025-11-22;16;0
5;2025-11-22;17;0
5;2025-11-22;18;0
5;2025-11-22;19;0
5;2025-11-22;20;0
5;2025-11-22;21;0
5;2025-11-22;22;0
5;2025-11-22;23;0
5;2025-11-23;0;0
5;2025-11-23;1;0
5;2025-11-23;2;0
5;2025-11-23;3;0
5;2025-11-23;4;0
5;2025-11-23;5;0
5;2025-11-23;6;0
5;2025-11-23;7;0
5;2025-11-23;8;0
5;2025-11-23;9;0
5;2025-11-23;10;0
5;2025-11-23;11;0
5;2025-11-23;12;0
5;2025-11-23;13;0
5;2025-11-23;14;0
5;2025-11-23;15;0
5;2025-11-23;16;0
5;2025-11-23;17;0
5;2025-11-23;18;0
5;2025-11-23;19;0
5;2025-11-23;20;0
5;2025-11-23;21;0
5;2025-11-23;22;0
5;2025-11-23;23;0
5;2025-11-24;0;0
5;2025-11-24;1;0
5;2025-11-24;2;0
5;2025-11-24;3;0
5;2025-11-24;4;0
5;2025-11-24;5;0
5;2025-11-24;6;0
5;2025-11-24;7;0
5;2025-11-24;8;0
5;2025-11-24;9;0
5;2025-11-24;10;0
5;2025-11-24;11;0
5;2025-11-24;12;0
5;2025-11-24;13;0
5;2025-11-24;14;0
5;2025-11-24;15;0
5;2025-11-24;16;0
5;2025-11-24;17;0
5;2025-11-24;18;0
5;2025-11-24;19;0
5;2025-11-24;20;0
5;2025-11-24;21;0
5;2025-11-24;22;0
5;2025-11-24;23;0
5;2025-11-25;0;0
5;2025-11-25;1;0
5;2025-11-25;2;0
5;2025-11-25;3;0
5;2025-11-25;4;0
5;2025-11-25;5;0
5;2025-11-25;6;0
5;2025-11-25;7;0
5;2025-11-25;8;0
5;2025-11-25;9;0
5;2025-11-25;10;0
5;2025-11-25;11;0
5;2025-11-25;12;0
5;2025-11-25;13;0
5;2025-11-25;14;0
5;2025-11-25;15;0
5;2025-11-25;16;0
5;2025-11-25;17;0
5;2025-11-25;18;0
5;2025-11-25;19;0
5;2025-11-25;20;0
5;2025-11-25;21;0
5;2025-11-25;22;0
5;2025-11-25;23;0
5;2025-11-26;0;0
5;2025-11-26;1;0
5;2025-11-26;2;0
5;2025-11-26;3;0
5;2025-11-26;4;0
5;2025-11-26;5;0
5;2025-11-26;6;0
5;2025-11-26;7;0
5;2025-11-26;8;0
5;2025-11-26;9;0
5;2025-11-26;10;0
5;2025-11-26;11;0
5;2025-11-26;12;0
5;2025-11-26;13;0
5;2025-11-26;14;0
5;2025-11-26;15;0
5;2025-11-26;16;0
5;2025-11-26;17;0
5;2025-11-26;18;0
5;2025-11-26;19;0
5;2025-11-26;20;0
5;2025-11-26;21;0
5;2025-11-26;22;0
5;2025-11-26;23;0
5;2025-11-27;0;0
5;2025-11-27;1;0
5;2025-11-27;2;0
5;2025-11-27;3;0
5;2025-11-27;4;0
5;2025-11-27;5;0
5;2025-11-27;6;0
5;2025-11-27;7;0
5;2025-11-27;8;0
5;2025-11-27;9;0
5;2025-11-27;10;0
5;2025-11-27;11;0
5;2025-11-27;12;0
5;2025-11-27;13;0
5;2025-11-27;14;0
5;2025-11-27;15;0
5;2025-11-27;16;0
5;2025-11-27;17;0
5;2025-11-27;18;0
5;2025-11-27;19;0
5;2025-11-27;20;0
5;2025-11-27;21;0
5;2025-11-27;22;0
5;2025-11-27;23;0
5;2025-11-28;0;0
5;2025-11-28;1;0
5;2025-11-28;2;0
5;2025-11-28;3;0
5;2025-11-28;4;0
5;2025-11-28;5;0
5;2025-11-28;6;0
5;2025-11-28;7;0
5;2025-11-28;8;0
5;2025-11-28;9;0
5;2025-11-28;10;0
5;2025-11-28;11;0
5;2025-11-28;12;0
5;2025-11-28;13;0
5;2025-11-28;14;0
5;2025-11-28;15;0
5;2025-11-28;16;0
5;2025-11-28;17;0
5;2025-11-28;18;0
5;2025-11-28;19;0
5;2025-11-28;20;0
5;2025-11-28;21;0
5;2025-11-28;22;0
5;2025-11-28;23;0
5;2025-11-29;0;0
5;2025-11-29;1;0
5;2025-11-29;2;0
5;2025-11-29;3;0
5;2025-11-29;4;0
5;2025-11-29;5;0
5;2025-11-29;6;0
5;2025-11-29;7;0
5;2025-11-29;8;0
5;2025-11-29;9;0
5;2025-11-29;10;0
5;2025-11-29;11;0
5;2025-11-29;12;0
5;2025-11-29;13;0
5;2025-11-29;14;0
5;2025-11-29;15;0
5;2025-11-29;16;0
5;2025-11-29;17;0
5;2025-11-29;18;0
5;2025-11-29;19;0
5;2025-11-29;20;0
5;2025-11-29;21;0
5;2025-11-29;22;0
5;2025-11-29;23;0
5;2025-11-30;0;0
5;2025-11-30;1;0
5;2025-11-30;2;0
5;2025-11-30;3;0
5;2025-11-30;4;0
5;2025-11-30;5;0
5;2025-11-30;6;0
5;2025-11-30;7;0
5;2025-11-30;8;0
5;2025-11-30;9;0
5;2025-11-30;10;0
5;2025-11-30;11;0
5;2025-11-30;12;0
5;2025-11-30;13;0
5;2025-11-30;14;0
5;2025-11-30;15;0
5;2025-11-30;16;0
5;2025-11-30;17;0
5;2025-11-30;18;0
5;2025-11-30;19;0
5;2025-11-30;20;0
5;2025-11-30;21;0
5;2025-11-30;22;0
5;2025-11-30;23;0
5;2025-12-01;0;0
5;2025-12-01;1;0
5;2025-12-01;2;0
5;2025-12-01;3;0
5;2025-12-01;4;0
5;2025-12-01;5;0
5;2025-12-01;6;0
5;2025-12-01;7;0
5;2025-12-01;8;0
5;2025-12-01;9;0
5;2025-12-01;10;0
5;2025-12-01;11;0
5;2025-12-01;12;0
5;2025-12-01;13;0
5;2025-12-01;14;0
5;2025-12-01;15;0
5;2025-12-01;16;0
5;2025-12-01;17;0
5;2025-12-01;18;0
5;2025-12-01;19;0
5;2025-12-01;20;0
5;2025-12-01;21;0
5;2025-12-01;22;0
5;2025-12-01;23;0
5;2025-12-02;0;0
5;2025-12-02;1;0
5;2025-12-02;2;0
5;2025-12-02;3;0
5;2025-12-02;4;0
5;2025-12-02;5;0
5;2025-12-02;6;0
5;2025-12-02;7;0
5;2025-12-02;8;0
5;2025-12-02;9;0
5;2025-12-02;10;0
5;2025-12-02;11;0
5;2025-12-02;12;0
5;2025-12-02;13;0
5;2025-12-02;14;0
5;2025-12-02;15;0
5;2025-12-02;16;0
5;2025-12-02;17;0
5;2025-12-02;18;0
5;2025-12-02;19;0
5;2025-12-02;20;0
5;2025-12-02;21;0
5;2025-12-02;22;0
5;2025-12-02;23;0
5;2025-12-03;0;0
5;2025-12-03;1;0
5;2025-12-03;2;0
5;2025-12-03;3;0
5;2025-12-03;4;0
5;2025-12-03;5;0
5;2025-12-03;6;0
5;2025-12-03;7;0
5;2025-12-03;8;0
5;2025-12-03;9;0
5;2025-12-03;10;0
5;2025-12-03;11;0
5;2025-12-03;12;0
5;2025-12-03;13;0
5;2025-12-03;14;0
5;2025-12-03;15;0
5;2025-12-03;16;0
5;2025-12-03;17;0
5;2025-12-03;18;0
5;2025-12-03;19;0
5;2025-12-03;20;0
5;2025-12-03;21;0
5;2025-12-03;22;0
5;2025-12-03;23;0
5;2025-12-04;0;0
5;2025-12-04;1;0
5;2025-12-04;2;0
5;2025-12-04;3;0
5;2025-12-04;4;0
5;2025-12-04;5;0
5;2025-12-04;6;0
5;2025-12-04;7;0
5;2025-12-04;8;0
5;2025-12-04;9;0
5;2025-12-04;10;0
5;2025-12-04;11;0
5;2025-12-04;12;0
5;2025-12-04;13;0
5;2025-12-04;14;0
5;2025-12-04;15;0
5;2025-12-04;16;0
5;2025-12-04;17;0
5;2025-12-04;18;0
5;2025-12-04;19;0
5;2025-12-04;20;0
5;2025-12-04;21;0
5;2025-12-04;22;0
5;2025-12-04;23;0
5;2025-12-05;0;0
5;2025-12-05;1;0
5;2025-12-05;2;0
5;2025-12-05;3;0
5;2025-12-05;4;0
5;2025-12-05;5;0
5;2025-12-05;6;0
5;2025-12-05;7;0
5;2025-12-05;8;0
5;2025-12-05;9;0
5;2025-12-05;10;0
5;2025-12-05;11;0
5;2025-12-05;12;0
5;2025-12-05;13;0
5;2025-12-05;14;0
5;2025-12-05;15;0
5;2025-12-05;16;0
5;2025-12-05;17;0
5;2025-12-05;18;0
5;2025-12-05;19;0
5;2025-12-05;20;0
5;2025-12-05;21;0
5;2025-12-05;22;0
5;2025-12-05;23;0
5;2025-12-06;0;0
5;2025-12-06;1;0
5;2025-12-06;2;0
5;2025-12-06;3;0
5;2025-12-06;4;0
5;2025-12-06;5;0
5;2025-12-06;6;0
5;2025-12-06;7;0
5;2025-12-06;8;0
5;2025-12-06;9;0
5;2025-12-06;10;0
5;2025-12-06;11;0
5;2025-12-06;12;0
5;2025-12-06;13;0
5;2025-12-06;14;0
5;2025-12-06;15;0
5;2025-12-06;16;0
5;2025-12-06;17;0
5;2025-12-06;18;0
5;2025-12-06;19;0
5;2025-12-06;20;0
5;2025-12-06;21;0
5;2025-12-06;22;0
5;2025-12-06;23;0
5;2025-12-07;0;0
5;2025-12-07;1;0
5;2025-12-07;2;0
5;2025-12-07;3;0
5;2025-12-07;4;0
5;2025-12-07;5;0
5;2025-12-07;6;0
5;2025-12-07;7;0
5;2025-12-07;8;0
5;2025-12-07;9;0
5;2025-12-07;10;0
5;2025-12-07;11;0
5;2025-12-07;12;0
5;2025-12-07;13;0
5;2025-12-07;14;0
5;2025-12-07;15;0
5;2025-12-07;16;0
5;2025-12-07;17;0
5;2025-12-07;18;0
5;2025-12-07;19;0
5;2025-12-07;20;0
5;2025-12-07;21;0
5;2025-12-07;22;0
5;2025-12-07;23;0
5;2025-12-08;0;0
5;2025-12-08;1;0
5;2025-12-08;2;0
5;2025-12-08;3;0
5;2025-12-08;4;0
5;2025-12-08;5;0
5;2025-12-08;6;0
5;2025-12-08;7;0
5;2025-12-08;8;0
5;2025-12-08;9;0
5;2025-12-08;10;0
5;2025-12-08;11;0
5;2025-12-08;12;0
5;2025-12-08;13;0
5;2025-12-08;14;0
5;2025-12-08;15;0
5;2025-12-08;16;0
5;2025-12-08;17;0
5;2025-12-08;18;0
5;2025-12-08;19;0
5;2025-12-08;20;0
5;2025-12-08;21;0
5;2025-12-08;22;0
5;2025-12-08;23;0
5;2025-12-09;0;0
5;2025-12-09;1;0
5;2025-12-09;2;0
5;2025-12-09;3;0
5;2025-12-09;4;0
5;2025-12-09;5;0
5;2025-12-09;6;0
5;2025-12-09;7;0
5;2025-12-09;8;0
5;2025-12-09;9;0
5;2025-12-09;10;0
5;2025-12-09;11;0
5;2025-12-09;12;0
5;2025-12-09;13;0
5;2025-12-09;14;0
5;2025-12-09;15;0
5;2025-12-09;16;0
5;2025-12-09;17;0
5;2025-12-09;18;0
5;2025-12-09;19;0
5;2025-12-09;20;0
5;2025-12-09;21;0
5;2025-12-09;22;0
5;2025-12-09;23;0
5;2025-12-10;0;0
5;2025-12-10;1;0
5;2025-12-10;2;0
5;2025-12-10;3;0
5;2025-12-10;4;0
5;2025-12-10;5;0
5;2025-12-10;6;0
5;2025-12-10;7;0
5;2025-12-10;8;0
5;2025-12-10;9;0
5;2025-12-10;10;0
5;2025-12-10;11;0
5;2025-12-10;12;0
5;2025-12-10;13;0
5;2025-12-10;14;0
5;2025-12-10;15;0
5;2025-12-10;16;0
5;2025-12-10;17;0
5;2025-12-10;18;0
5;2025-12-10;19;0
5;2025-12-10;20;0
5;2025-12-10;21;0
5;2025-12-10;22;0
5;2025-12-10;23;0
5;2025-12-11;0;0
5;2025-12-11;1;0
5;2025-12-11;2;0
5;2025-12-11;3;0
5;2025-12-11;4;0
5;2025-12-11;5;0
5;2025-12-11;6;0
5;2025-12-11;7;0
5;2025-12-11;8;0
5;2025-12-11;9;0
5;2025-12-11;10;0
5;2025-12-11;11;0
5;2025-12-11;12;0
5;2025-12-11;13;0
5;2025-12-11;14;0
5;2025-12-11;15;0
5;2025-12-11;16;0
5;2025-12-11;17;0
5;2025-12-11;18;0
5;2025-12-11;19;0
5;2025-12-11;20;0
5;2025-12-11;21;0
5;2025-12-11;22;0
5;2025-12-11;23;0
5;2025-12-12;0;0
5;2025-12-12;1;0
5;2025-12-12;2;0
5;2025-12-12;3;0
5;2025-12-12;4;0
5;2025-12-12;5;0
5;2025-12-12;6;0
5;2025-12-12;7;0
5;2025-12-12;8;0
5;2025-12-12;9;0
5;2025-12-12;10;0
5;2025-12-12;11;0
5;2025-12-12;12;0
5;2025-12-12;13;0
5;2025-12-12;14;0
5;2025-12-12;15;0
5;2025-12-12;16;0
5;2025-12-12;17;0
5;2025-12-12;18;0
5;2025-12-12;19;0
5;2025-12-12;20;0
5;2025-12-12;21;0
5;2025-12-12;22;0
5;2025-12-12;23;0
5;2025-12-13;0;0
5;2025-12-13;1;0
5;2025-12-13;2;0
5;2025-12-13;3;0
5;2025-12-13;4;0
5;2025-12-13;5;0
5;2025-12-13;6;0
5;2025-12-13;7;0
5;2025-12-13;8;0
5;2025-12-13;9;0
5;2025-12-13;10;0
5;2025-12-13;11;0
5;2025-12-13;12;0
5;2025-12-13;13;0
5;2025-12-13;14;0
5;2025-12-13;15;0
5;2025-12-13;16;0
5;2025-12-13;17;0
5;2025-12-13;18;0
5;2025-12-13;19;0
5;2025-12-13;20;0
5;2025-12-13;21;0
5;2025-12-13;22;0
5;2025-12-13;23;0
5;2025-12-14;0;0
5;2025-12-14;1;0
5;2025-12-14;2;0
5;2025-12-14;3;0
5;2025-12-14;4;0
5;2025-12-14;5;0
5;2025-12-14;6;0
5;2025-12-14;7;0
5;2025-12-14;8;0
5;2025-12-14;9;0
5;2025-12-14;10;0
5;2025-12-14;11;0
5;2025-12-14;12;0
5;2025-12-14;13;0
5;2025-12-14;14;0
5;2025-12-14;15;0
5;2025-12-14;16;0
5;2025-12-14;17;0
5;2025-12-14;18;0
5;2025-12-14;19;0
5;2025-12-14;20;0
5;2025-12-14;21;0
5;2025-12-14;22;0
5;2025-12-14;23;0
5;2025-12-15;0;0
5;2025-12-15;1;0
5;2025-12-15;2;0
5;2025-12-15;3;0
5;2025-12-15;4;0
5;2025-12-15;5;0
5;2025-12-15;6;0
5;2025-12-15;7;0
5;2025-12-15;8;0
5;2025-12-15;9;0
5;2025-12-15;10;0
5;2025-12-15;11;0
5;2025-12-15;12;0
5;2025-12-15;13;0
5;2025-12-15;14;0
5;2025-12-15;15;0
5;2025-12-15;16;0
5;2025-12-15;17;0
5;2025-12-15;18;0
5;2025-12-15;19;0
5;2025-12-15;20;0
5;2025-12-15;21;0
5;2025-12-15;22;0
5;2025-12-15;23;0
5;2025-12-16;0;0
5;2025-12-16;1;0
5;2025-12-16;2;0
5;2025-12-16;3;0
5;2025-12-16;4;0
5;2025-12-16;5;0
5;2025-12-16;6;0
5;2025-12-16;7;0
5;2025-12-16;8;0
5;2025-12-16;9;0
5;2025-12-16;10;0
5;2025-12-16;11;0
5;2025-12-16;12;0
5;2025-12-16;13;0
5;2025-12-16;14;0
5;2025-12-16;15;0
5;2025-12-16;16;0
5;2025-12-16;17;0
5;2025-12-16;18;0
5;2025-12-16;19;0
5;2025-12-16;20;0
5;2025-12-16;21;0
5;2025-12-16;22;0
5;2025-12-16;23;0
5;2025-12-17;0;0
5;2025-12-17;1;0
5;2025-12-17;2;0
5;2025-12-17;3;0
5;2025-12-17;4;0
5;2025-12-17;5;0
5;2025-12-17;6;0
5;2025-12-17;7;0
5;2025-12-17;8;0
5;2025-12-17;9;0
5;2025-12-17;10;0
5;2025-12-17;11;0
5;2025-12-17;12;0
5;2025-12-17;13;0
5;2025-12-17;14;0
5;2025-12-17;15;0
5;2025-12-17;16;0
5;2025-12-17;17;0
5;2025-12-17;18;0
5;2025-12-17;19;0
5;2025-12-17;20;0
5;2025-12-17;21;0
5;2025-12-17;22;0
5;2025-12-17;23;0
5;2025-12-18;0;0
5;2025-12-18;1;0
5;2025-12-18;2;0
5;2025-12-18;3;0
5;2025-12-18;4;0
5;2025-12-18;5;0
5;2025-12-18;6;0
5;2025-12-18;7;0
5;2025-12-18;8;0
5;2025-12-18;9;0
5;2025-12-18;10;0
5;2025-12-18;11;0
5;2025-12-18;12;0
5;2025-12-18;13;0
5;2025-12-18;14;0
5;2025-12-18;15;0
5;2025-12-18;16;0
5;2025-12-18;17;0
5;2025-12-18;18;0
5;2025-12-18;19;0
5;2025-12-18;20;0
5;2025-12-18;21;0
5;2025-12-18;22;0
5;2025-12-18;23;0
5;2025-12-19;0;0
5;2025-12-19;1;0
5;2025-12-19;2;0
5;2025-12-19;3;0
5;2025-12-19;4;0
5;2025-12-19;5;0
5;2025-12-19;6;0
5;2025-12-19;7;0
5;2025-12-19;8;0
5;2025-12-19;9;0
5;2025-12-19;10;0
5;2025-12-19;11;0
5;2025-12-19;12;0
5;2025-12-19;13;0
5;2025-12-19;14;0
5;2025-12-19;15;0
5;2025-12-19;16;0
5;2025-12-19;17;0
5;2025-12-19;18;0
5;2025-12-19;19;0
5;2025-12-19;20;0
5;2025-12-19;21;0
5;2025-12-19;22;0
5;2025-12-19;23;0
5;2025-12-20;0;0
5;2025-12-20;1;0
5;2025-12-20;2;0
5;2025-12-20;3;0
5;2025-12-20;4;0
5;2025-12-20;5;0
5;2025-12-20;6;0
5;2025-12-20;7;0
5;2025-12-20;8;0
5;2025-12-20;9;0
5;2025-12-20;10;0
5;2025-12-20;11;0
5;2025-12-20;12;0
5;2025-12-20;13;0
5;2025-12-20;14;0
5;2025-12-20;15;0
5;2025-12-20;16;0
5;2025-12-20;17;0
5;2025-12-20;18;0
5;2025-12-20;19;0
5;2025-12-20;20;0
5;2025-12-20;21;0
5;2025-12-20;22;0
5;2025-12-20;23;0
5;2025-12-21;0;0
5;2025-12-21;1;0
5;2025-12-21;2;0
5;2025-12-21;3;0
5;2025-12-21;4;0
5;2025-12-21;5;0
5;2025-12-21;6;0
5;2025-12-21;7;0
5;2025-12-21;8;0
5;2025-12-21;9;0
5;2025-12-21;10;0
5;2025-12-21;11;0
5;2025-12-21;12;0
5;2025-12-21;13;0
5;2025-12-21;14;0
5;2025-12-21;15;0
5;2025-12-21;16;0
5;2025-12-21;17;0
5;2025-12-21;18;0
5;2025-12-21;19;0
5;2025-12-21;20;0
5;2025-12-21;21;0
5;2025-12-21;22;0
5;2025-12-21;23;0
5;2025-12-22;0;0
5;2025-12-22;1;0
5;2025-12-22;2;0
5;2025-12-22;3;0
5;2025-12-22;4;0
5;2025-12-22;5;0
5;2025-12-22;6;0
5;2025-12-22;7;0
5;2025-12-22;8;0
5;2025-12-22;9;0
5;2025-12-22;10;0
5;2025-12-22;11;0
5;2025-12-22;12;0
5;2025-12-22;13;0
5;2025-12-22;14;0
5;2025-12-22;15;0
5;2025-12-22;16;0
5;2025-12-22;17;0
5;2025-12-22;18;0
5;2025-12-22;19;0
5;2025-12-22;20;0
5;2025-12-22;21;0
5;2025-12-22;22;0
5;2025-12-22;23;0
5;2025-12-23;0;0
5;2025-12-23;1;0
5;2025-12-23;2;0
5;2025-12-23;3;0
5;2025-12-23;4;0
5;2025-12-23;5;0
5;2025-12-23;6;0
5;2025-12-23;7;0
5;2025-12-23;8;0
5;2025-12-23;9;0
5;2025-12-23;10;0
5;2025-12-23;11;0
5;2025-12-23;12;0
5;2025-12-23;13;0
5;2025-12-23;14;0
5;2025-12-23;15;0
5;2025-12-23;16;0
5;2025-12-23;17;0
5;2025-12-23;18;0
5;2025-12-23;19;0
5;2025-12-23;20;0
5;2025-12-23;21;0
5;2025-12-23;22;0
5;2025-12-23;23;0
5;2025-12-24;0;0
5;2025-12-24;1;0
5;2025-12-24;2;0
5;2025-12-24;3;0
5;2025-12-24;4;0
5;2025-12-24;5;0
5;2025-12-24;6;0
5;2025-12-24;7;0
5;2025-12-24;8;0
5;2025-12-24;9;0
5;2025-12-24;10;0
5;2025-12-24;11;0
5;2025-12-24;12;0
5;2025-12-24;13;0
5;2025-12-24;14;0
5;2025-12-24;15;0
5;2025-12-24;16;0
5;2025-12-24;17;0
5;2025-12-24;18;0
5;2025-12-24;19;0
5;2025-12-24;20;0
5;2025-12-24;21;0
5;2025-12-24;22;0
5;2025-12-24;23;0
5;2025-12-25;0;0
5;2025-12-25;1;0
5;2025-12-25;2;0
5;2025-12-25;3;0
5;2025-12-25;4;0
5;2025-12-25;5;0
5;2025-12-25;6;0
5;2025-12-25;7;0
5;2025-12-25;8;0
5;2025-12-25;9;0
5;2025-12-25;10;0
5;2025-12-25;11;0
5;2025-12-25;12;0
5;2025-12-25;13;0
5;2025-12-25;14;0
5;2025-12-25;15;0
5;2025-12-25;16;0
5;2025-12-25;17;0
5;2025-12-25;18;0
5;2025-12-25;19;0
5;2025-12-25;20;0
5;2025-12-25;21;0
5;2025-12-25;22;0
5;2025-12-25;23;0
5;2025-12-26;0;0
5;2025-12-26;1;0
5;2025-12-26;2;0
5;2025-12-26;3;0
5;2025-12-26;4;0
5;2025-12-26;5;0
5;2025-12-26;6;0
5;2025-12-26;7;0
5;2025-12-26;8;0
5;2025-12-26;9;0
5;2025-12-26;10;0
5;2025-12-26;11;0
5;2025-12-26;12;0
5;2025-12-26;13;0
5;2025-12-26;14;0
5;2025-12-26;15;0
5;2025-12-26;16;0
5;2025-12-26;17;0
5;2025-12-26;18;0
5;2025-12-26;19;0
5;2025-12-26;20;0
5;2025-12-26;21;0
5;2025-12-26;22;0
5;2025-12-26;23;0
5;2025-12-27;0;0
5;2025-12-27;1;0
5;2025-12-27;2;0
5;2025-12-27;3;0
5;2025-12-27;4;0
5;2025-12-27;5;0
5;2025-12-27;6;0
5;2025-12-27;7;0
5;2025-12-27;8;0
5;2025-12-27;9;0
5;2025-12-27;10;0
5;2025-12-27;11;0
5;2025-12-27;12;0
5;2025-12-27;13;0
5;2025-12-27;14;0
5;2025-12-27;15;0
5;2025-12-27;16;0
5;2025-12-27;17;0
5;2025-12-27;18;0
5;2025-12-27;19;0
5;2025-12-27;20;0
5;2025-12-27;21;0
5;2025-12-27;22;0
5;2025-12-27;23;0
5;2025-12-28;0;0
5;2025-12-28;1;0
5;2025-12-28;2;0
5;2025-12-28;3;0
5;2025-12-28;4;0
5;2025-12-28;5;0
5;2025-12-28;6;0
5;2025-12-28;7;0
5;2025-12-28;8;0
5;2025-12-28;9;0
5;2025-12-28;10;0
5;2025-12-28;11;0
5;2025-12-28;12;0
5;2025-12-28;13;0
5;2025-12-28;14;0
5;2025-12-28;15;0
5;2025-12-28;16;0
5;2025-12-28;17;0
5;2025-12-28;18;0
5;2025-12-28;19;0
5;2025-12-28;20;0
5;2025-12-28;21;0
5;2025-12-28;22;0
5;2025-12-28;23;0
5;2025-12-29;0;0
5;2025-12-29;1;0
5;2025-12-29;2;0
5;2025-12-29;3;0
5;2025-12-29;4;0
5;2025-12-29;5;0
5;2025-12-29;6;0
5;2025-12-29;7;0
5;2025-12-29;8;0
5;2025-12-29;9;0
5;2025-12-29;10;0
5;2025-12-29;11;0
5;2025-12-29;12;0
5;2025-12-29;13;0
5;2025-12-29;14;0
5;2025-12-29;15;0
5;2025-12-29;16;0
5;2025-12-29;17;0
5;2025-12-29;18;0
5;2025-12-29;19;0
5;2025-12-29;20;0
5;2025-12-29;21;0
5;2025-12-29;22;0
5;2025-12-29;23;0
5;2025-12-30;0;0
5;2025-12-30;1;0
5;2025-12-30;2;0
5;2025-12-30;3;0
5;2025-12-30;4;0
5;2025-12-30;5;0
5;2025-12-30;6;0
5;2025-12-30;7;0
5;2025-12-30;8;0
5;2025-12-30;9;0
5;2025-12-30;10;0
5;2025-12-30;11;0
5;2025-12-30;12;0
5;2025-12-30;13;0
5;2025-12-30;14;0
5;2025-12-30;15;0
5;2025-12-30;16;0
5;2025-12-30;17;0
5;2025-12-30;18;0
5;2025-12-30;19;0
5;2025-12-30;20;0
5;2025-12-30;21;0
5;2025-12-30;22;0
5;2025-12-30;23;0
5;2025-12-31;0;0
5;2025-12-31;1;0
5;2025-12-31;2;0
5;2025-12-31;3;0
5;2025-12-31;4;0
5;2025-12-31;5;0
5;2025-12-31;6;0
5;2025-12-31;7;0
5;2025-12-31;8;0
5;2025-12-31;9;0
5;2025-12-31;10;0
5;2025-12-31;11;0
5;2025-12-31;12;0
5;2025-12-31;13;0
5;2025-12-31;14;0
5;2025-12-31;15;0
5;2025-12-31;16;0
5;2025-12-31;17;0
5;2025-12-31;18;0
5;2025-12-31;19;0
5;2025-12-31;20;0
5;2025-12-31;21;0
5;2025-12-31;22;0
5;2025-12-31;23;0
7;2025-11-01;0;83
7;2025-11-01;1;19
7;2025-11-01;2;0
7;2025-11-01;3;0
7;2025-11-01;4;0
7;2025-11-01;5;48
7;2025-11-01;6;227
7;2025-11-01;7;374
7;2025-11-01;8;623
7;2025-11-01;9;598
7;2025-11-01;10;624
7;2025-11-01;11;802
7;2025-11-01;12;1005
7;2025-11-01;13;928
7;2025-11-01;14;982
7;2025-11-01;15;974
7;2025-11-01;16;882
7;2025-11-01;17;829
7;2025-11-01;18;777
7;2025-11-01;19;693
7;2025-11-01;20;466
7;2025-11-01;21;410
7;2025-11-01;22;234
7;2025-11-01;23;185
7;2025-11-02;0;108
7;2025-11-02;1;21
7;2025-11-02;2;0
7;2025-11-02;3;0
7;2025-11-02;4;0
7;2025-11-02;5;37
7;2025-11-02;6;187
7;2025-11-02;7;277
7;2025-11-02;8;484
7;2025-11-02;9;608
7;2025-11-02;10;663
7;2025-11-02;11;899
7;2025-11-02;12;1004
7;2025-11-02;13;1091
7;2025-11-02;14;1162
7;2025-11-02;15;1137
7;2025-11-02;16;1087
7;2025-11-02;17;1087
7;2025-11-02;18;936
7;2025-11-02;19;808
7;2025-11-02;20;629
7;2025-11-02;21;495
7;2025-11-02;22;259
7;2025-11-02;23;163
7;2025-11-03;0;73
7;2025-11-03;1;12
7;2025-11-03;2;0
7;2025-11-03;3;0
7;2025-11-03;4;0
7;2025-11-03;5;136
7;2025-11-03;6;416
7;2025-11-03;7;597
7;2025-11-03;8;865
7;2025-11-03;9;830
7;2025-11-03;10;853
7;2025-11-03;11;896
7;2025-11-03;12;963
7;2025-11-03;13;958
7;2025-11-03;14;990
7;2025-11-03;15;989
7;2025-11-03;16;965
7;2025-11-03;17;1102
7;2025-11-03;18;1083
7;2025-11-03;19;1009
7;2025-11-03;20;732
7;2025-11-03;21;509
7;2025-11-03;22;259
7;2025-11-03;23;169
7;2025-11-04;0;66
7;2025-11-04;1;19
7;2025-11-04;2;0
7;2025-11-04;3;0
7;2025-11-04;4;2
7;2025-11-04;5;140
7;2025-11-04;6;391
7;2025-11-04;7;561
7;2025-11-04;8;823
7;2025-11-04;9;774
7;2025-11-04;10;810
7;2025-11-04;11;831
7;2025-11-04;12;894
7;2025-11-04;13;935
7;2025-11-04;14;1044
7;2025-11-04;15;1055
7;2025-11-04;16;966
7;2025-11-04;17;1064
7;2025-11-04;18;1060
7;2025-11-04;19;977
7;2025-11-04;20;713
7;2025-11-04;21;498
7;2025-11-04;22;285
7;2025-11-04;23;168
7;2025-11-05;0;60
7;2025-11-05;1;12
7;2025-11-05;2;0
7;2025-11-05;3;0
7;2025-11-05;4;1
7;2025-11-05;5;192
7;2025-11-05;6;651
7;2025-11-05;7;1517
7;2025-11-05;8;2551
7;2025-11-05;9;1851
7;2025-11-05;10;1582
7;2025-11-05;11;1393
7;2025-11-05;12;1485
7;2025-11-05;13;1503
7;2025-11-05;14;1542
7;2025-11-05;15;1726
7;2025-11-05;16;1816
7;2025-11-05;17;2339
7;2025-11-05;18;2540
7;2025-11-05;19;1642
7;2025-11-05;20;997
7;2025-11-05;21;595
7;2025-11-05;22;309
7;2025-11-05;23;176
7;2025-11-06;0;59
7;2025-11-06;1;9
7;2025-11-06;2;0
7;2025-11-06;3;0
7;2025-11-06;4;2
7;2025-11-06;5;192
7;2025-11-06;6;691
7;2025-11-06;7;1537
7;2025-11-06;8;2426
7;2025-11-06;9;1754
7;2025-11-06;10;1472
7;2025-11-06;11;1333
7;2025-11-06;12;1437
7;2025-11-06;13;1478
7;2025-11-06;14;1585
7;2025-11-06;15;1624
7;2025-11-06;16;1741
7;2025-11-06;17;2215
7;2025-11-06;18;2547
7;2025-11-06;19;1594
7;2025-11-06;20;952
7;2025-11-06;21;625
7;2025-11-06;22;291
7;2025-11-06;23;178
7;2025-11-07;0;66
7;2025-11-07;1;7
7;2025-11-07;2;0
7;2025-11-07;3;0
7;2025-11-07;4;2
7;2025-11-07;5;187
7;2025-11-07;6;629
7;2025-11-07;7;1479
7;2025-11-07;8;2305
7;2025-11-07;9;1690
7;2025-11-07;10;1469
7;2025-11-07;11;1375
7;2025-11-07;12;1498
7;2025-11-07;13;1619
7;2025-11-07;14;1651
7;2025-11-07;15;1769
7;2025-11-07;16;1968
7;2025-11-07;17;2157
7;2025-11-07;18;2020
7;2025-11-07;19;1392
7;2025-11-07;20;927
7;2025-11-07;21;603
7;2025-11-07;22;324
7;2025-11-07;23;205
7;2025-11-08;0;91
7;2025-11-08;1;18
7;2025-11-08;2;0
7;2025-11-08;3;0
7;2025-11-08;4;2
7;2025-11-08;5;57
7;2025-11-08;6;268
7;2025-11-08;7;450
7;2025-11-08;8;726
7;2025-11-08;9;769
7;2025-11-08;10;828
7;2025-11-08;11;960
7;2025-11-08;12;1087
7;2025-11-08;13;1102
7;2025-11-08;14;1117
7;2025-11-08;15;1117
7;2025-11-08;16;1080
7;2025-11-08;17;1010
7;2025-11-08;18;976
7;2025-11-08;19;919
7;2025-11-08;20;711
7;2025-11-08;21;584
7;2025-11-08;22;291
7;2025-11-08;23;192
7;2025-11-09;0;104
7;2025-11-09;1;19
7;2025-11-09;2;0
7;2025-11-09;3;0
7;2025-11-09;4;0
7;2025-11-09;5;36
7;2025-11-09;6;191
7;2025-11-09;7;282
7;2025-11-09;8;497
7;2025-11-09;9;624
7;2025-11-09;10;673
7;2025-11-09;11;840
7;2025-11-09;12;909
7;2025-11-09;13;960
7;2025-11-09;14;1020
7;2025-11-09;15;1000
7;2025-11-09;16;943
7;2025-11-09;17;957
7;2025-11-09;18;828
7;2025-11-09;19;727
7;2025-11-09;20;604
7;2025-11-09;21;479
7;2025-11-09;22;245
7;2025-11-09;23;145
7;2025-11-10;0;65
7;2025-11-10;1;11
7;2025-11-10;2;0
7;2025-11-10;3;0
7;2025-11-10;4;3
7;2025-11-10;5;193
7;2025-11-10;6;717
7;2025-11-10;7;1556
7;2025-11-10;8;2387
7;2025-11-10;9;1773
7;2025-11-10;10;1480
7;2025-11-10;11;1298
7;2025-11-10;12;1427
7;2025-11-10;13;1417
7;2025-11-10;14;1485
7;2025-11-10;15;1618
7;2025-11-10;16;1757
7;2025-11-10;17;2267
7;2025-11-10;18;2513
7;2025-11-10;19;1684
7;2025-11-10;20;1021
7;2025-11-10;21;573
7;2025-11-10;22;255
7;2025-11-10;23;155
7;2025-11-11;0;48
7;2025-11-11;1;10
7;2025-11-11;2;0
7;2025-11-11;3;0
7;2025-11-11;4;0
7;2025-11-11;5;197
7;2025-11-11;6;736
7;2025-11-11;7;1646
7;2025-11-11;8;2454
7;2025-11-11;9;1788
7;2025-11-11;10;1529
7;2025-11-11;11;1421
7;2025-11-11;12;1502
7;2025-11-11;13;1489
7;2025-11-11;14;1529
7;2025-11-11;15;1694
7;2025-11-11;16;1760
7;2025-11-11;17;2270
7;2025-11-11;18;2571
7;2025-11-11;19;1754
7;2025-11-11;20;1037
7;2025-11-11;21;634
7;2025-11-11;22;291
7;2025-11-11;23;160
7;2025-11-12;0;52
7;2025-11-12;1;9
7;2025-11-12;2;0
7;2025-11-12;3;0
7;2025-11-12;4;1
7;2025-11-12;5;192
7;2025-11-12;6;718
7;2025-11-12;7;1567
7;2025-11-12;8;2593
7;2025-11-12;9;1908
7;2025-11-12;10;1624
7;2025-11-12;11;1413
7;2025-11-12;12;1482
7;2025-11-12;13;1478
7;2025-11-12;14;1528
7;2025-11-12;15;1714
7;2025-11-12;16;1813
7;2025-11-12;17;2372
7;2025-11-12;18;2564
7;2025-11-12;19;1661
7;2025-11-12;20;1028
7;2025-11-12;21;637
7;2025-11-12;22;308
7;2025-11-12;23;174
7;2025-11-13;0;62
7;2025-11-13;1;12
7;2025-11-13;2;0
7;2025-11-13;3;0
7;2025-11-13;4;1
7;2025-11-13;5;191
7;2025-11-13;6;719
7;2025-11-13;7;1573
7;2025-11-13;8;2492
7;2025-11-13;9;1788
7;2025-11-13;10;1506
7;2025-11-13;11;1374
7;2025-11-13;12;1447
7;2025-11-13;13;1497
7;2025-11-13;14;1601
7;2025-11-13;15;1643
7;2025-11-13;16;1771
7;2025-11-13;17;2280
7;2025-11-13;18;2604
7;2025-11-13;19;1626
7;2025-11-13;20;1005
7;2025-11-13;21;627
7;2025-11-13;22;291
7;2025-11-13;23;180
7;2025-11-14;0;65
7;2025-11-14;1;9
7;2025-11-14;2;0
7;2025-11-14;3;0
7;2025-11-14;4;1
7;2025-11-14;5;193
7;2025-11-14;6;659
7;2025-11-14;7;1535
7;2025-11-14;8;2366
7;2025-11-14;9;1744
7;2025-11-14;10;1498
7;2025-11-14;11;1431
7;2025-11-14;12;1533
7;2025-11-14;13;1627
7;2025-11-14;14;1666
7;2025-11-14;15;1786
7;2025-11-14;16;2013
7;2025-11-14;17;2221
7;2025-11-14;18;2082
7;2025-11-14;19;1435
7;2025-11-14;20;946
7;2025-11-14;21;606
7;2025-11-14;22;324
7;2025-11-14;23;204
7;2025-11-15;0;83
7;2025-11-15;1;14
7;2025-11-15;2;0
7;2025-11-15;3;0
7;2025-11-15;4;1
7;2025-11-15;5;53
7;2025-11-15;6;261
7;2025-11-15;7;441
7;2025-11-15;8;699
7;2025-11-15;9;756
7;2025-11-15;10;798
7;2025-11-15;11;994
7;2025-11-15;12;1093
7;2025-11-15;13;1132
7;2025-11-15;14;1195
7;2025-11-15;15;1193
7;2025-11-15;16;1149
7;2025-11-15;17;1070
7;2025-11-15;18;1037
7;2025-11-15;19;997
7;2025-11-15;20;808
7;2025-11-15;21;628
7;2025-11-15;22;313
7;2025-11-15;23;202
7;2025-11-16;0;102
7;2025-11-16;1;19
7;2025-11-16;2;0
7;2025-11-16;3;1
7;2025-11-16;4;1
7;2025-11-16;5;37
7;2025-11-16;6;198
7;2025-11-16;7;305
7;2025-11-16;8;516
7;2025-11-16;9;671
7;2025-11-16;10;755
7;2025-11-16;11;924
7;2025-11-16;12;985
7;2025-11-16;13;1047
7;2025-11-16;14;1105
7;2025-11-16;15;1064
7;2025-11-16;16;977
7;2025-11-16;17;992
7;2025-11-16;18;863
7;2025-11-16;19;769
7;2025-11-16;20;635
7;2025-11-16;21;492
7;2025-11-16;22;255
7;2025-11-16;23;148
7;2025-11-17;0;61
7;2025-11-17;1;9
7;2025-11-17;2;0
7;2025-11-17;3;0
7;2025-11-17;4;1
7;2025-11-17;5;191
7;2025-11-17;6;738
7;2025-11-17;7;1569
7;2025-11-17;8;2447
7;2025-11-17;9;1791
7;2025-11-17;10;1464
7;2025-11-17;11;1285
7;2025-11-17;12;1388
7;2025-11-17;13;1363
7;2025-11-17;14;1456
7;2025-11-17;15;1605
7;2025-11-17;16;1751
7;2025-11-17;17;2310
7;2025-11-17;18;2543
7;2025-11-17;19;1661
7;2025-11-17;20;996
7;2025-11-17;21;551
7;2025-11-17;22;249
7;2025-11-17;23;148
7;2025-11-18;0;43
7;2025-11-18;1;7
7;2025-11-18;2;0
7;2025-11-18;3;0
7;2025-11-18;4;0
7;2025-11-18;5;190
7;2025-11-18;6;732
7;2025-11-18;7;1645
7;2025-11-18;8;2468
7;2025-11-18;9;1799
7;2025-11-18;10;1486
7;2025-11-18;11;1400
7;2025-11-18;12;1485
7;2025-11-18;13;1459
7;2025-11-18;14;1506
7;2025-11-18;15;1669
7;2025-11-18;16;1728
7;2025-11-18;17;2278
7;2025-11-18;18;2582
7;2025-11-18;19;1745
7;2025-11-18;20;1015
7;2025-11-18;21;620
7;2025-11-18;22;283
7;2025-11-18;23;144
7;2025-11-19;0;49
7;2025-11-19;1;6
7;2025-11-19;2;0
7;2025-11-19;3;0
7;2025-11-19;4;0
7;2025-11-19;5;191
7;2025-11-19;6;740
7;2025-11-19;7;1581
7;2025-11-19;8;2581
7;2025-11-19;9;1902
7;2025-11-19;10;1616
7;2025-11-19;11;1422
7;2025-11-19;12;1485
7;2025-11-19;13;1496
7;2025-11-19;14;1536
7;2025-11-19;15;1730
7;2025-11-19;16;1836
7;2025-11-19;17;2374
7;2025-11-19;18;2542
7;2025-11-19;19;1690
7;2025-11-19;20;1048
7;2025-11-19;21;644
7;2025-11-19;22;314
7;2025-11-19;23;168
7;2025-11-20;0;57
7;2025-11-20;1;10
7;2025-11-20;2;0
7;2025-11-20;3;0
7;2025-11-20;4;0
7;2025-11-20;5;191
7;2025-11-20;6;742
7;2025-11-20;7;1590
7;2025-11-20;8;2478
7;2025-11-20;9;1821
7;2025-11-20;10;1528
7;2025-11-20;11;1411
7;2025-11-20;12;1477
7;2025-11-20;13;1521
7;2025-11-20;14;1617
7;2025-11-20;15;1660
7;2025-11-20;16;1787
7;2025-11-20;17;2287
7;2025-11-20;18;2592
7;2025-11-20;19;1638
7;2025-11-20;20;1020
7;2025-11-20;21;619
7;2025-11-20;22;284
7;2025-11-20;23;173
7;2025-11-21;0;62
7;2025-11-21;1;6
7;2025-11-21;2;0
7;2025-11-21;3;0
7;2025-11-21;4;1
7;2025-11-21;5;180
7;2025-11-21;6;653
7;2025-11-21;7;1551
7;2025-11-21;8;2348
7;2025-11-21;9;1762
7;2025-11-21;10;1508
7;2025-11-21;11;1439
7;2025-11-21;12;1528
7;2025-11-21;13;1637
7;2025-11-21;14;1669
7;2025-11-21;15;1794
7;2025-11-21;16;2007
7;2025-11-21;17;2227
7;2025-11-21;18;2085
7;2025-11-21;19;1445
7;2025-11-21;20;979
7;2025-11-21;21;615
7;2025-11-21;22;326
7;2025-11-21;23;202
7;2025-11-22;0;90
7;2025-11-22;1;20
7;2025-11-22;2;0
7;2025-11-22;3;0
7;2025-11-22;4;1
7;2025-11-22;5;54
7;2025-11-22;6;271
7;2025-11-22;7;458
7;2025-11-22;8;735
7;2025-11-22;9;808
7;2025-11-22;10;875
7;2025-11-22;11;1074
7;2025-11-22;12;1158
7;2025-11-22;13;1175
7;2025-11-22;14;1209
7;2025-11-22;15;1193
7;2025-11-22;16;1152
7;2025-11-22;17;1092
7;2025-11-22;18;1050
7;2025-11-22;19;989
7;2025-11-22;20;760
7;2025-11-22;21;593
7;2025-11-22;22;292
7;2025-11-22;23;188
7;2025-11-23;0;98
7;2025-11-23;1;20
7;2025-11-23;2;0
7;2025-11-23;3;0
7;2025-11-23;4;0
7;2025-11-23;5;37
7;2025-11-23;6;196
7;2025-11-23;7;289
7;2025-11-23;8;510
7;2025-11-23;9;656
7;2025-11-23;10;741
7;2025-11-23;11;939
7;2025-11-23;12;1023
7;2025-11-23;13;1097
7;2025-11-23;14;1153
7;2025-11-23;15;1125
7;2025-11-23;16;1058
7;2025-11-23;17;1055
7;2025-11-23;18;906
7;2025-11-23;19;794
7;2025-11-23;20;665
7;2025-11-23;21;486
7;2025-11-23;22;248
7;2025-11-23;23;144
7;2025-11-24;0;58
7;2025-11-24;1;6
7;2025-11-24;2;0
7;2025-11-24;3;0
7;2025-11-24;4;0
7;2025-11-24;5;186
7;2025-11-24;6;699
7;2025-11-24;7;1564
7;2025-11-24;8;2377
7;2025-11-24;9;1799
7;2025-11-24;10;1467
7;2025-11-24;11;1273
7;2025-11-24;12;1399
7;2025-11-24;13;1400
7;2025-11-24;14;1450
7;2025-11-24;15;1583
7;2025-11-24;16;1744
7;2025-11-24;17;2256
7;2025-11-24;18;2482
7;2025-11-24;19;1669
7;2025-11-24;20;1031
7;2025-11-24;21;585
7;2025-11-24;22;253
7;2025-11-24;23;151
7;2025-11-25;0;46
7;2025-11-25;1;4
7;2025-11-25;2;0
7;2025-11-25;3;0
7;2025-11-25;4;0
7;2025-11-25;5;199
7;2025-11-25;6;744
7;2025-11-25;7;1653
7;2025-11-25;8;2419
7;2025-11-25;9;1822
7;2025-11-25;10;1540
7;2025-11-25;11;1434
7;2025-11-25;12;1521
7;2025-11-25;13;1492
7;2025-11-25;14;1522
7;2025-11-25;15;1681
7;2025-11-25;16;1755
7;2025-11-25;17;2257
7;2025-11-25;18;2526
7;2025-11-25;19;1770
7;2025-11-25;20;1068
7;2025-11-25;21;632
7;2025-11-25;22;289
7;2025-11-25;23;153
7;2025-11-26;0;54
7;2025-11-26;1;10
7;2025-11-26;2;0
7;2025-11-26;3;0
7;2025-11-26;4;2
7;2025-11-26;5;185
7;2025-11-26;6;740
7;2025-11-26;7;1575
7;2025-11-26;8;2507
7;2025-11-26;9;1915
7;2025-11-26;10;1647
7;2025-11-26;11;1424
7;2025-11-26;12;1491
7;2025-11-26;13;1485
7;2025-11-26;14;1527
7;2025-11-26;15;1707
7;2025-11-26;16;1807
7;2025-11-26;17;2340
7;2025-11-26;18;2487
7;2025-11-26;19;1680
7;2025-11-26;20;1064
7;2025-11-26;21;658
7;2025-11-26;22;312
7;2025-11-26;23;172
7;2025-11-27;0;63
7;2025-11-27;1;15
7;2025-11-27;2;0
7;2025-11-27;3;0
7;2025-11-27;4;0
7;2025-11-27;5;189
7;2025-11-27;6;759
7;2025-11-27;7;1578
7;2025-11-27;8;2400
7;2025-11-27;9;1838
7;2025-11-27;10;1546
7;2025-11-27;11;1428
7;2025-11-27;12;1501
7;2025-11-27;13;1522
7;2025-11-27;14;1626
7;2025-11-27;15;1653
7;2025-11-27;16;1779
7;2025-11-27;17;2251
7;2025-11-27;18;2517
7;2025-11-27;19;1644
7;2025-11-27;20;1060
7;2025-11-27;21;661
7;2025-11-27;22;298
7;2025-11-27;23;187
7;2025-11-28;0;68
7;2025-11-28;1;16
7;2025-11-28;2;0
7;2025-11-28;3;0
7;2025-11-28;4;1
7;2025-11-28;5;190
7;2025-11-28;6;670
7;2025-11-28;7;1522
7;2025-11-28;8;2251
7;2025-11-28;9;1761
7;2025-11-28;10;1527
7;2025-11-28;11;1478
7;2025-11-28;12;1557
7;2025-11-28;13;1657
7;2025-11-28;14;1683
7;2025-11-28;15;1786
7;2025-11-28;16;2006
7;2025-11-28;17;2194
7;2025-11-28;18;2051
7;2025-11-28;19;1483
7;2025-11-28;20;1016
7;2025-11-28;21;651
7;2025-11-28;22;338
7;2025-11-28;23;216
7;2025-11-29;0;87
7;2025-11-29;1;24
7;2025-11-29;2;0
7;2025-11-29;3;0
7;2025-11-29;4;1
7;2025-11-29;5;57
7;2025-11-29;6;254
7;2025-11-29;7;437
7;2025-11-29;8;741
7;2025-11-29;9;798
7;2025-11-29;10;836
7;2025-11-29;11;1039
7;2025-11-29;12;1152
7;2025-11-29;13;1167
7;2025-11-29;14;1193
7;2025-11-29;15;1180
7;2025-11-29;16;1141
7;2025-11-29;17;1054
7;2025-11-29;18;1004
7;2025-11-29;19;953
7;2025-11-29;20;735
7;2025-11-29;21;591
7;2025-11-29;22;284
7;2025-11-29;23;184
7;2025-11-30;0;93
7;2025-11-30;1;24
7;2025-11-30;2;0
7;2025-11-30;3;1
7;2025-11-30;4;1
7;2025-11-30;5;41
7;2025-11-30;6;179
7;2025-11-30;7;272
7;2025-11-30;8;477
7;2025-11-30;9;628
7;2025-11-30;10;705
7;2025-11-30;11;861
7;2025-11-30;12;942
7;2025-11-30;13;1016
7;2025-11-30;14;1062
7;2025-11-30;15;1028
7;2025-11-30;16;960
7;2025-11-30;17;964
7;2025-11-30;18;814
7;2025-11-30;19;728
7;2025-11-30;20;625
7;2025-11-30;21;469
7;2025-11-30;22;235
7;2025-11-30;23;143
7;2025-12-01;0;63
7;2025-12-01;1;18
7;2025-12-01;2;0
7;2025-12-01;3;0
7;2025-12-01;4;2
7;2025-12-01;5;169
7;2025-12-01;6;641
7;2025-12-01;7;1452
7;2025-12-01;8;2169
7;2025-12-01;9;1692
7;2025-12-01;10;1414
7;2025-12-01;11;1307
7;2025-12-01;12;1396
7;2025-12-01;13;1401
7;2025-12-01;14;1428
7;2025-12-01;15;1543
7;2025-12-01;16;1690
7;2025-12-01;17;2107
7;2025-12-01;18;2292
7;2025-12-01;19;1584
7;2025-12-01;20;983
7;2025-12-01;21;525
7;2025-12-01;22;241
7;2025-12-01;23;145
7;2025-12-02;0;50
7;2025-12-02;1;12
7;2025-12-02;2;0
7;2025-12-02;3;0
7;2025-12-02;4;0
7;2025-12-02;5;173
7;2025-12-02;6;645
7;2025-12-02;7;1560
7;2025-12-02;8;2207
7;2025-12-02;9;1725
7;2025-12-02;10;1456
7;2025-12-02;11;1382
7;2025-12-02;12;1477
7;2025-12-02;13;1439
7;2025-12-02;14;1470
7;2025-12-02;15;1612
7;2025-12-02;16;1665
7;2025-12-02;17;2089
7;2025-12-02;18;2348
7;2025-12-02;19;1684
7;2025-12-02;20;1007
7;2025-12-02;21;590
7;2025-12-02;22;275
7;2025-12-02;23;145
7;2025-12-03;0;56
7;2025-12-03;1;17
7;2025-12-03;2;0
7;2025-12-03;3;0
7;2025-12-03;4;0
7;2025-12-03;5;163
7;2025-12-03;6;652
7;2025-12-03;7;1481
7;2025-12-03;8;2334
7;2025-12-03;9;1786
7;2025-12-03;10;1565
7;2025-12-03;11;1412
7;2025-12-03;12;1470
7;2025-12-03;13;1471
7;2025-12-03;14;1480
7;2025-12-03;15;1674
7;2025-12-03;16;1773
7;2025-12-03;17;2210
7;2025-12-03;18;2346
7;2025-12-03;19;1603
7;2025-12-03;20;1002
7;2025-12-03;21;601
7;2025-12-03;22;300
7;2025-12-03;23;168
7;2025-12-04;0;63
7;2025-12-04;1;20
7;2025-12-04;2;1
7;2025-12-04;3;0
7;2025-12-04;4;1
7;2025-12-04;5;165
7;2025-12-04;6;660
7;2025-12-04;7;1489
7;2025-12-04;8;2228
7;2025-12-04;9;1740
7;2025-12-04;10;1474
7;2025-12-04;11;1400
7;2025-12-04;12;1458
7;2025-12-04;13;1485
7;2025-12-04;14;1548
7;2025-12-04;15;1586
7;2025-12-04;16;1708
7;2025-12-04;17;2118
7;2025-12-04;18;2373
7;2025-12-04;19;1571
7;2025-12-04;20;998
7;2025-12-04;21;609
7;2025-12-04;22;288
7;2025-12-04;23;177
7;2025-12-05;0;66
7;2025-12-05;1;23
7;2025-12-05;2;0
7;2025-12-05;3;0
7;2025-12-05;4;2
7;2025-12-05;5;166
7;2025-12-05;6;582
7;2025-12-05;7;1485
7;2025-12-05;8;2122
7;2025-12-05;9;1680
7;2025-12-05;10;1467
7;2025-12-05;11;1451
7;2025-12-05;12;1507
7;2025-12-05;13;1599
7;2025-12-05;14;1628
7;2025-12-05;15;1724
7;2025-12-05;16;1914
7;2025-12-05;17;2099
7;2025-12-05;18;1949
7;2025-12-05;19;1456
7;2025-12-05;20;946
7;2025-12-05;21;581
7;2025-12-05;22;324
7;2025-12-05;23;206
7;2025-12-06;0;89
7;2025-12-06;1;33
7;2025-12-06;2;1
7;2025-12-06;3;0
7;2025-12-06;4;3
7;2025-12-06;5;59
7;2025-12-06;6;251
7;2025-12-06;7;417
7;2025-12-06;8;687
7;2025-12-06;9;749
7;2025-12-06;10;803
7;2025-12-06;11;1017
7;2025-12-06;12;1138
7;2025-12-06;13;1141
7;2025-12-06;14;1167
7;2025-12-06;15;1143
7;2025-12-06;16;1110
7;2025-12-06;17;1026
7;2025-12-06;18;977
7;2025-12-06;19;930
7;2025-12-06;20;693
7;2025-12-06;21;564
7;2025-12-06;22;293
7;2025-12-06;23;196
7;2025-12-07;0;99
7;2025-12-07;1;30
7;2025-12-07;2;0
7;2025-12-07;3;1
7;2025-12-07;4;0
7;2025-12-07;5;42
7;2025-12-07;6;169
7;2025-12-07;7;255
7;2025-12-07;8;446
7;2025-12-07;9;584
7;2025-12-07;10;654
7;2025-12-07;11;828
7;2025-12-07;12;920
7;2025-12-07;13;991
7;2025-12-07;14;1039
7;2025-12-07;15;1009
7;2025-12-07;16;945
7;2025-12-07;17;948
7;2025-12-07;18;790
7;2025-12-07;19;709
7;2025-12-07;20;601
7;2025-12-07;21;461
7;2025-12-07;22;244
7;2025-12-07;23;156
7;2025-12-08;0;65
7;2025-12-08;1;23
7;2025-12-08;2;0
7;2025-12-08;3;0
7;2025-12-08;4;2
7;2025-12-08;5;163
7;2025-12-08;6;606
7;2025-12-08;7;1424
7;2025-12-08;8;2180
7;2025-12-08;9;1677
7;2025-12-08;10;1385
7;2025-12-08;11;1272
7;2025-12-08;12;1398
7;2025-12-08;13;1390
7;2025-12-08;14;1423
7;2025-12-08;15;1542
7;2025-12-08;16;1696
7;2025-12-08;17;2128
7;2025-12-08;18;2316
7;2025-12-08;19;1580
7;2025-12-08;20;938
7;2025-12-08;21;516
7;2025-12-08;22;244
7;2025-12-08;23;159
7;2025-12-09;0;57
7;2025-12-09;1;21
7;2025-12-09;2;0
7;2025-12-09;3;0
7;2025-12-09;4;1
7;2025-12-09;5;163
7;2025-12-09;6;571
7;2025-12-09;7;1491
7;2025-12-09;8;2209
7;2025-12-09;9;1657
7;2025-12-09;10;1390
7;2025-12-09;11;1329
7;2025-12-09;12;1431
7;2025-12-09;13;1387
7;2025-12-09;14;1429
7;2025-12-09;15;1590
7;2025-12-09;16;1648
7;2025-12-09;17;2105
7;2025-12-09;18;2371
7;2025-12-09;19;1653
7;2025-12-09;20;942
7;2025-12-09;21;547
7;2025-12-09;22;276
7;2025-12-09;23;151
7;2025-12-10;0;14
7;2025-12-10;1;0
7;2025-12-10;2;0
7;2025-12-10;3;0
7;2025-12-10;4;0
7;2025-12-10;5;98
7;2025-12-10;6;496
7;2025-12-10;7;1286
7;2025-12-10;8;2241
7;2025-12-10;9;1592
7;2025-12-10;10;1360
7;2025-12-10;11;1202
7;2025-12-10;12;1268
7;2025-12-10;13;1270
7;2025-12-10;14;1305
7;2025-12-10;15;1492
7;2025-12-10;16;1602
7;2025-12-10;17;2078
7;2025-12-10;18;2242
7;2025-12-10;19;1433
7;2025-12-10;20;818
7;2025-12-10;21;471
7;2025-12-10;22;234
7;2025-12-10;23;112
7;2025-12-11;0;7
7;2025-12-11;1;0
7;2025-12-11;2;0
7;2025-12-11;3;0
7;2025-12-11;4;0
7;2025-12-11;5;111
7;2025-12-11;6;516
7;2025-12-11;7;1319
7;2025-12-11;8;2135
7;2025-12-11;9;1573
7;2025-12-11;10;1293
7;2025-12-11;11;1219
7;2025-12-11;12;1285
7;2025-12-11;13;1314
7;2025-12-11;14;1417
7;2025-12-11;15;1425
7;2025-12-11;16;1552
7;2025-12-11;17;1991
7;2025-12-11;18;2288
7;2025-12-11;19;1390
7;2025-12-11;20;813
7;2025-12-11;21;475
7;2025-12-11;22;224
7;2025-12-11;23;134
7;2025-12-12;0;19
7;2025-12-12;1;0
7;2025-12-12;2;0
7;2025-12-12;3;0
7;2025-12-12;4;0
7;2025-12-12;5;111
7;2025-12-12;6;444
7;2025-12-12;7;1271
7;2025-12-12;8;2011
7;2025-12-12;9;1453
7;2025-12-12;10;1230
7;2025-12-12;11;1228
7;2025-12-12;12;1275
7;2025-12-12;13;1391
7;2025-12-12;14;1433
7;2025-12-12;15;1545
7;2025-12-12;16;1761
7;2025-12-12;17;1965
7;2025-12-12;18;1829
7;2025-12-12;19;1292
7;2025-12-12;20;772
7;2025-12-12;21;470
7;2025-12-12;22;270
7;2025-12-12;23;153
7;2025-12-13;0;35
7;2025-12-13;1;0
7;2025-12-13;2;0
7;2025-12-13;3;0
7;2025-12-13;4;0
7;2025-12-13;5;10
7;2025-12-13;6;191
7;2025-12-13;7;350
7;2025-12-13;8;558
7;2025-12-13;9;624
7;2025-12-13;10;660
7;2025-12-13;11;831
7;2025-12-13;12;940
7;2025-12-13;13;949
7;2025-12-13;14;972
7;2025-12-13;15;965
7;2025-12-13;16;937
7;2025-12-13;17;844
7;2025-12-13;18;805
7;2025-12-13;19;763
7;2025-12-13;20;570
7;2025-12-13;21;474
7;2025-12-13;22;228
7;2025-12-13;23;146
7;2025-12-14;0;43
7;2025-12-14;1;0
7;2025-12-14;2;0
7;2025-12-14;3;1
7;2025-12-14;4;0
7;2025-12-14;5;0
7;2025-12-14;6;97
7;2025-12-14;7;174
7;2025-12-14;8;344
7;2025-12-14;9;469
7;2025-12-14;10;514
7;2025-12-14;11;646
7;2025-12-14;12;750
7;2025-12-14;13;797
7;2025-12-14;14;847
7;2025-12-14;15;831
7;2025-12-14;16;779
7;2025-12-14;17;765
7;2025-12-14;18;649
7;2025-12-14;19;573
7;2025-12-14;20;483
7;2025-12-14;21;362
7;2025-12-14;22;166
7;2025-12-14;23;91
7;2025-12-15;0;6
7;2025-12-15;1;0
7;2025-12-15;2;0
7;2025-12-15;3;0
7;2025-12-15;4;0
7;2025-12-15;5;94
7;2025-12-15;6;480
7;2025-12-15;7;1261
7;2025-12-15;8;2087
7;2025-12-15;9;1524
7;2025-12-15;10;1228
7;2025-12-15;11;1094
7;2025-12-15;12;1227
7;2025-12-15;13;1231
7;2025-12-15;14;1273
7;2025-12-15;15;1411
7;2025-12-15;16;1562
7;2025-12-15;17;2041
7;2025-12-15;18;2250
7;2025-12-15;19;1440
7;2025-12-15;20;787
7;2025-12-15;21;424
7;2025-12-15;22;174
7;2025-12-15;23;89
7;2025-12-16;0;0
7;2025-12-16;1;0
7;2025-12-16;2;0
7;2025-12-16;3;0
7;2025-12-16;4;0
7;2025-12-16;5;102
7;2025-12-16;6;489
7;2025-12-16;7;1371
7;2025-12-16;8;2129
7;2025-12-16;9;1540
7;2025-12-16;10;1267
7;2025-12-16;11;1192
7;2025-12-16;12;1286
7;2025-12-16;13;1275
7;2025-12-16;14;1302
7;2025-12-16;15;1492
7;2025-12-16;16;1540
7;2025-12-16;17;2033
7;2025-12-16;18;2319
7;2025-12-16;19;1544
7;2025-12-16;20;846
7;2025-12-16;21;463
7;2025-12-16;22;215
7;2025-12-16;23;99
7;2025-12-17;0;6
7;2025-12-17;1;0
7;2025-12-17;2;0
7;2025-12-17;3;0
7;2025-12-17;4;0
7;2025-12-17;5;100
7;2025-12-17;6;490
7;2025-12-17;7;1271
7;2025-12-17;8;2217
7;2025-12-17;9;1585
7;2025-12-17;10;1361
7;2025-12-17;11;1195
7;2025-12-17;12;1261
7;2025-12-17;13;1273
7;2025-12-17;14;1294
7;2025-12-17;15;1489
7;2025-12-17;16;1591
7;2025-12-17;17;2085
7;2025-12-17;18;2239
7;2025-12-17;19;1428
7;2025-12-17;20;814
7;2025-12-17;21;466
7;2025-12-17;22;238
7;2025-12-17;23;117
7;2025-12-18;0;10
7;2025-12-18;1;0
7;2025-12-18;2;0
7;2025-12-18;3;0
7;2025-12-18;4;0
7;2025-12-18;5;99
7;2025-12-18;6;495
7;2025-12-18;7;1276
7;2025-12-18;8;2107
7;2025-12-18;9;1511
7;2025-12-18;10;1249
7;2025-12-18;11;1191
7;2025-12-18;12;1252
7;2025-12-18;13;1282
7;2025-12-18;14;1369
7;2025-12-18;15;1412
7;2025-12-18;16;1527
7;2025-12-18;17;1983
7;2025-12-18;18;2276
7;2025-12-18;19;1360
7;2025-12-18;20;787
7;2025-12-18;21;466
7;2025-12-18;22;214
7;2025-12-18;23;122
7;2025-12-19;0;10
7;2025-12-19;1;0
7;2025-12-19;2;0
7;2025-12-19;3;0
7;2025-12-19;4;0
7;2025-12-19;5;100
7;2025-12-19;6;443
7;2025-12-19;7;1245
7;2025-12-19;8;1981
7;2025-12-19;9;1447
7;2025-12-19;10;1232
7;2025-12-19;11;1222
7;2025-12-19;12;1285
7;2025-12-19;13;1397
7;2025-12-19;14;1430
7;2025-12-19;15;1534
7;2025-12-19;16;1737
7;2025-12-19;17;1929
7;2025-12-19;18;1783
7;2025-12-19;19;1226
7;2025-12-19;20;734
7;2025-12-19;21;439
7;2025-12-19;22;246
7;2025-12-19;23;135
7;2025-12-20;0;19
7;2025-12-20;1;0
7;2025-12-20;2;0
7;2025-12-20;3;0
7;2025-12-20;4;0
7;2025-12-20;5;0
7;2025-12-20;6;166
7;2025-12-20;7;316
7;2025-12-20;8;514
7;2025-12-20;9;585
7;2025-12-20;10;611
7;2025-12-20;11;778
7;2025-12-20;12;885
7;2025-12-20;13;900
7;2025-12-20;14;928
7;2025-12-20;15;919
7;2025-12-20;16;885
7;2025-12-20;17;794
7;2025-12-20;18;756
7;2025-12-20;19;703
7;2025-12-20;20;541
7;2025-12-20;21;450
7;2025-12-20;22;209
7;2025-12-20;23;122
7;2025-12-21;0;35
7;2025-12-21;1;0
7;2025-12-21;2;0
7;2025-12-21;3;0
7;2025-12-21;4;0
7;2025-12-21;5;0
7;2025-12-21;6;92
7;2025-12-21;7;177
7;2025-12-21;8;321
7;2025-12-21;9;450
7;2025-12-21;10;498
7;2025-12-21;11;628
7;2025-12-21;12;710
7;2025-12-21;13;757
7;2025-12-21;14;803
7;2025-12-21;15;785
7;2025-12-21;16;739
7;2025-12-21;17;722
7;2025-12-21;18;604
7;2025-12-21;19;542
7;2025-12-21;20;461
7;2025-12-21;21;345
7;2025-12-21;22;163
7;2025-12-21;23;90
7;2025-12-22;0;11
7;2025-12-22;1;0
7;2025-12-22;2;0
7;2025-12-22;3;0
7;2025-12-22;4;0
7;2025-12-22;5;101
7;2025-12-22;6;479
7;2025-12-22;7;1249
7;2025-12-22;8;2062
7;2025-12-22;9;1498
7;2025-12-22;10;1230
7;2025-12-22;11;1111
7;2025-12-22;12;1230
7;2025-12-22;13;1240
7;2025-12-22;14;1274
7;2025-12-22;15;1407
7;2025-12-22;16;1560
7;2025-12-22;17;2034
7;2025-12-22;18;2248
7;2025-12-22;19;1456
7;2025-12-22;20;820
7;2025-12-22;21;454
7;2025-12-22;22;188
7;2025-12-22;23;103
7;2025-12-23;0;3
7;2025-12-23;1;0
7;2025-12-23;2;0
7;2025-12-23;3;0
7;2025-12-23;4;0
7;2025-12-23;5;117
7;2025-12-23;6;503
7;2025-12-23;7;1398
7;2025-12-23;8;2144
7;2025-12-23;9;1587
7;2025-12-23;10;1319
7;2025-12-23;11;1254
7;2025-12-23;12;1353
7;2025-12-23;13;1315
7;2025-12-23;14;1356
7;2025-12-23;15;1519
7;2025-12-23;16;1569
7;2025-12-23;17;2025
7;2025-12-23;18;2296
7;2025-12-23;19;1556
7;2025-12-23;20;838
7;2025-12-23;21;462
7;2025-12-23;22;214
7;2025-12-23;23;91
7;2025-12-24;0;0
7;2025-12-24;1;0
7;2025-12-24;2;0
7;2025-12-24;3;0
7;2025-12-24;4;0
7;2025-12-24;5;94
7;2025-12-24;6;496
7;2025-12-24;7;1262
7;2025-12-24;8;2217
7;2025-12-24;9;1592
7;2025-12-24;10;1373
7;2025-12-24;11;1208
7;2025-12-24;12;1282
7;2025-12-24;13;1299
7;2025-12-24;14;1321
7;2025-12-24;15;1511
7;2025-12-24;16;1611
7;2025-12-24;17;2092
7;2025-12-24;18;2246
7;2025-12-24;19;1427
7;2025-12-24;20;813
7;2025-12-24;21;443
7;2025-12-24;22;223
7;2025-12-24;23;108
7;2025-12-25;0;5
7;2025-12-25;1;0
7;2025-12-25;2;0
7;2025-12-25;3;0
7;2025-12-25;4;0
7;2025-12-25;5;75
7;2025-12-25;6;460
7;2025-12-25;7;1240
7;2025-12-25;8;2079
7;2025-12-25;9;1530
7;2025-12-25;10;1265
7;2025-12-25;11;1187
7;2025-12-25;12;1260
7;2025-12-25;13;1295
7;2025-12-25;14;1388
7;2025-12-25;15;1424
7;2025-12-25;16;1536
7;2025-12-25;17;1989
7;2025-12-25;18;2279
7;2025-12-25;19;1377
7;2025-12-25;20;795
7;2025-12-25;21;476
7;2025-12-25;22;225
7;2025-12-25;23;131
7;2025-12-26;0;19
7;2025-12-26;1;0
7;2025-12-26;2;0
7;2025-12-26;3;0
7;2025-12-26;4;0
7;2025-12-26;5;96
7;2025-12-26;6;438
7;2025-12-26;7;1220
7;2025-12-26;8;1970
7;2025-12-26;9;1467
7;2025-12-26;10;1250
7;2025-12-26;11;1222
7;2025-12-26;12;1293
7;2025-12-26;13;1404
7;2025-12-26;14;1440
7;2025-12-26;15;1556
7;2025-12-26;16;1754
7;2025-12-26;17;1938
7;2025-12-26;18;1791
7;2025-12-26;19;1236
7;2025-12-26;20;717
7;2025-12-26;21;446
7;2025-12-26;22;262
7;2025-12-26;23;155
7;2025-12-27;0;28
7;2025-12-27;1;0
7;2025-12-27;2;0
7;2025-12-27;3;0
7;2025-12-27;4;0
7;2025-12-27;5;2
7;2025-12-27;6;158
7;2025-12-27;7;309
7;2025-12-27;8;503
7;2025-12-27;9;536
7;2025-12-27;10;582
7;2025-12-27;11;729
7;2025-12-27;12;857
7;2025-12-27;13;854
7;2025-12-27;14;877
7;2025-12-27;15;866
7;2025-12-27;16;831
7;2025-12-27;17;735
7;2025-12-27;18;707
7;2025-12-27;19;659
7;2025-12-27;20;484
7;2025-12-27;21;410
7;2025-12-27;22;208
7;2025-12-27;23;122
7;2025-12-28;0;23
7;2025-12-28;1;0
7;2025-12-28;2;0
7;2025-12-28;3;1
7;2025-12-28;4;0
7;2025-12-28;5;0
7;2025-12-28;6;69
7;2025-12-28;7;152
7;2025-12-28;8;307
7;2025-12-28;9;434
7;2025-12-28;10;472
7;2025-12-28;11;559
7;2025-12-28;12;654
7;2025-12-28;13;679
7;2025-12-28;14;725
7;2025-12-28;15;704
7;2025-12-28;16;670
7;2025-12-28;17;662
7;2025-12-28;18;560
7;2025-12-28;19;490
7;2025-12-28;20;422
7;2025-12-28;21;333
7;2025-12-28;22;154
7;2025-12-28;23;74
7;2025-12-29;0;0
7;2025-12-29;1;0
7;2025-12-29;2;0
7;2025-12-29;3;0
7;2025-12-29;4;0
7;2025-12-29;5;78
7;2025-12-29;6;444
7;2025-12-29;7;1196
7;2025-12-29;8;1997
7;2025-12-29;9;1468
7;2025-12-29;10;1198
7;2025-12-29;11;1056
7;2025-12-29;12;1190
7;2025-12-29;13;1194
7;2025-12-29;14;1223
7;2025-12-29;15;1362
7;2025-12-29;16;1502
7;2025-12-29;17;1966
7;2025-12-29;18;2161
7;2025-12-29;19;1392
7;2025-12-29;20;753
7;2025-12-29;21;417
7;2025-12-29;22;173
7;2025-12-29;23;96
7;2025-12-30;0;0
7;2025-12-30;1;0
7;2025-12-30;2;0
7;2025-12-30;3;0
7;2025-12-30;4;0
7;2025-12-30;5;84
7;2025-12-30;6;433
7;2025-12-30;7;1284
7;2025-12-30;8;2027
7;2025-12-30;9;1490
7;2025-12-30;10;1222
7;2025-12-30;11;1153
7;2025-12-30;12;1272
7;2025-12-30;13;1248
7;2025-12-30;14;1276
7;2025-12-30;15;1447
7;2025-12-30;16;1470
7;2025-12-30;17;1941
7;2025-12-30;18;2212
7;2025-12-30;19;1477
7;2025-12-30;20;790
7;2025-12-30;21;441
7;2025-12-30;22;207
7;2025-12-30;23;97
7;2025-12-31;0;0
7;2025-12-31;1;0
7;2025-12-31;2;0
7;2025-12-31;3;0
7;2025-12-31;4;0
7;2025-12-31;5;8
7;2025-12-31;6;106
7;2025-12-31;7;203
7;2025-12-31;8;373
7;2025-12-31;9;367
7;2025-12-31;10;404
7;2025-12-31;11;414
7;2025-12-31;12;631
7;2025-12-31;13;594
7;2025-12-31;14;620
7;2025-12-31;15;646
7;2025-12-31;16;637
7;2025-12-31;17;667
7;2025-12-31;18;592
7;2025-12-31;19;491
7;2025-12-31;20;385
7;2025-12-31;21;273
7;2025-12-31;22;207
7;2025-12-31;23;96
11;2025-11-01;0;100
11;2025-11-01;1;0
11;2025-11-01;2;0
11;2025-11-01;3;0
11;2025-11-01;4;0
11;2025-11-01;5;165
11;2025-11-01;6;740
11;2025-11-01;7;615
11;2025-11-01;8;902
11;2025-11-01;9;1058
11;2025-11-01;10;1237
11;2025-11-01;11;1612
11;2025-11-01;12;1873
11;2025-11-01;13;1732
11;2025-11-01;14;1814
11;2025-11-01;15;1749
11;2025-11-01;16;1757
11;2025-11-01;17;1799
11;2025-11-01;18;1419
11;2025-11-01;19;1368
11;2025-11-01;20;982
11;2025-11-01;21;699
11;2025-11-01;22;385
11;2025-11-01;23;293
11;2025-11-02;0;109
11;2025-11-02;1;15
11;2025-11-02;2;0
11;2025-11-02;3;0
11;2025-11-02;4;3
11;2025-11-02;5;129
11;2025-11-02;6;456
11;2025-11-02;7;446
11;2025-11-02;8;581
11;2025-11-02;9;818
11;2025-11-02;10;821
11;2025-11-02;11;1165
11;2025-11-02;12;1351
11;2025-11-02;13;1313
11;2025-11-02;14;1421
11;2025-11-02;15;1446
11;2025-11-02;16;1381
11;2025-11-02;17;1467
11;2025-11-02;18;1132
11;2025-11-02;19;927
11;2025-11-02;20;876
11;2025-11-02;21;609
11;2025-11-02;22;348
11;2025-11-02;23;225
11;2025-11-03;0;77
11;2025-11-03;1;3
11;2025-11-03;2;0
11;2025-11-03;3;0
11;2025-11-03;4;0
11;2025-11-03;5;212
11;2025-11-03;6;635
11;2025-11-03;7;858
11;2025-11-03;8;1033
11;2025-11-03;9;1022
11;2025-11-03;10;846
11;2025-11-03;11;1113
11;2025-11-03;12;1100
11;2025-11-03;13;1232
11;2025-11-03;14;1297
11;2025-11-03;15;1291
11;2025-11-03;16;1341
11;2025-11-03;17;1478
11;2025-11-03;18;1441
11;2025-11-03;19;1348
11;2025-11-03;20;1060
11;2025-11-03;21;709
11;2025-11-03;22;385
11;2025-11-03;23;203
11;2025-11-04;0;72
11;2025-11-04;1;0
11;2025-11-04;2;0
11;2025-11-04;3;0
11;2025-11-04;4;3
11;2025-11-04;5;199
11;2025-11-04;6;615
11;2025-11-04;7;837
11;2025-11-04;8;942
11;2025-11-04;9;982
11;2025-11-04;10;823
11;2025-11-04;11;1023
11;2025-11-04;12;1004
11;2025-11-04;13;1242
11;2025-11-04;14;1384
11;2025-11-04;15;1391
11;2025-11-04;16;1324
11;2025-11-04;17;1427
11;2025-11-04;18;1374
11;2025-11-04;19;1308
11;2025-11-04;20;1044
11;2025-11-04;21;697
11;2025-11-04;22;381
11;2025-11-04;23;214
11;2025-11-05;0;66
11;2025-11-05;1;1
11;2025-11-05;2;0
11;2025-11-05;3;0
11;2025-11-05;4;1
11;2025-11-05;5;278
11;2025-11-05;6;1241
11;2025-11-05;7;2343
11;2025-11-05;8;3166
11;2025-11-05;9;2264
11;2025-11-05;10;1769
11;2025-11-05;11;1797
11;2025-11-05;12;1858
11;2025-11-05;13;2014
11;2025-11-05;14;1992
11;2025-11-05;15;2071
11;2025-11-05;16;2189
11;2025-11-05;17;2766
11;2025-11-05;18;3070
11;2025-11-05;19;2246
11;2025-11-05;20;1449
11;2025-11-05;21;853
11;2025-11-05;22;405
11;2025-11-05;23;220
11;2025-11-06;0;67
11;2025-11-06;1;0
11;2025-11-06;2;0
11;2025-11-06;3;0
11;2025-11-06;4;2
11;2025-11-06;5;280
11;2025-11-06;6;1254
11;2025-11-06;7;2313
11;2025-11-06;8;2987
11;2025-11-06;9;2363
11;2025-11-06;10;1919
11;2025-11-06;11;1726
11;2025-11-06;12;1872
11;2025-11-06;13;2003
11;2025-11-06;14;2010
11;2025-11-06;15;2046
11;2025-11-06;16;2241
11;2025-11-06;17;2780
11;2025-11-06;18;3104
11;2025-11-06;19;2205
11;2025-11-06;20;1407
11;2025-11-06;21;840
11;2025-11-06;22;442
11;2025-11-06;23;220
11;2025-11-07;0;74
11;2025-11-07;1;3
11;2025-11-07;2;0
11;2025-11-07;3;0
11;2025-11-07;4;1
11;2025-11-07;5;258
11;2025-11-07;6;1247
11;2025-11-07;7;2259
11;2025-11-07;8;2939
11;2025-11-07;9;2188
11;2025-11-07;10;1774
11;2025-11-07;11;1744
11;2025-11-07;12;1829
11;2025-11-07;13;1921
11;2025-11-07;14;2003
11;2025-11-07;15;2227
11;2025-11-07;16;2420
11;2025-11-07;17;2823
11;2025-11-07;18;2524
11;2025-11-07;19;1990
11;2025-11-07;20;1358
11;2025-11-07;21;842
11;2025-11-07;22;448
11;2025-11-07;23;264
11;2025-11-08;0;100
11;2025-11-08;1;3
11;2025-11-08;2;0
11;2025-11-08;3;0
11;2025-11-08;4;5
11;2025-11-08;5;188
11;2025-11-08;6;748
11;2025-11-08;7;642
11;2025-11-08;8;893
11;2025-11-08;9;1048
11;2025-11-08;10;1166
11;2025-11-08;11;1570
11;2025-11-08;12;1826
11;2025-11-08;13;1725
11;2025-11-08;14;1784
11;2025-11-08;15;1768
11;2025-11-08;16;1787
11;2025-11-08;17;1798
11;2025-11-08;18;1487
11;2025-11-08;19;1398
11;2025-11-08;20;990
11;2025-11-08;21;737
11;2025-11-08;22;418
11;2025-11-08;23;280
11;2025-11-09;0;104
11;2025-11-09;1;11
11;2025-11-09;2;1
11;2025-11-09;3;0
11;2025-11-09;4;4
11;2025-11-09;5;120
11;2025-11-09;6;501
11;2025-11-09;7;484
11;2025-11-09;8;602
11;2025-11-09;9;866
11;2025-11-09;10;938
11;2025-11-09;11;1370
11;2025-11-09;12;1519
11;2025-11-09;13;1439
11;2025-11-09;14;1567
11;2025-11-09;15;1583
11;2025-11-09;16;1523
11;2025-11-09;17;1590
11;2025-11-09;18;1241
11;2025-11-09;19;1004
11;2025-11-09;20;820
11;2025-11-09;21;597
11;2025-11-09;22;343
11;2025-11-09;23;214
11;2025-11-10;0;66
11;2025-11-10;1;4
11;2025-11-10;2;0
11;2025-11-10;3;0
11;2025-11-10;4;2
11;2025-11-10;5;278
11;2025-11-10;6;1266
11;2025-11-10;7;2314
11;2025-11-10;8;3055
11;2025-11-10;9;2267
11;2025-11-10;10;1726
11;2025-11-10;11;1751
11;2025-11-10;12;1690
11;2025-11-10;13;1846
11;2025-11-10;14;1860
11;2025-11-10;15;1993
11;2025-11-10;16;2236
11;2025-11-10;17;2758
11;2025-11-10;18;3012
11;2025-11-10;19;2304
11;2025-11-10;20;1403
11;2025-11-10;21;828
11;2025-11-10;22;408
11;2025-11-10;23;195
11;2025-11-11;0;56
11;2025-11-11;1;0
11;2025-11-11;2;0
11;2025-11-11;3;0
11;2025-11-11;4;0
11;2025-11-11;5;266
11;2025-11-11;6;1264
11;2025-11-11;7;2432
11;2025-11-11;8;3253
11;2025-11-11;9;2418
11;2025-11-11;10;1791
11;2025-11-11;11;1756
11;2025-11-11;12;1765
11;2025-11-11;13;1931
11;2025-11-11;14;1969
11;2025-11-11;15;2006
11;2025-11-11;16;2258
11;2025-11-11;17;2853
11;2025-11-11;18;3049
11;2025-11-11;19;2265
11;2025-11-11;20;1446
11;2025-11-11;21;833
11;2025-11-11;22;416
11;2025-11-11;23;207
11;2025-11-12;0;57
11;2025-11-12;1;1
11;2025-11-12;2;0
11;2025-11-12;3;0
11;2025-11-12;4;3
11;2025-11-12;5;278
11;2025-11-12;6;1226
11;2025-11-12;7;2397
11;2025-11-12;8;3242
11;2025-11-12;9;2328
11;2025-11-12;10;1801
11;2025-11-12;11;1798
11;2025-11-12;12;1853
11;2025-11-12;13;1986
11;2025-11-12;14;1973
11;2025-11-12;15;2061
11;2025-11-12;16;2208
11;2025-11-12;17;2816
11;2025-11-12;18;3125
11;2025-11-12;19;2262
11;2025-11-12;20;1475
11;2025-11-12;21;847
11;2025-11-12;22;415
11;2025-11-12;23;221
11;2025-11-13;0;65
11;2025-11-13;1;1
11;2025-11-13;2;0
11;2025-11-13;3;0
11;2025-11-13;4;2
11;2025-11-13;5;280
11;2025-11-13;6;1252
11;2025-11-13;7;2377
11;2025-11-13;8;3094
11;2025-11-13;9;2436
11;2025-11-13;10;1971
11;2025-11-13;11;1811
11;2025-11-13;12;1890
11;2025-11-13;13;2038
11;2025-11-13;14;2045
11;2025-11-13;15;2097
11;2025-11-13;16;2316
11;2025-11-13;17;2864
11;2025-11-13;18;3207
11;2025-11-13;19;2245
11;2025-11-13;20;1442
11;2025-11-13;21;846
11;2025-11-13;22;453
11;2025-11-13;23;227
11;2025-11-14;0;73
11;2025-11-14;1;1
11;2025-11-14;2;0
11;2025-11-14;3;0
11;2025-11-14;4;1
11;2025-11-14;5;269
11;2025-11-14;6;1238
11;2025-11-14;7;2327
11;2025-11-14;8;3019
11;2025-11-14;9;2286
11;2025-11-14;10;1793
11;2025-11-14;11;1779
11;2025-11-14;12;1869
11;2025-11-14;13;1970
11;2025-11-14;14;2045
11;2025-11-14;15;2296
11;2025-11-14;16;2502
11;2025-11-14;17;2911
11;2025-11-14;18;2610
11;2025-11-14;19;2051
11;2025-11-14;20;1370
11;2025-11-14;21;832
11;2025-11-14;22;445
11;2025-11-14;23;262
11;2025-11-15;0;91
11;2025-11-15;1;3
11;2025-11-15;2;0
11;2025-11-15;3;0
11;2025-11-15;4;5
11;2025-11-15;5;174
11;2025-11-15;6;673
11;2025-11-15;7;569
11;2025-11-15;8;828
11;2025-11-15;9;1004
11;2025-11-15;10;1123
11;2025-11-15;11;1523
11;2025-11-15;12;1759
11;2025-11-15;13;1679
11;2025-11-15;14;1785
11;2025-11-15;15;1785
11;2025-11-15;16;1802
11;2025-11-15;17;1783
11;2025-11-15;18;1448
11;2025-11-15;19;1405
11;2025-11-15;20;995
11;2025-11-15;21;756
11;2025-11-15;22;421
11;2025-11-15;23;278
11;2025-11-16;0;100
11;2025-11-16;1;6
11;2025-11-16;2;0
11;2025-11-16;3;1
11;2025-11-16;4;3
11;2025-11-16;5;118
11;2025-11-16;6;466
11;2025-11-16;7;485
11;2025-11-16;8;603
11;2025-11-16;9;888
11;2025-11-16;10;963
11;2025-11-16;11;1413
11;2025-11-16;12;1567
11;2025-11-16;13;1503
11;2025-11-16;14;1604
11;2025-11-16;15;1612
11;2025-11-16;16;1523
11;2025-11-16;17;1581
11;2025-11-16;18;1245
11;2025-11-16;19;1010
11;2025-11-16;20;826
11;2025-11-16;21;612
11;2025-11-16;22;353
11;2025-11-16;23;220
11;2025-11-17;0;69
11;2025-11-17;1;0
11;2025-11-17;2;0
11;2025-11-17;3;0
11;2025-11-17;4;3
11;2025-11-17;5;280
11;2025-11-17;6;1262
11;2025-11-17;7;2414
11;2025-11-17;8;3131
11;2025-11-17;9;2377
11;2025-11-17;10;1718
11;2025-11-17;11;1759
11;2025-11-17;12;1652
11;2025-11-17;13;1799
11;2025-11-17;14;1815
11;2025-11-17;15;2042
11;2025-11-17;16;2301
11;2025-11-17;17;2841
11;2025-11-17;18;3116
11;2025-11-17;19;2360
11;2025-11-17;20;1413
11;2025-11-17;21;806
11;2025-11-17;22;410
11;2025-11-17;23;191
11;2025-11-18;0;59
11;2025-11-18;1;1
11;2025-11-18;2;0
11;2025-11-18;3;0
11;2025-11-18;4;2
11;2025-11-18;5;259
11;2025-11-18;6;1267
11;2025-11-18;7;2476
11;2025-11-18;8;3293
11;2025-11-18;9;2461
11;2025-11-18;10;1752
11;2025-11-18;11;1745
11;2025-11-18;12;1755
11;2025-11-18;13;1898
11;2025-11-18;14;1939
11;2025-11-18;15;2030
11;2025-11-18;16;2280
11;2025-11-18;17;2886
11;2025-11-18;18;3086
11;2025-11-18;19;2288
11;2025-11-18;20;1453
11;2025-11-18;21;830
11;2025-11-18;22;410
11;2025-11-18;23;195
11;2025-11-19;0;58
11;2025-11-19;1;0
11;2025-11-19;2;0
11;2025-11-19;3;0
11;2025-11-19;4;3
11;2025-11-19;5;279
11;2025-11-19;6;1238
11;2025-11-19;7;2418
11;2025-11-19;8;3262
11;2025-11-19;9;2341
11;2025-11-19;10;1813
11;2025-11-19;11;1836
11;2025-11-19;12;1884
11;2025-11-19;13;2054
11;2025-11-19;14;2006
11;2025-11-19;15;2106
11;2025-11-19;16;2237
11;2025-11-19;17;2819
11;2025-11-19;18;3127
11;2025-11-19;19;2270
11;2025-11-19;20;1502
11;2025-11-19;21;875
11;2025-11-19;22;417
11;2025-11-19;23;223
11;2025-11-20;0;66
11;2025-11-20;1;0
11;2025-11-20;2;0
11;2025-11-20;3;0
11;2025-11-20;4;3
11;2025-11-20;5;276
11;2025-11-20;6;1260
11;2025-11-20;7;2371
11;2025-11-20;8;3053
11;2025-11-20;9;2440
11;2025-11-20;10;1959
11;2025-11-20;11;1826
11;2025-11-20;12;1900
11;2025-11-20;13;2057
11;2025-11-20;14;2060
11;2025-11-20;15;2113
11;2025-11-20;16;2323
11;2025-11-20;17;2848
11;2025-11-20;18;3186
11;2025-11-20;19;2245
11;2025-11-20;20;1448
11;2025-11-20;21;843
11;2025-11-20;22;443
11;2025-11-20;23;225
11;2025-11-21;0;74
11;2025-11-21;1;0
11;2025-11-21;2;0
11;2025-11-21;3;0
11;2025-11-21;4;2
11;2025-11-21;5;258
11;2025-11-21;6;1245
11;2025-11-21;7;2340
11;2025-11-21;8;3022
11;2025-11-21;9;2294
11;2025-11-21;10;1828
11;2025-11-21;11;1801
11;2025-11-21;12;1857
11;2025-11-21;13;1988
11;2025-11-21;14;2056
11;2025-11-21;15;2295
11;2025-11-21;16;2499
11;2025-11-21;17;2901
11;2025-11-21;18;2613
11;2025-11-21;19;2055
11;2025-11-21;20;1399
11;2025-11-21;21;858
11;2025-11-21;22;455
11;2025-11-21;23;269
11;2025-11-22;0;101
11;2025-11-22;1;2
11;2025-11-22;2;0
11;2025-11-22;3;0
11;2025-11-22;4;6
11;2025-11-22;5;175
11;2025-11-22;6;697
11;2025-11-22;7;630
11;2025-11-22;8;859
11;2025-11-22;9;1045
11;2025-11-22;10;1187
11;2025-11-22;11;1592
11;2025-11-22;12;1828
11;2025-11-22;13;1717
11;2025-11-22;14;1777
11;2025-11-22;15;1764
11;2025-11-22;16;1783
11;2025-11-22;17;1788
11;2025-11-22;18;1464
11;2025-11-22;19;1379
11;2025-11-22;20;977
11;2025-11-22;21;706
11;2025-11-22;22;409
11;2025-11-22;23;278
11;2025-11-23;0;103
11;2025-11-23;1;12
11;2025-11-23;2;0
11;2025-11-23;3;1
11;2025-11-23;4;2
11;2025-11-23;5;118
11;2025-11-23;6;465
11;2025-11-23;7;471
11;2025-11-23;8;597
11;2025-11-23;9;866
11;2025-11-23;10;962
11;2025-11-23;11;1419
11;2025-11-23;12;1588
11;2025-11-23;13;1527
11;2025-11-23;14;1633
11;2025-11-23;15;1645
11;2025-11-23;16;1574
11;2025-11-23;17;1623
11;2025-11-23;18;1264
11;2025-11-23;19;1008
11;2025-11-23;20;840
11;2025-11-23;21;597
11;2025-11-23;22;345
11;2025-11-23;23;220
11;2025-11-24;0;69
11;2025-11-24;1;4
11;2025-11-24;2;0
11;2025-11-24;3;0
11;2025-11-24;4;2
11;2025-11-24;5;269
11;2025-11-24;6;1240
11;2025-11-24;7;2339
11;2025-11-24;8;3067
11;2025-11-24;9;2302
11;2025-11-24;10;1697
11;2025-11-24;11;1714
11;2025-11-24;12;1656
11;2025-11-24;13;1842
11;2025-11-24;14;1820
11;2025-11-24;15;1990
11;2025-11-24;16;2245
11;2025-11-24;17;2763
11;2025-11-24;18;3052
11;2025-11-24;19;2308
11;2025-11-24;20;1421
11;2025-11-24;21;830
11;2025-11-24;22;409
11;2025-11-24;23;193
11;2025-11-25;0;59
11;2025-11-25;1;0
11;2025-11-25;2;0
11;2025-11-25;3;1
11;2025-11-25;4;2
11;2025-11-25;5;267
11;2025-11-25;6;1283
11;2025-11-25;7;2418
11;2025-11-25;8;3239
11;2025-11-25;9;2442
11;2025-11-25;10;1837
11;2025-11-25;11;1791
11;2025-11-25;12;1812
11;2025-11-25;13;1950
11;2025-11-25;14;1990
11;2025-11-25;15;2019
11;2025-11-25;16;2251
11;2025-11-25;17;2826
11;2025-11-25;18;3039
11;2025-11-25;19;2266
11;2025-11-25;20;1481
11;2025-11-25;21;830
11;2025-11-25;22;417
11;2025-11-25;23;210
11;2025-11-26;0;65
11;2025-11-26;1;1
11;2025-11-26;2;0
11;2025-11-26;3;0
11;2025-11-26;4;2
11;2025-11-26;5;268
11;2025-11-26;6;1221
11;2025-11-26;7;2322
11;2025-11-26;8;3110
11;2025-11-26;9;2279
11;2025-11-26;10;1791
11;2025-11-26;11;1771
11;2025-11-26;12;1840
11;2025-11-26;13;1970
11;2025-11-26;14;1951
11;2025-11-26;15;2035
11;2025-11-26;16;2146
11;2025-11-26;17;2680
11;2025-11-26;18;3027
11;2025-11-26;19;2192
11;2025-11-26;20;1464
11;2025-11-26;21;837
11;2025-11-26;22;396
11;2025-11-26;23;220
11;2025-11-27;0;65
11;2025-11-27;1;1
11;2025-11-27;2;0
11;2025-11-27;3;0
11;2025-11-27;4;1
11;2025-11-27;5;276
11;2025-11-27;6;1236
11;2025-11-27;7;2272
11;2025-11-27;8;2929
11;2025-11-27;9;2355
11;2025-11-27;10;1911
11;2025-11-27;11;1751
11;2025-11-27;12;1827
11;2025-11-27;13;1959
11;2025-11-27;14;1954
11;2025-11-27;15;2046
11;2025-11-27;16;2235
11;2025-11-27;17;2687
11;2025-11-27;18;3061
11;2025-11-27;19;2132
11;2025-11-27;20;1422
11;2025-11-27;21;811
11;2025-11-27;22;425
11;2025-11-27;23;223
11;2025-11-28;0;73
11;2025-11-28;1;4
11;2025-11-28;2;0
11;2025-11-28;3;0
11;2025-11-28;4;1
11;2025-11-28;5;261
11;2025-11-28;6;1214
11;2025-11-28;7;2204
11;2025-11-28;8;2812
11;2025-11-28;9;2185
11;2025-11-28;10;1787
11;2025-11-28;11;1771
11;2025-11-28;12;1831
11;2025-11-28;13;1915
11;2025-11-28;14;1983
11;2025-11-28;15;2191
11;2025-11-28;16;2392
11;2025-11-28;17;2739
11;2025-11-28;18;2463
11;2025-11-28;19;1962
11;2025-11-28;20;1357
11;2025-11-28;21;848
11;2025-11-28;22;435
11;2025-11-28;23;268
11;2025-11-29;0;88
11;2025-11-29;1;1
11;2025-11-29;2;0
11;2025-11-29;3;0
11;2025-11-29;4;5
11;2025-11-29;5;157
11;2025-11-29;6;659
11;2025-11-29;7;590
11;2025-11-29;8;811
11;2025-11-29;9;994
11;2025-11-29;10;1120
11;2025-11-29;11;1450
11;2025-11-29;12;1684
11;2025-11-29;13;1593
11;2025-11-29;14;1621
11;2025-11-29;15;1630
11;2025-11-29;16;1655
11;2025-11-29;17;1644
11;2025-11-29;18;1320
11;2025-11-29;19;1259
11;2025-11-29;20;920
11;2025-11-29;21;673
11;2025-11-29;22;368
11;2025-11-29;23;257
11;2025-11-30;0;88
11;2025-11-30;1;13
11;2025-11-30;2;0
11;2025-11-30;3;0
11;2025-11-30;4;2
11;2025-11-30;5;100
11;2025-11-30;6;414
11;2025-11-30;7;407
11;2025-11-30;8;539
11;2025-11-30;9;805
11;2025-11-30;10;889
11;2025-11-30;11;1293
11;2025-11-30;12;1405
11;2025-11-30;13;1353
11;2025-11-30;14;1446
11;2025-11-30;15;1471
11;2025-11-30;16;1403
11;2025-11-30;17;1455
11;2025-11-30;18;1157
11;2025-11-30;19;943
11;2025-11-30;20;764
11;2025-11-30;21;556
11;2025-11-30;22;324
11;2025-11-30;23;205
11;2025-12-01;0;60
11;2025-12-01;1;7
11;2025-12-01;2;0
11;2025-12-01;3;0
11;2025-12-01;4;2
11;2025-12-01;5;242
11;2025-12-01;6;1194
11;2025-12-01;7;2095
11;2025-12-01;8;2906
11;2025-12-01;9;2075
11;2025-12-01;10;1600
11;2025-12-01;11;1630
11;2025-12-01;12;1588
11;2025-12-01;13;1732
11;2025-12-01;14;1747
11;2025-12-01;15;1851
11;2025-12-01;16;2053
11;2025-12-01;17;2542
11;2025-12-01;18;2866
11;2025-12-01;19;2098
11;2025-12-01;20;1339
11;2025-12-01;21;743
11;2025-12-01;22;360
11;2025-12-01;23;177
11;2025-12-02;0;55
11;2025-12-02;1;1
11;2025-12-02;2;0
11;2025-12-02;3;1
11;2025-12-02;4;2
11;2025-12-02;5;231
11;2025-12-02;6;1212
11;2025-12-02;7;2197
11;2025-12-02;8;3053
11;2025-12-02;9;2223
11;2025-12-02;10;1681
11;2025-12-02;11;1657
11;2025-12-02;12;1695
11;2025-12-02;13;1782
11;2025-12-02;14;1822
11;2025-12-02;15;1844
11;2025-12-02;16;2052
11;2025-12-02;17;2635
11;2025-12-02;18;2872
11;2025-12-02;19;2081
11;2025-12-02;20;1390
11;2025-12-02;21;756
11;2025-12-02;22;365
11;2025-12-02;23;193
11;2025-12-03;0;59
11;2025-12-03;1;0
11;2025-12-03;2;0
11;2025-12-03;3;0
11;2025-12-03;4;2
11;2025-12-03;5;241
11;2025-12-03;6;1189
11;2025-12-03;7;2136
11;2025-12-03;8;2998
11;2025-12-03;9;2115
11;2025-12-03;10;1711
11;2025-12-03;11;1726
11;2025-12-03;12;1799
11;2025-12-03;13;1885
11;2025-12-03;14;1859
11;2025-12-03;15;1921
11;2025-12-03;16;2056
11;2025-12-03;17;2555
11;2025-12-03;18;2902
11;2025-12-03;19;2048
11;2025-12-03;20;1418
11;2025-12-03;21;791
11;2025-12-03;22;371
11;2025-12-03;23;204
11;2025-12-04;0;62
11;2025-12-04;1;1
11;2025-12-04;2;0
11;2025-12-04;3;0
11;2025-12-04;4;0
11;2025-12-04;5;247
11;2025-12-04;6;1221
11;2025-12-04;7;2107
11;2025-12-04;8;2821
11;2025-12-04;9;2178
11;2025-12-04;10;1783
11;2025-12-04;11;1697
11;2025-12-04;12;1776
11;2025-12-04;13;1886
11;2025-12-04;14;1888
11;2025-12-04;15;1918
11;2025-12-04;16;2105
11;2025-12-04;17;2589
11;2025-12-04;18;2985
11;2025-12-04;19;2051
11;2025-12-04;20;1390
11;2025-12-04;21;789
11;2025-12-04;22;406
11;2025-12-04;23;215
11;2025-12-05;0;65
11;2025-12-05;1;2
11;2025-12-05;2;0
11;2025-12-05;3;0
11;2025-12-05;4;1
11;2025-12-05;5;236
11;2025-12-05;6;1208
11;2025-12-05;7;2083
11;2025-12-05;8;2719
11;2025-12-05;9;2063
11;2025-12-05;10;1690
11;2025-12-05;11;1695
11;2025-12-05;12;1767
11;2025-12-05;13;1841
11;2025-12-05;14;1903
11;2025-12-05;15;2087
11;2025-12-05;16;2305
11;2025-12-05;17;2674
11;2025-12-05;18;2354
11;2025-12-05;19;1882
11;2025-12-05;20;1340
11;2025-12-05;21;801
11;2025-12-05;22;408
11;2025-12-05;23;253
11;2025-12-06;0;91
11;2025-12-06;1;3
11;2025-12-06;2;0
11;2025-12-06;3;0
11;2025-12-06;4;8
11;2025-12-06;5;159
11;2025-12-06;6;657
11;2025-12-06;7;557
11;2025-12-06;8;815
11;2025-12-06;9;996
11;2025-12-06;10;1133
11;2025-12-06;11;1473
11;2025-12-06;12;1710
11;2025-12-06;13;1614
11;2025-12-06;14;1658
11;2025-12-06;15;1668
11;2025-12-06;16;1681
11;2025-12-06;17;1678
11;2025-12-06;18;1350
11;2025-12-06;19;1282
11;2025-12-06;20;927
11;2025-12-06;21;671
11;2025-12-06;22;375
11;2025-12-06;23;271
11;2025-12-07;0;94
11;2025-12-07;1;18
11;2025-12-07;2;0
11;2025-12-07;3;0
11;2025-12-07;4;4
11;2025-12-07;5;101
11;2025-12-07;6;406
11;2025-12-07;7;390
11;2025-12-07;8;514
11;2025-12-07;9;777
11;2025-12-07;10;873
11;2025-12-07;11;1296
11;2025-12-07;12;1426
11;2025-12-07;13;1377
11;2025-12-07;14;1482
11;2025-12-07;15;1502
11;2025-12-07;16;1435
11;2025-12-07;17;1499
11;2025-12-07;18;1181
11;2025-12-07;19;955
11;2025-12-07;20;760
11;2025-12-07;21;556
11;2025-12-07;22;334
11;2025-12-07;23;214
11;2025-12-08;0;64
11;2025-12-08;1;12
11;2025-12-08;2;0
11;2025-12-08;3;0
11;2025-12-08;4;2
11;2025-12-08;5;242
11;2025-12-08;6;1191
11;2025-12-08;7;2117
11;2025-12-08;8;2922
11;2025-12-08;9;2098
11;2025-12-08;10;1613
11;2025-12-08;11;1648
11;2025-12-08;12;1615
11;2025-12-08;13;1753
11;2025-12-08;14;1757
11;2025-12-08;15;1881
11;2025-12-08;16;2090
11;2025-12-08;17;2596
11;2025-12-08;18;2906
11;2025-12-08;19;2148
11;2025-12-08;20;1323
11;2025-12-08;21;729
11;2025-12-08;22;366
11;2025-12-08;23;194
11;2025-12-09;0;61
11;2025-12-09;1;3
11;2025-12-09;2;0
11;2025-12-09;3;0
11;2025-12-09;4;2
11;2025-12-09;5;220
11;2025-12-09;6;1171
11;2025-12-09;7;2206
11;2025-12-09;8;3096
11;2025-12-09;9;2241
11;2025-12-09;10;1651
11;2025-12-09;11;1630
11;2025-12-09;12;1681
11;2025-12-09;13;1782
11;2025-12-09;14;1835
11;2025-12-09;15;1860
11;2025-12-09;16;2090
11;2025-12-09;17;2696
11;2025-12-09;18;2911
11;2025-12-09;19;2123
11;2025-12-09;20;1368
11;2025-12-09;21;717
11;2025-12-09;22;362
11;2025-12-09;23;194
11;2025-12-10;0;17
11;2025-12-10;1;0
11;2025-12-10;2;0
11;2025-12-10;3;0
11;2025-12-10;4;2
11;2025-12-10;5;170
11;2025-12-10;6;1017
11;2025-12-10;7;2029
11;2025-12-10;8;2944
11;2025-12-10;9;1981
11;2025-12-10;10;1522
11;2025-12-10;11;1545
11;2025-12-10;12;1645
11;2025-12-10;13;1736
11;2025-12-10;14;1729
11;2025-12-10;15;1785
11;2025-12-10;16;1939
11;2025-12-10;17;2480
11;2025-12-10;18;2845
11;2025-12-10;19;1963
11;2025-12-10;20;1270
11;2025-12-10;21;646
11;2025-12-10;22;293
11;2025-12-10;23;153
11;2025-12-11;0;3
11;2025-12-11;1;0
11;2025-12-11;2;0
11;2025-12-11;3;0
11;2025-12-11;4;1
11;2025-12-11;5;189
11;2025-12-11;6;1066
11;2025-12-11;7;2008
11;2025-12-11;8;2749
11;2025-12-11;9;2072
11;2025-12-11;10;1635
11;2025-12-11;11;1536
11;2025-12-11;12;1627
11;2025-12-11;13;1762
11;2025-12-11;14;1790
11;2025-12-11;15;1813
11;2025-12-11;16;2006
11;2025-12-11;17;2493
11;2025-12-11;18;2903
11;2025-12-11;19;1919
11;2025-12-11;20;1240
11;2025-12-11;21;631
11;2025-12-11;22;323
11;2025-12-11;23;168
11;2025-12-12;0;12
11;2025-12-12;1;0
11;2025-12-12;2;0
11;2025-12-12;3;0
11;2025-12-12;4;1
11;2025-12-12;5;182
11;2025-12-12;6;1015
11;2025-12-12;7;1983
11;2025-12-12;8;2694
11;2025-12-12;9;1929
11;2025-12-12;10;1516
11;2025-12-12;11;1541
11;2025-12-12;12;1580
11;2025-12-12;13;1665
11;2025-12-12;14;1737
11;2025-12-12;15;1954
11;2025-12-12;16;2211
11;2025-12-12;17;2634
11;2025-12-12;18;2319
11;2025-12-12;19;1776
11;2025-12-12;20;1194
11;2025-12-12;21;674
11;2025-12-12;22;345
11;2025-12-12;23;199
11;2025-12-13;0;42
11;2025-12-13;1;0
11;2025-12-13;2;0
11;2025-12-13;3;0
11;2025-12-13;4;0
11;2025-12-13;5;103
11;2025-12-13;6;526
11;2025-12-13;7;443
11;2025-12-13;8;657
11;2025-12-13;9;834
11;2025-12-13;10;989
11;2025-12-13;11;1357
11;2025-12-13;12;1602
11;2025-12-13;13;1517
11;2025-12-13;14;1545
11;2025-12-13;15;1554
11;2025-12-13;16;1586
11;2025-12-13;17;1581
11;2025-12-13;18;1238
11;2025-12-13;19;1180
11;2025-12-13;20;800
11;2025-12-13;21;563
11;2025-12-13;22;321
11;2025-12-13;23;229
11;2025-12-14;0;46
11;2025-12-14;1;0
11;2025-12-14;2;0
11;2025-12-14;3;1
11;2025-12-14;4;2
11;2025-12-14;5;47
11;2025-12-14;6;311
11;2025-12-14;7;311
11;2025-12-14;8;395
11;2025-12-14;9;629
11;2025-12-14;10;721
11;2025-12-14;11;1154
11;2025-12-14;12;1305
11;2025-12-14;13;1255
11;2025-12-14;14;1351
11;2025-12-14;15;1389
11;2025-12-14;16;1301
11;2025-12-14;17;1375
11;2025-12-14;18;1059
11;2025-12-14;19;823
11;2025-12-14;20;631
11;2025-12-14;21;459
11;2025-12-14;22;258
11;2025-12-14;23;156
11;2025-12-15;0;0
11;2025-12-15;1;0
11;2025-12-15;2;0
11;2025-12-15;3;0
11;2025-12-15;4;4
11;2025-12-15;5;178
11;2025-12-15;6;1042
11;2025-12-15;7;2027
11;2025-12-15;8;2861
11;2025-12-15;9;2022
11;2025-12-15;10;1498
11;2025-12-15;11;1531
11;2025-12-15;12;1503
11;2025-12-15;13;1660
11;2025-12-15;14;1644
11;2025-12-15;15;1787
11;2025-12-15;16;2025
11;2025-12-15;17;2551
11;2025-12-15;18;2859
11;2025-12-15;19;2073
11;2025-12-15;20;1211
11;2025-12-15;21;627
11;2025-12-15;22;304
11;2025-12-15;23;129
11;2025-12-16;0;1
11;2025-12-16;1;0
11;2025-12-16;2;0
11;2025-12-16;3;0
11;2025-12-16;4;4
11;2025-12-16;5;163
11;2025-12-16;6;1056
11;2025-12-16;7;2115
11;2025-12-16;8;3010
11;2025-12-16;9;2140
11;2025-12-16;10;1530
11;2025-12-16;11;1491
11;2025-12-16;12;1520
11;2025-12-16;13;1641
11;2025-12-16;14;1721
11;2025-12-16;15;1774
11;2025-12-16;16;2006
11;2025-12-16;17;2635
11;2025-12-16;18;2855
11;2025-12-16;19;2035
11;2025-12-16;20;1271
11;2025-12-16;21;633
11;2025-12-16;22;303
11;2025-12-16;23;141
11;2025-12-17;0;3
11;2025-12-17;1;0
11;2025-12-17;2;0
11;2025-12-17;3;0
11;2025-12-17;4;3
11;2025-12-17;5;171
11;2025-12-17;6;1009
11;2025-12-17;7;2009
11;2025-12-17;8;2939
11;2025-12-17;9;1980
11;2025-12-17;10;1525
11;2025-12-17;11;1549
11;2025-12-17;12;1642
11;2025-12-17;13;1739
11;2025-12-17;14;1718
11;2025-12-17;15;1797
11;2025-12-17;16;1946
11;2025-12-17;17;2493
11;2025-12-17;18;2848
11;2025-12-17;19;1962
11;2025-12-17;20;1273
11;2025-12-17;21;651
11;2025-12-17;22;303
11;2025-12-17;23;158
11;2025-12-18;0;1
11;2025-12-18;1;0
11;2025-12-18;2;0
11;2025-12-18;3;0
11;2025-12-18;4;1
11;2025-12-18;5;175
11;2025-12-18;6;1030
11;2025-12-18;7;1993
11;2025-12-18;8;2773
11;2025-12-18;9;2067
11;2025-12-18;10;1618
11;2025-12-18;11;1534
11;2025-12-18;12;1620
11;2025-12-18;13;1735
11;2025-12-18;14;1748
11;2025-12-18;15;1788
11;2025-12-18;16;2006
11;2025-12-18;17;2533
11;2025-12-18;18;2921
11;2025-12-18;19;1936
11;2025-12-18;20;1229
11;2025-12-18;21;633
11;2025-12-18;22;317
11;2025-12-18;23;153
11;2025-12-19;0;4
11;2025-12-19;1;0
11;2025-12-19;2;0
11;2025-12-19;3;0
11;2025-12-19;4;0
11;2025-12-19;5;171
11;2025-12-19;6;1015
11;2025-12-19;7;1953
11;2025-12-19;8;2668
11;2025-12-19;9;1918
11;2025-12-19;10;1519
11;2025-12-19;11;1523
11;2025-12-19;12;1607
11;2025-12-19;13;1690
11;2025-12-19;14;1752
11;2025-12-19;15;1955
11;2025-12-19;16;2191
11;2025-12-19;17;2600
11;2025-12-19;18;2265
11;2025-12-19;19;1736
11;2025-12-19;20;1171
11;2025-12-19;21;641
11;2025-12-19;22;319
11;2025-12-19;23;189
11;2025-12-20;0;29
11;2025-12-20;1;0
11;2025-12-20;2;0
11;2025-12-20;3;0
11;2025-12-20;4;0
11;2025-12-20;5;92
11;2025-12-20;6;500
11;2025-12-20;7;421
11;2025-12-20;8;635
11;2025-12-20;9;803
11;2025-12-20;10;949
11;2025-12-20;11;1313
11;2025-12-20;12;1558
11;2025-12-20;13;1466
11;2025-12-20;14;1507
11;2025-12-20;15;1510
11;2025-12-20;16;1533
11;2025-12-20;17;1542
11;2025-12-20;18;1193
11;2025-12-20;19;1124
11;2025-12-20;20;775
11;2025-12-20;21;549
11;2025-12-20;22;298
11;2025-12-20;23;211
11;2025-12-21;0;41
11;2025-12-21;1;0
11;2025-12-21;2;0
11;2025-12-21;3;0
11;2025-12-21;4;0
11;2025-12-21;5;32
11;2025-12-21;6;302
11;2025-12-21;7;312
11;2025-12-21;8;381
11;2025-12-21;9;613
11;2025-12-21;10;702
11;2025-12-21;11;1135
11;2025-12-21;12;1264
11;2025-12-21;13;1209
11;2025-12-21;14;1298
11;2025-12-21;15;1354
11;2025-12-21;16;1268
11;2025-12-21;17;1336
11;2025-12-21;18;1021
11;2025-12-21;19;794
11;2025-12-21;20;605
11;2025-12-21;21;438
11;2025-12-21;22;254
11;2025-12-21;23;155
11;2025-12-22;0;5
11;2025-12-22;1;0
11;2025-12-22;2;0
11;2025-12-22;3;0
11;2025-12-22;4;0
11;2025-12-22;5;174
11;2025-12-22;6;1043
11;2025-12-22;7;2002
11;2025-12-22;8;2851
11;2025-12-22;9;1984
11;2025-12-22;10;1458
11;2025-12-22;11;1502
11;2025-12-22;12;1479
11;2025-12-22;13;1631
11;2025-12-22;14;1637
11;2025-12-22;15;1786
11;2025-12-22;16;2013
11;2025-12-22;17;2537
11;2025-12-22;18;2847
11;2025-12-22;19;2073
11;2025-12-22;20;1232
11;2025-12-22;21;652
11;2025-12-22;22;310
11;2025-12-22;23;138
11;2025-12-23;0;9
11;2025-12-23;1;0
11;2025-12-23;2;0
11;2025-12-23;3;0
11;2025-12-23;4;4
11;2025-12-23;5;182
11;2025-12-23;6;1092
11;2025-12-23;7;2133
11;2025-12-23;8;3029
11;2025-12-23;9;2184
11;2025-12-23;10;1591
11;2025-12-23;11;1577
11;2025-12-23;12;1621
11;2025-12-23;13;1711
11;2025-12-23;14;1751
11;2025-12-23;15;1784
11;2025-12-23;16;2006
11;2025-12-23;17;2617
11;2025-12-23;18;2824
11;2025-12-23;19;2030
11;2025-12-23;20;1286
11;2025-12-23;21;643
11;2025-12-23;22;308
11;2025-12-23;23;145
11;2025-12-24;0;1
11;2025-12-24;1;0
11;2025-12-24;2;0
11;2025-12-24;3;0
11;2025-12-24;4;4
11;2025-12-24;5;177
11;2025-12-24;6;1033
11;2025-12-24;7;2015
11;2025-12-24;8;2931
11;2025-12-24;9;1996
11;2025-12-24;10;1537
11;2025-12-24;11;1574
11;2025-12-24;12;1655
11;2025-12-24;13;1768
11;2025-12-24;14;1721
11;2025-12-24;15;1810
11;2025-12-24;16;1957
11;2025-12-24;17;2493
11;2025-12-24;18;2838
11;2025-12-24;19;1977
11;2025-12-24;20;1282
11;2025-12-24;21;621
11;2025-12-24;22;287
11;2025-12-24;23;147
11;2025-12-25;0;0
11;2025-12-25;1;0
11;2025-12-25;2;0
11;2025-12-25;3;0
11;2025-12-25;4;2
11;2025-12-25;5;156
11;2025-12-25;6;1017
11;2025-12-25;7;1948
11;2025-12-25;8;2720
11;2025-12-25;9;2073
11;2025-12-25;10;1612
11;2025-12-25;11;1523
11;2025-12-25;12;1623
11;2025-12-25;13;1738
11;2025-12-25;14;1755
11;2025-12-25;15;1788
11;2025-12-25;16;2001
11;2025-12-25;17;2525
11;2025-12-25;18;2866
11;2025-12-25;19;1943
11;2025-12-25;20;1232
11;2025-12-25;21;643
11;2025-12-25;22;322
11;2025-12-25;23;157
11;2025-12-26;0;10
11;2025-12-26;1;0
11;2025-12-26;2;0
11;2025-12-26;3;0
11;2025-12-26;4;1
11;2025-12-26;5;161
11;2025-12-26;6;1019
11;2025-12-26;7;1902
11;2025-12-26;8;2611
11;2025-12-26;9;1931
11;2025-12-26;10;1498
11;2025-12-26;11;1491
11;2025-12-26;12;1568
11;2025-12-26;13;1691
11;2025-12-26;14;1761
11;2025-12-26;15;1966
11;2025-12-26;16;2199
11;2025-12-26;17;2584
11;2025-12-26;18;2253
11;2025-12-26;19;1729
11;2025-12-26;20;1171
11;2025-12-26;21;649
11;2025-12-26;22;327
11;2025-12-26;23;199
11;2025-12-27;0;38
11;2025-12-27;1;0
11;2025-12-27;2;0
11;2025-12-27;3;0
11;2025-12-27;4;0
11;2025-12-27;5;92
11;2025-12-27;6;510
11;2025-12-27;7;425
11;2025-12-27;8;656
11;2025-12-27;9;791
11;2025-12-27;10;957
11;2025-12-27;11;1317
11;2025-12-27;12;1561
11;2025-12-27;13;1469
11;2025-12-27;14;1495
11;2025-12-27;15;1514
11;2025-12-27;16;1527
11;2025-12-27;17;1529
11;2025-12-27;18;1193
11;2025-12-27;19;1120
11;2025-12-27;20;756
11;2025-12-27;21;524
11;2025-12-27;22;294
11;2025-12-27;23;210
11;2025-12-28;0;26
11;2025-12-28;1;0
11;2025-12-28;2;0
11;2025-12-28;3;1
11;2025-12-28;4;0
11;2025-12-28;5;23
11;2025-12-28;6;298
11;2025-12-28;7;276
11;2025-12-28;8;350
11;2025-12-28;9;599
11;2025-12-28;10;702
11;2025-12-28;11;1109
11;2025-12-28;12;1265
11;2025-12-28;13;1193
11;2025-12-28;14;1299
11;2025-12-28;15;1348
11;2025-12-28;16;1274
11;2025-12-28;17;1339
11;2025-12-28;18;1025
11;2025-12-28;19;796
11;2025-12-28;20;591
11;2025-12-28;21;425
11;2025-12-28;22;248
11;2025-12-28;23;148
11;2025-12-29;0;0
11;2025-12-29;1;0
11;2025-12-29;2;0
11;2025-12-29;3;0
11;2025-12-29;4;2
11;2025-12-29;5;154
11;2025-12-29;6;1009
11;2025-12-29;7;1937
11;2025-12-29;8;2751
11;2025-12-29;9;1952
11;2025-12-29;10;1443
11;2025-12-29;11;1469
11;2025-12-29;12;1448
11;2025-12-29;13;1593
11;2025-12-29;14;1585
11;2025-12-29;15;1753
11;2025-12-29;16;1961
11;2025-12-29;17;2488
11;2025-12-29;18;2750
11;2025-12-29;19;2025
11;2025-12-29;20;1178
11;2025-12-29;21;597
11;2025-12-29;22;289
11;2025-12-29;23;132
11;2025-12-30;0;1
11;2025-12-30;1;0
11;2025-12-30;2;0
11;2025-12-30;3;1
11;2025-12-30;4;2
11;2025-12-30;5;142
11;2025-12-30;6;1017
11;2025-12-30;7;2031
11;2025-12-30;8;2866
11;2025-12-30;9;2077
11;2025-12-30;10;1467
11;2025-12-30;11;1446
11;2025-12-30;12;1505
11;2025-12-30;13;1634
11;2025-12-30;14;1679
11;2025-12-30;15;1728
11;2025-12-30;16;1937
11;2025-12-30;17;2532
11;2025-12-30;18;2698
11;2025-12-30;19;1938
11;2025-12-30;20;1229
11;2025-12-30;21;584
11;2025-12-30;22;278
11;2025-12-30;23;135
11;2025-12-31;0;0
11;2025-12-31;1;0
11;2025-12-31;2;0
11;2025-12-31;3;0
11;2025-12-31;4;1
11;2025-12-31;5;72
11;2025-12-31;6;291
11;2025-12-31;7;300
11;2025-12-31;8;546
11;2025-12-31;9;518
11;2025-12-31;10;382
11;2025-12-31;11;669
11;2025-12-31;12;881
11;2025-12-31;13;970
11;2025-12-31;14;956
11;2025-12-31;15;1007
11;2025-12-31;16;878
11;2025-12-31;17;1010
11;2025-12-31;18;1001
11;2025-12-31;19;826
11;2025-12-31;20;673
11;2025-12-31;21;441
11;2025-12-31;22;245
11;2025-12-31;23;137
12;2025-11-01;0;71
12;2025-11-01;1;2
12;2025-11-01;2;0
12;2025-11-01;3;0
12;2025-11-01;4;3
12;2025-11-01;5;213
12;2025-11-01;6;795
12;2025-11-01;7;819
12;2025-11-01;8;932
12;2025-11-01;9;1102
12;2025-11-01;10;1331
12;2025-11-01;11;1442
12;2025-11-01;12;1420
12;2025-11-01;13;1661
12;2025-11-01;14;1581
12;2025-11-01;15;1482
12;2025-11-01;16;1551
12;2025-11-01;17;1468
12;2025-11-01;18;1348
12;2025-11-01;19;1295
12;2025-11-01;20;894
12;2025-11-01;21;654
12;2025-11-01;22;377
12;2025-11-01;23;264
12;2025-11-02;0;78
12;2025-11-02;1;5
12;2025-11-02;2;0
12;2025-11-02;3;0
12;2025-11-02;4;4
12;2025-11-02;5;167
12;2025-11-02;6;468
12;2025-11-02;7;539
12;2025-11-02;8;643
12;2025-11-02;9;827
12;2025-11-02;10;950
12;2025-11-02;11;1024
12;2025-11-02;12;1132
12;2025-11-02;13;1305
12;2025-11-02;14;1331
12;2025-11-02;15;1180
12;2025-11-02;16;1290
12;2025-11-02;17;1329
12;2025-11-02;18;1072
12;2025-11-02;19;880
12;2025-11-02;20;747
12;2025-11-02;21;546
12;2025-11-02;22;344
12;2025-11-02;23;194
12;2025-11-03;0;64
12;2025-11-03;1;3
12;2025-11-03;2;0
12;2025-11-03;3;0
12;2025-11-03;4;3
12;2025-11-03;5;258
12;2025-11-03;6;658
12;2025-11-03;7;1022
12;2025-11-03;8;1176
12;2025-11-03;9;1009
12;2025-11-03;10;1092
12;2025-11-03;11;1123
12;2025-11-03;12;1245
12;2025-11-03;13;1233
12;2025-11-03;14;1295
12;2025-11-03;15;1258
12;2025-11-03;16;1374
12;2025-11-03;17;1403
12;2025-11-03;18;1422
12;2025-11-03;19;1296
12;2025-11-03;20;1008
12;2025-11-03;21;683
12;2025-11-03;22;405
12;2025-11-03;23;215
12;2025-11-04;0;49
12;2025-11-04;1;2
12;2025-11-04;2;0
12;2025-11-04;3;0
12;2025-11-04;4;4
12;2025-11-04;5;272
12;2025-11-04;6;656
12;2025-11-04;7;1056
12;2025-11-04;8;1158
12;2025-11-04;9;993
12;2025-11-04;10;1054
12;2025-11-04;11;1077
12;2025-11-04;12;1108
12;2025-11-04;13;1228
12;2025-11-04;14;1361
12;2025-11-04;15;1393
12;2025-11-04;16;1553
12;2025-11-04;17;1413
12;2025-11-04;18;1328
12;2025-11-04;19;1294
12;2025-11-04;20;971
12;2025-11-04;21;678
12;2025-11-04;22;418
12;2025-11-04;23;218
12;2025-11-05;0;61
12;2025-11-05;1;5
12;2025-11-05;2;0
12;2025-11-05;3;0
12;2025-11-05;4;5
12;2025-11-05;5;325
12;2025-11-05;6;1396
12;2025-11-05;7;2685
12;2025-11-05;8;3424
12;2025-11-05;9;2477
12;2025-11-05;10;2055
12;2025-11-05;11;1955
12;2025-11-05;12;2031
12;2025-11-05;13;1979
12;2025-11-05;14;1992
12;2025-11-05;15;2228
12;2025-11-05;16;2783
12;2025-11-05;17;2991
12;2025-11-05;18;3126
12;2025-11-05;19;2469
12;2025-11-05;20;1470
12;2025-11-05;21;908
12;2025-11-05;22;481
12;2025-11-05;23;238
12;2025-11-06;0;53
12;2025-11-06;1;2
12;2025-11-06;2;0
12;2025-11-06;3;0
12;2025-11-06;4;9
12;2025-11-06;5;314
12;2025-11-06;6;1332
12;2025-11-06;7;2683
12;2025-11-06;8;3448
12;2025-11-06;9;2357
12;2025-11-06;10;1955
12;2025-11-06;11;1925
12;2025-11-06;12;1995
12;2025-11-06;13;2010
12;2025-11-06;14;2010
12;2025-11-06;15;2218
12;2025-11-06;16;2720
12;2025-11-06;17;3002
12;2025-11-06;18;3203
12;2025-11-06;19;2463
12;2025-11-06;20;1495
12;2025-11-06;21;872
12;2025-11-06;22;474
12;2025-11-06;23;233
12;2025-11-07;0;55
12;2025-11-07;1;4
12;2025-11-07;2;0
12;2025-11-07;3;0
12;2025-11-07;4;5
12;2025-11-07;5;287
12;2025-11-07;6;1304
12;2025-11-07;7;2605
12;2025-11-07;8;3390
12;2025-11-07;9;2301
12;2025-11-07;10;1887
12;2025-11-07;11;1897
12;2025-11-07;12;1934
12;2025-11-07;13;2024
12;2025-11-07;14;2019
12;2025-11-07;15;2305
12;2025-11-07;16;2867
12;2025-11-07;17;2927
12;2025-11-07;18;2572
12;2025-11-07;19;2169
12;2025-11-07;20;1369
12;2025-11-07;21;904
12;2025-11-07;22;496
12;2025-11-07;23;267
12;2025-11-08;0;75
12;2025-11-08;1;5
12;2025-11-08;2;0
12;2025-11-08;3;0
12;2025-11-08;4;0
12;2025-11-08;5;217
12;2025-11-08;6;800
12;2025-11-08;7;849
12;2025-11-08;8;926
12;2025-11-08;9;1075
12;2025-11-08;10;1315
12;2025-11-08;11;1426
12;2025-11-08;12;1409
12;2025-11-08;13;1661
12;2025-11-08;14;1586
12;2025-11-08;15;1472
12;2025-11-08;16;1575
12;2025-11-08;17;1482
12;2025-11-08;18;1381
12;2025-11-08;19;1346
12;2025-11-08;20;891
12;2025-11-08;21;639
12;2025-11-08;22;395
12;2025-11-08;23;244
12;2025-11-09;0;81
12;2025-11-09;1;1
12;2025-11-09;2;0
12;2025-11-09;3;0
12;2025-11-09;4;0
12;2025-11-09;5;143
12;2025-11-09;6;503
12;2025-11-09;7;584
12;2025-11-09;8;676
12;2025-11-09;9;837
12;2025-11-09;10;1078
12;2025-11-09;11;1242
12;2025-11-09;12;1315
12;2025-11-09;13;1505
12;2025-11-09;14;1458
12;2025-11-09;15;1337
12;2025-11-09;16;1443
12;2025-11-09;17;1448
12;2025-11-09;18;1196
12;2025-11-09;19;942
12;2025-11-09;20;704
12;2025-11-09;21;558
12;2025-11-09;22;347
12;2025-11-09;23;184
12;2025-11-10;0;64
12;2025-11-10;1;5
12;2025-11-10;2;0
12;2025-11-10;3;0
12;2025-11-10;4;8
12;2025-11-10;5;314
12;2025-11-10;6;1327
12;2025-11-10;7;2620
12;2025-11-10;8;3450
12;2025-11-10;9;2354
12;2025-11-10;10;1891
12;2025-11-10;11;1845
12;2025-11-10;12;1944
12;2025-11-10;13;1923
12;2025-11-10;14;1908
12;2025-11-10;15;2141
12;2025-11-10;16;2616
12;2025-11-10;17;2949
12;2025-11-10;18;3126
12;2025-11-10;19;2412
12;2025-11-10;20;1488
12;2025-11-10;21;872
12;2025-11-10;22;460
12;2025-11-10;23;217
12;2025-11-11;0;48
12;2025-11-11;1;3
12;2025-11-11;2;0
12;2025-11-11;3;0
12;2025-11-11;4;7
12;2025-11-11;5;325
12;2025-11-11;6;1381
12;2025-11-11;7;2780
12;2025-11-11;8;3680
12;2025-11-11;9;2483
12;2025-11-11;10;2071
12;2025-11-11;11;2027
12;2025-11-11;12;2091
12;2025-11-11;13;2085
12;2025-11-11;14;2029
12;2025-11-11;15;2263
12;2025-11-11;16;2727
12;2025-11-11;17;3089
12;2025-11-11;18;3264
12;2025-11-11;19;2495
12;2025-11-11;20;1484
12;2025-11-11;21;860
12;2025-11-11;22;491
12;2025-11-11;23;231
12;2025-11-12;0;56
12;2025-11-12;1;3
12;2025-11-12;2;0
12;2025-11-12;3;0
12;2025-11-12;4;10
12;2025-11-12;5;310
12;2025-11-12;6;1405
12;2025-11-12;7;2745
12;2025-11-12;8;3541
12;2025-11-12;9;2524
12;2025-11-12;10;2117
12;2025-11-12;11;1992
12;2025-11-12;12;2069
12;2025-11-12;13;1996
12;2025-11-12;14;2032
12;2025-11-12;15;2247
12;2025-11-12;16;2801
12;2025-11-12;17;3048
12;2025-11-12;18;3197
12;2025-11-12;19;2498
12;2025-11-12;20;1489
12;2025-11-12;21;885
12;2025-11-12;22;489
12;2025-11-12;23;237
12;2025-11-13;0;53
12;2025-11-13;1;3
12;2025-11-13;2;0
12;2025-11-13;3;0
12;2025-11-13;4;9
12;2025-11-13;5;308
12;2025-11-13;6;1336
12;2025-11-13;7;2788
12;2025-11-13;8;3614
12;2025-11-13;9;2430
12;2025-11-13;10;2027
12;2025-11-13;11;2029
12;2025-11-13;12;2043
12;2025-11-13;13;2062
12;2025-11-13;14;2062
12;2025-11-13;15;2288
12;2025-11-13;16;2795
12;2025-11-13;17;3096
12;2025-11-13;18;3287
12;2025-11-13;19;2518
12;2025-11-13;20;1543
12;2025-11-13;21;879
12;2025-11-13;22;486
12;2025-11-13;23;245
12;2025-11-14;0;57
12;2025-11-14;1;2
12;2025-11-14;2;0
12;2025-11-14;3;0
12;2025-11-14;4;6
12;2025-11-14;5;292
12;2025-11-14;6;1295
12;2025-11-14;7;2678
12;2025-11-14;8;3483
12;2025-11-14;9;2385
12;2025-11-14;10;1973
12;2025-11-14;11;1997
12;2025-11-14;12;2029
12;2025-11-14;13;2104
12;2025-11-14;14;2109
12;2025-11-14;15;2411
12;2025-11-14;16;2988
12;2025-11-14;17;3041
12;2025-11-14;18;2684
12;2025-11-14;19;2230
12;2025-11-14;20;1393
12;2025-11-14;21;904
12;2025-11-14;22;498
12;2025-11-14;23;269
12;2025-11-15;0;66
12;2025-11-15;1;4
12;2025-11-15;2;0
12;2025-11-15;3;0
12;2025-11-15;4;6
12;2025-11-15;5;206
12;2025-11-15;6;724
12;2025-11-15;7;763
12;2025-11-15;8;865
12;2025-11-15;9;1031
12;2025-11-15;10;1291
12;2025-11-15;11;1433
12;2025-11-15;12;1407
12;2025-11-15;13;1661
12;2025-11-15;14;1623
12;2025-11-15;15;1532
12;2025-11-15;16;1595
12;2025-11-15;17;1500
12;2025-11-15;18;1390
12;2025-11-15;19;1367
12;2025-11-15;20;909
12;2025-11-15;21;665
12;2025-11-15;22;402
12;2025-11-15;23;248
12;2025-11-16;0;81
12;2025-11-16;1;4
12;2025-11-16;2;0
12;2025-11-16;3;0
12;2025-11-16;4;2
12;2025-11-16;5;137
12;2025-11-16;6;471
12;2025-11-16;7;574
12;2025-11-16;8;664
12;2025-11-16;9;859
12;2025-11-16;10;1108
12;2025-11-16;11;1282
12;2025-11-16;12;1367
12;2025-11-16;13;1555
12;2025-11-16;14;1509
12;2025-11-16;15;1371
12;2025-11-16;16;1449
12;2025-11-16;17;1449
12;2025-11-16;18;1208
12;2025-11-16;19;950
12;2025-11-16;20;713
12;2025-11-16;21;559
12;2025-11-16;22;357
12;2025-11-16;23;190
12;2025-11-17;0;64
12;2025-11-17;1;4
12;2025-11-17;2;0
12;2025-11-17;3;0
12;2025-11-17;4;7
12;2025-11-17;5;307
12;2025-11-17;6;1325
12;2025-11-17;7;2720
12;2025-11-17;8;3524
12;2025-11-17;9;2444
12;2025-11-17;10;1992
12;2025-11-17;11;1918
12;2025-11-17;12;2042
12;2025-11-17;13;1943
12;2025-11-17;14;1943
12;2025-11-17;15;2214
12;2025-11-17;16;2711
12;2025-11-17;17;3061
12;2025-11-17;18;3235
12;2025-11-17;19;2484
12;2025-11-17;20;1515
12;2025-11-17;21;859
12;2025-11-17;22;454
12;2025-11-17;23;216
12;2025-11-18;0;49
12;2025-11-18;1;4
12;2025-11-18;2;0
12;2025-11-18;3;0
12;2025-11-18;4;8
12;2025-11-18;5;321
12;2025-11-18;6;1383
12;2025-11-18;7;2795
12;2025-11-18;8;3695
12;2025-11-18;9;2497
12;2025-11-18;10;2058
12;2025-11-18;11;2052
12;2025-11-18;12;2123
12;2025-11-18;13;2074
12;2025-11-18;14;2030
12;2025-11-18;15;2269
12;2025-11-18;16;2744
12;2025-11-18;17;3121
12;2025-11-18;18;3306
12;2025-11-18;19;2515
12;2025-11-18;20;1481
12;2025-11-18;21;859
12;2025-11-18;22;475
12;2025-11-18;23;216
12;2025-11-19;0;55
12;2025-11-19;1;1
12;2025-11-19;2;0
12;2025-11-19;3;0
12;2025-11-19;4;8
12;2025-11-19;5;308
12;2025-11-19;6;1411
12;2025-11-19;7;2742
12;2025-11-19;8;3554
12;2025-11-19;9;2521
12;2025-11-19;10;2129
12;2025-11-19;11;2023
12;2025-11-19;12;2106
12;2025-11-19;13;2053
12;2025-11-19;14;2062
12;2025-11-19;15;2277
12;2025-11-19;16;2803
12;2025-11-19;17;3040
12;2025-11-19;18;3181
12;2025-11-19;19;2487
12;2025-11-19;20;1518
12;2025-11-19;21;901
12;2025-11-19;22;493
12;2025-11-19;23;235
12;2025-11-20;0;52
12;2025-11-20;1;3
12;2025-11-20;2;0
12;2025-11-20;3;0
12;2025-11-20;4;9
12;2025-11-20;5;305
12;2025-11-20;6;1342
12;2025-11-20;7;2747
12;2025-11-20;8;3574
12;2025-11-20;9;2429
12;2025-11-20;10;2045
12;2025-11-20;11;2045
12;2025-11-20;12;2076
12;2025-11-20;13;2087
12;2025-11-20;14;2093
12;2025-11-20;15;2304
12;2025-11-20;16;2787
12;2025-11-20;17;3090
12;2025-11-20;18;3272
12;2025-11-20;19;2507
12;2025-11-20;20;1557
12;2025-11-20;21;884
12;2025-11-20;22;479
12;2025-11-20;23;247
12;2025-11-21;0;52
12;2025-11-21;1;0
12;2025-11-21;2;0
12;2025-11-21;3;0
12;2025-11-21;4;4
12;2025-11-21;5;281
12;2025-11-21;6;1297
12;2025-11-21;7;2680
12;2025-11-21;8;3464
12;2025-11-21;9;2396
12;2025-11-21;10;1995
12;2025-11-21;11;2005
12;2025-11-21;12;2039
12;2025-11-21;13;2124
12;2025-11-21;14;2118
12;2025-11-21;15;2395
12;2025-11-21;16;2946
12;2025-11-21;17;3024
12;2025-11-21;18;2675
12;2025-11-21;19;2225
12;2025-11-21;20;1410
12;2025-11-21;21;911
12;2025-11-21;22;500
12;2025-11-21;23;275
12;2025-11-22;0;75
12;2025-11-22;1;4
12;2025-11-22;2;0
12;2025-11-22;3;0
12;2025-11-22;4;7
12;2025-11-22;5;202
12;2025-11-22;6;746
12;2025-11-22;7;818
12;2025-11-22;8;893
12;2025-11-22;9;1065
12;2025-11-22;10;1346
12;2025-11-22;11;1481
12;2025-11-22;12;1447
12;2025-11-22;13;1677
12;2025-11-22;14;1607
12;2025-11-22;15;1495
12;2025-11-22;16;1567
12;2025-11-22;17;1488
12;2025-11-22;18;1392
12;2025-11-22;19;1334
12;2025-11-22;20;889
12;2025-11-22;21;619
12;2025-11-22;22;391
12;2025-11-22;23;240
12;2025-11-23;0;79
12;2025-11-23;1;4
12;2025-11-23;2;0
12;2025-11-23;3;0
12;2025-11-23;4;1
12;2025-11-23;5;140
12;2025-11-23;6;470
12;2025-11-23;7;558
12;2025-11-23;8;654
12;2025-11-23;9;843
12;2025-11-23;10;1104
12;2025-11-23;11;1291
12;2025-11-23;12;1382
12;2025-11-23;13;1569
12;2025-11-23;14;1522
12;2025-11-23;15;1385
12;2025-11-23;16;1480
12;2025-11-23;17;1466
12;2025-11-23;18;1207
12;2025-11-23;19;941
12;2025-11-23;20;717
12;2025-11-23;21;552
12;2025-11-23;22;350
12;2025-11-23;23;188
12;2025-11-24;0;63
12;2025-11-24;1;4
12;2025-11-24;2;0
12;2025-11-24;3;0
12;2025-11-24;4;7
12;2025-11-24;5;306
12;2025-11-24;6;1318
12;2025-11-24;7;2649
12;2025-11-24;8;3459
12;2025-11-24;9;2396
12;2025-11-24;10;1959
12;2025-11-24;11;1865
12;2025-11-24;12;2010
12;2025-11-24;13;1984
12;2025-11-24;14;1924
12;2025-11-24;15;2149
12;2025-11-24;16;2631
12;2025-11-24;17;2978
12;2025-11-24;18;3173
12;2025-11-24;19;2419
12;2025-11-24;20;1516
12;2025-11-24;21;876
12;2025-11-24;22;457
12;2025-11-24;23;219
12;2025-11-25;0;44
12;2025-11-25;1;1
12;2025-11-25;2;1
12;2025-11-25;3;0
12;2025-11-25;4;7
12;2025-11-25;5;328
12;2025-11-25;6;1378
12;2025-11-25;7;2716
12;2025-11-25;8;3617
12;2025-11-25;9;2487
12;2025-11-25;10;2096
12;2025-11-25;11;2034
12;2025-11-25;12;2118
12;2025-11-25;13;2088
12;2025-11-25;14;2024
12;2025-11-25;15;2237
12;2025-11-25;16;2682
12;2025-11-25;17;3064
12;2025-11-25;18;3254
12;2025-11-25;19;2467
12;2025-11-25;20;1508
12;2025-11-25;21;865
12;2025-11-25;22;483
12;2025-11-25;23;230
12;2025-11-26;0;57
12;2025-11-26;1;3
12;2025-11-26;2;0
12;2025-11-26;3;0
12;2025-11-26;4;10
12;2025-11-26;5;301
12;2025-11-26;6;1375
12;2025-11-26;7;2598
12;2025-11-26;8;3384
12;2025-11-26;9;2441
12;2025-11-26;10;2080
12;2025-11-26;11;1951
12;2025-11-26;12;2039
12;2025-11-26;13;1980
12;2025-11-26;14;1992
12;2025-11-26;15;2190
12;2025-11-26;16;2633
12;2025-11-26;17;2926
12;2025-11-26;18;3083
12;2025-11-26;19;2402
12;2025-11-26;20;1480
12;2025-11-26;21;878
12;2025-11-26;22;473
12;2025-11-26;23;236
12;2025-11-27;0;51
12;2025-11-27;1;3
12;2025-11-27;2;0
12;2025-11-27;3;0
12;2025-11-27;4;7
12;2025-11-27;5;300
12;2025-11-27;6;1313
12;2025-11-27;7;2584
12;2025-11-27;8;3431
12;2025-11-27;9;2346
12;2025-11-27;10;1974
12;2025-11-27;11;1971
12;2025-11-27;12;2011
12;2025-11-27;13;1997
12;2025-11-27;14;1990
12;2025-11-27;15;2199
12;2025-11-27;16;2614
12;2025-11-27;17;2932
12;2025-11-27;18;3146
12;2025-11-27;19;2372
12;2025-11-27;20;1524
12;2025-11-27;21;859
12;2025-11-27;22;462
12;2025-11-27;23;245
12;2025-11-28;0;56
12;2025-11-28;1;3
12;2025-11-28;2;0
12;2025-11-28;3;0
12;2025-11-28;4;9
12;2025-11-28;5;290
12;2025-11-28;6;1268
12;2025-11-28;7;2486
12;2025-11-28;8;3276
12;2025-11-28;9;2280
12;2025-11-28;10;1929
12;2025-11-28;11;1943
12;2025-11-28;12;1966
12;2025-11-28;13;2020
12;2025-11-28;14;2004
12;2025-11-28;15;2269
12;2025-11-28;16;2771
12;2025-11-28;17;2850
12;2025-11-28;18;2508
12;2025-11-28;19;2119
12;2025-11-28;20;1380
12;2025-11-28;21;906
12;2025-11-28;22;487
12;2025-11-28;23;276
12;2025-11-29;0;65
12;2025-11-29;1;4
12;2025-11-29;2;0
12;2025-11-29;3;0
12;2025-11-29;4;4
12;2025-11-29;5;187
12;2025-11-29;6;677
12;2025-11-29;7;750
12;2025-11-29;8;844
12;2025-11-29;9;1010
12;2025-11-29;10;1272
12;2025-11-29;11;1397
12;2025-11-29;12;1382
12;2025-11-29;13;1552
12;2025-11-29;14;1473
12;2025-11-29;15;1404
12;2025-11-29;16;1453
12;2025-11-29;17;1365
12;2025-11-29;18;1287
12;2025-11-29;19;1242
12;2025-11-29;20;821
12;2025-11-29;21;590
12;2025-11-29;22;363
12;2025-11-29;23;220
12;2025-11-30;0;67
12;2025-11-30;1;4
12;2025-11-30;2;0
12;2025-11-30;3;0
12;2025-11-30;4;3
12;2025-11-30;5;120
12;2025-11-30;6;419
12;2025-11-30;7;509
12;2025-11-30;8;610
12;2025-11-30;9;780
12;2025-11-30;10;1034
12;2025-11-30;11;1221
12;2025-11-30;12;1289
12;2025-11-30;13;1412
12;2025-11-30;14;1378
12;2025-11-30;15;1288
12;2025-11-30;16;1345
12;2025-11-30;17;1326
12;2025-11-30;18;1130
12;2025-11-30;19;865
12;2025-11-30;20;655
12;2025-11-30;21;513
12;2025-11-30;22;329
12;2025-11-30;23;179
12;2025-12-01;0;62
12;2025-12-01;1;4
12;2025-12-01;2;0
12;2025-12-01;3;0
12;2025-12-01;4;8
12;2025-12-01;5;293
12;2025-12-01;6;1263
12;2025-12-01;7;2356
12;2025-12-01;8;3279
12;2025-12-01;9;2171
12;2025-12-01;10;1777
12;2025-12-01;11;1739
12;2025-12-01;12;1841
12;2025-12-01;13;1827
12;2025-12-01;14;1814
12;2025-12-01;15;1990
12;2025-12-01;16;2364
12;2025-12-01;17;2795
12;2025-12-01;18;2951
12;2025-12-01;19;2183
12;2025-12-01;20;1403
12;2025-12-01;21;792
12;2025-12-01;22;398
12;2025-12-01;23;203
12;2025-12-02;0;48
12;2025-12-02;1;1
12;2025-12-02;2;0
12;2025-12-02;3;0
12;2025-12-02;4;5
12;2025-12-02;5;306
12;2025-12-02;6;1293
12;2025-12-02;7;2468
12;2025-12-02;8;3479
12;2025-12-02;9;2249
12;2025-12-02;10;1886
12;2025-12-02;11;1833
12;2025-12-02;12;1927
12;2025-12-02;13;1920
12;2025-12-02;14;1849
12;2025-12-02;15;2037
12;2025-12-02;16;2439
12;2025-12-02;17;2892
12;2025-12-02;18;3062
12;2025-12-02;19;2251
12;2025-12-02;20;1411
12;2025-12-02;21;791
12;2025-12-02;22;416
12;2025-12-02;23;212
12;2025-12-03;0;58
12;2025-12-03;1;3
12;2025-12-03;2;0
12;2025-12-03;3;0
12;2025-12-03;4;6
12;2025-12-03;5;285
12;2025-12-03;6;1334
12;2025-12-03;7;2428
12;2025-12-03;8;3290
12;2025-12-03;9;2290
12;2025-12-03;10;1948
12;2025-12-03;11;1842
12;2025-12-03;12;1966
12;2025-12-03;13;1901
12;2025-12-03;14;1907
12;2025-12-03;15;2099
12;2025-12-03;16;2522
12;2025-12-03;17;2851
12;2025-12-03;18;2968
12;2025-12-03;19;2259
12;2025-12-03;20;1425
12;2025-12-03;21;828
12;2025-12-03;22;426
12;2025-12-03;23;220
12;2025-12-04;0;56
12;2025-12-04;1;3
12;2025-12-04;2;0
12;2025-12-04;3;0
12;2025-12-04;4;7
12;2025-12-04;5;281
12;2025-12-04;6;1293
12;2025-12-04;7;2424
12;2025-12-04;8;3338
12;2025-12-04;9;2193
12;2025-12-04;10;1856
12;2025-12-04;11;1855
12;2025-12-04;12;1912
12;2025-12-04;13;1908
12;2025-12-04;14;1893
12;2025-12-04;15;2058
12;2025-12-04;16;2477
12;2025-12-04;17;2863
12;2025-12-04;18;3039
12;2025-12-04;19;2278
12;2025-12-04;20;1480
12;2025-12-04;21;826
12;2025-12-04;22;441
12;2025-12-04;23;243
12;2025-12-05;0;60
12;2025-12-05;1;4
12;2025-12-05;2;0
12;2025-12-05;3;0
12;2025-12-05;4;7
12;2025-12-05;5;270
12;2025-12-05;6;1269
12;2025-12-05;7;2382
12;2025-12-05;8;3241
12;2025-12-05;9;2164
12;2025-12-05;10;1826
12;2025-12-05;11;1843
12;2025-12-05;12;1901
12;2025-12-05;13;1933
12;2025-12-05;14;1925
12;2025-12-05;15;2167
12;2025-12-05;16;2711
12;2025-12-05;17;2808
12;2025-12-05;18;2403
12;2025-12-05;19;2035
12;2025-12-05;20;1363
12;2025-12-05;21;856
12;2025-12-05;22;445
12;2025-12-05;23;262
12;2025-12-06;0;68
12;2025-12-06;1;6
12;2025-12-06;2;0
12;2025-12-06;3;0
12;2025-12-06;4;6
12;2025-12-06;5;191
12;2025-12-06;6;678
12;2025-12-06;7;744
12;2025-12-06;8;855
12;2025-12-06;9;1017
12;2025-12-06;10;1281
12;2025-12-06;11;1405
12;2025-12-06;12;1400
12;2025-12-06;13;1566
12;2025-12-06;14;1490
12;2025-12-06;15;1424
12;2025-12-06;16;1470
12;2025-12-06;17;1386
12;2025-12-06;18;1304
12;2025-12-06;19;1258
12;2025-12-06;20;830
12;2025-12-06;21;570
12;2025-12-06;22;373
12;2025-12-06;23;231
12;2025-12-07;0;71
12;2025-12-07;1;5
12;2025-12-07;2;0
12;2025-12-07;3;0
12;2025-12-07;4;2
12;2025-12-07;5;118
12;2025-12-07;6;412
12;2025-12-07;7;483
12;2025-12-07;8;588
12;2025-12-07;9;752
12;2025-12-07;10;1004
12;2025-12-07;11;1208
12;2025-12-07;12;1291
12;2025-12-07;13;1424
12;2025-12-07;14;1389
12;2025-12-07;15;1309
12;2025-12-07;16;1363
12;2025-12-07;17;1344
12;2025-12-07;18;1141
12;2025-12-07;19;870
12;2025-12-07;20;654
12;2025-12-07;21;504
12;2025-12-07;22;338
12;2025-12-07;23;181
12;2025-12-08;0;62
12;2025-12-08;1;3
12;2025-12-08;2;0
12;2025-12-08;3;0
12;2025-12-08;4;6
12;2025-12-08;5;284
12;2025-12-08;6;1258
12;2025-12-08;7;2382
12;2025-12-08;8;3309
12;2025-12-08;9;2209
12;2025-12-08;10;1785
12;2025-12-08;11;1756
12;2025-12-08;12;1872
12;2025-12-08;13;1849
12;2025-12-08;14;1815
12;2025-12-08;15;2022
12;2025-12-08;16;2424
12;2025-12-08;17;2836
12;2025-12-08;18;2991
12;2025-12-08;19;2230
12;2025-12-08;20;1404
12;2025-12-08;21;779
12;2025-12-08;22;400
12;2025-12-08;23;208
12;2025-12-09;0;50
12;2025-12-09;1;2
12;2025-12-09;2;0
12;2025-12-09;3;0
12;2025-12-09;4;6
12;2025-12-09;5;293
12;2025-12-09;6;1250
12;2025-12-09;7;2485
12;2025-12-09;8;3514
12;2025-12-09;9;2271
12;2025-12-09;10;1875
12;2025-12-09;11;1831
12;2025-12-09;12;1928
12;2025-12-09;13;1916
12;2025-12-09;14;1855
12;2025-12-09;15;2064
12;2025-12-09;16;2500
12;2025-12-09;17;2956
12;2025-12-09;18;3105
12;2025-12-09;19;2291
12;2025-12-09;20;1384
12;2025-12-09;21;745
12;2025-12-09;22;397
12;2025-12-09;23;204
12;2025-12-10;0;11
12;2025-12-10;1;0
12;2025-12-10;2;0
12;2025-12-10;3;0
12;2025-12-10;4;0
12;2025-12-10;5;218
12;2025-12-10;6;1161
12;2025-12-10;7;2332
12;2025-12-10;8;3232
12;2025-12-10;9;2183
12;2025-12-10;10;1787
12;2025-12-10;11;1680
12;2025-12-10;12;1809
12;2025-12-10;13;1747
12;2025-12-10;14;1768
12;2025-12-10;15;1962
12;2025-12-10;16;2446
12;2025-12-10;17;2767
12;2025-12-10;18;2906
12;2025-12-10;19;2179
12;2025-12-10;20;1276
12;2025-12-10;21;673
12;2025-12-10;22;338
12;2025-12-10;23;159
12;2025-12-11;0;0
12;2025-12-11;1;0
12;2025-12-11;2;0
12;2025-12-11;3;0
12;2025-12-11;4;0
12;2025-12-11;5;220
12;2025-12-11;6;1138
12;2025-12-11;7;2353
12;2025-12-11;8;3256
12;2025-12-11;9;2081
12;2025-12-11;10;1703
12;2025-12-11;11;1721
12;2025-12-11;12;1793
12;2025-12-11;13;1788
12;2025-12-11;14;1789
12;2025-12-11;15;1965
12;2025-12-11;16;2421
12;2025-12-11;17;2760
12;2025-12-11;18;2957
12;2025-12-11;19;2161
12;2025-12-11;20;1321
12;2025-12-11;21;664
12;2025-12-11;22;352
12;2025-12-11;23;184
12;2025-12-12;0;12
12;2025-12-12;1;0
12;2025-12-12;2;0
12;2025-12-12;3;0
12;2025-12-12;4;0
12;2025-12-12;5;212
12;2025-12-12;6;1076
12;2025-12-12;7;2334
12;2025-12-12;8;3213
12;2025-12-12;9;2035
12;2025-12-12;10;1651
12;2025-12-12;11;1683
12;2025-12-12;12;1733
12;2025-12-12;13;1767
12;2025-12-12;14;1776
12;2025-12-12;15;2040
12;2025-12-12;16;2653
12;2025-12-12;17;2768
12;2025-12-12;18;2356
12;2025-12-12;19;1942
12;2025-12-12;20;1201
12;2025-12-12;21;713
12;2025-12-12;22;370
12;2025-12-12;23;197
12;2025-12-13;0;17
12;2025-12-13;1;0
12;2025-12-13;2;0
12;2025-12-13;3;0
12;2025-12-13;4;0
12;2025-12-13;5;139
12;2025-12-13;6;529
12;2025-12-13;7;585
12;2025-12-13;8;678
12;2025-12-13;9;840
12;2025-12-13;10;1123
12;2025-12-13;11;1264
12;2025-12-13;12;1248
12;2025-12-13;13;1444
12;2025-12-13;14;1354
12;2025-12-13;15;1286
12;2025-12-13;16;1340
12;2025-12-13;17;1256
12;2025-12-13;18;1178
12;2025-12-13;19;1151
12;2025-12-13;20;692
12;2025-12-13;21;470
12;2025-12-13;22;309
12;2025-12-13;23;176
12;2025-12-14;0;20
12;2025-12-14;1;0
12;2025-12-14;2;0
12;2025-12-14;3;0
12;2025-12-14;4;0
12;2025-12-14;5;63
12;2025-12-14;6;316
12;2025-12-14;7;377
12;2025-12-14;8;456
12;2025-12-14;9;595
12;2025-12-14;10;849
12;2025-12-14;11;1047
12;2025-12-14;12;1151
12;2025-12-14;13;1294
12;2025-12-14;14;1261
12;2025-12-14;15;1176
12;2025-12-14;16;1239
12;2025-12-14;17;1213
12;2025-12-14;18;1013
12;2025-12-14;19;737
12;2025-12-14;20;528
12;2025-12-14;21;404
12;2025-12-14;22;262
12;2025-12-14;23;120
12;2025-12-15;0;0
12;2025-12-15;1;0
12;2025-12-15;2;0
12;2025-12-15;3;0
12;2025-12-15;4;0
12;2025-12-15;5;212
12;2025-12-15;6;1089
12;2025-12-15;7;2291
12;2025-12-15;8;3224
12;2025-12-15;9;2086
12;2025-12-15;10;1651
12;2025-12-15;11;1610
12;2025-12-15;12;1738
12;2025-12-15;13;1729
12;2025-12-15;14;1667
12;2025-12-15;15;1906
12;2025-12-15;16;2355
12;2025-12-15;17;2757
12;2025-12-15;18;2933
12;2025-12-15;19;2141
12;2025-12-15;20;1269
12;2025-12-15;21;641
12;2025-12-15;22;311
12;2025-12-15;23;135
12;2025-12-16;0;0
12;2025-12-16;1;0
12;2025-12-16;2;0
12;2025-12-16;3;0
12;2025-12-16;4;0
12;2025-12-16;5;229
12;2025-12-16;6;1127
12;2025-12-16;7;2405
12;2025-12-16;8;3416
12;2025-12-16;9;2168
12;2025-12-16;10;1759
12;2025-12-16;11;1708
12;2025-12-16;12;1787
12;2025-12-16;13;1800
12;2025-12-16;14;1735
12;2025-12-16;15;1966
12;2025-12-16;16;2436
12;2025-12-16;17;2880
12;2025-12-16;18;3057
12;2025-12-16;19;2207
12;2025-12-16;20;1278
12;2025-12-16;21;646
12;2025-12-16;22;333
12;2025-12-16;23;149
12;2025-12-17;0;0
12;2025-12-17;1;0
12;2025-12-17;2;0
12;2025-12-17;3;0
12;2025-12-17;4;0
12;2025-12-17;5;210
12;2025-12-17;6;1145
12;2025-12-17;7;2319
12;2025-12-17;8;3212
12;2025-12-17;9;2173
12;2025-12-17;10;1763
12;2025-12-17;11;1670
12;2025-12-17;12;1797
12;2025-12-17;13;1748
12;2025-12-17;14;1754
12;2025-12-17;15;1951
12;2025-12-17;16;2441
12;2025-12-17;17;2771
12;2025-12-17;18;2900
12;2025-12-17;19;2166
12;2025-12-17;20;1269
12;2025-12-17;21;668
12;2025-12-17;22;342
12;2025-12-17;23;157
12;2025-12-18;0;0
12;2025-12-18;1;0
12;2025-12-18;2;0
12;2025-12-18;3;0
12;2025-12-18;4;0
12;2025-12-18;5;208
12;2025-12-18;6;1097
12;2025-12-18;7;2338
12;2025-12-18;8;3273
12;2025-12-18;9;2053
12;2025-12-18;10;1674
12;2025-12-18;11;1690
12;2025-12-18;12;1763
12;2025-12-18;13;1759
12;2025-12-18;14;1743
12;2025-12-18;15;1948
12;2025-12-18;16;2422
12;2025-12-18;17;2799
12;2025-12-18;18;2976
12;2025-12-18;19;2172
12;2025-12-18;20;1303
12;2025-12-18;21;655
12;2025-12-18;22;338
12;2025-12-18;23;171
12;2025-12-19;0;4
12;2025-12-19;1;0
12;2025-12-19;2;0
12;2025-12-19;3;0
12;2025-12-19;4;0
12;2025-12-19;5;198
12;2025-12-19;6;1067
12;2025-12-19;7;2305
12;2025-12-19;8;3182
12;2025-12-19;9;2022
12;2025-12-19;10;1633
12;2025-12-19;11;1658
12;2025-12-19;12;1742
12;2025-12-19;13;1785
12;2025-12-19;14;1778
12;2025-12-19;15;2036
12;2025-12-19;16;2636
12;2025-12-19;17;2737
12;2025-12-19;18;2305
12;2025-12-19;19;1895
12;2025-12-19;20;1175
12;2025-12-19;21;679
12;2025-12-19;22;346
12;2025-12-19;23;188
12;2025-12-20;0;3
12;2025-12-20;1;0
12;2025-12-20;2;0
12;2025-12-20;3;0
12;2025-12-20;4;0
12;2025-12-20;5;117
12;2025-12-20;6;504
12;2025-12-20;7;573
12;2025-12-20;8;653
12;2025-12-20;9;811
12;2025-12-20;10;1082
12;2025-12-20;11;1222
12;2025-12-20;12;1197
12;2025-12-20;13;1392
12;2025-12-20;14;1314
12;2025-12-20;15;1245
12;2025-12-20;16;1298
12;2025-12-20;17;1218
12;2025-12-20;18;1143
12;2025-12-20;19;1095
12;2025-12-20;20;667
12;2025-12-20;21;460
12;2025-12-20;22;292
12;2025-12-20;23;160
12;2025-12-21;0;16
12;2025-12-21;1;0
12;2025-12-21;2;0
12;2025-12-21;3;0
12;2025-12-21;4;0
12;2025-12-21;5;47
12;2025-12-21;6;306
12;2025-12-21;7;373
12;2025-12-21;8;446
12;2025-12-21;9;579
12;2025-12-21;10;830
12;2025-12-21;11;1034
12;2025-12-21;12;1120
12;2025-12-21;13;1250
12;2025-12-21;14;1215
12;2025-12-21;15;1138
12;2025-12-21;16;1200
12;2025-12-21;17;1176
12;2025-12-21;18;988
12;2025-12-21;19;709
12;2025-12-21;20;512
12;2025-12-21;21;399
12;2025-12-21;22;261
12;2025-12-21;23;121
12;2025-12-22;0;2
12;2025-12-22;1;0
12;2025-12-22;2;0
12;2025-12-22;3;0
12;2025-12-22;4;0
12;2025-12-22;5;218
12;2025-12-22;6;1108
12;2025-12-22;7;2286
12;2025-12-22;8;3237
12;2025-12-22;9;2079
12;2025-12-22;10;1641
12;2025-12-22;11;1606
12;2025-12-22;12;1758
12;2025-12-22;13;1735
12;2025-12-22;14;1690
12;2025-12-22;15;1929
12;2025-12-22;16;2364
12;2025-12-22;17;2775
12;2025-12-22;18;2929
12;2025-12-22;19;2149
12;2025-12-22;20;1298
12;2025-12-22;21;680
12;2025-12-22;22;334
12;2025-12-22;23;150
12;2025-12-23;0;0
12;2025-12-23;1;0
12;2025-12-23;2;0
12;2025-12-23;3;0
12;2025-12-23;4;0
12;2025-12-23;5;260
12;2025-12-23;6;1155
12;2025-12-23;7;2398
12;2025-12-23;8;3422
12;2025-12-23;9;2200
12;2025-12-23;10;1791
12;2025-12-23;11;1752
12;2025-12-23;12;1848
12;2025-12-23;13;1838
12;2025-12-23;14;1758
12;2025-12-23;15;1973
12;2025-12-23;16;2415
12;2025-12-23;17;2859
12;2025-12-23;18;3013
12;2025-12-23;19;2186
12;2025-12-23;20;1281
12;2025-12-23;21;641
12;2025-12-23;22;334
12;2025-12-23;23;147
12;2025-12-24;0;0
12;2025-12-24;1;0
12;2025-12-24;2;0
12;2025-12-24;3;0
12;2025-12-24;4;0
12;2025-12-24;5;217
12;2025-12-24;6;1155
12;2025-12-24;7;2291
12;2025-12-24;8;3190
12;2025-12-24;9;2164
12;2025-12-24;10;1770
12;2025-12-24;11;1678
12;2025-12-24;12;1799
12;2025-12-24;13;1752
12;2025-12-24;14;1753
12;2025-12-24;15;1962
12;2025-12-24;16;2445
12;2025-12-24;17;2762
12;2025-12-24;18;2881
12;2025-12-24;19;2161
12;2025-12-24;20;1264
12;2025-12-24;21;628
12;2025-12-24;22;325
12;2025-12-24;23;145
12;2025-12-25;0;0
12;2025-12-25;1;0
12;2025-12-25;2;0
12;2025-12-25;3;0
12;2025-12-25;4;0
12;2025-12-25;5;193
12;2025-12-25;6;1076
12;2025-12-25;7;2276
12;2025-12-25;8;3198
12;2025-12-25;9;2038
12;2025-12-25;10;1665
12;2025-12-25;11;1668
12;2025-12-25;12;1758
12;2025-12-25;13;1749
12;2025-12-25;14;1739
12;2025-12-25;15;1928
12;2025-12-25;16;2392
12;2025-12-25;17;2767
12;2025-12-25;18;2908
12;2025-12-25;19;2160
12;2025-12-25;20;1283
12;2025-12-25;21;650
12;2025-12-25;22;336
12;2025-12-25;23;171
12;2025-12-26;0;5
12;2025-12-26;1;0
12;2025-12-26;2;0
12;2025-12-26;3;0
12;2025-12-26;4;0
12;2025-12-26;5;190
12;2025-12-26;6;1076
12;2025-12-26;7;2224
12;2025-12-26;8;3107
12;2025-12-26;9;2027
12;2025-12-26;10;1635
12;2025-12-26;11;1650
12;2025-12-26;12;1717
12;2025-12-26;13;1787
12;2025-12-26;14;1786
12;2025-12-26;15;2047
12;2025-12-26;16;2640
12;2025-12-26;17;2718
12;2025-12-26;18;2287
12;2025-12-26;19;1881
12;2025-12-26;20;1167
12;2025-12-26;21;689
12;2025-12-26;22;352
12;2025-12-26;23;194
12;2025-12-27;0;10
12;2025-12-27;1;0
12;2025-12-27;2;0
12;2025-12-27;3;0
12;2025-12-27;4;0
12;2025-12-27;5;117
12;2025-12-27;6;509
12;2025-12-27;7;585
12;2025-12-27;8;669
12;2025-12-27;9;797
12;2025-12-27;10;1086
12;2025-12-27;11;1207
12;2025-12-27;12;1192
12;2025-12-27;13;1387
12;2025-12-27;14;1291
12;2025-12-27;15;1223
12;2025-12-27;16;1283
12;2025-12-27;17;1194
12;2025-12-27;18;1123
12;2025-12-27;19;1096
12;2025-12-27;20;644
12;2025-12-27;21;435
12;2025-12-27;22;291
12;2025-12-27;23;160
12;2025-12-28;0;3
12;2025-12-28;1;0
12;2025-12-28;2;0
12;2025-12-28;3;0
12;2025-12-28;4;0
12;2025-12-28;5;36
12;2025-12-28;6;301
12;2025-12-28;7;339
12;2025-12-28;8;416
12;2025-12-28;9;561
12;2025-12-28;10;837
12;2025-12-28;11;1009
12;2025-12-28;12;1100
12;2025-12-28;13;1241
12;2025-12-28;14;1193
12;2025-12-28;15;1117
12;2025-12-28;16;1196
12;2025-12-28;17;1164
12;2025-12-28;18;989
12;2025-12-28;19;705
12;2025-12-28;20;487
12;2025-12-28;21;377
12;2025-12-28;22;254
12;2025-12-28;23;115
12;2025-12-29;0;0
12;2025-12-29;1;0
12;2025-12-29;2;0
12;2025-12-29;3;0
12;2025-12-29;4;0
12;2025-12-29;5;200
12;2025-12-29;6;1064
12;2025-12-29;7;2215
12;2025-12-29;8;3089
12;2025-12-29;9;2031
12;2025-12-29;10;1633
12;2025-12-29;11;1573
12;2025-12-29;12;1712
12;2025-12-29;13;1691
12;2025-12-29;14;1622
12;2025-12-29;15;1875
12;2025-12-29;16;2302
12;2025-12-29;17;2700
12;2025-12-29;18;2819
12;2025-12-29;19;2088
12;2025-12-29;20;1230
12;2025-12-29;21;610
12;2025-12-29;22;306
12;2025-12-29;23;138
12;2025-12-30;0;0
12;2025-12-30;1;0
12;2025-12-30;2;0
12;2025-12-30;3;0
12;2025-12-30;4;0
12;2025-12-30;5;214
12;2025-12-30;6;1082
12;2025-12-30;7;2308
12;2025-12-30;8;3193
12;2025-12-30;9;2092
12;2025-12-30;10;1704
12;2025-12-30;11;1658
12;2025-12-30;12;1765
12;2025-12-30;13;1781
12;2025-12-30;14;1696
12;2025-12-30;15;1929
12;2025-12-30;16;2378
12;2025-12-30;17;2769
12;2025-12-30;18;2859
12;2025-12-30;19;2100
12;2025-12-30;20;1220
12;2025-12-30;21;605
12;2025-12-30;22;319
12;2025-12-30;23;142
12;2025-12-31;0;0
12;2025-12-31;1;0
12;2025-12-31;2;0
12;2025-12-31;3;0
12;2025-12-31;4;0
12;2025-12-31;5;112
12;2025-12-31;6;298
12;2025-12-31;7;476
12;2025-12-31;8;668
12;2025-12-31;9;497
12;2025-12-31;10;607
12;2025-12-31;11;665
12;2025-12-31;12;860
12;2025-12-31;13;960
12;2025-12-31;14;943
12;2025-12-31;15;967
12;2025-12-31;16;1082
12;2025-12-31;17;987
12;2025-12-31;18;921
12;2025-12-31;19;788
12;2025-12-31;20;584
12;2025-12-31;21;398
12;2025-12-31;22;238
12;2025-12-31;23;120
17;2025-11-01;0;188
17;2025-11-01;1;25
17;2025-11-01;2;0
17;2025-11-01;3;0
17;2025-11-01;4;11
17;2025-11-01;5;126
17;2025-11-01;6;543
17;2025-11-01;7;1099
17;2025-11-01;8;1611
17;2025-11-01;9;2083
17;2025-11-01;10;2382
17;2025-11-01;11;2839
17;2025-11-01;12;3145
17;2025-11-01;13;3404
17;2025-11-01;14;3489
17;2025-11-01;15;3490
17;2025-11-01;16;3505
17;2025-11-01;17;3345
17;2025-11-01;18;2849
17;2025-11-01;19;2356
17;2025-11-01;20;1848
17;2025-11-01;21;1341
17;2025-11-01;22;815
17;2025-11-01;23;424
17;2025-11-02;0;175
17;2025-11-02;1;28
17;2025-11-02;2;0
17;2025-11-02;3;1
17;2025-11-02;4;2
17;2025-11-02;5;96
17;2025-11-02;6;368
17;2025-11-02;7;680
17;2025-11-02;8;1025
17;2025-11-02;9;1439
17;2025-11-02;10;1601
17;2025-11-02;11;1984
17;2025-11-02;12;2400
17;2025-11-02;13;2605
17;2025-11-02;14;2718
17;2025-11-02;15;2678
17;2025-11-02;16;2669
17;2025-11-02;17;2548
17;2025-11-02;18;2180
17;2025-11-02;19;1841
17;2025-11-02;20;1478
17;2025-11-02;21;1017
17;2025-11-02;22;694
17;2025-11-02;23;304
17;2025-11-03;0;114
17;2025-11-03;1;13
17;2025-11-03;2;0
17;2025-11-03;3;0
17;2025-11-03;4;14
17;2025-11-03;5;210
17;2025-11-03;6;639
17;2025-11-03;7;1962
17;2025-11-03;8;3192
17;2025-11-03;9;1988
17;2025-11-03;10;1939
17;2025-11-03;11;2159
17;2025-11-03;12;2238
17;2025-11-03;13;2166
17;2025-11-03;14;2286
17;2025-11-03;15;2236
17;2025-11-03;16;2173
17;2025-11-03;17;2776
17;2025-11-03;18;3149
17;2025-11-03;19;2208
17;2025-11-03;20;1758
17;2025-11-03;21;1160
17;2025-11-03;22;735
17;2025-11-03;23;322
17;2025-11-04;0;123
17;2025-11-04;1;12
17;2025-11-04;2;1
17;2025-11-04;3;0
17;2025-11-04;4;23
17;2025-11-04;5;209
17;2025-11-04;6;655
17;2025-11-04;7;2111
17;2025-11-04;8;3107
17;2025-11-04;9;2020
17;2025-11-04;10;1809
17;2025-11-04;11;1989
17;2025-11-04;12;2093
17;2025-11-04;13;2118
17;2025-11-04;14;2506
17;2025-11-04;15;2413
17;2025-11-04;16;2224
17;2025-11-04;17;2899
17;2025-11-04;18;3206
17;2025-11-04;19;2200
17;2025-11-04;20;1798
17;2025-11-04;21;1232
17;2025-11-04;22;769
17;2025-11-04;23;345
17;2025-11-05;0;127
17;2025-11-05;1;13
17;2025-11-05;2;0
17;2025-11-05;3;0
17;2025-11-05;4;29
17;2025-11-05;5;300
17;2025-11-05;6;1425
17;2025-11-05;7;3781
17;2025-11-05;8;4976
17;2025-11-05;9;3541
17;2025-11-05;10;2881
17;2025-11-05;11;2851
17;2025-11-05;12;2913
17;2025-11-05;13;2993
17;2025-11-05;14;3090
17;2025-11-05;15;3272
17;2025-11-05;16;3464
17;2025-11-05;17;4176
17;2025-11-05;18;4622
17;2025-11-05;19;3298
17;2025-11-05;20;2273
17;2025-11-05;21;1426
17;2025-11-05;22;825
17;2025-11-05;23;347
17;2025-11-06;0;128
17;2025-11-06;1;7
17;2025-11-06;2;0
17;2025-11-06;3;0
17;2025-11-06;4;23
17;2025-11-06;5;293
17;2025-11-06;6;1441
17;2025-11-06;7;3793
17;2025-11-06;8;5043
17;2025-11-06;9;3572
17;2025-11-06;10;2882
17;2025-11-06;11;2738
17;2025-11-06;12;2964
17;2025-11-06;13;3001
17;2025-11-06;14;3058
17;2025-11-06;15;3239
17;2025-11-06;16;3551
17;2025-11-06;17;4257
17;2025-11-06;18;4749
17;2025-11-06;19;3391
17;2025-11-06;20;2246
17;2025-11-06;21;1450
17;2025-11-06;22;842
17;2025-11-06;23;363
17;2025-11-07;0;139
17;2025-11-07;1;11
17;2025-11-07;2;0
17;2025-11-07;3;0
17;2025-11-07;4;22
17;2025-11-07;5;279
17;2025-11-07;6;1406
17;2025-11-07;7;3846
17;2025-11-07;8;5023
17;2025-11-07;9;3505
17;2025-11-07;10;2832
17;2025-11-07;11;2879
17;2025-11-07;12;2910
17;2025-11-07;13;3018
17;2025-11-07;14;3160
17;2025-11-07;15;3417
17;2025-11-07;16;3999
17;2025-11-07;17;4398
17;2025-11-07;18;4228
17;2025-11-07;19;3155
17;2025-11-07;20;2272
17;2025-11-07;21;1494
17;2025-11-07;22;875
17;2025-11-07;23;435
17;2025-11-08;0;189
17;2025-11-08;1;26
17;2025-11-08;2;0
17;2025-11-08;3;0
17;2025-11-08;4;3
17;2025-11-08;5;133
17;2025-11-08;6;541
17;2025-11-08;7;1097
17;2025-11-08;8;1614
17;2025-11-08;9;2046
17;2025-11-08;10;2297
17;2025-11-08;11;2738
17;2025-11-08;12;3061
17;2025-11-08;13;3294
17;2025-11-08;14;3315
17;2025-11-08;15;3372
17;2025-11-08;16;3371
17;2025-11-08;17;3238
17;2025-11-08;18;2877
17;2025-11-08;19;2368
17;2025-11-08;20;1876
17;2025-11-08;21;1317
17;2025-11-08;22;857
17;2025-11-08;23;404
17;2025-11-09;0;172
17;2025-11-09;1;27
17;2025-11-09;2;0
17;2025-11-09;3;0
17;2025-11-09;4;2
17;2025-11-09;5;104
17;2025-11-09;6;396
17;2025-11-09;7;754
17;2025-11-09;8;1147
17;2025-11-09;9;1595
17;2025-11-09;10;1826
17;2025-11-09;11;2331
17;2025-11-09;12;2687
17;2025-11-09;13;2933
17;2025-11-09;14;3024
17;2025-11-09;15;3027
17;2025-11-09;16;2976
17;2025-11-09;17;2855
17;2025-11-09;18;2517
17;2025-11-09;19;2014
17;2025-11-09;20;1515
17;2025-11-09;21;1096
17;2025-11-09;22;692
17;2025-11-09;23;286
17;2025-11-10;0;97
17;2025-11-10;1;9
17;2025-11-10;2;0
17;2025-11-10;3;0
17;2025-11-10;4;22
17;2025-11-10;5;286
17;2025-11-10;6;1431
17;2025-11-10;7;3903
17;2025-11-10;8;5122
17;2025-11-10;9;3666
17;2025-11-10;10;2767
17;2025-11-10;11;2710
17;2025-11-10;12;2779
17;2025-11-10;13;2874
17;2025-11-10;14;2923
17;2025-11-10;15;3134
17;2025-11-10;16;3504
17;2025-11-10;17;4266
17;2025-11-10;18;4748
17;2025-11-10;19;3317
17;2025-11-10;20;2240
17;2025-11-10;21;1304
17;2025-11-10;22;726
17;2025-11-10;23;301
17;2025-11-11;0;100
17;2025-11-11;1;8
17;2025-11-11;2;0
17;2025-11-11;3;0
17;2025-11-11;4;18
17;2025-11-11;5;291
17;2025-11-11;6;1478
17;2025-11-11;7;4052
17;2025-11-11;8;5186
17;2025-11-11;9;3753
17;2025-11-11;10;2899
17;2025-11-11;11;2825
17;2025-11-11;12;2900
17;2025-11-11;13;2913
17;2025-11-11;14;3074
17;2025-11-11;15;3188
17;2025-11-11;16;3545
17;2025-11-11;17;4406
17;2025-11-11;18;4834
17;2025-11-11;19;3417
17;2025-11-11;20;2281
17;2025-11-11;21;1371
17;2025-11-11;22;763
17;2025-11-11;23;325
17;2025-11-12;0;112
17;2025-11-12;1;11
17;2025-11-12;2;0
17;2025-11-12;3;0
17;2025-11-12;4;28
17;2025-11-12;5;296
17;2025-11-12;6;1445
17;2025-11-12;7;3941
17;2025-11-12;8;5150
17;2025-11-12;9;3700
17;2025-11-12;10;2906
17;2025-11-12;11;2828
17;2025-11-12;12;2888
17;2025-11-12;13;2929
17;2025-11-12;14;3048
17;2025-11-12;15;3210
17;2025-11-12;16;3548
17;2025-11-12;17;4339
17;2025-11-12;18;4764
17;2025-11-12;19;3364
17;2025-11-12;20;2278
17;2025-11-12;21;1418
17;2025-11-12;22;788
17;2025-11-12;23;347
17;2025-11-13;0;128
17;2025-11-13;1;13
17;2025-11-13;2;0
17;2025-11-13;3;0
17;2025-11-13;4;27
17;2025-11-13;5;295
17;2025-11-13;6;1467
17;2025-11-13;7;3944
17;2025-11-13;8;5173
17;2025-11-13;9;3732
17;2025-11-13;10;2947
17;2025-11-13;11;2898
17;2025-11-13;12;2999
17;2025-11-13;13;3036
17;2025-11-13;14;3111
17;2025-11-13;15;3282
17;2025-11-13;16;3658
17;2025-11-13;17;4378
17;2025-11-13;18;4822
17;2025-11-13;19;3435
17;2025-11-13;20;2335
17;2025-11-13;21;1440
17;2025-11-13;22;831
17;2025-11-13;23;362
17;2025-11-14;0;133
17;2025-11-14;1;14
17;2025-11-14;2;0
17;2025-11-14;3;0
17;2025-11-14;4;24
17;2025-11-14;5;290
17;2025-11-14;6;1413
17;2025-11-14;7;3857
17;2025-11-14;8;5053
17;2025-11-14;9;3593
17;2025-11-14;10;2826
17;2025-11-14;11;2875
17;2025-11-14;12;2955
17;2025-11-14;13;3048
17;2025-11-14;14;3197
17;2025-11-14;15;3453
17;2025-11-14;16;4041
17;2025-11-14;17;4437
17;2025-11-14;18;4281
17;2025-11-14;19;3200
17;2025-11-14;20;2283
17;2025-11-14;21;1474
17;2025-11-14;22;853
17;2025-11-14;23;431
17;2025-11-15;0;170
17;2025-11-15;1;20
17;2025-11-15;2;0
17;2025-11-15;3;0
17;2025-11-15;4;3
17;2025-11-15;5;122
17;2025-11-15;6;502
17;2025-11-15;7;947
17;2025-11-15;8;1505
17;2025-11-15;9;1947
17;2025-11-15;10;2213
17;2025-11-15;11;2635
17;2025-11-15;12;2954
17;2025-11-15;13;3282
17;2025-11-15;14;3356
17;2025-11-15;15;3393
17;2025-11-15;16;3421
17;2025-11-15;17;3258
17;2025-11-15;18;2886
17;2025-11-15;19;2366
17;2025-11-15;20;1842
17;2025-11-15;21;1313
17;2025-11-15;22;847
17;2025-11-15;23;398
17;2025-11-16;0;162
17;2025-11-16;1;22
17;2025-11-16;2;0
17;2025-11-16;3;0
17;2025-11-16;4;4
17;2025-11-16;5;98
17;2025-11-16;6;386
17;2025-11-16;7;710
17;2025-11-16;8;1116
17;2025-11-16;9;1568
17;2025-11-16;10;1841
17;2025-11-16;11;2401
17;2025-11-16;12;2798
17;2025-11-16;13;3024
17;2025-11-16;14;3106
17;2025-11-16;15;3085
17;2025-11-16;16;3036
17;2025-11-16;17;2916
17;2025-11-16;18;2544
17;2025-11-16;19;2011
17;2025-11-16;20;1494
17;2025-11-16;21;1088
17;2025-11-16;22;691
17;2025-11-16;23;281
17;2025-11-17;0;95
17;2025-11-17;1;9
17;2025-11-17;2;0
17;2025-11-17;3;0
17;2025-11-17;4;28
17;2025-11-17;5;288
17;2025-11-17;6;1439
17;2025-11-17;7;3892
17;2025-11-17;8;5121
17;2025-11-17;9;3659
17;2025-11-17;10;2780
17;2025-11-17;11;2730
17;2025-11-17;12;2734
17;2025-11-17;13;2760
17;2025-11-17;14;2824
17;2025-11-17;15;3059
17;2025-11-17;16;3494
17;2025-11-17;17;4273
17;2025-11-17;18;4787
17;2025-11-17;19;3354
17;2025-11-17;20;2242
17;2025-11-17;21;1288
17;2025-11-17;22;722
17;2025-11-17;23;298
17;2025-11-18;0;103
17;2025-11-18;1;11
17;2025-11-18;2;1
17;2025-11-18;3;0
17;2025-11-18;4;19
17;2025-11-18;5;285
17;2025-11-18;6;1470
17;2025-11-18;7;4019
17;2025-11-18;8;5153
17;2025-11-18;9;3703
17;2025-11-18;10;2798
17;2025-11-18;11;2783
17;2025-11-18;12;2863
17;2025-11-18;13;2811
17;2025-11-18;14;2970
17;2025-11-18;15;3147
17;2025-11-18;16;3507
17;2025-11-18;17;4388
17;2025-11-18;18;4836
17;2025-11-18;19;3395
17;2025-11-18;20;2267
17;2025-11-18;21;1370
17;2025-11-18;22;744
17;2025-11-18;23;311
17;2025-11-19;0;110
17;2025-11-19;1;7
17;2025-11-19;2;0
17;2025-11-19;3;0
17;2025-11-19;4;24
17;2025-11-19;5;302
17;2025-11-19;6;1466
17;2025-11-19;7;3935
17;2025-11-19;8;5165
17;2025-11-19;9;3685
17;2025-11-19;10;2867
17;2025-11-19;11;2820
17;2025-11-19;12;2908
17;2025-11-19;13;2968
17;2025-11-19;14;3054
17;2025-11-19;15;3217
17;2025-11-19;16;3562
17;2025-11-19;17;4361
17;2025-11-19;18;4785
17;2025-11-19;19;3362
17;2025-11-19;20;2276
17;2025-11-19;21;1436
17;2025-11-19;22;802
17;2025-11-19;23;345
17;2025-11-20;0;127
17;2025-11-20;1;12
17;2025-11-20;2;0
17;2025-11-20;3;0
17;2025-11-20;4;27
17;2025-11-20;5;296
17;2025-11-20;6;1477
17;2025-11-20;7;3888
17;2025-11-20;8;5157
17;2025-11-20;9;3709
17;2025-11-20;10;2927
17;2025-11-20;11;2883
17;2025-11-20;12;3000
17;2025-11-20;13;3045
17;2025-11-20;14;3105
17;2025-11-20;15;3276
17;2025-11-20;16;3667
17;2025-11-20;17;4401
17;2025-11-20;18;4832
17;2025-11-20;19;3448
17;2025-11-20;20;2328
17;2025-11-20;21;1446
17;2025-11-20;22;828
17;2025-11-20;23;367
17;2025-11-21;0;131
17;2025-11-21;1;14
17;2025-11-21;2;0
17;2025-11-21;3;0
17;2025-11-21;4;32
17;2025-11-21;5;279
17;2025-11-21;6;1429
17;2025-11-21;7;3831
17;2025-11-21;8;5072
17;2025-11-21;9;3584
17;2025-11-21;10;2848
17;2025-11-21;11;2897
17;2025-11-21;12;2944
17;2025-11-21;13;3065
17;2025-11-21;14;3176
17;2025-11-21;15;3432
17;2025-11-21;16;4031
17;2025-11-21;17;4437
17;2025-11-21;18;4277
17;2025-11-21;19;3169
17;2025-11-21;20;2268
17;2025-11-21;21;1502
17;2025-11-21;22;858
17;2025-11-21;23;441
17;2025-11-22;0;178
17;2025-11-22;1;25
17;2025-11-22;2;0
17;2025-11-22;3;0
17;2025-11-22;4;2
17;2025-11-22;5;119
17;2025-11-22;6;521
17;2025-11-22;7;1024
17;2025-11-22;8;1539
17;2025-11-22;9;1956
17;2025-11-22;10;2265
17;2025-11-22;11;2734
17;2025-11-22;12;3033
17;2025-11-22;13;3267
17;2025-11-22;14;3307
17;2025-11-22;15;3355
17;2025-11-22;16;3357
17;2025-11-22;17;3195
17;2025-11-22;18;2824
17;2025-11-22;19;2301
17;2025-11-22;20;1824
17;2025-11-22;21;1285
17;2025-11-22;22;801
17;2025-11-22;23;385
17;2025-11-23;0;156
17;2025-11-23;1;26
17;2025-11-23;2;0
17;2025-11-23;3;0
17;2025-11-23;4;4
17;2025-11-23;5;100
17;2025-11-23;6;387
17;2025-11-23;7;688
17;2025-11-23;8;1111
17;2025-11-23;9;1531
17;2025-11-23;10;1832
17;2025-11-23;11;2377
17;2025-11-23;12;2763
17;2025-11-23;13;2986
17;2025-11-23;14;3079
17;2025-11-23;15;3070
17;2025-11-23;16;3025
17;2025-11-23;17;2895
17;2025-11-23;18;2511
17;2025-11-23;19;2005
17;2025-11-23;20;1507
17;2025-11-23;21;1085
17;2025-11-23;22;678
17;2025-11-23;23;284
17;2025-11-24;0;94
17;2025-11-24;1;12
17;2025-11-24;2;0
17;2025-11-24;3;0
17;2025-11-24;4;24
17;2025-11-24;5;279
17;2025-11-24;6;1400
17;2025-11-24;7;3816
17;2025-11-24;8;5148
17;2025-11-24;9;3601
17;2025-11-24;10;2698
17;2025-11-24;11;2615
17;2025-11-24;12;2713
17;2025-11-24;13;2854
17;2025-11-24;14;2853
17;2025-11-24;15;3029
17;2025-11-24;16;3444
17;2025-11-24;17;4226
17;2025-11-24;18;4774
17;2025-11-24;19;3325
17;2025-11-24;20;2214
17;2025-11-24;21;1329
17;2025-11-24;22;719
17;2025-11-24;23;303
17;2025-11-25;0;103
17;2025-11-25;1;10
17;2025-11-25;2;1
17;2025-11-25;3;0
17;2025-11-25;4;31
17;2025-11-25;5;296
17;2025-11-25;6;1478
17;2025-11-25;7;3988
17;2025-11-25;8;5191
17;2025-11-25;9;3738
17;2025-11-25;10;2894
17;2025-11-25;11;2814
17;2025-11-25;12;2901
17;2025-11-25;13;2914
17;2025-11-25;14;3063
17;2025-11-25;15;3177
17;2025-11-25;16;3537
17;2025-11-25;17;4411
17;2025-11-25;18;4873
17;2025-11-25;19;3418
17;2025-11-25;20;2269
17;2025-11-25;21;1396
17;2025-11-25;22;766
17;2025-11-25;23;331
17;2025-11-26;0;115
17;2025-11-26;1;13
17;2025-11-26;2;0
17;2025-11-26;3;0
17;2025-11-26;4;28
17;2025-11-26;5;288
17;2025-11-26;6;1402
17;2025-11-26;7;3825
17;2025-11-26;8;5099
17;2025-11-26;9;3606
17;2025-11-26;10;2800
17;2025-11-26;11;2737
17;2025-11-26;12;2836
17;2025-11-26;13;2906
17;2025-11-26;14;2973
17;2025-11-26;15;3134
17;2025-11-26;16;3423
17;2025-11-26;17;4263
17;2025-11-26;18;4735
17;2025-11-26;19;3283
17;2025-11-26;20;2209
17;2025-11-26;21;1399
17;2025-11-26;22;772
17;2025-11-26;23;349
17;2025-11-27;0;128
17;2025-11-27;1;16
17;2025-11-27;2;0
17;2025-11-27;3;0
17;2025-11-27;4;28
17;2025-11-27;5;296
17;2025-11-27;6;1430
17;2025-11-27;7;3796
17;2025-11-27;8;5131
17;2025-11-27;9;3617
17;2025-11-27;10;2818
17;2025-11-27;11;2731
17;2025-11-27;12;2845
17;2025-11-27;13;2915
17;2025-11-27;14;2936
17;2025-11-27;15;3143
17;2025-11-27;16;3537
17;2025-11-27;17;4283
17;2025-11-27;18;4746
17;2025-11-27;19;3324
17;2025-11-27;20;2212
17;2025-11-27;21;1415
17;2025-11-27;22;785
17;2025-11-27;23;362
17;2025-11-28;0;132
17;2025-11-28;1;19
17;2025-11-28;2;0
17;2025-11-28;3;0
17;2025-11-28;4;30
17;2025-11-28;5;288
17;2025-11-28;6;1365
17;2025-11-28;7;3754
17;2025-11-28;8;5052
17;2025-11-28;9;3493
17;2025-11-28;10;2748
17;2025-11-28;11;2807
17;2025-11-28;12;2872
17;2025-11-28;13;2970
17;2025-11-28;14;3062
17;2025-11-28;15;3331
17;2025-11-28;16;3981
17;2025-11-28;17;4414
17;2025-11-28;18;4223
17;2025-11-28;19;3073
17;2025-11-28;20;2194
17;2025-11-28;21;1488
17;2025-11-28;22;871
17;2025-11-28;23;439
17;2025-11-29;0;160
17;2025-11-29;1;25
17;2025-11-29;2;0
17;2025-11-29;3;0
17;2025-11-29;4;7
17;2025-11-29;5;107
17;2025-11-29;6;466
17;2025-11-29;7;968
17;2025-11-29;8;1418
17;2025-11-29;9;1737
17;2025-11-29;10;1994
17;2025-11-29;11;2411
17;2025-11-29;12;2746
17;2025-11-29;13;3031
17;2025-11-29;14;3077
17;2025-11-29;15;3117
17;2025-11-29;16;3123
17;2025-11-29;17;2933
17;2025-11-29;18;2535
17;2025-11-29;19;2082
17;2025-11-29;20;1642
17;2025-11-29;21;1258
17;2025-11-29;22;786
17;2025-11-29;23;368
17;2025-11-30;0;137
17;2025-11-30;1;24
17;2025-11-30;2;0
17;2025-11-30;3;0
17;2025-11-30;4;4
17;2025-11-30;5;85
17;2025-11-30;6;355
17;2025-11-30;7;652
17;2025-11-30;8;1055
17;2025-11-30;9;1384
17;2025-11-30;10;1622
17;2025-11-30;11;2078
17;2025-11-30;12;2474
17;2025-11-30;13;2670
17;2025-11-30;14;2792
17;2025-11-30;15;2774
17;2025-11-30;16;2685
17;2025-11-30;17;2600
17;2025-11-30;18;2256
17;2025-11-30;19;1791
17;2025-11-30;20;1377
17;2025-11-30;21;1054
17;2025-11-30;22;660
17;2025-11-30;23;278
17;2025-12-01;0;91
17;2025-12-01;1;17
17;2025-12-01;2;0
17;2025-12-01;3;0
17;2025-12-01;4;24
17;2025-12-01;5;257
17;2025-12-01;6;1326
17;2025-12-01;7;3772
17;2025-12-01;8;5121
17;2025-12-01;9;3561
17;2025-12-01;10;2576
17;2025-12-01;11;2498
17;2025-12-01;12;2625
17;2025-12-01;13;2749
17;2025-12-01;14;2783
17;2025-12-01;15;2958
17;2025-12-01;16;3367
17;2025-12-01;17;4207
17;2025-12-01;18;4729
17;2025-12-01;19;3220
17;2025-12-01;20;2056
17;2025-12-01;21;1283
17;2025-12-01;22;690
17;2025-12-01;23;284
17;2025-12-02;0;95
17;2025-12-02;1;9
17;2025-12-02;2;1
17;2025-12-02;3;0
17;2025-12-02;4;24
17;2025-12-02;5;262
17;2025-12-02;6;1356
17;2025-12-02;7;3922
17;2025-12-02;8;5144
17;2025-12-02;9;3656
17;2025-12-02;10;2745
17;2025-12-02;11;2642
17;2025-12-02;12;2760
17;2025-12-02;13;2778
17;2025-12-02;14;2897
17;2025-12-02;15;3017
17;2025-12-02;16;3428
17;2025-12-02;17;4333
17;2025-12-02;18;4810
17;2025-12-02;19;3329
17;2025-12-02;20;2104
17;2025-12-02;21;1328
17;2025-12-02;22;700
17;2025-12-02;23;314
17;2025-12-03;0;104
17;2025-12-03;1;16
17;2025-12-03;2;0
17;2025-12-03;3;0
17;2025-12-03;4;25
17;2025-12-03;5;263
17;2025-12-03;6;1353
17;2025-12-03;7;3820
17;2025-12-03;8;5112
17;2025-12-03;9;3602
17;2025-12-03;10;2751
17;2025-12-03;11;2687
17;2025-12-03;12;2813
17;2025-12-03;13;2866
17;2025-12-03;14;2934
17;2025-12-03;15;3089
17;2025-12-03;16;3448
17;2025-12-03;17;4296
17;2025-12-03;18;4738
17;2025-12-03;19;3247
17;2025-12-03;20;2107
17;2025-12-03;21;1387
17;2025-12-03;22;749
17;2025-12-03;23;339
17;2025-12-04;0;122
17;2025-12-04;1;18
17;2025-12-04;2;0
17;2025-12-04;3;0
17;2025-12-04;4;28
17;2025-12-04;5;267
17;2025-12-04;6;1378
17;2025-12-04;7;3766
17;2025-12-04;8;5104
17;2025-12-04;9;3591
17;2025-12-04;10;2757
17;2025-12-04;11;2690
17;2025-12-04;12;2858
17;2025-12-04;13;2903
17;2025-12-04;14;2932
17;2025-12-04;15;3093
17;2025-12-04;16;3530
17;2025-12-04;17;4321
17;2025-12-04;18;4780
17;2025-12-04;19;3364
17;2025-12-04;20;2174
17;2025-12-04;21;1414
17;2025-12-04;22;808
17;2025-12-04;23;373
17;2025-12-05;0;130
17;2025-12-05;1;24
17;2025-12-05;2;0
17;2025-12-05;3;0
17;2025-12-05;4;34
17;2025-12-05;5;262
17;2025-12-05;6;1346
17;2025-12-05;7;3754
17;2025-12-05;8;5051
17;2025-12-05;9;3499
17;2025-12-05;10;2693
17;2025-12-05;11;2761
17;2025-12-05;12;2854
17;2025-12-05;13;2947
17;2025-12-05;14;3034
17;2025-12-05;15;3291
17;2025-12-05;16;3972
17;2025-12-05;17;4425
17;2025-12-05;18;4227
17;2025-12-05;19;3078
17;2025-12-05;20;2135
17;2025-12-05;21;1464
17;2025-12-05;22;828
17;2025-12-05;23;415
17;2025-12-06;0;163
17;2025-12-06;1;31
17;2025-12-06;2;0
17;2025-12-06;3;0
17;2025-12-06;4;12
17;2025-12-06;5;109
17;2025-12-06;6;463
17;2025-12-06;7;978
17;2025-12-06;8;1439
17;2025-12-06;9;1761
17;2025-12-06;10;2023
17;2025-12-06;11;2441
17;2025-12-06;12;2776
17;2025-12-06;13;3075
17;2025-12-06;14;3117
17;2025-12-06;15;3168
17;2025-12-06;16;3148
17;2025-12-06;17;2972
17;2025-12-06;18;2562
17;2025-12-06;19;2105
17;2025-12-06;20;1679
17;2025-12-06;21;1294
17;2025-12-06;22;787
17;2025-12-06;23;383
17;2025-12-07;0;148
17;2025-12-07;1;32
17;2025-12-07;2;0
17;2025-12-07;3;0
17;2025-12-07;4;9
17;2025-12-07;5;85
17;2025-12-07;6;352
17;2025-12-07;7;622
17;2025-12-07;8;1039
17;2025-12-07;9;1371
17;2025-12-07;10;1617
17;2025-12-07;11;2080
17;2025-12-07;12;2492
17;2025-12-07;13;2706
17;2025-12-07;14;2839
17;2025-12-07;15;2838
17;2025-12-07;16;2746
17;2025-12-07;17;2636
17;2025-12-07;18;2286
17;2025-12-07;19;1815
17;2025-12-07;20;1398
17;2025-12-07;21;1061
17;2025-12-07;22;662
17;2025-12-07;23;292
17;2025-12-08;0;93
17;2025-12-08;1;20
17;2025-12-08;2;0
17;2025-12-08;3;0
17;2025-12-08;4;29
17;2025-12-08;5;254
17;2025-12-08;6;1333
17;2025-12-08;7;3821
17;2025-12-08;8;5150
17;2025-12-08;9;3608
17;2025-12-08;10;2635
17;2025-12-08;11;2570
17;2025-12-08;12;2689
17;2025-12-08;13;2798
17;2025-12-08;14;2823
17;2025-12-08;15;3034
17;2025-12-08;16;3446
17;2025-12-08;17;4270
17;2025-12-08;18;4766
17;2025-12-08;19;3276
17;2025-12-08;20;2107
17;2025-12-08;21;1287
17;2025-12-08;22;677
17;2025-12-08;23;304
17;2025-12-09;0;93
17;2025-12-09;1;16
17;2025-12-09;2;1
17;2025-12-09;3;0
17;2025-12-09;4;29
17;2025-12-09;5;250
17;2025-12-09;6;1330
17;2025-12-09;7;3912
17;2025-12-09;8;5145
17;2025-12-09;9;3671
17;2025-12-09;10;2771
17;2025-12-09;11;2690
17;2025-12-09;12;2796
17;2025-12-09;13;2823
17;2025-12-09;14;2961
17;2025-12-09;15;3094
17;2025-12-09;16;3504
17;2025-12-09;17;4381
17;2025-12-09;18;4839
17;2025-12-09;19;3400
17;2025-12-09;20;2136
17;2025-12-09;21;1315
17;2025-12-09;22;639
17;2025-12-09;23;317
17;2025-12-10;0;57
17;2025-12-10;1;0
17;2025-12-10;2;0
17;2025-12-10;3;0
17;2025-12-10;4;0
17;2025-12-10;5;195
17;2025-12-10;6;1188
17;2025-12-10;7;3714
17;2025-12-10;8;5067
17;2025-12-10;9;3526
17;2025-12-10;10;2673
17;2025-12-10;11;2610
17;2025-12-10;12;2729
17;2025-12-10;13;2798
17;2025-12-10;14;2876
17;2025-12-10;15;3038
17;2025-12-10;16;3410
17;2025-12-10;17;4243
17;2025-12-10;18;4707
17;2025-12-10;19;3211
17;2025-12-10;20;2030
17;2025-12-10;21;1256
17;2025-12-10;22;611
17;2025-12-10;23;289
17;2025-12-11;0;59
17;2025-12-11;1;0
17;2025-12-11;2;0
17;2025-12-11;3;0
17;2025-12-11;4;0
17;2025-12-11;5;202
17;2025-12-11;6;1224
17;2025-12-11;7;3700
17;2025-12-11;8;5041
17;2025-12-11;9;3474
17;2025-12-11;10;2657
17;2025-12-11;11;2594
17;2025-12-11;12;2789
17;2025-12-11;13;2845
17;2025-12-11;14;2891
17;2025-12-11;15;3053
17;2025-12-11;16;3463
17;2025-12-11;17;4233
17;2025-12-11;18;4750
17;2025-12-11;19;3254
17;2025-12-11;20;2046
17;2025-12-11;21;1261
17;2025-12-11;22;642
17;2025-12-11;23;317
17;2025-12-12;0;74
17;2025-12-12;1;0
17;2025-12-12;2;0
17;2025-12-12;3;0
17;2025-12-12;4;0
17;2025-12-12;5;198
17;2025-12-12;6;1161
17;2025-12-12;7;3724
17;2025-12-12;8;5030
17;2025-12-12;9;3444
17;2025-12-12;10;2645
17;2025-12-12;11;2723
17;2025-12-12;12;2744
17;2025-12-12;13;2822
17;2025-12-12;14;2924
17;2025-12-12;15;3176
17;2025-12-12;16;3861
17;2025-12-12;17;4357
17;2025-12-12;18;4211
17;2025-12-12;19;3035
17;2025-12-12;20;2043
17;2025-12-12;21;1330
17;2025-12-12;22;654
17;2025-12-12;23;349
17;2025-12-13;0;105
17;2025-12-13;1;0
17;2025-12-13;2;0
17;2025-12-13;3;0
17;2025-12-13;4;0
17;2025-12-13;5;45
17;2025-12-13;6;361
17;2025-12-13;7;771
17;2025-12-13;8;1267
17;2025-12-13;9;1609
17;2025-12-13;10;1889
17;2025-12-13;11;2351
17;2025-12-13;12;2726
17;2025-12-13;13;3011
17;2025-12-13;14;3044
17;2025-12-13;15;3094
17;2025-12-13;16;3119
17;2025-12-13;17;2940
17;2025-12-13;18;2527
17;2025-12-13;19;2024
17;2025-12-13;20;1573
17;2025-12-13;21;1144
17;2025-12-13;22;655
17;2025-12-13;23;328
17;2025-12-14;0;85
17;2025-12-14;1;0
17;2025-12-14;2;0
17;2025-12-14;3;0
17;2025-12-14;4;0
17;2025-12-14;5;27
17;2025-12-14;6;264
17;2025-12-14;7;502
17;2025-12-14;8;885
17;2025-12-14;9;1243
17;2025-12-14;10;1512
17;2025-12-14;11;1994
17;2025-12-14;12;2430
17;2025-12-14;13;2661
17;2025-12-14;14;2788
17;2025-12-14;15;2784
17;2025-12-14;16;2721
17;2025-12-14;17;2579
17;2025-12-14;18;2225
17;2025-12-14;19;1713
17;2025-12-14;20;1278
17;2025-12-14;21;931
17;2025-12-14;22;538
17;2025-12-14;23;231
17;2025-12-15;0;24
17;2025-12-15;1;0
17;2025-12-15;2;0
17;2025-12-15;3;0
17;2025-12-15;4;0
17;2025-12-15;5;181
17;2025-12-15;6;1176
17;2025-12-15;7;3754
17;2025-12-15;8;5123
17;2025-12-15;9;3556
17;2025-12-15;10;2584
17;2025-12-15;11;2523
17;2025-12-15;12;2636
17;2025-12-15;13;2740
17;2025-12-15;14;2765
17;2025-12-15;15;2995
17;2025-12-15;16;3417
17;2025-12-15;17;4220
17;2025-12-15;18;4746
17;2025-12-15;19;3223
17;2025-12-15;20;2046
17;2025-12-15;21;1160
17;2025-12-15;22;564
17;2025-12-15;23;240
17;2025-12-16;0;29
17;2025-12-16;1;0
17;2025-12-16;2;0
17;2025-12-16;3;0
17;2025-12-16;4;0
17;2025-12-16;5;185
17;2025-12-16;6;1208
17;2025-12-16;7;3859
17;2025-12-16;8;5124
17;2025-12-16;9;3621
17;2025-12-16;10;2697
17;2025-12-16;11;2598
17;2025-12-16;12;2666
17;2025-12-16;13;2674
17;2025-12-16;14;2883
17;2025-12-16;15;3034
17;2025-12-16;16;3450
17;2025-12-16;17;4338
17;2025-12-16;18;4837
17;2025-12-16;19;3342
17;2025-12-16;20;2074
17;2025-12-16;21;1216
17;2025-12-16;22;564
17;2025-12-16;23;260
17;2025-12-17;0;44
17;2025-12-17;1;0
17;2025-12-17;2;0
17;2025-12-17;3;0
17;2025-12-17;4;0
17;2025-12-17;5;192
17;2025-12-17;6;1179
17;2025-12-17;7;3727
17;2025-12-17;8;5081
17;2025-12-17;9;3520
17;2025-12-17;10;2654
17;2025-12-17;11;2605
17;2025-12-17;12;2720
17;2025-12-17;13;2794
17;2025-12-17;14;2868
17;2025-12-17;15;3040
17;2025-12-17;16;3411
17;2025-12-17;17;4254
17;2025-12-17;18;4708
17;2025-12-17;19;3210
17;2025-12-17;20;2033
17;2025-12-17;21;1252
17;2025-12-17;22;606
17;2025-12-17;23;289
17;2025-12-18;0;60
17;2025-12-18;1;0
17;2025-12-18;2;0
17;2025-12-18;3;0
17;2025-12-18;4;0
17;2025-12-18;5;184
17;2025-12-18;6;1182
17;2025-12-18;7;3690
17;2025-12-18;8;5081
17;2025-12-18;9;3500
17;2025-12-18;10;2670
17;2025-12-18;11;2606
17;2025-12-18;12;2792
17;2025-12-18;13;2817
17;2025-12-18;14;2859
17;2025-12-18;15;3032
17;2025-12-18;16;3475
17;2025-12-18;17;4241
17;2025-12-18;18;4745
17;2025-12-18;19;3275
17;2025-12-18;20;2055
17;2025-12-18;21;1237
17;2025-12-18;22;625
17;2025-12-18;23;298
17;2025-12-19;0;62
17;2025-12-19;1;0
17;2025-12-19;2;0
17;2025-12-19;3;0
17;2025-12-19;4;0
17;2025-12-19;5;187
17;2025-12-19;6;1152
17;2025-12-19;7;3667
17;2025-12-19;8;5003
17;2025-12-19;9;3411
17;2025-12-19;10;2584
17;2025-12-19;11;2660
17;2025-12-19;12;2752
17;2025-12-19;13;2849
17;2025-12-19;14;2954
17;2025-12-19;15;3217
17;2025-12-19;16;3884
17;2025-12-19;17;4336
17;2025-12-19;18;4150
17;2025-12-19;19;2984
17;2025-12-19;20;2023
17;2025-12-19;21;1303
17;2025-12-19;22;637
17;2025-12-19;23;346
17;2025-12-20;0;96
17;2025-12-20;1;0
17;2025-12-20;2;0
17;2025-12-20;3;0
17;2025-12-20;4;0
17;2025-12-20;5;37
17;2025-12-20;6;345
17;2025-12-20;7;771
17;2025-12-20;8;1250
17;2025-12-20;9;1584
17;2025-12-20;10;1860
17;2025-12-20;11;2323
17;2025-12-20;12;2693
17;2025-12-20;13;2975
17;2025-12-20;14;3027
17;2025-12-20;15;3062
17;2025-12-20;16;3063
17;2025-12-20;17;2888
17;2025-12-20;18;2475
17;2025-12-20;19;1967
17;2025-12-20;20;1540
17;2025-12-20;21;1123
17;2025-12-20;22;623
17;2025-12-20;23;314
17;2025-12-21;0;85
17;2025-12-21;1;0
17;2025-12-21;2;0
17;2025-12-21;3;0
17;2025-12-21;4;0
17;2025-12-21;5;13
17;2025-12-21;6;263
17;2025-12-21;7;472
17;2025-12-21;8;861
17;2025-12-21;9;1185
17;2025-12-21;10;1458
17;2025-12-21;11;1939
17;2025-12-21;12;2382
17;2025-12-21;13;2620
17;2025-12-21;14;2742
17;2025-12-21;15;2729
17;2025-12-21;16;2662
17;2025-12-21;17;2531
17;2025-12-21;18;2176
17;2025-12-21;19;1674
17;2025-12-21;20;1236
17;2025-12-21;21;897
17;2025-12-21;22;504
17;2025-12-21;23;228
17;2025-12-22;0;28
17;2025-12-22;1;0
17;2025-12-22;2;0
17;2025-12-22;3;0
17;2025-12-22;4;0
17;2025-12-22;5;182
17;2025-12-22;6;1171
17;2025-12-22;7;3720
17;2025-12-22;8;5105
17;2025-12-22;9;3516
17;2025-12-22;10;2509
17;2025-12-22;11;2477
17;2025-12-22;12;2603
17;2025-12-22;13;2704
17;2025-12-22;14;2734
17;2025-12-22;15;2964
17;2025-12-22;16;3365
17;2025-12-22;17;4189
17;2025-12-22;18;4704
17;2025-12-22;19;3200
17;2025-12-22;20;2008
17;2025-12-22;21;1157
17;2025-12-22;22;561
17;2025-12-22;23;236
17;2025-12-23;0;32
17;2025-12-23;1;0
17;2025-12-23;2;0
17;2025-12-23;3;0
17;2025-12-23;4;0
17;2025-12-23;5;208
17;2025-12-23;6;1229
17;2025-12-23;7;3844
17;2025-12-23;8;5083
17;2025-12-23;9;3603
17;2025-12-23;10;2689
17;2025-12-23;11;2610
17;2025-12-23;12;2703
17;2025-12-23;13;2732
17;2025-12-23;14;2874
17;2025-12-23;15;3011
17;2025-12-23;16;3432
17;2025-12-23;17;4309
17;2025-12-23;18;4784
17;2025-12-23;19;3310
17;2025-12-23;20;2061
17;2025-12-23;21;1231
17;2025-12-23;22;570
17;2025-12-23;23;265
17;2025-12-24;0;34
17;2025-12-24;1;0
17;2025-12-24;2;0
17;2025-12-24;3;0
17;2025-12-24;4;0
17;2025-12-24;5;195
17;2025-12-24;6;1194
17;2025-12-24;7;3707
17;2025-12-24;8;5036
17;2025-12-24;9;3517
17;2025-12-24;10;2657
17;2025-12-24;11;2619
17;2025-12-24;12;2714
17;2025-12-24;13;2786
17;2025-12-24;14;2859
17;2025-12-24;15;3038
17;2025-12-24;16;3402
17;2025-12-24;17;4225
17;2025-12-24;18;4671
17;2025-12-24;19;3197
17;2025-12-24;20;2036
17;2025-12-24;21;1230
17;2025-12-24;22;572
17;2025-12-24;23;275
17;2025-12-25;0;52
17;2025-12-25;1;0
17;2025-12-25;2;0
17;2025-12-25;3;0
17;2025-12-25;4;0
17;2025-12-25;5;163
17;2025-12-25;6;1153
17;2025-12-25;7;3601
17;2025-12-25;8;4989
17;2025-12-25;9;3481
17;2025-12-25;10;2647
17;2025-12-25;11;2590
17;2025-12-25;12;2770
17;2025-12-25;13;2801
17;2025-12-25;14;2854
17;2025-12-25;15;3024
17;2025-12-25;16;3454
17;2025-12-25;17;4202
17;2025-12-25;18;4661
17;2025-12-25;19;3252
17;2025-12-25;20;2005
17;2025-12-25;21;1258
17;2025-12-25;22;605
17;2025-12-25;23;290
17;2025-12-26;0;61
17;2025-12-26;1;0
17;2025-12-26;2;0
17;2025-12-26;3;0
17;2025-12-26;4;0
17;2025-12-26;5;172
17;2025-12-26;6;1146
17;2025-12-26;7;3514
17;2025-12-26;8;4917
17;2025-12-26;9;3355
17;2025-12-26;10;2536
17;2025-12-26;11;2558
17;2025-12-26;12;2687
17;2025-12-26;13;2826
17;2025-12-26;14;2938
17;2025-12-26;15;3190
17;2025-12-26;16;3847
17;2025-12-26;17;4289
17;2025-12-26;18;4072
17;2025-12-26;19;2894
17;2025-12-26;20;1990
17;2025-12-26;21;1317
17;2025-12-26;22;636
17;2025-12-26;23;348
17;2025-12-27;0;97
17;2025-12-27;1;0
17;2025-12-27;2;0
17;2025-12-27;3;0
17;2025-12-27;4;0
17;2025-12-27;5;38
17;2025-12-27;6;344
17;2025-12-27;7;783
17;2025-12-27;8;1270
17;2025-12-27;9;1578
17;2025-12-27;10;1857
17;2025-12-27;11;2306
17;2025-12-27;12;2661
17;2025-12-27;13;2953
17;2025-12-27;14;2991
17;2025-12-27;15;3057
17;2025-12-27;16;3057
17;2025-12-27;17;2867
17;2025-12-27;18;2449
17;2025-12-27;19;1967
17;2025-12-27;20;1539
17;2025-12-27;21;1115
17;2025-12-27;22;612
17;2025-12-27;23;314
17;2025-12-28;0;80
17;2025-12-28;1;0
17;2025-12-28;2;0
17;2025-12-28;3;0
17;2025-12-28;4;0
17;2025-12-28;5;0
17;2025-12-28;6;242
17;2025-12-28;7;428
17;2025-12-28;8;832
17;2025-12-28;9;1186
17;2025-12-28;10;1494
17;2025-12-28;11;1943
17;2025-12-28;12;2416
17;2025-12-28;13;2656
17;2025-12-28;14;2773
17;2025-12-28;15;2780
17;2025-12-28;16;2706
17;2025-12-28;17;2576
17;2025-12-28;18;2218
17;2025-12-28;19;1706
17;2025-12-28;20;1247
17;2025-12-28;21;903
17;2025-12-28;22;513
17;2025-12-28;23;227
17;2025-12-29;0;28
17;2025-12-29;1;0
17;2025-12-29;2;0
17;2025-12-29;3;0
17;2025-12-29;4;0
17;2025-12-29;5;157
17;2025-12-29;6;1125
17;2025-12-29;7;3549
17;2025-12-29;8;4890
17;2025-12-29;9;3434
17;2025-12-29;10;2529
17;2025-12-29;11;2464
17;2025-12-29;12;2598
17;2025-12-29;13;2730
17;2025-12-29;14;2736
17;2025-12-29;15;2967
17;2025-12-29;16;3354
17;2025-12-29;17;4063
17;2025-12-29;18;4530
17;2025-12-29;19;3143
17;2025-12-29;20;2003
17;2025-12-29;21;1138
17;2025-12-29;22;552
17;2025-12-29;23;246
17;2025-12-30;0;39
17;2025-12-30;1;0
17;2025-12-30;2;0
17;2025-12-30;3;1
17;2025-12-30;4;0
17;2025-12-30;5;159
17;2025-12-30;6;1147
17;2025-12-30;7;3582
17;2025-12-30;8;4763
17;2025-12-30;9;3394
17;2025-12-30;10;2606
17;2025-12-30;11;2511
17;2025-12-30;12;2673
17;2025-12-30;13;2731
17;2025-12-30;14;2910
17;2025-12-30;15;3056
17;2025-12-30;16;3380
17;2025-12-30;17;4066
17;2025-12-30;18;4489
17;2025-12-30;19;3163
17;2025-12-30;20;2007
17;2025-12-30;21;1200
17;2025-12-30;22;546
17;2025-12-30;23;263
17;2025-12-31;0;42
17;2025-12-31;1;0
17;2025-12-31;2;0
17;2025-12-31;3;0
17;2025-12-31;4;0
17;2025-12-31;5;71
17;2025-12-31;6;297
17;2025-12-31;7;1511
17;2025-12-31;8;2828
17;2025-12-31;9;1563
17;2025-12-31;10;1397
17;2025-12-31;11;1690
17;2025-12-31;12;1882
17;2025-12-31;13;1919
17;2025-12-31;14;2023
17;2025-12-31;15;1988
17;2025-12-31;16;1817
17;2025-12-31;17;2432
17;2025-12-31;18;2823
17;2025-12-31;19;1770
17;2025-12-31;20;1338
17;2025-12-31;21;861
17;2025-12-31;22;503
17;2025-12-31;23;271
25;2025-11-01;0;1
25;2025-11-01;1;0
25;2025-11-01;2;0
25;2025-11-01;3;0
25;2025-11-01;4;0
25;2025-11-01;5;15
25;2025-11-01;6;94
25;2025-11-01;7;122
25;2025-11-01;8;264
25;2025-11-01;9;256
25;2025-11-01;10;262
25;2025-11-01;11;363
25;2025-11-01;12;370
25;2025-11-01;13;554
25;2025-11-01;14;571
25;2025-11-01;15;649
25;2025-11-01;16;576
25;2025-11-01;17;490
25;2025-11-01;18;448
25;2025-11-01;19;397
25;2025-11-01;20;239
25;2025-11-01;21;196
25;2025-11-01;22;107
25;2025-11-01;23;56
25;2025-11-02;0;16
25;2025-11-02;1;1
25;2025-11-02;2;0
25;2025-11-02;3;0
25;2025-11-02;4;0
25;2025-11-02;5;6
25;2025-11-02;6;49
25;2025-11-02;7;79
25;2025-11-02;8;144
25;2025-11-02;9;147
25;2025-11-02;10;167
25;2025-11-02;11;212
25;2025-11-02;12;279
25;2025-11-02;13;331
25;2025-11-02;14;385
25;2025-11-02;15;475
25;2025-11-02;16;389
25;2025-11-02;17;352
25;2025-11-02;18;320
25;2025-11-02;19;250
25;2025-11-02;20;183
25;2025-11-02;21;151
25;2025-11-02;22;104
25;2025-11-02;23;34
25;2025-11-03;0;10
25;2025-11-03;1;0
25;2025-11-03;2;0
25;2025-11-03;3;0
25;2025-11-03;4;0
25;2025-11-03;5;2
25;2025-11-03;6;88
25;2025-11-03;7;298
25;2025-11-03;8;352
25;2025-11-03;9;247
25;2025-11-03;10;196
25;2025-11-03;11;224
25;2025-11-03;12;245
25;2025-11-03;13;371
25;2025-11-03;14;289
25;2025-11-03;15;348
25;2025-11-03;16;405
25;2025-11-03;17;395
25;2025-11-03;18;391
25;2025-11-03;19;352
25;2025-11-03;20;228
25;2025-11-03;21;152
25;2025-11-03;22;91
25;2025-11-03;23;16
25;2025-11-04;0;2
25;2025-11-04;1;0
25;2025-11-04;2;0
25;2025-11-04;3;0
25;2025-11-04;4;0
25;2025-11-04;5;10
25;2025-11-04;6;93
25;2025-11-04;7;293
25;2025-11-04;8;343
25;2025-11-04;9;274
25;2025-11-04;10;216
25;2025-11-04;11;251
25;2025-11-04;12;224
25;2025-11-04;13;312
25;2025-11-04;14;339
25;2025-11-04;15;423
25;2025-11-04;16;425
25;2025-11-04;17;372
25;2025-11-04;18;364
25;2025-11-04;19;371
25;2025-11-04;20;236
25;2025-11-04;21;150
25;2025-11-04;22;91
25;2025-11-04;23;16
25;2025-11-05;0;1
25;2025-11-05;1;0
25;2025-11-05;2;0
25;2025-11-05;3;0
25;2025-11-05;4;0
25;2025-11-05;5;6
25;2025-11-05;6;153
25;2025-11-05;7;454
25;2025-11-05;8;769
25;2025-11-05;9;386
25;2025-11-05;10;294
25;2025-11-05;11;339
25;2025-11-05;12;340
25;2025-11-05;13;455
25;2025-11-05;14;371
25;2025-11-05;15;470
25;2025-11-05;16;554
25;2025-11-05;17;600
25;2025-11-05;18;643
25;2025-11-05;19;436
25;2025-11-05;20;276
25;2025-11-05;21;183
25;2025-11-05;22;109
25;2025-11-05;23;4
25;2025-11-06;0;0
25;2025-11-06;1;0
25;2025-11-06;2;0
25;2025-11-06;3;0
25;2025-11-06;4;0
25;2025-11-06;5;6
25;2025-11-06;6;157
25;2025-11-06;7;462
25;2025-11-06;8;765
25;2025-11-06;9;384
25;2025-11-06;10;300
25;2025-11-06;11;315
25;2025-11-06;12;336
25;2025-11-06;13;391
25;2025-11-06;14;376
25;2025-11-06;15;470
25;2025-11-06;16;556
25;2025-11-06;17;636
25;2025-11-06;18;677
25;2025-11-06;19;441
25;2025-11-06;20;260
25;2025-11-06;21;178
25;2025-11-06;22;111
25;2025-11-06;23;7
25;2025-11-07;0;1
25;2025-11-07;1;0
25;2025-11-07;2;0
25;2025-11-07;3;0
25;2025-11-07;4;0
25;2025-11-07;5;6
25;2025-11-07;6;157
25;2025-11-07;7;462
25;2025-11-07;8;733
25;2025-11-07;9;363
25;2025-11-07;10;295
25;2025-11-07;11;343
25;2025-11-07;12;343
25;2025-11-07;13;443
25;2025-11-07;14;413
25;2025-11-07;15;517
25;2025-11-07;16;645
25;2025-11-07;17;660
25;2025-11-07;18;565
25;2025-11-07;19;387
25;2025-11-07;20;250
25;2025-11-07;21;181
25;2025-11-07;22;118
25;2025-11-07;23;13
25;2025-11-08;0;1
25;2025-11-08;1;1
25;2025-11-08;2;0
25;2025-11-08;3;0
25;2025-11-08;4;0
25;2025-11-08;5;6
25;2025-11-08;6;62
25;2025-11-08;7;121
25;2025-11-08;8;236
25;2025-11-08;9;238
25;2025-11-08;10;233
25;2025-11-08;11;300
25;2025-11-08;12;318
25;2025-11-08;13;470
25;2025-11-08;14;491
25;2025-11-08;15;578
25;2025-11-08;16;511
25;2025-11-08;17;413
25;2025-11-08;18;399
25;2025-11-08;19;337
25;2025-11-08;20;220
25;2025-11-08;21;190
25;2025-11-08;22;126
25;2025-11-08;23;50
25;2025-11-09;0;18
25;2025-11-09;1;0
25;2025-11-09;2;0
25;2025-11-09;3;0
25;2025-11-09;4;0
25;2025-11-09;5;4
25;2025-11-09;6;54
25;2025-11-09;7;88
25;2025-11-09;8;150
25;2025-11-09;9;172
25;2025-11-09;10;189
25;2025-11-09;11;232
25;2025-11-09;12;283
25;2025-11-09;13;346
25;2025-11-09;14;389
25;2025-11-09;15;495
25;2025-11-09;16;400
25;2025-11-09;17;359
25;2025-11-09;18;324
25;2025-11-09;19;247
25;2025-11-09;20;180
25;2025-11-09;21;150
25;2025-11-09;22;104
25;2025-11-09;23;32
25;2025-11-10;0;9
25;2025-11-10;1;0
25;2025-11-10;2;0
25;2025-11-10;3;0
25;2025-11-10;4;0
25;2025-11-10;5;5
25;2025-11-10;6;152
25;2025-11-10;7;480
25;2025-11-10;8;790
25;2025-11-10;9;370
25;2025-11-10;10;269
25;2025-11-10;11;292
25;2025-11-10;12;311
25;2025-11-10;13;436
25;2025-11-10;14;327
25;2025-11-10;15;392
25;2025-11-10;16;599
25;2025-11-10;17;652
25;2025-11-10;18;701
25;2025-11-10;19;408
25;2025-11-10;20;246
25;2025-11-10;21;169
25;2025-11-10;22;91
25;2025-11-10;23;11
25;2025-11-11;0;0
25;2025-11-11;1;0
25;2025-11-11;2;0
25;2025-11-11;3;0
25;2025-11-11;4;0
25;2025-11-11;5;3
25;2025-11-11;6;149
25;2025-11-11;7;482
25;2025-11-11;8;800
25;2025-11-11;9;392
25;2025-11-11;10;296
25;2025-11-11;11;330
25;2025-11-11;12;303
25;2025-11-11;13;367
25;2025-11-11;14;339
25;2025-11-11;15;435
25;2025-11-11;16;568
25;2025-11-11;17;613
25;2025-11-11;18;687
25;2025-11-11;19;442
25;2025-11-11;20;258
25;2025-11-11;21;169
25;2025-11-11;22;105
25;2025-11-11;23;7
25;2025-11-12;0;0
25;2025-11-12;1;0
25;2025-11-12;2;0
25;2025-11-12;3;0
25;2025-11-12;4;0
25;2025-11-12;5;4
25;2025-11-12;6;152
25;2025-11-12;7;481
25;2025-11-12;8;812
25;2025-11-12;9;394
25;2025-11-12;10;295
25;2025-11-12;11;333
25;2025-11-12;12;333
25;2025-11-12;13;436
25;2025-11-12;14;351
25;2025-11-12;15;448
25;2025-11-12;16;584
25;2025-11-12;17;663
25;2025-11-12;18;701
25;2025-11-12;19;437
25;2025-11-12;20;275
25;2025-11-12;21;183
25;2025-11-12;22;108
25;2025-11-12;23;6
25;2025-11-13;0;1
25;2025-11-13;1;0
25;2025-11-13;2;0
25;2025-11-13;3;0
25;2025-11-13;4;0
25;2025-11-13;5;4
25;2025-11-13;6;153
25;2025-11-13;7;471
25;2025-11-13;8;798
25;2025-11-13;9;379
25;2025-11-13;10;297
25;2025-11-13;11;308
25;2025-11-13;12;326
25;2025-11-13;13;380
25;2025-11-13;14;368
25;2025-11-13;15;466
25;2025-11-13;16;564
25;2025-11-13;17;664
25;2025-11-13;18;704
25;2025-11-13;19;435
25;2025-11-13;20;254
25;2025-11-13;21;172
25;2025-11-13;22;117
25;2025-11-13;23;4
25;2025-11-14;0;1
25;2025-11-14;1;0
25;2025-11-14;2;0
25;2025-11-14;3;0
25;2025-11-14;4;0
25;2025-11-14;5;3
25;2025-11-14;6;150
25;2025-11-14;7;477
25;2025-11-14;8;764
25;2025-11-14;9;370
25;2025-11-14;10;291
25;2025-11-14;11;335
25;2025-11-14;12;340
25;2025-11-14;13;432
25;2025-11-14;14;397
25;2025-11-14;15;521
25;2025-11-14;16;656
25;2025-11-14;17;672
25;2025-11-14;18;575
25;2025-11-14;19;385
25;2025-11-14;20;248
25;2025-11-14;21;174
25;2025-11-14;22;120
25;2025-11-14;23;10
25;2025-11-15;0;0
25;2025-11-15;1;0
25;2025-11-15;2;0
25;2025-11-15;3;0
25;2025-11-15;4;0
25;2025-11-15;5;3
25;2025-11-15;6;53
25;2025-11-15;7;102
25;2025-11-15;8;219
25;2025-11-15;9;216
25;2025-11-15;10;213
25;2025-11-15;11;271
25;2025-11-15;12;288
25;2025-11-15;13;428
25;2025-11-15;14;466
25;2025-11-15;15;559
25;2025-11-15;16;490
25;2025-11-15;17;391
25;2025-11-15;18;368
25;2025-11-15;19;322
25;2025-11-15;20;213
25;2025-11-15;21;177
25;2025-11-15;22;122
25;2025-11-15;23;46
25;2025-11-16;0;14
25;2025-11-16;1;0
25;2025-11-16;2;0
25;2025-11-16;3;0
25;2025-11-16;4;0
25;2025-11-16;5;4
25;2025-11-16;6;45
25;2025-11-16;7;95
25;2025-11-16;8;151
25;2025-11-16;9;174
25;2025-11-16;10;197
25;2025-11-16;11;231
25;2025-11-16;12;293
25;2025-11-16;13;358
25;2025-11-16;14;392
25;2025-11-16;15;505
25;2025-11-16;16;391
25;2025-11-16;17;348
25;2025-11-16;18;316
25;2025-11-16;19;240
25;2025-11-16;20;176
25;2025-11-16;21;142
25;2025-11-16;22;99
25;2025-11-16;23;32
25;2025-11-17;0;7
25;2025-11-17;1;0
25;2025-11-17;2;0
25;2025-11-17;3;0
25;2025-11-17;4;0
25;2025-11-17;5;6
25;2025-11-17;6;150
25;2025-11-17;7;497
25;2025-11-17;8;808
25;2025-11-17;9;377
25;2025-11-17;10;276
25;2025-11-17;11;293
25;2025-11-17;12;305
25;2025-11-17;13;407
25;2025-11-17;14;317
25;2025-11-17;15;386
25;2025-11-17;16;582
25;2025-11-17;17;636
25;2025-11-17;18;692
25;2025-11-17;19;390
25;2025-11-17;20;236
25;2025-11-17;21;160
25;2025-11-17;22;87
25;2025-11-17;23;8
25;2025-11-18;0;0
25;2025-11-18;1;0
25;2025-11-18;2;0
25;2025-11-18;3;0
25;2025-11-18;4;0
25;2025-11-18;5;7
25;2025-11-18;6;149
25;2025-11-18;7;492
25;2025-11-18;8;817
25;2025-11-18;9;404
25;2025-11-18;10;297
25;2025-11-18;11;332
25;2025-11-18;12;303
25;2025-11-18;13;363
25;2025-11-18;14;341
25;2025-11-18;15;434
25;2025-11-18;16;556
25;2025-11-18;17;604
25;2025-11-18;18;693
25;2025-11-18;19;431
25;2025-11-18;20;255
25;2025-11-18;21;164
25;2025-11-18;22;102
25;2025-11-18;23;2
25;2025-11-19;0;1
25;2025-11-19;1;0
25;2025-11-19;2;0
25;2025-11-19;3;0
25;2025-11-19;4;0
25;2025-11-19;5;4
25;2025-11-19;6;150
25;2025-11-19;7;484
25;2025-11-19;8;822
25;2025-11-19;9;400
25;2025-11-19;10;290
25;2025-11-19;11;326
25;2025-11-19;12;334
25;2025-11-19;13;445
25;2025-11-19;14;357
25;2025-11-19;15;459
25;2025-11-19;16;590
25;2025-11-19;17;671
25;2025-11-19;18;700
25;2025-11-19;19;437
25;2025-11-19;20;276
25;2025-11-19;21;181
25;2025-11-19;22;110
25;2025-11-19;23;2
25;2025-11-20;0;0
25;2025-11-20;1;0
25;2025-11-20;2;0
25;2025-11-20;3;0
25;2025-11-20;4;0
25;2025-11-20;5;5
25;2025-11-20;6;149
25;2025-11-20;7;471
25;2025-11-20;8;809
25;2025-11-20;9;391
25;2025-11-20;10;303
25;2025-11-20;11;315
25;2025-11-20;12;331
25;2025-11-20;13;385
25;2025-11-20;14;368
25;2025-11-20;15;468
25;2025-11-20;16;564
25;2025-11-20;17;666
25;2025-11-20;18;705
25;2025-11-20;19;432
25;2025-11-20;20;251
25;2025-11-20;21;166
25;2025-11-20;22;109
25;2025-11-20;23;5
25;2025-11-21;0;1
25;2025-11-21;1;0
25;2025-11-21;2;0
25;2025-11-21;3;0
25;2025-11-21;4;0
25;2025-11-21;5;4
25;2025-11-21;6;152
25;2025-11-21;7;485
25;2025-11-21;8;767
25;2025-11-21;9;368
25;2025-11-21;10;288
25;2025-11-21;11;331
25;2025-11-21;12;336
25;2025-11-21;13;430
25;2025-11-21;14;400
25;2025-11-21;15;510
25;2025-11-21;16;637
25;2025-11-21;17;666
25;2025-11-21;18;562
25;2025-11-21;19;376
25;2025-11-21;20;245
25;2025-11-21;21;173
25;2025-11-21;22;114
25;2025-11-21;23;12
25;2025-11-22;0;0
25;2025-11-22;1;0
25;2025-11-22;2;0
25;2025-11-22;3;0
25;2025-11-22;4;0
25;2025-11-22;5;6
25;2025-11-22;6;59
25;2025-11-22;7;118
25;2025-11-22;8;222
25;2025-11-22;9;225
25;2025-11-22;10;221
25;2025-11-22;11;286
25;2025-11-22;12;299
25;2025-11-22;13;441
25;2025-11-22;14;467
25;2025-11-22;15;554
25;2025-11-22;16;479
25;2025-11-22;17;397
25;2025-11-22;18;375
25;2025-11-22;19;314
25;2025-11-22;20;208
25;2025-11-22;21;176
25;2025-11-22;22;119
25;2025-11-22;23;46
25;2025-11-23;0;15
25;2025-11-23;1;0
25;2025-11-23;2;0
25;2025-11-23;3;0
25;2025-11-23;4;0
25;2025-11-23;5;5
25;2025-11-23;6;49
25;2025-11-23;7;92
25;2025-11-23;8;155
25;2025-11-23;9;168
25;2025-11-23;10;193
25;2025-11-23;11;234
25;2025-11-23;12;309
25;2025-11-23;13;372
25;2025-11-23;14;412
25;2025-11-23;15;522
25;2025-11-23;16;414
25;2025-11-23;17;370
25;2025-11-23;18;329
25;2025-11-23;19;249
25;2025-11-23;20;186
25;2025-11-23;21;142
25;2025-11-23;22;97
25;2025-11-23;23;31
25;2025-11-24;0;8
25;2025-11-24;1;0
25;2025-11-24;2;0
25;2025-11-24;3;0
25;2025-11-24;4;0
25;2025-11-24;5;8
25;2025-11-24;6;154
25;2025-11-24;7;489
25;2025-11-24;8;791
25;2025-11-24;9;374
25;2025-11-24;10;275
25;2025-11-24;11;284
25;2025-11-24;12;307
25;2025-11-24;13;423
25;2025-11-24;14;320
25;2025-11-24;15;380
25;2025-11-24;16;582
25;2025-11-24;17;635
25;2025-11-24;18;679
25;2025-11-24;19;391
25;2025-11-24;20;236
25;2025-11-24;21;168
25;2025-11-24;22;86
25;2025-11-24;23;7
25;2025-11-25;0;1
25;2025-11-25;1;0
25;2025-11-25;2;0
25;2025-11-25;3;0
25;2025-11-25;4;0
25;2025-11-25;5;6
25;2025-11-25;6;147
25;2025-11-25;7;483
25;2025-11-25;8;805
25;2025-11-25;9;408
25;2025-11-25;10;298
25;2025-11-25;11;334
25;2025-11-25;12;307
25;2025-11-25;13;378
25;2025-11-25;14;355
25;2025-11-25;15;445
25;2025-11-25;16;580
25;2025-11-25;17;630
25;2025-11-25;18;685
25;2025-11-25;19;435
25;2025-11-25;20;252
25;2025-11-25;21;161
25;2025-11-25;22;99
25;2025-11-25;23;4
25;2025-11-26;0;1
25;2025-11-26;1;0
25;2025-11-26;2;0
25;2025-11-26;3;0
25;2025-11-26;4;0
25;2025-11-26;5;8
25;2025-11-26;6;156
25;2025-11-26;7;481
25;2025-11-26;8;814
25;2025-11-26;9;403
25;2025-11-26;10;300
25;2025-11-26;11;332
25;2025-11-26;12;343
25;2025-11-26;13;441
25;2025-11-26;14;364
25;2025-11-26;15;454
25;2025-11-26;16;593
25;2025-11-26;17;679
25;2025-11-26;18;697
25;2025-11-26;19;435
25;2025-11-26;20;283
25;2025-11-26;21;185
25;2025-11-26;22;107
25;2025-11-26;23;5
25;2025-11-27;0;0
25;2025-11-27;1;0
25;2025-11-27;2;0
25;2025-11-27;3;0
25;2025-11-27;4;0
25;2025-11-27;5;7
25;2025-11-27;6;154
25;2025-11-27;7;470
25;2025-11-27;8;797
25;2025-11-27;9;388
25;2025-11-27;10;303
25;2025-11-27;11;312
25;2025-11-27;12;330
25;2025-11-27;13;385
25;2025-11-27;14;373
25;2025-11-27;15;458
25;2025-11-27;16;562
25;2025-11-27;17;670
25;2025-11-27;18;699
25;2025-11-27;19;432
25;2025-11-27;20;258
25;2025-11-27;21;173
25;2025-11-27;22;110
25;2025-11-27;23;6
25;2025-11-28;0;1
25;2025-11-28;1;1
25;2025-11-28;2;0
25;2025-11-28;3;0
25;2025-11-28;4;0
25;2025-11-28;5;8
25;2025-11-28;6;154
25;2025-11-28;7;467
25;2025-11-28;8;751
25;2025-11-28;9;367
25;2025-11-28;10;294
25;2025-11-28;11;339
25;2025-11-28;12;337
25;2025-11-28;13;440
25;2025-11-28;14;408
25;2025-11-28;15;503
25;2025-11-28;16;658
25;2025-11-28;17;680
25;2025-11-28;18;558
25;2025-11-28;19;378
25;2025-11-28;20;244
25;2025-11-28;21;174
25;2025-11-28;22;114
25;2025-11-28;23;12
25;2025-11-29;0;1
25;2025-11-29;1;0
25;2025-11-29;2;0
25;2025-11-29;3;0
25;2025-11-29;4;0
25;2025-11-29;5;4
25;2025-11-29;6;53
25;2025-11-29;7;94
25;2025-11-29;8;188
25;2025-11-29;9;196
25;2025-11-29;10;193
25;2025-11-29;11;259
25;2025-11-29;12;280
25;2025-11-29;13;407
25;2025-11-29;14;427
25;2025-11-29;15;507
25;2025-11-29;16;432
25;2025-11-29;17;363
25;2025-11-29;18;344
25;2025-11-29;19;290
25;2025-11-29;20;184
25;2025-11-29;21;157
25;2025-11-29;22;102
25;2025-11-29;23;45
25;2025-11-30;0;14
25;2025-11-30;1;0
25;2025-11-30;2;0
25;2025-11-30;3;0
25;2025-11-30;4;0
25;2025-11-30;5;6
25;2025-11-30;6;47
25;2025-11-30;7;72
25;2025-11-30;8;128
25;2025-11-30;9;149
25;2025-11-30;10;166
25;2025-11-30;11;201
25;2025-11-30;12;265
25;2025-11-30;13;321
25;2025-11-30;14;368
25;2025-11-30;15;431
25;2025-11-30;16;361
25;2025-11-30;17;326
25;2025-11-30;18;293
25;2025-11-30;19;221
25;2025-11-30;20;164
25;2025-11-30;21;131
25;2025-11-30;22;87
25;2025-11-30;23;34
25;2025-12-01;0;7
25;2025-12-01;1;0
25;2025-12-01;2;0
25;2025-12-01;3;0
25;2025-12-01;4;0
25;2025-12-01;5;6
25;2025-12-01;6;139
25;2025-12-01;7;435
25;2025-12-01;8;676
25;2025-12-01;9;346
25;2025-12-01;10;242
25;2025-12-01;11;265
25;2025-12-01;12;292
25;2025-12-01;13;411
25;2025-12-01;14;307
25;2025-12-01;15;361
25;2025-12-01;16;518
25;2025-12-01;17;564
25;2025-12-01;18;583
25;2025-12-01;19;373
25;2025-12-01;20;220
25;2025-12-01;21;147
25;2025-12-01;22;74
25;2025-12-01;23;10
25;2025-12-02;0;0
25;2025-12-02;1;0
25;2025-12-02;2;0
25;2025-12-02;3;0
25;2025-12-02;4;0
25;2025-12-02;5;6
25;2025-12-02;6;141
25;2025-12-02;7;429
25;2025-12-02;8;687
25;2025-12-02;9;368
25;2025-12-02;10;275
25;2025-12-02;11;313
25;2025-12-02;12;285
25;2025-12-02;13;353
25;2025-12-02;14;334
25;2025-12-02;15;405
25;2025-12-02;16;494
25;2025-12-02;17;531
25;2025-12-02;18;577
25;2025-12-02;19;403
25;2025-12-02;20;235
25;2025-12-02;21;150
25;2025-12-02;22;83
25;2025-12-02;23;6
25;2025-12-03;0;1
25;2025-12-03;1;1
25;2025-12-03;2;0
25;2025-12-03;3;0
25;2025-12-03;4;0
25;2025-12-03;5;7
25;2025-12-03;6;140
25;2025-12-03;7;432
25;2025-12-03;8;699
25;2025-12-03;9;374
25;2025-12-03;10;273
25;2025-12-03;11;313
25;2025-12-03;12;326
25;2025-12-03;13;417
25;2025-12-03;14;344
25;2025-12-03;15;426
25;2025-12-03;16;515
25;2025-12-03;17;589
25;2025-12-03;18;592
25;2025-12-03;19;405
25;2025-12-03;20;259
25;2025-12-03;21;167
25;2025-12-03;22;92
25;2025-12-03;23;5
25;2025-12-04;0;1
25;2025-12-04;1;0
25;2025-12-04;2;0
25;2025-12-04;3;0
25;2025-12-04;4;0
25;2025-12-04;5;6
25;2025-12-04;6;142
25;2025-12-04;7;426
25;2025-12-04;8;681
25;2025-12-04;9;358
25;2025-12-04;10;279
25;2025-12-04;11;288
25;2025-12-04;12;308
25;2025-12-04;13;369
25;2025-12-04;14;355
25;2025-12-04;15;418
25;2025-12-04;16;490
25;2025-12-04;17;587
25;2025-12-04;18;599
25;2025-12-04;19;397
25;2025-12-04;20;234
25;2025-12-04;21;162
25;2025-12-04;22;98
25;2025-12-04;23;8
25;2025-12-05;0;2
25;2025-12-05;1;0
25;2025-12-05;2;0
25;2025-12-05;3;0
25;2025-12-05;4;0
25;2025-12-05;5;7
25;2025-12-05;6;140
25;2025-12-05;7;424
25;2025-12-05;8;642
25;2025-12-05;9;339
25;2025-12-05;10;266
25;2025-12-05;11;313
25;2025-12-05;12;319
25;2025-12-05;13;401
25;2025-12-05;14;383
25;2025-12-05;15;453
25;2025-12-05;16;572
25;2025-12-05;17;593
25;2025-12-05;18;498
25;2025-12-05;19;366
25;2025-12-05;20;228
25;2025-12-05;21;165
25;2025-12-05;22;103
25;2025-12-05;23;16
25;2025-12-06;0;1
25;2025-12-06;1;0
25;2025-12-06;2;0
25;2025-12-06;3;0
25;2025-12-06;4;0
25;2025-12-06;5;8
25;2025-12-06;6;59
25;2025-12-06;7;92
25;2025-12-06;8;194
25;2025-12-06;9;196
25;2025-12-06;10;196
25;2025-12-06;11;259
25;2025-12-06;12;284
25;2025-12-06;13;408
25;2025-12-06;14;439
25;2025-12-06;15;486
25;2025-12-06;16;429
25;2025-12-06;17;372
25;2025-12-06;18;351
25;2025-12-06;19;300
25;2025-12-06;20;193
25;2025-12-06;21;163
25;2025-12-06;22;108
25;2025-12-06;23;56
25;2025-12-07;0;13
25;2025-12-07;1;0
25;2025-12-07;2;0
25;2025-12-07;3;0
25;2025-12-07;4;0
25;2025-12-07;5;8
25;2025-12-07;6;46
25;2025-12-07;7;63
25;2025-12-07;8;122
25;2025-12-07;9;137
25;2025-12-07;10;151
25;2025-12-07;11;192
25;2025-12-07;12;264
25;2025-12-07;13;327
25;2025-12-07;14;375
25;2025-12-07;15;446
25;2025-12-07;16;379
25;2025-12-07;17;343
25;2025-12-07;18;310
25;2025-12-07;19;233
25;2025-12-07;20;173
25;2025-12-07;21;140
25;2025-12-07;22;92
25;2025-12-07;23;45
25;2025-12-08;0;8
25;2025-12-08;1;0
25;2025-12-08;2;0
25;2025-12-08;3;0
25;2025-12-08;4;0
25;2025-12-08;5;12
25;2025-12-08;6;133
25;2025-12-08;7;414
25;2025-12-08;8;650
25;2025-12-08;9;334
25;2025-12-08;10;227
25;2025-12-08;11;257
25;2025-12-08;12;287
25;2025-12-08;13;404
25;2025-12-08;14;312
25;2025-12-08;15;371
25;2025-12-08;16;530
25;2025-12-08;17;561
25;2025-12-08;18;567
25;2025-12-08;19;382
25;2025-12-08;20;220
25;2025-12-08;21;150
25;2025-12-08;22;76
25;2025-12-08;23;19
25;2025-12-09;0;0
25;2025-12-09;1;0
25;2025-12-09;2;0
25;2025-12-09;3;0
25;2025-12-09;4;0
25;2025-12-09;5;8
25;2025-12-09;6;124
25;2025-12-09;7;388
25;2025-12-09;8;619
25;2025-12-09;9;346
25;2025-12-09;10;256
25;2025-12-09;11;299
25;2025-12-09;12;270
25;2025-12-09;13;342
25;2025-12-09;14;324
25;2025-12-09;15;408
25;2025-12-09;16;484
25;2025-12-09;17;498
25;2025-12-09;18;536
25;2025-12-09;19;404
25;2025-12-09;20;230
25;2025-12-09;21;142
25;2025-12-09;22;84
25;2025-12-09;23;19
25;2025-12-10;0;2
25;2025-12-10;1;0
25;2025-12-10;2;0
25;2025-12-10;3;0
25;2025-12-10;4;0
25;2025-12-10;5;3
25;2025-12-10;6;86
25;2025-12-10;7;350
25;2025-12-10;8;536
25;2025-12-10;9;296
25;2025-12-10;10;200
25;2025-12-10;11;247
25;2025-12-10;12;250
25;2025-12-10;13;335
25;2025-12-10;14;281
25;2025-12-10;15;351
25;2025-12-10;16;430
25;2025-12-10;17;466
25;2025-12-10;18;461
25;2025-12-10;19;333
25;2025-12-10;20;195
25;2025-12-10;21;110
25;2025-12-10;22;33
25;2025-12-10;23;0
25;2025-12-11;0;0
25;2025-12-11;1;0
25;2025-12-11;2;0
25;2025-12-11;3;0
25;2025-12-11;4;0
25;2025-12-11;5;0
25;2025-12-11;6;98
25;2025-12-11;7;357
25;2025-12-11;8;552
25;2025-12-11;9;303
25;2025-12-11;10;229
25;2025-12-11;11;241
25;2025-12-11;12;258
25;2025-12-11;13;327
25;2025-12-11;14;312
25;2025-12-11;15;375
25;2025-12-11;16;438
25;2025-12-11;17;474
25;2025-12-11;18;490
25;2025-12-11;19;345
25;2025-12-11;20;189
25;2025-12-11;21;114
25;2025-12-11;22;44
25;2025-12-11;23;7
25;2025-12-12;0;0
25;2025-12-12;1;0
25;2025-12-12;2;0
25;2025-12-12;3;0
25;2025-12-12;4;0
25;2025-12-12;5;5
25;2025-12-12;6;86
25;2025-12-12;7;348
25;2025-12-12;8;513
25;2025-12-12;9;261
25;2025-12-12;10;206
25;2025-12-12;11;247
25;2025-12-12;12;257
25;2025-12-12;13;343
25;2025-12-12;14;325
25;2025-12-12;15;391
25;2025-12-12;16;486
25;2025-12-12;17;482
25;2025-12-12;18;440
25;2025-12-12;19;317
25;2025-12-12;20;183
25;2025-12-12;21;115
25;2025-12-12;22;64
25;2025-12-12;23;10
25;2025-12-13;0;2
25;2025-12-13;1;0
25;2025-12-13;2;0
25;2025-12-13;3;0
25;2025-12-13;4;0
25;2025-12-13;5;0
25;2025-12-13;6;21
25;2025-12-13;7;46
25;2025-12-13;8;157
25;2025-12-13;9;153
25;2025-12-13;10;156
25;2025-12-13;11;228
25;2025-12-13;12;247
25;2025-12-13;13;375
25;2025-12-13;14;389
25;2025-12-13;15;433
25;2025-12-13;16;395
25;2025-12-13;17;342
25;2025-12-13;18;321
25;2025-12-13;19;279
25;2025-12-13;20;165
25;2025-12-13;21;126
25;2025-12-13;22;58
25;2025-12-13;23;29
25;2025-12-14;0;0
25;2025-12-14;1;0
25;2025-12-14;2;0
25;2025-12-14;3;0
25;2025-12-14;4;0
25;2025-12-14;5;4
25;2025-12-14;6;5
25;2025-12-14;7;8
25;2025-12-14;8;71
25;2025-12-14;9;79
25;2025-12-14;10;104
25;2025-12-14;11;139
25;2025-12-14;12;218
25;2025-12-14;13;288
25;2025-12-14;14;335
25;2025-12-14;15;391
25;2025-12-14;16;332
25;2025-12-14;17;293
25;2025-12-14;18;261
25;2025-12-14;19;188
25;2025-12-14;20;119
25;2025-12-14;21;79
25;2025-12-14;22;31
25;2025-12-14;23;2
25;2025-12-15;0;0
25;2025-12-15;1;0
25;2025-12-15;2;0
25;2025-12-15;3;0
25;2025-12-15;4;0
25;2025-12-15;5;4
25;2025-12-15;6;89
25;2025-12-15;7;347
25;2025-12-15;8;543
25;2025-12-15;9;273
25;2025-12-15;10;175
25;2025-12-15;11;220
25;2025-12-15;12;238
25;2025-12-15;13;360
25;2025-12-15;14;266
25;2025-12-15;15;326
25;2025-12-15;16;462
25;2025-12-15;17;470
25;2025-12-15;18;479
25;2025-12-15;19;330
25;2025-12-15;20;169
25;2025-12-15;21;93
25;2025-12-15;22;15
25;2025-12-15;23;2
25;2025-12-16;0;0
25;2025-12-16;1;0
25;2025-12-16;2;0
25;2025-12-16;3;0
25;2025-12-16;4;0
25;2025-12-16;5;0
25;2025-12-16;6;87
25;2025-12-16;7;325
25;2025-12-16;8;544
25;2025-12-16;9;292
25;2025-12-16;10;218
25;2025-12-16;11;267
25;2025-12-16;12;228
25;2025-12-16;13;303
25;2025-12-16;14;284
25;2025-12-16;15;357
25;2025-12-16;16;439
25;2025-12-16;17;451
25;2025-12-16;18;491
25;2025-12-16;19;373
25;2025-12-16;20;201
25;2025-12-16;21;98
25;2025-12-16;22;30
25;2025-12-16;23;3
25;2025-12-17;0;0
25;2025-12-17;1;0
25;2025-12-17;2;0
25;2025-12-17;3;0
25;2025-12-17;4;0
25;2025-12-17;5;5
25;2025-12-17;6;85
25;2025-12-17;7;347
25;2025-12-17;8;538
25;2025-12-17;9;296
25;2025-12-17;10;202
25;2025-12-17;11;249
25;2025-12-17;12;262
25;2025-12-17;13;357
25;2025-12-17;14;291
25;2025-12-17;15;371
25;2025-12-17;16;447
25;2025-12-17;17;477
25;2025-12-17;18;468
25;2025-12-17;19;349
25;2025-12-17;20;207
25;2025-12-17;21;117
25;2025-12-17;22;40
25;2025-12-17;23;1
25;2025-12-18;0;0
25;2025-12-18;1;0
25;2025-12-18;2;0
25;2025-12-18;3;0
25;2025-12-18;4;0
25;2025-12-18;5;0
25;2025-12-18;6;85
25;2025-12-18;7;341
25;2025-12-18;8;527
25;2025-12-18;9;283
25;2025-12-18;10;218
25;2025-12-18;11;233
25;2025-12-18;12;255
25;2025-12-18;13;311
25;2025-12-18;14;299
25;2025-12-18;15;362
25;2025-12-18;16;423
25;2025-12-18;17;470
25;2025-12-18;18;492
25;2025-12-18;19;341
25;2025-12-18;20;185
25;2025-12-18;21;103
25;2025-12-18;22;43
25;2025-12-18;23;0
25;2025-12-19;0;0
25;2025-12-19;1;0
25;2025-12-19;2;0
25;2025-12-19;3;0
25;2025-12-19;4;0
25;2025-12-19;5;0
25;2025-12-19;6;86
25;2025-12-19;7;332
25;2025-12-19;8;506
25;2025-12-19;9;263
25;2025-12-19;10;195
25;2025-12-19;11;251
25;2025-12-19;12;256
25;2025-12-19;13;343
25;2025-12-19;14;324
25;2025-12-19;15;376
25;2025-12-19;16;479
25;2025-12-19;17;470
25;2025-12-19;18;419
25;2025-12-19;19;309
25;2025-12-19;20;175
25;2025-12-19;21;104
25;2025-12-19;22;44
25;2025-12-19;23;2
25;2025-12-20;0;0
25;2025-12-20;1;0
25;2025-12-20;2;0
25;2025-12-20;3;0
25;2025-12-20;4;0
25;2025-12-20;5;1
25;2025-12-20;6;19
25;2025-12-20;7;31
25;2025-12-20;8;137
25;2025-12-20;9;130
25;2025-12-20;10;131
25;2025-12-20;11;208
25;2025-12-20;12;223
25;2025-12-20;13;352
25;2025-12-20;14;371
25;2025-12-20;15;409
25;2025-12-20;16;366
25;2025-12-20;17;324
25;2025-12-20;18;302
25;2025-12-20;19;257
25;2025-12-20;20;148
25;2025-12-20;21;114
25;2025-12-20;22;46
25;2025-12-20;23;19
25;2025-12-21;0;0
25;2025-12-21;1;0
25;2025-12-21;2;0
25;2025-12-21;3;0
25;2025-12-21;4;0
25;2025-12-21;5;1
25;2025-12-21;6;10
25;2025-12-21;7;12
25;2025-12-21;8;76
25;2025-12-21;9;76
25;2025-12-21;10;91
25;2025-12-21;11;137
25;2025-12-21;12;199
25;2025-12-21;13;273
25;2025-12-21;14;311
25;2025-12-21;15;367
25;2025-12-21;16;324
25;2025-12-21;17;286
25;2025-12-21;18;258
25;2025-12-21;19;188
25;2025-12-21;20;117
25;2025-12-21;21;78
25;2025-12-21;22;31
25;2025-12-21;23;10
25;2025-12-22;0;0
25;2025-12-22;1;0
25;2025-12-22;2;0
25;2025-12-22;3;0
25;2025-12-22;4;0
25;2025-12-22;5;5
25;2025-12-22;6;89
25;2025-12-22;7;339
25;2025-12-22;8;541
25;2025-12-22;9;275
25;2025-12-22;10;187
25;2025-12-22;11;219
25;2025-12-22;12;249
25;2025-12-22;13;368
25;2025-12-22;14;267
25;2025-12-22;15;336
25;2025-12-22;16;467
25;2025-12-22;17;483
25;2025-12-22;18;498
25;2025-12-22;19;335
25;2025-12-22;20;198
25;2025-12-22;21;115
25;2025-12-22;22;29
25;2025-12-22;23;14
25;2025-12-23;0;2
25;2025-12-23;1;0
25;2025-12-23;2;0
25;2025-12-23;3;0
25;2025-12-23;4;0
25;2025-12-23;5;0
25;2025-12-23;6;95
25;2025-12-23;7;356
25;2025-12-23;8;565
25;2025-12-23;9;314
25;2025-12-23;10;223
25;2025-12-23;11;275
25;2025-12-23;12;247
25;2025-12-23;13;321
25;2025-12-23;14;301
25;2025-12-23;15;377
25;2025-12-23;16;447
25;2025-12-23;17;447
25;2025-12-23;18;487
25;2025-12-23;19;354
25;2025-12-23;20;190
25;2025-12-23;21;90
25;2025-12-23;22;23
25;2025-12-23;23;0
25;2025-12-24;0;0
25;2025-12-24;1;0
25;2025-12-24;2;0
25;2025-12-24;3;0
25;2025-12-24;4;0
25;2025-12-24;5;0
25;2025-12-24;6;77
25;2025-12-24;7;330
25;2025-12-24;8;523
25;2025-12-24;9;282
25;2025-12-24;10;189
25;2025-12-24;11;258
25;2025-12-24;12;271
25;2025-12-24;13;368
25;2025-12-24;14;295
25;2025-12-24;15;386
25;2025-12-24;16;457
25;2025-12-24;17;475
25;2025-12-24;18;459
25;2025-12-24;19;353
25;2025-12-24;20;205
25;2025-12-24;21;104
25;2025-12-24;22;30
25;2025-12-24;23;0
25;2025-12-25;0;0
25;2025-12-25;1;0
25;2025-12-25;2;0
25;2025-12-25;3;0
25;2025-12-25;4;0
25;2025-12-25;5;0
25;2025-12-25;6;71
25;2025-12-25;7;316
25;2025-12-25;8;511
25;2025-12-25;9;271
25;2025-12-25;10;200
25;2025-12-25;11;220
25;2025-12-25;12;246
25;2025-12-25;13;309
25;2025-12-25;14;306
25;2025-12-25;15;375
25;2025-12-25;16;435
25;2025-12-25;17;483
25;2025-12-25;18;491
25;2025-12-25;19;345
25;2025-12-25;20;190
25;2025-12-25;21;118
25;2025-12-25;22;51
25;2025-12-25;23;11
25;2025-12-26;0;1
25;2025-12-26;1;0
25;2025-12-26;2;0
25;2025-12-26;3;0
25;2025-12-26;4;0
25;2025-12-26;5;9
25;2025-12-26;6;79
25;2025-12-26;7;333
25;2025-12-26;8;503
25;2025-12-26;9;276
25;2025-12-26;10;205
25;2025-12-26;11;256
25;2025-12-26;12;267
25;2025-12-26;13;351
25;2025-12-26;14;331
25;2025-12-26;15;399
25;2025-12-26;16;493
25;2025-12-26;17;486
25;2025-12-26;18;428
25;2025-12-26;19;316
25;2025-12-26;20;180
25;2025-12-26;21;119
25;2025-12-26;22;59
25;2025-12-26;23;15
25;2025-12-27;0;2
25;2025-12-27;1;0
25;2025-12-27;2;0
25;2025-12-27;3;0
25;2025-12-27;4;0
25;2025-12-27;5;8
25;2025-12-27;6;16
25;2025-12-27;7;32
25;2025-12-27;8;133
25;2025-12-27;9;122
25;2025-12-27;10;120
25;2025-12-27;11;194
25;2025-12-27;12;220
25;2025-12-27;13;348
25;2025-12-27;14;371
25;2025-12-27;15;419
25;2025-12-27;16;363
25;2025-12-27;17;312
25;2025-12-27;18;287
25;2025-12-27;19;245
25;2025-12-27;20;128
25;2025-12-27;21;106
25;2025-12-27;22;53
25;2025-12-27;23;20
25;2025-12-28;0;0
25;2025-12-28;1;0
25;2025-12-28;2;0
25;2025-12-28;3;0
25;2025-12-28;4;0
25;2025-12-28;5;0
25;2025-12-28;6;0
25;2025-12-28;7;0
25;2025-12-28;8;65
25;2025-12-28;9;67
25;2025-12-28;10;91
25;2025-12-28;11;136
25;2025-12-28;12;206
25;2025-12-28;13;271
25;2025-12-28;14;318
25;2025-12-28;15;375
25;2025-12-28;16;319
25;2025-12-28;17;273
25;2025-12-28;18;247
25;2025-12-28;19;166
25;2025-12-28;20;108
25;2025-12-28;21;81
25;2025-12-28;22;30
25;2025-12-28;23;3
25;2025-12-29;0;0
25;2025-12-29;1;0
25;2025-12-29;2;0
25;2025-12-29;3;0
25;2025-12-29;4;0
25;2025-12-29;5;0
25;2025-12-29;6;74
25;2025-12-29;7;306
25;2025-12-29;8;493
25;2025-12-29;9;260
25;2025-12-29;10;172
25;2025-12-29;11;206
25;2025-12-29;12;238
25;2025-12-29;13;349
25;2025-12-29;14;262
25;2025-12-29;15;329
25;2025-12-29;16;455
25;2025-12-29;17;456
25;2025-12-29;18;433
25;2025-12-29;19;316
25;2025-12-29;20;165
25;2025-12-29;21;100
25;2025-12-29;22;19
25;2025-12-29;23;4
25;2025-12-30;0;0
25;2025-12-30;1;0
25;2025-12-30;2;0
25;2025-12-30;3;0
25;2025-12-30;4;0
25;2025-12-30;5;0
25;2025-12-30;6;70
25;2025-12-30;7;281
25;2025-12-30;8;485
25;2025-12-30;9;269
25;2025-12-30;10;185
25;2025-12-30;11;237
25;2025-12-30;12;219
25;2025-12-30;13;285
25;2025-12-30;14;281
25;2025-12-30;15;350
25;2025-12-30;16;419
25;2025-12-30;17;412
25;2025-12-30;18;406
25;2025-12-30;19;329
25;2025-12-30;20;172
25;2025-12-30;21;91
25;2025-12-30;22;24
25;2025-12-30;23;0
25;2025-12-31;0;1
25;2025-12-31;1;0
25;2025-12-31;2;0
25;2025-12-31;3;0
25;2025-12-31;4;0
25;2025-12-31;5;0
25;2025-12-31;6;0
25;2025-12-31;7;128
25;2025-12-31;8;38
25;2025-12-31;9;141
25;2025-12-31;10;89
25;2025-12-31;11;135
25;2025-12-31;12;163
25;2025-12-31;13;253
25;2025-12-31;14;234
25;2025-12-31;15;289
25;2025-12-31;16;220
25;2025-12-31;17;177
25;2025-12-31;18;116
25;2025-12-31;19;247
25;2025-12-31;20;137
25;2025-12-31;21;67
25;2025-12-31;22;22
25;2025-12-31;23;6
26;2025-11-01;0;42
26;2025-11-01;1;1
26;2025-11-01;2;0
26;2025-11-01;3;0
26;2025-11-01;4;3
26;2025-11-01;5;45
26;2025-11-01;6;217
26;2025-11-01;7;315
26;2025-11-01;8;538
26;2025-11-01;9;625
26;2025-11-01;10;733
26;2025-11-01;11;907
26;2025-11-01;12;958
26;2025-11-01;13;983
26;2025-11-01;14;1071
26;2025-11-01;15;970
26;2025-11-01;16;940
26;2025-11-01;17;891
26;2025-11-01;18;789
26;2025-11-01;19;720
26;2025-11-01;20;518
26;2025-11-01;21;349
26;2025-11-01;22;173
26;2025-11-01;23;152
26;2025-11-02;0;44
26;2025-11-02;1;3
26;2025-11-02;2;0
26;2025-11-02;3;1
26;2025-11-02;4;0
26;2025-11-02;5;30
26;2025-11-02;6;147
26;2025-11-02;7;212
26;2025-11-02;8;319
26;2025-11-02;9;421
26;2025-11-02;10;490
26;2025-11-02;11;616
26;2025-11-02;12;701
26;2025-11-02;13;732
26;2025-11-02;14;767
26;2025-11-02;15;715
26;2025-11-02;16;707
26;2025-11-02;17;674
26;2025-11-02;18;612
26;2025-11-02;19;476
26;2025-11-02;20;365
26;2025-11-02;21;245
26;2025-11-02;22;167
26;2025-11-02;23;93
26;2025-11-03;0;24
26;2025-11-03;1;1
26;2025-11-03;2;0
26;2025-11-03;3;1
26;2025-11-03;4;2
26;2025-11-03;5;49
26;2025-11-03;6;316
26;2025-11-03;7;443
26;2025-11-03;8;570
26;2025-11-03;9;507
26;2025-11-03;10;595
26;2025-11-03;11;631
26;2025-11-03;12;665
26;2025-11-03;13;668
26;2025-11-03;14;688
26;2025-11-03;15;688
26;2025-11-03;16;692
26;2025-11-03;17;683
26;2025-11-03;18;691
26;2025-11-03;19;664
26;2025-11-03;20;416
26;2025-11-03;21;345
26;2025-11-03;22;182
26;2025-11-03;23;91
26;2025-11-04;0;24
26;2025-11-04;1;1
26;2025-11-04;2;0
26;2025-11-04;3;2
26;2025-11-04;4;2
26;2025-11-04;5;45
26;2025-11-04;6;326
26;2025-11-04;7;420
26;2025-11-04;8;559
26;2025-11-04;9;482
26;2025-11-04;10;560
26;2025-11-04;11;578
26;2025-11-04;12;605
26;2025-11-04;13;642
26;2025-11-04;14;715
26;2025-11-04;15;715
26;2025-11-04;16;662
26;2025-11-04;17;652
26;2025-11-04;18;662
26;2025-11-04;19;614
26;2025-11-04;20;445
26;2025-11-04;21;344
26;2025-11-04;22;185
26;2025-11-04;23;102
26;2025-11-05;0;31
26;2025-11-05;1;0
26;2025-11-05;2;0
26;2025-11-05;3;2
26;2025-11-05;4;5
26;2025-11-05;5;83
26;2025-11-05;6;451
26;2025-11-05;7;962
26;2025-11-05;8;2022
26;2025-11-05;9;1315
26;2025-11-05;10;1055
26;2025-11-05;11;941
26;2025-11-05;12;1015
26;2025-11-05;13;1067
26;2025-11-05;14;1125
26;2025-11-05;15;1182
26;2025-11-05;16;1358
26;2025-11-05;17;1537
26;2025-11-05;18;1682
26;2025-11-05;19;1132
26;2025-11-05;20;692
26;2025-11-05;21;430
26;2025-11-05;22;208
26;2025-11-05;23;101
26;2025-11-06;0;27
26;2025-11-06;1;0
26;2025-11-06;2;0
26;2025-11-06;3;0
26;2025-11-06;4;1
26;2025-11-06;5;83
26;2025-11-06;6;467
26;2025-11-06;7;976
26;2025-11-06;8;2014
26;2025-11-06;9;1325
26;2025-11-06;10;1061
26;2025-11-06;11;996
26;2025-11-06;12;1015
26;2025-11-06;13;1086
26;2025-11-06;14;1110
26;2025-11-06;15;1205
26;2025-11-06;16;1377
26;2025-11-06;17;1593
26;2025-11-06;18;1764
26;2025-11-06;19;1134
26;2025-11-06;20;688
26;2025-11-06;21;423
26;2025-11-06;22;210
26;2025-11-06;23;106
26;2025-11-07;0;29
26;2025-11-07;1;2
26;2025-11-07;2;0
26;2025-11-07;3;0
26;2025-11-07;4;2
26;2025-11-07;5;80
26;2025-11-07;6;468
26;2025-11-07;7;949
26;2025-11-07;8;1867
26;2025-11-07;9;1274
26;2025-11-07;10;1060
26;2025-11-07;11;940
26;2025-11-07;12;1001
26;2025-11-07;13;1089
26;2025-11-07;14;1107
26;2025-11-07;15;1265
26;2025-11-07;16;1531
26;2025-11-07;17;1610
26;2025-11-07;18;1271
26;2025-11-07;19;979
26;2025-11-07;20;650
26;2025-11-07;21;403
26;2025-11-07;22;205
26;2025-11-07;23;133
26;2025-11-08;0;40
26;2025-11-08;1;2
26;2025-11-08;2;0
26;2025-11-08;3;0
26;2025-11-08;4;4
26;2025-11-08;5;44
26;2025-11-08;6;233
26;2025-11-08;7;327
26;2025-11-08;8;518
26;2025-11-08;9;607
26;2025-11-08;10;706
26;2025-11-08;11;852
26;2025-11-08;12;905
26;2025-11-08;13;937
26;2025-11-08;14;966
26;2025-11-08;15;900
26;2025-11-08;16;889
26;2025-11-08;17;834
26;2025-11-08;18;785
26;2025-11-08;19;722
26;2025-11-08;20;501
26;2025-11-08;21;336
26;2025-11-08;22;199
26;2025-11-08;23;133
26;2025-11-09;0;46
26;2025-11-09;1;7
26;2025-11-09;2;0
26;2025-11-09;3;0
26;2025-11-09;4;0
26;2025-11-09;5;30
26;2025-11-09;6;158
26;2025-11-09;7;229
26;2025-11-09;8;338
26;2025-11-09;9;468
26;2025-11-09;10;534
26;2025-11-09;11;708
26;2025-11-09;12;769
26;2025-11-09;13;782
26;2025-11-09;14;771
26;2025-11-09;15;721
26;2025-11-09;16;721
26;2025-11-09;17;715
26;2025-11-09;18;642
26;2025-11-09;19;482
26;2025-11-09;20;366
26;2025-11-09;21;249
26;2025-11-09;22;170
26;2025-11-09;23;94
26;2025-11-10;0;26
26;2025-11-10;1;1
26;2025-11-10;2;0
26;2025-11-10;3;0
26;2025-11-10;4;2
26;2025-11-10;5;83
26;2025-11-10;6;483
26;2025-11-10;7;993
26;2025-11-10;8;1997
26;2025-11-10;9;1317
26;2025-11-10;10;1070
26;2025-11-10;11;925
26;2025-11-10;12;967
26;2025-11-10;13;1052
26;2025-11-10;14;1071
26;2025-11-10;15;1152
26;2025-11-10;16;1350
26;2025-11-10;17;1585
26;2025-11-10;18;1784
26;2025-11-10;19;1170
26;2025-11-10;20;725
26;2025-11-10;21;395
26;2025-11-10;22;195
26;2025-11-10;23;94
26;2025-11-11;0;24
26;2025-11-11;1;1
26;2025-11-11;2;0
26;2025-11-11;3;0
26;2025-11-11;4;3
26;2025-11-11;5;79
26;2025-11-11;6;495
26;2025-11-11;7;1016
26;2025-11-11;8;2052
26;2025-11-11;9;1347
26;2025-11-11;10;1064
26;2025-11-11;11;1008
26;2025-11-11;12;1038
26;2025-11-11;13;1046
26;2025-11-11;14;1084
26;2025-11-11;15;1177
26;2025-11-11;16;1370
26;2025-11-11;17;1608
26;2025-11-11;18;1797
26;2025-11-11;19;1198
26;2025-11-11;20;745
26;2025-11-11;21;416
26;2025-11-11;22;202
26;2025-11-11;23;105
26;2025-11-12;0;29
26;2025-11-12;1;0
26;2025-11-12;2;0
26;2025-11-12;3;2
26;2025-11-12;4;5
26;2025-11-12;5;82
26;2025-11-12;6;471
26;2025-11-12;7;1005
26;2025-11-12;8;2068
26;2025-11-12;9;1354
26;2025-11-12;10;1082
26;2025-11-12;11;963
26;2025-11-12;12;1037
26;2025-11-12;13;1059
26;2025-11-12;14;1123
26;2025-11-12;15;1184
26;2025-11-12;16;1359
26;2025-11-12;17;1542
26;2025-11-12;18;1680
26;2025-11-12;19;1143
26;2025-11-12;20;722
26;2025-11-12;21;444
26;2025-11-12;22;207
26;2025-11-12;23;110
26;2025-11-13;0;28
26;2025-11-13;1;0
26;2025-11-13;2;0
26;2025-11-13;3;0
26;2025-11-13;4;2
26;2025-11-13;5;80
26;2025-11-13;6;471
26;2025-11-13;7;995
26;2025-11-13;8;2069
26;2025-11-13;9;1339
26;2025-11-13;10;1072
26;2025-11-13;11;1013
26;2025-11-13;12;1015
26;2025-11-13;13;1093
26;2025-11-13;14;1118
26;2025-11-13;15;1226
26;2025-11-13;16;1396
26;2025-11-13;17;1608
26;2025-11-13;18;1778
26;2025-11-13;19;1153
26;2025-11-13;20;726
26;2025-11-13;21;426
26;2025-11-13;22;208
26;2025-11-13;23;109
26;2025-11-14;0;25
26;2025-11-14;1;0
26;2025-11-14;2;0
26;2025-11-14;3;0
26;2025-11-14;4;1
26;2025-11-14;5;80
26;2025-11-14;6;487
26;2025-11-14;7;971
26;2025-11-14;8;1860
26;2025-11-14;9;1298
26;2025-11-14;10;1073
26;2025-11-14;11;963
26;2025-11-14;12;1022
26;2025-11-14;13;1088
26;2025-11-14;14;1109
26;2025-11-14;15;1266
26;2025-11-14;16;1521
26;2025-11-14;17;1593
26;2025-11-14;18;1289
26;2025-11-14;19;993
26;2025-11-14;20;674
26;2025-11-14;21;396
26;2025-11-14;22;201
26;2025-11-14;23;132
26;2025-11-15;0;31
26;2025-11-15;1;3
26;2025-11-15;2;0
26;2025-11-15;3;0
26;2025-11-15;4;3
26;2025-11-15;5;40
26;2025-11-15;6;227
26;2025-11-15;7;315
26;2025-11-15;8;496
26;2025-11-15;9;591
26;2025-11-15;10;661
26;2025-11-15;11;841
26;2025-11-15;12;888
26;2025-11-15;13;911
26;2025-11-15;14;960
26;2025-11-15;15;902
26;2025-11-15;16;890
26;2025-11-15;17;838
26;2025-11-15;18;782
26;2025-11-15;19;738
26;2025-11-15;20;515
26;2025-11-15;21;337
26;2025-11-15;22;202
26;2025-11-15;23;136
26;2025-11-16;0;42
26;2025-11-16;1;3
26;2025-11-16;2;0
26;2025-11-16;3;0
26;2025-11-16;4;1
26;2025-11-16;5;26
26;2025-11-16;6;152
26;2025-11-16;7;230
26;2025-11-16;8;335
26;2025-11-16;9;480
26;2025-11-16;10;554
26;2025-11-16;11;759
26;2025-11-16;12;815
26;2025-11-16;13;837
26;2025-11-16;14;799
26;2025-11-16;15;743
26;2025-11-16;16;730
26;2025-11-16;17;718
26;2025-11-16;18;649
26;2025-11-16;19;492
26;2025-11-16;20;369
26;2025-11-16;21;248
26;2025-11-16;22;168
26;2025-11-16;23;93
26;2025-11-17;0;23
26;2025-11-17;1;1
26;2025-11-17;2;0
26;2025-11-17;3;0
26;2025-11-17;4;1
26;2025-11-17;5;83
26;2025-11-17;6;483
26;2025-11-17;7;1018
26;2025-11-17;8;2038
26;2025-11-17;9;1337
26;2025-11-17;10;1076
26;2025-11-17;11;944
26;2025-11-17;12;977
26;2025-11-17;13;1017
26;2025-11-17;14;1058
26;2025-11-17;15;1151
26;2025-11-17;16;1345
26;2025-11-17;17;1574
26;2025-11-17;18;1782
26;2025-11-17;19;1168
26;2025-11-17;20;726
26;2025-11-17;21;385
26;2025-11-17;22;192
26;2025-11-17;23;93
26;2025-11-18;0;24
26;2025-11-18;1;1
26;2025-11-18;2;0
26;2025-11-18;3;0
26;2025-11-18;4;4
26;2025-11-18;5;83
26;2025-11-18;6;499
26;2025-11-18;7;1045
26;2025-11-18;8;2080
26;2025-11-18;9;1387
26;2025-11-18;10;1046
26;2025-11-18;11;1017
26;2025-11-18;12;1050
26;2025-11-18;13;1046
26;2025-11-18;14;1075
26;2025-11-18;15;1176
26;2025-11-18;16;1357
26;2025-11-18;17;1588
26;2025-11-18;18;1784
26;2025-11-18;19;1201
26;2025-11-18;20;749
26;2025-11-18;21;413
26;2025-11-18;22;199
26;2025-11-18;23;97
26;2025-11-19;0;22
26;2025-11-19;1;1
26;2025-11-19;2;0
26;2025-11-19;3;1
26;2025-11-19;4;4
26;2025-11-19;5;81
26;2025-11-19;6;478
26;2025-11-19;7;1020
26;2025-11-19;8;2060
26;2025-11-19;9;1366
26;2025-11-19;10;1086
26;2025-11-19;11;973
26;2025-11-19;12;1045
26;2025-11-19;13;1087
26;2025-11-19;14;1144
26;2025-11-19;15;1206
26;2025-11-19;16;1371
26;2025-11-19;17;1544
26;2025-11-19;18;1696
26;2025-11-19;19;1152
26;2025-11-19;20;732
26;2025-11-19;21;451
26;2025-11-19;22;210
26;2025-11-19;23;108
26;2025-11-20;0;28
26;2025-11-20;1;0
26;2025-11-20;2;0
26;2025-11-20;3;0
26;2025-11-20;4;0
26;2025-11-20;5;83
26;2025-11-20;6;486
26;2025-11-20;7;1004
26;2025-11-20;8;2030
26;2025-11-20;9;1359
26;2025-11-20;10;1088
26;2025-11-20;11;1033
26;2025-11-20;12;1030
26;2025-11-20;13;1110
26;2025-11-20;14;1118
26;2025-11-20;15;1226
26;2025-11-20;16;1390
26;2025-11-20;17;1595
26;2025-11-20;18;1773
26;2025-11-20;19;1153
26;2025-11-20;20;727
26;2025-11-20;21;426
26;2025-11-20;22;207
26;2025-11-20;23;109
26;2025-11-21;0;25
26;2025-11-21;1;0
26;2025-11-21;2;0
26;2025-11-21;3;0
26;2025-11-21;4;1
26;2025-11-21;5;80
26;2025-11-21;6;478
26;2025-11-21;7;989
26;2025-11-21;8;1856
26;2025-11-21;9;1306
26;2025-11-21;10;1084
26;2025-11-21;11;973
26;2025-11-21;12;1020
26;2025-11-21;13;1101
26;2025-11-21;14;1115
26;2025-11-21;15;1269
26;2025-11-21;16;1509
26;2025-11-21;17;1595
26;2025-11-21;18;1294
26;2025-11-21;19;991
26;2025-11-21;20;673
26;2025-11-21;21;403
26;2025-11-21;22;205
26;2025-11-21;23;135
26;2025-11-22;0;40
26;2025-11-22;1;2
26;2025-11-22;2;0
26;2025-11-22;3;0
26;2025-11-22;4;4
26;2025-11-22;5;42
26;2025-11-22;6;234
26;2025-11-22;7;326
26;2025-11-22;8;508
26;2025-11-22;9;615
26;2025-11-22;10;702
26;2025-11-22;11;877
26;2025-11-22;12;906
26;2025-11-22;13;941
26;2025-11-22;14;974
26;2025-11-22;15;894
26;2025-11-22;16;881
26;2025-11-22;17;838
26;2025-11-22;18;781
26;2025-11-22;19;713
26;2025-11-22;20;510
26;2025-11-22;21;337
26;2025-11-22;22;199
26;2025-11-22;23;135
26;2025-11-23;0;45
26;2025-11-23;1;5
26;2025-11-23;2;0
26;2025-11-23;3;1
26;2025-11-23;4;1
26;2025-11-23;5;30
26;2025-11-23;6;158
26;2025-11-23;7;226
26;2025-11-23;8;339
26;2025-11-23;9;471
26;2025-11-23;10;543
26;2025-11-23;11;741
26;2025-11-23;12;818
26;2025-11-23;13;853
26;2025-11-23;14;826
26;2025-11-23;15;782
26;2025-11-23;16;773
26;2025-11-23;17;755
26;2025-11-23;18;668
26;2025-11-23;19;502
26;2025-11-23;20;378
26;2025-11-23;21;251
26;2025-11-23;22;170
26;2025-11-23;23;94
26;2025-11-24;0;26
26;2025-11-24;1;3
26;2025-11-24;2;0
26;2025-11-24;3;0
26;2025-11-24;4;1
26;2025-11-24;5;87
26;2025-11-24;6;485
26;2025-11-24;7;1023
26;2025-11-24;8;1996
26;2025-11-24;9;1353
26;2025-11-24;10;1069
26;2025-11-24;11;906
26;2025-11-24;12;973
26;2025-11-24;13;1055
26;2025-11-24;14;1068
26;2025-11-24;15;1140
26;2025-11-24;16;1339
26;2025-11-24;17;1568
26;2025-11-24;18;1768
26;2025-11-24;19;1178
26;2025-11-24;20;727
26;2025-11-24;21;403
26;2025-11-24;22;194
26;2025-11-24;23;92
26;2025-11-25;0;24
26;2025-11-25;1;0
26;2025-11-25;2;0
26;2025-11-25;3;0
26;2025-11-25;4;1
26;2025-11-25;5;84
26;2025-11-25;6;500
26;2025-11-25;7;1031
26;2025-11-25;8;2018
26;2025-11-25;9;1394
26;2025-11-25;10;1093
26;2025-11-25;11;1038
26;2025-11-25;12;1069
26;2025-11-25;13;1068
26;2025-11-25;14;1090
26;2025-11-25;15;1184
26;2025-11-25;16;1364
26;2025-11-25;17;1599
26;2025-11-25;18;1789
26;2025-11-25;19;1204
26;2025-11-25;20;732
26;2025-11-25;21;405
26;2025-11-25;22;202
26;2025-11-25;23;104
26;2025-11-26;0;32
26;2025-11-26;1;2
26;2025-11-26;2;0
26;2025-11-26;3;0
26;2025-11-26;4;5
26;2025-11-26;5;84
26;2025-11-26;6;474
26;2025-11-26;7;1019
26;2025-11-26;8;2026
26;2025-11-26;9;1383
26;2025-11-26;10;1107
26;2025-11-26;11;983
26;2025-11-26;12;1063
26;2025-11-26;13;1093
26;2025-11-26;14;1138
26;2025-11-26;15;1199
26;2025-11-26;16;1356
26;2025-11-26;17;1528
26;2025-11-26;18;1685
26;2025-11-26;19;1164
26;2025-11-26;20;741
26;2025-11-26;21;455
26;2025-11-26;22;208
26;2025-11-26;23;115
26;2025-11-27;0;32
26;2025-11-27;1;1
26;2025-11-27;2;0
26;2025-11-27;3;0
26;2025-11-27;4;1
26;2025-11-27;5;84
26;2025-11-27;6;485
26;2025-11-27;7;1001
26;2025-11-27;8;1984
26;2025-11-27;9;1373
26;2025-11-27;10;1100
26;2025-11-27;11;1029
26;2025-11-27;12;1038
26;2025-11-27;13;1115
26;2025-11-27;14;1128
26;2025-11-27;15;1215
26;2025-11-27;16;1380
26;2025-11-27;17;1590
26;2025-11-27;18;1774
26;2025-11-27;19;1168
26;2025-11-27;20;734
26;2025-11-27;21;437
26;2025-11-27;22;212
26;2025-11-27;23;114
26;2025-11-28;0;31
26;2025-11-28;1;3
26;2025-11-28;2;0
26;2025-11-28;3;0
26;2025-11-28;4;2
26;2025-11-28;5;85
26;2025-11-28;6;477
26;2025-11-28;7;973
26;2025-11-28;8;1812
26;2025-11-28;9;1315
26;2025-11-28;10;1113
26;2025-11-28;11;995
26;2025-11-28;12;1048
26;2025-11-28;13;1126
26;2025-11-28;14;1125
26;2025-11-28;15;1269
26;2025-11-28;16;1494
26;2025-11-28;17;1592
26;2025-11-28;18;1321
26;2025-11-28;19;1016
26;2025-11-28;20;687
26;2025-11-28;21;411
26;2025-11-28;22;204
26;2025-11-28;23;137
26;2025-11-29;0;38
26;2025-11-29;1;1
26;2025-11-29;2;0
26;2025-11-29;3;0
26;2025-11-29;4;2
26;2025-11-29;5;41
26;2025-11-29;6;201
26;2025-11-29;7;288
26;2025-11-29;8;463
26;2025-11-29;9;607
26;2025-11-29;10;675
26;2025-11-29;11;834
26;2025-11-29;12;888
26;2025-11-29;13;913
26;2025-11-29;14;942
26;2025-11-29;15;864
26;2025-11-29;16;853
26;2025-11-29;17;797
26;2025-11-29;18;736
26;2025-11-29;19;681
26;2025-11-29;20;466
26;2025-11-29;21;304
26;2025-11-29;22;175
26;2025-11-29;23;121
26;2025-11-30;0;44
26;2025-11-30;1;4
26;2025-11-30;2;0
26;2025-11-30;3;0
26;2025-11-30;4;1
26;2025-11-30;5;30
26;2025-11-30;6;138
26;2025-11-30;7;197
26;2025-11-30;8;308
26;2025-11-30;9;434
26;2025-11-30;10;489
26;2025-11-30;11;676
26;2025-11-30;12;751
26;2025-11-30;13;774
26;2025-11-30;14;746
26;2025-11-30;15;692
26;2025-11-30;16;689
26;2025-11-30;17;677
26;2025-11-30;18;605
26;2025-11-30;19;450
26;2025-11-30;20;352
26;2025-11-30;21;232
26;2025-11-30;22;156
26;2025-11-30;23;89
26;2025-12-01;0;26
26;2025-12-01;1;2
26;2025-12-01;2;0
26;2025-12-01;3;1
26;2025-12-01;4;1
26;2025-12-01;5;69
26;2025-12-01;6;428
26;2025-12-01;7;905
26;2025-12-01;8;1814
26;2025-12-01;9;1300
26;2025-12-01;10;1023
26;2025-12-01;11;880
26;2025-12-01;12;941
26;2025-12-01;13;1042
26;2025-12-01;14;1057
26;2025-12-01;15;1129
26;2025-12-01;16;1319
26;2025-12-01;17;1492
26;2025-12-01;18;1673
26;2025-12-01;19;1140
26;2025-12-01;20;654
26;2025-12-01;21;357
26;2025-12-01;22;175
26;2025-12-01;23;87
26;2025-12-02;0;25
26;2025-12-02;1;0
26;2025-12-02;2;0
26;2025-12-02;3;0
26;2025-12-02;4;2
26;2025-12-02;5;68
26;2025-12-02;6;435
26;2025-12-02;7;941
26;2025-12-02;8;1831
26;2025-12-02;9;1339
26;2025-12-02;10;1023
26;2025-12-02;11;966
26;2025-12-02;12;1021
26;2025-12-02;13;1028
26;2025-12-02;14;1062
26;2025-12-02;15;1138
26;2025-12-02;16;1332
26;2025-12-02;17;1528
26;2025-12-02;18;1683
26;2025-12-02;19;1174
26;2025-12-02;20;658
26;2025-12-02;21;381
26;2025-12-02;22;182
26;2025-12-02;23;95
26;2025-12-03;0;32
26;2025-12-03;1;2
26;2025-12-03;2;0
26;2025-12-03;3;0
26;2025-12-03;4;3
26;2025-12-03;5;66
26;2025-12-03;6;421
26;2025-12-03;7;910
26;2025-12-03;8;1830
26;2025-12-03;9;1340
26;2025-12-03;10;1044
26;2025-12-03;11;927
26;2025-12-03;12;1036
26;2025-12-03;13;1074
26;2025-12-03;14;1126
26;2025-12-03;15;1176
26;2025-12-03;16;1347
26;2025-12-03;17;1476
26;2025-12-03;18;1634
26;2025-12-03;19;1111
26;2025-12-03;20;646
26;2025-12-03;21;413
26;2025-12-03;22;184
26;2025-12-03;23;103
26;2025-12-04;0;30
26;2025-12-04;1;2
26;2025-12-04;2;0
26;2025-12-04;3;0
26;2025-12-04;4;2
26;2025-12-04;5;67
26;2025-12-04;6;425
26;2025-12-04;7;899
26;2025-12-04;8;1829
26;2025-12-04;9;1326
26;2025-12-04;10;1029
26;2025-12-04;11;971
26;2025-12-04;12;1002
26;2025-12-04;13;1090
26;2025-12-04;14;1098
26;2025-12-04;15;1183
26;2025-12-04;16;1354
26;2025-12-04;17;1529
26;2025-12-04;18;1701
26;2025-12-04;19;1117
26;2025-12-04;20;657
26;2025-12-04;21;406
26;2025-12-04;22;191
26;2025-12-04;23;105
26;2025-12-05;0;30
26;2025-12-05;1;2
26;2025-12-05;2;0
26;2025-12-05;3;0
26;2025-12-05;4;4
26;2025-12-05;5;67
26;2025-12-05;6;425
26;2025-12-05;7;877
26;2025-12-05;8;1739
26;2025-12-05;9;1275
26;2025-12-05;10;1032
26;2025-12-05;11;918
26;2025-12-05;12;1003
26;2025-12-05;13;1082
26;2025-12-05;14;1098
26;2025-12-05;15;1232
26;2025-12-05;16;1445
26;2025-12-05;17;1540
26;2025-12-05;18;1293
26;2025-12-05;19;958
26;2025-12-05;20;608
26;2025-12-05;21;387
26;2025-12-05;22;186
26;2025-12-05;23;128
26;2025-12-06;0;38
26;2025-12-06;1;3
26;2025-12-06;2;0
26;2025-12-06;3;0
26;2025-12-06;4;5
26;2025-12-06;5;42
26;2025-12-06;6;198
26;2025-12-06;7;283
26;2025-12-06;8;444
26;2025-12-06;9;557
26;2025-12-06;10;632
26;2025-12-06;11;807
26;2025-12-06;12;862
26;2025-12-06;13;889
26;2025-12-06;14;921
26;2025-12-06;15;840
26;2025-12-06;16;819
26;2025-12-06;17;768
26;2025-12-06;18;710
26;2025-12-06;19;657
26;2025-12-06;20;443
26;2025-12-06;21;308
26;2025-12-06;22;177
26;2025-12-06;23;125
26;2025-12-07;0;42
26;2025-12-07;1;6
26;2025-12-07;2;0
26;2025-12-07;3;1
26;2025-12-07;4;3
26;2025-12-07;5;30
26;2025-12-07;6;128
26;2025-12-07;7;183
26;2025-12-07;8;297
26;2025-12-07;9;403
26;2025-12-07;10;462
26;2025-12-07;11;648
26;2025-12-07;12;724
26;2025-12-07;13;742
26;2025-12-07;14;730
26;2025-12-07;15;680
26;2025-12-07;16;672
26;2025-12-07;17;658
26;2025-12-07;18;581
26;2025-12-07;19;443
26;2025-12-07;20;352
26;2025-12-07;21;234
26;2025-12-07;22;159
26;2025-12-07;23;95
26;2025-12-08;0;26
26;2025-12-08;1;3
26;2025-12-08;2;0
26;2025-12-08;3;0
26;2025-12-08;4;4
26;2025-12-08;5;67
26;2025-12-08;6;397
26;2025-12-08;7;846
26;2025-12-08;8;1813
26;2025-12-08;9;1263
26;2025-12-08;10;986
26;2025-12-08;11;845
26;2025-12-08;12;911
26;2025-12-08;13;1001
26;2025-12-08;14;1024
26;2025-12-08;15;1102
26;2025-12-08;16;1303
26;2025-12-08;17;1482
26;2025-12-08;18;1676
26;2025-12-08;19;1113
26;2025-12-08;20;621
26;2025-12-08;21;363
26;2025-12-08;22;173
26;2025-12-08;23;90
26;2025-12-09;0;27
26;2025-12-09;1;1
26;2025-12-09;2;0
26;2025-12-09;3;0
26;2025-12-09;4;5
26;2025-12-09;5;59
26;2025-12-09;6;390
26;2025-12-09;7;858
26;2025-12-09;8;1808
26;2025-12-09;9;1275
26;2025-12-09;10;947
26;2025-12-09;11;906
26;2025-12-09;12;965
26;2025-12-09;13;964
26;2025-12-09;14;1004
26;2025-12-09;15;1083
26;2025-12-09;16;1301
26;2025-12-09;17;1496
26;2025-12-09;18;1668
26;2025-12-09;19;1129
26;2025-12-09;20;614
26;2025-12-09;21;368
26;2025-12-09;22;181
26;2025-12-09;23;95
26;2025-12-10;0;0
26;2025-12-10;1;0
26;2025-12-10;2;0
26;2025-12-10;3;0
26;2025-12-10;4;0
26;2025-12-10;5;6
26;2025-12-10;6;311
26;2025-12-10;7;724
26;2025-12-10;8;1703
26;2025-12-10;9;1141
26;2025-12-10;10;843
26;2025-12-10;11;722
26;2025-12-10;12;839
26;2025-12-10;13;874
26;2025-12-10;14;938
26;2025-12-10;15;980
26;2025-12-10;16;1157
26;2025-12-10;17;1291
26;2025-12-10;18;1479
26;2025-12-10;19;940
26;2025-12-10;20;503
26;2025-12-10;21;317
26;2025-12-10;22;120
26;2025-12-10;23;46
26;2025-12-11;0;0
26;2025-12-11;1;0
26;2025-12-11;2;0
26;2025-12-11;3;0
26;2025-12-11;4;0
26;2025-12-11;5;19
26;2025-12-11;6;328
26;2025-12-11;7;738
26;2025-12-11;8;1713
26;2025-12-11;9;1160
26;2025-12-11;10;866
26;2025-12-11;11;807
26;2025-12-11;12;841
26;2025-12-11;13;923
26;2025-12-11;14;944
26;2025-12-11;15;1009
26;2025-12-11;16;1188
26;2025-12-11;17;1363
26;2025-12-11;18;1557
26;2025-12-11;19;961
26;2025-12-11;20;529
26;2025-12-11;21;328
26;2025-12-11;22;137
26;2025-12-11;23;61
26;2025-12-12;0;0
26;2025-12-12;1;0
26;2025-12-12;2;0
26;2025-12-12;3;0
26;2025-12-12;4;0
26;2025-12-12;5;17
26;2025-12-12;6;316
26;2025-12-12;7;702
26;2025-12-12;8;1582
26;2025-12-12;9;1056
26;2025-12-12;10;822
26;2025-12-12;11;711
26;2025-12-12;12;791
26;2025-12-12;13;879
26;2025-12-12;14;904
26;2025-12-12;15;1052
26;2025-12-12;16;1280
26;2025-12-12;17;1369
26;2025-12-12;18;1120
26;2025-12-12;19;806
26;2025-12-12;20;493
26;2025-12-12;21;312
26;2025-12-12;22;144
26;2025-12-12;23;83
26;2025-12-13;0;0
26;2025-12-13;1;0
26;2025-12-13;2;0
26;2025-12-13;3;0
26;2025-12-13;4;0
26;2025-12-13;5;0
26;2025-12-13;6;145
26;2025-12-13;7;243
26;2025-12-13;8;385
26;2025-12-13;9;451
26;2025-12-13;10;519
26;2025-12-13;11;673
26;2025-12-13;12;720
26;2025-12-13;13;747
26;2025-12-13;14;770
26;2025-12-13;15;704
26;2025-12-13;16;702
26;2025-12-13;17;642
26;2025-12-13;18;594
26;2025-12-13;19;555
26;2025-12-13;20;392
26;2025-12-13;21;268
26;2025-12-13;22;122
26;2025-12-13;23;79
26;2025-12-14;0;3
26;2025-12-14;1;0
26;2025-12-14;2;0
26;2025-12-14;3;0
26;2025-12-14;4;0
26;2025-12-14;5;0
26;2025-12-14;6;64
26;2025-12-14;7;122
26;2025-12-14;8;236
26;2025-12-14;9;315
26;2025-12-14;10;377
26;2025-12-14;11;514
26;2025-12-14;12;591
26;2025-12-14;13;614
26;2025-12-14;14;609
26;2025-12-14;15;564
26;2025-12-14;16;557
26;2025-12-14;17;538
26;2025-12-14;18;481
26;2025-12-14;19;366
26;2025-12-14;20;294
26;2025-12-14;21;169
26;2025-12-14;22;94
26;2025-12-14;23;36
26;2025-12-15;0;0
26;2025-12-15;1;0
26;2025-12-15;2;0
26;2025-12-15;3;0
26;2025-12-15;4;0
26;2025-12-15;5;2
26;2025-12-15;6;311
26;2025-12-15;7;696
26;2025-12-15;8;1693
26;2025-12-15;9;1095
26;2025-12-15;10;831
26;2025-12-15;11;687
26;2025-12-15;12;752
26;2025-12-15;13;856
26;2025-12-15;14;877
26;2025-12-15;15;956
26;2025-12-15;16;1158
26;2025-12-15;17;1350
26;2025-12-15;18;1561
26;2025-12-15;19;967
26;2025-12-15;20;514
26;2025-12-15;21;296
26;2025-12-15;22;107
26;2025-12-15;23;25
26;2025-12-16;0;0
26;2025-12-16;1;0
26;2025-12-16;2;0
26;2025-12-16;3;0
26;2025-12-16;4;0
26;2025-12-16;5;0
26;2025-12-16;6;318
26;2025-12-16;7;740
26;2025-12-16;8;1724
26;2025-12-16;9;1142
26;2025-12-16;10;832
26;2025-12-16;11;788
26;2025-12-16;12;830
26;2025-12-16;13;844
26;2025-12-16;14;885
26;2025-12-16;15;983
26;2025-12-16;16;1205
26;2025-12-16;17;1404
26;2025-12-16;18;1580
26;2025-12-16;19;1040
26;2025-12-16;20;555
26;2025-12-16;21;309
26;2025-12-16;22;122
26;2025-12-16;23;42
26;2025-12-17;0;0
26;2025-12-17;1;0
26;2025-12-17;2;0
26;2025-12-17;3;1
26;2025-12-17;4;0
26;2025-12-17;5;9
26;2025-12-17;6;310
26;2025-12-17;7;711
26;2025-12-17;8;1695
26;2025-12-17;9;1138
26;2025-12-17;10;835
26;2025-12-17;11;725
26;2025-12-17;12;832
26;2025-12-17;13;873
26;2025-12-17;14;939
26;2025-12-17;15;985
26;2025-12-17;16;1157
26;2025-12-17;17;1292
26;2025-12-17;18;1471
26;2025-12-17;19;930
26;2025-12-17;20;512
26;2025-12-17;21;320
26;2025-12-17;22;125
26;2025-12-17;23;51
26;2025-12-18;0;0
26;2025-12-18;1;0
26;2025-12-18;2;0
26;2025-12-18;3;0
26;2025-12-18;4;0
26;2025-12-18;5;11
26;2025-12-18;6;311
26;2025-12-18;7;701
26;2025-12-18;8;1692
26;2025-12-18;9;1102
26;2025-12-18;10;830
26;2025-12-18;11;782
26;2025-12-18;12;811
26;2025-12-18;13;891
26;2025-12-18;14;911
26;2025-12-18;15;1006
26;2025-12-18;16;1192
26;2025-12-18;17;1349
26;2025-12-18;18;1529
26;2025-12-18;19;937
26;2025-12-18;20;529
26;2025-12-18;21;311
26;2025-12-18;22;127
26;2025-12-18;23;52
26;2025-12-19;0;0
26;2025-12-19;1;0
26;2025-12-19;2;0
26;2025-12-19;3;0
26;2025-12-19;4;0
26;2025-12-19;5;11
26;2025-12-19;6;315
26;2025-12-19;7;680
26;2025-12-19;8;1571
26;2025-12-19;9;1053
26;2025-12-19;10;823
26;2025-12-19;11;711
26;2025-12-19;12;799
26;2025-12-19;13;887
26;2025-12-19;14;901
26;2025-12-19;15;1041
26;2025-12-19;16;1267
26;2025-12-19;17;1347
26;2025-12-19;18;1080
26;2025-12-19;19;764
26;2025-12-19;20;471
26;2025-12-19;21;292
26;2025-12-19;22;121
26;2025-12-19;23;69
26;2025-12-20;0;0
26;2025-12-20;1;0
26;2025-12-20;2;0
26;2025-12-20;3;0
26;2025-12-20;4;0
26;2025-12-20;5;0
26;2025-12-20;6;123
26;2025-12-20;7;215
26;2025-12-20;8;345
26;2025-12-20;9;426
26;2025-12-20;10;487
26;2025-12-20;11;630
26;2025-12-20;12;685
26;2025-12-20;13;710
26;2025-12-20;14;746
26;2025-12-20;15;678
26;2025-12-20;16;670
26;2025-12-20;17;608
26;2025-12-20;18;556
26;2025-12-20;19;516
26;2025-12-20;20;371
26;2025-12-20;21;254
26;2025-12-20;22;111
26;2025-12-20;23;65
26;2025-12-21;0;1
26;2025-12-21;1;0
26;2025-12-21;2;0
26;2025-12-21;3;1
26;2025-12-21;4;0
26;2025-12-21;5;0
26;2025-12-21;6;70
26;2025-12-21;7;136
26;2025-12-21;8;232
26;2025-12-21;9;302
26;2025-12-21;10;357
26;2025-12-21;11;506
26;2025-12-21;12;564
26;2025-12-21;13;583
26;2025-12-21;14;585
26;2025-12-21;15;545
26;2025-12-21;16;539
26;2025-12-21;17;516
26;2025-12-21;18;459
26;2025-12-21;19;345
26;2025-12-21;20;290
26;2025-12-21;21;171
26;2025-12-21;22;97
26;2025-12-21;23;40
26;2025-12-22;0;0
26;2025-12-22;1;0
26;2025-12-22;2;0
26;2025-12-22;3;0
26;2025-12-22;4;0
26;2025-12-22;5;10
26;2025-12-22;6;314
26;2025-12-22;7;707
26;2025-12-22;8;1696
26;2025-12-22;9;1097
26;2025-12-22;10;843
26;2025-12-22;11;687
26;2025-12-22;12;763
26;2025-12-22;13;877
26;2025-12-22;14;902
26;2025-12-22;15;967
26;2025-12-22;16;1179
26;2025-12-22;17;1359
26;2025-12-22;18;1550
26;2025-12-22;19;994
26;2025-12-22;20;547
26;2025-12-22;21;318
26;2025-12-22;22;126
26;2025-12-22;23;43
26;2025-12-23;0;0
26;2025-12-23;1;0
26;2025-12-23;2;0
26;2025-12-23;3;0
26;2025-12-23;4;0
26;2025-12-23;5;14
26;2025-12-23;6;363
26;2025-12-23;7;767
26;2025-12-23;8;1728
26;2025-12-23;9;1191
26;2025-12-23;10;880
26;2025-12-23;11;831
26;2025-12-23;12;875
26;2025-12-23;13;878
26;2025-12-23;14;920
26;2025-12-23;15;996
26;2025-12-23;16;1209
26;2025-12-23;17;1396
26;2025-12-23;18;1572
26;2025-12-23;19;1024
26;2025-12-23;20;532
26;2025-12-23;21;301
26;2025-12-23;22;118
26;2025-12-23;23;37
26;2025-12-24;0;0
26;2025-12-24;1;0
26;2025-12-24;2;0
26;2025-12-24;3;0
26;2025-12-24;4;0
26;2025-12-24;5;4
26;2025-12-24;6;306
26;2025-12-24;7;692
26;2025-12-24;8;1673
26;2025-12-24;9;1132
26;2025-12-24;10;844
26;2025-12-24;11;743
26;2025-12-24;12;845
26;2025-12-24;13;887
26;2025-12-24;14;945
26;2025-12-24;15;995
26;2025-12-24;16;1166
26;2025-12-24;17;1280
26;2025-12-24;18;1450
26;2025-12-24;19;938
26;2025-12-24;20;514
26;2025-12-24;21;308
26;2025-12-24;22;112
26;2025-12-24;23;40
26;2025-12-25;0;0
26;2025-12-25;1;0
26;2025-12-25;2;0
26;2025-12-25;3;0
26;2025-12-25;4;0
26;2025-12-25;5;0
26;2025-12-25;6;288
26;2025-12-25;7;666
26;2025-12-25;8;1656
26;2025-12-25;9;1099
26;2025-12-25;10;832
26;2025-12-25;11;780
26;2025-12-25;12;816
26;2025-12-25;13;895
26;2025-12-25;14;912
26;2025-12-25;15;1003
26;2025-12-25;16;1177
26;2025-12-25;17;1341
26;2025-12-25;18;1535
26;2025-12-25;19;950
26;2025-12-25;20;525
26;2025-12-25;21;329
26;2025-12-25;22;138
26;2025-12-25;23;64
26;2025-12-26;0;0
26;2025-12-26;1;0
26;2025-12-26;2;0
26;2025-12-26;3;0
26;2025-12-26;4;0
26;2025-12-26;5;10
26;2025-12-26;6;323
26;2025-12-26;7;684
26;2025-12-26;8;1560
26;2025-12-26;9;1089
26;2025-12-26;10;855
26;2025-12-26;11;729
26;2025-12-26;12;824
26;2025-12-26;13;898
26;2025-12-26;14;911
26;2025-12-26;15;1054
26;2025-12-26;16;1287
26;2025-12-26;17;1356
26;2025-12-26;18;1099
26;2025-12-26;19;794
26;2025-12-26;20;470
26;2025-12-26;21;316
26;2025-12-26;22;133
26;2025-12-26;23;81
26;2025-12-27;0;0
26;2025-12-27;1;0
26;2025-12-27;2;0
26;2025-12-27;3;0
26;2025-12-27;4;0
26;2025-12-27;5;0
26;2025-12-27;6;124
26;2025-12-27;7;219
26;2025-12-27;8;357
26;2025-12-27;9;422
26;2025-12-27;10;476
26;2025-12-27;11;630
26;2025-12-27;12;683
26;2025-12-27;13;708
26;2025-12-27;14;743
26;2025-12-27;15;686
26;2025-12-27;16;667
26;2025-12-27;17;601
26;2025-12-27;18;552
26;2025-12-27;19;505
26;2025-12-27;20;347
26;2025-12-27;21;247
26;2025-12-27;22;113
26;2025-12-27;23;71
26;2025-12-28;0;0
26;2025-12-28;1;0
26;2025-12-28;2;0
26;2025-12-28;3;1
26;2025-12-28;4;0
26;2025-12-28;5;0
26;2025-12-28;6;54
26;2025-12-28;7;122
26;2025-12-28;8;234
26;2025-12-28;9;303
26;2025-12-28;10;366
26;2025-12-28;11;490
26;2025-12-28;12;556
26;2025-12-28;13;576
26;2025-12-28;14;572
26;2025-12-28;15;534
26;2025-12-28;16;529
26;2025-12-28;17;508
26;2025-12-28;18;455
26;2025-12-28;19;339
26;2025-12-28;20;285
26;2025-12-28;21;173
26;2025-12-28;22;92
26;2025-12-28;23;35
26;2025-12-29;0;0
26;2025-12-29;1;0
26;2025-12-29;2;0
26;2025-12-29;3;1
26;2025-12-29;4;0
26;2025-12-29;5;0
26;2025-12-29;6;290
26;2025-12-29;7;657
26;2025-12-29;8;1655
26;2025-12-29;9;1065
26;2025-12-29;10;808
26;2025-12-29;11;655
26;2025-12-29;12;719
26;2025-12-29;13;827
26;2025-12-29;14;851
26;2025-12-29;15;934
26;2025-12-29;16;1120
26;2025-12-29;17;1309
26;2025-12-29;18;1501
26;2025-12-29;19;952
26;2025-12-29;20;496
26;2025-12-29;21;299
26;2025-12-29;22;109
26;2025-12-29;23;32
26;2025-12-30;0;0
26;2025-12-30;1;0
26;2025-12-30;2;0
26;2025-12-30;3;0
26;2025-12-30;4;0
26;2025-12-30;5;0
26;2025-12-30;6;296
26;2025-12-30;7;678
26;2025-12-30;8;1666
26;2025-12-30;9;1118
26;2025-12-30;10;802
26;2025-12-30;11;761
26;2025-12-30;12;810
26;2025-12-30;13;828
26;2025-12-30;14;862
26;2025-12-30;15;956
26;2025-12-30;16;1149
26;2025-12-30;17;1336
26;2025-12-30;18;1493
26;2025-12-30;19;992
26;2025-12-30;20;512
26;2025-12-30;21;292
26;2025-12-30;22;113
26;2025-12-30;23;42
26;2025-12-31;0;0
26;2025-12-31;1;0
26;2025-12-31;2;0
26;2025-12-31;3;1
26;2025-12-31;4;0
26;2025-12-31;5;0
26;2025-12-31;6;111
26;2025-12-31;7;83
26;2025-12-31;8;175
26;2025-12-31;9;180
26;2025-12-31;10;237
26;2025-12-31;11;290
26;2025-12-31;12;411
26;2025-12-31;13;394
26;2025-12-31;14;416
26;2025-12-31;15;437
26;2025-12-31;16;442
26;2025-12-31;17;427
26;2025-12-31;18;382
26;2025-12-31;19;346
26;2025-12-31;20;161
26;2025-12-31;21;210
26;2025-12-31;22;85
26;2025-12-31;23;30
28;2025-11-01;0;1
28;2025-11-01;1;0
28;2025-11-01;2;0
28;2025-11-01;3;0
28;2025-11-01;4;0
28;2025-11-01;5;35
28;2025-11-01;6;94
28;2025-11-01;7;197
28;2025-11-01;8;323
28;2025-11-01;9;407
28;2025-11-01;10;439
28;2025-11-01;11;442
28;2025-11-01;12;558
28;2025-11-01;13;556
28;2025-11-01;14;583
28;2025-11-01;15;578
28;2025-11-01;16;529
28;2025-11-01;17;548
28;2025-11-01;18;440
28;2025-11-01;19;370
28;2025-11-01;20;272
28;2025-11-01;21;249
28;2025-11-01;22;109
28;2025-11-01;23;20
28;2025-11-02;0;4
28;2025-11-02;1;1
28;2025-11-02;2;1
28;2025-11-02;3;0
28;2025-11-02;4;2
28;2025-11-02;5;33
28;2025-11-02;6;74
28;2025-11-02;7;131
28;2025-11-02;8;199
28;2025-11-02;9;267
28;2025-11-02;10;299
28;2025-11-02;11;327
28;2025-11-02;12;402
28;2025-11-02;13;433
28;2025-11-02;14;440
28;2025-11-02;15;445
28;2025-11-02;16;405
28;2025-11-02;17;401
28;2025-11-02;18;355
28;2025-11-02;19;309
28;2025-11-02;20;243
28;2025-11-02;21;217
28;2025-11-02;22;100
28;2025-11-02;23;13
28;2025-11-03;0;0
28;2025-11-03;1;0
28;2025-11-03;2;0
28;2025-11-03;3;0
28;2025-11-03;4;1
28;2025-11-03;5;48
28;2025-11-03;6;153
28;2025-11-03;7;346
28;2025-11-03;8;499
28;2025-11-03;9;439
28;2025-11-03;10;416
28;2025-11-03;11;356
28;2025-11-03;12;398
28;2025-11-03;13;425
28;2025-11-03;14;416
28;2025-11-03;15;423
28;2025-11-03;16;461
28;2025-11-03;17;528
28;2025-11-03;18;492
28;2025-11-03;19;416
28;2025-11-03;20;379
28;2025-11-03;21;241
28;2025-11-03;22;104
28;2025-11-03;23;16
28;2025-11-04;0;2
28;2025-11-04;1;0
28;2025-11-04;2;0
28;2025-11-04;3;0
28;2025-11-04;4;2
28;2025-11-04;5;42
28;2025-11-04;6;147
28;2025-11-04;7;325
28;2025-11-04;8;464
28;2025-11-04;9;428
28;2025-11-04;10;359
28;2025-11-04;11;370
28;2025-11-04;12;378
28;2025-11-04;13;431
28;2025-11-04;14;450
28;2025-11-04;15;456
28;2025-11-04;16;432
28;2025-11-04;17;499
28;2025-11-04;18;447
28;2025-11-04;19;398
28;2025-11-04;20;385
28;2025-11-04;21;232
28;2025-11-04;22;112
28;2025-11-04;23;22
28;2025-11-05;0;1
28;2025-11-05;1;0
28;2025-11-05;2;0
28;2025-11-05;3;0
28;2025-11-05;4;2
28;2025-11-05;5;82
28;2025-11-05;6;242
28;2025-11-05;7;672
28;2025-11-05;8;1085
28;2025-11-05;9;731
28;2025-11-05;10;559
28;2025-11-05;11;529
28;2025-11-05;12;579
28;2025-11-05;13;626
28;2025-11-05;14;582
28;2025-11-05;15;628
28;2025-11-05;16;788
28;2025-11-05;17;872
28;2025-11-05;18;869
28;2025-11-05;19;615
28;2025-11-05;20;460
28;2025-11-05;21;277
28;2025-11-05;22;134
28;2025-11-05;23;14
28;2025-11-06;0;0
28;2025-11-06;1;0
28;2025-11-06;2;0
28;2025-11-06;3;0
28;2025-11-06;4;2
28;2025-11-06;5;82
28;2025-11-06;6;244
28;2025-11-06;7;736
28;2025-11-06;8;1107
28;2025-11-06;9;786
28;2025-11-06;10;589
28;2025-11-06;11;513
28;2025-11-06;12;635
28;2025-11-06;13;669
28;2025-11-06;14;618
28;2025-11-06;15;642
28;2025-11-06;16;801
28;2025-11-06;17;918
28;2025-11-06;18;933
28;2025-11-06;19;665
28;2025-11-06;20;463
28;2025-11-06;21;300
28;2025-11-06;22;126
28;2025-11-06;23;15
28;2025-11-07;0;1
28;2025-11-07;1;0
28;2025-11-07;2;0
28;2025-11-07;3;0
28;2025-11-07;4;2
28;2025-11-07;5;80
28;2025-11-07;6;233
28;2025-11-07;7;711
28;2025-11-07;8;1050
28;2025-11-07;9;742
28;2025-11-07;10;551
28;2025-11-07;11;513
28;2025-11-07;12;616
28;2025-11-07;13;676
28;2025-11-07;14;640
28;2025-11-07;15;679
28;2025-11-07;16;861
28;2025-11-07;17;860
28;2025-11-07;18;753
28;2025-11-07;19;591
28;2025-11-07;20;423
28;2025-11-07;21;278
28;2025-11-07;22;139
28;2025-11-07;23;17
28;2025-11-08;0;1
28;2025-11-08;1;0
28;2025-11-08;2;0
28;2025-11-08;3;0
28;2025-11-08;4;2
28;2025-11-08;5;40
28;2025-11-08;6;98
28;2025-11-08;7;198
28;2025-11-08;8;306
28;2025-11-08;9;413
28;2025-11-08;10;425
28;2025-11-08;11;419
28;2025-11-08;12;528
28;2025-11-08;13;557
28;2025-11-08;14;553
28;2025-11-08;15;553
28;2025-11-08;16;501
28;2025-11-08;17;509
28;2025-11-08;18;424
28;2025-11-08;19;361
28;2025-11-08;20;271
28;2025-11-08;21;253
28;2025-11-08;22;131
28;2025-11-08;23;18
28;2025-11-09;0;2
28;2025-11-09;1;1
28;2025-11-09;2;0
28;2025-11-09;3;0
28;2025-11-09;4;1
28;2025-11-09;5;33
28;2025-11-09;6;85
28;2025-11-09;7;144
28;2025-11-09;8;224
28;2025-11-09;9;292
28;2025-11-09;10;324
28;2025-11-09;11;362
28;2025-11-09;12;406
28;2025-11-09;13;473
28;2025-11-09;14;468
28;2025-11-09;15;467
28;2025-11-09;16;433
28;2025-11-09;17;422
28;2025-11-09;18;365
28;2025-11-09;19;313
28;2025-11-09;20;251
28;2025-11-09;21;217
28;2025-11-09;22;101
28;2025-11-09;23;10
28;2025-11-10;0;1
28;2025-11-10;1;0
28;2025-11-10;2;0
28;2025-11-10;3;0
28;2025-11-10;4;3
28;2025-11-10;5;81
28;2025-11-10;6;246
28;2025-11-10;7;747
28;2025-11-10;8;1132
28;2025-11-10;9;828
28;2025-11-10;10;569
28;2025-11-10;11;497
28;2025-11-10;12;622
28;2025-11-10;13;649
28;2025-11-10;14;617
28;2025-11-10;15;640
28;2025-11-10;16;812
28;2025-11-10;17;889
28;2025-11-10;18;886
28;2025-11-10;19;702
28;2025-11-10;20;463
28;2025-11-10;21;273
28;2025-11-10;22;114
28;2025-11-10;23;13
28;2025-11-11;0;1
28;2025-11-11;1;0
28;2025-11-11;2;0
28;2025-11-11;3;0
28;2025-11-11;4;3
28;2025-11-11;5;77
28;2025-11-11;6;243
28;2025-11-11;7;766
28;2025-11-11;8;1144
28;2025-11-11;9;824
28;2025-11-11;10;631
28;2025-11-11;11;548
28;2025-11-11;12;630
28;2025-11-11;13;692
28;2025-11-11;14;624
28;2025-11-11;15;644
28;2025-11-11;16;783
28;2025-11-11;17;906
28;2025-11-11;18;883
28;2025-11-11;19;713
28;2025-11-11;20;501
28;2025-11-11;21;280
28;2025-11-11;22;130
28;2025-11-11;23;20
28;2025-11-12;0;0
28;2025-11-12;1;0
28;2025-11-12;2;0
28;2025-11-12;3;0
28;2025-11-12;4;3
28;2025-11-12;5;83
28;2025-11-12;6;249
28;2025-11-12;7;756
28;2025-11-12;8;1148
28;2025-11-12;9;795
28;2025-11-12;10;599
28;2025-11-12;11;556
28;2025-11-12;12;632
28;2025-11-12;13;689
28;2025-11-12;14;621
28;2025-11-12;15;680
28;2025-11-12;16;808
28;2025-11-12;17;920
28;2025-11-12;18;916
28;2025-11-12;19;701
28;2025-11-12;20;485
28;2025-11-12;21;286
28;2025-11-12;22;140
28;2025-11-12;23;16
28;2025-11-13;0;0
28;2025-11-13;1;0
28;2025-11-13;2;0
28;2025-11-13;3;0
28;2025-11-13;4;2
28;2025-11-13;5;78
28;2025-11-13;6;240
28;2025-11-13;7;766
28;2025-11-13;8;1133
28;2025-11-13;9;822
28;2025-11-13;10;609
28;2025-11-13;11;529
28;2025-11-13;12;647
28;2025-11-13;13;692
28;2025-11-13;14;632
28;2025-11-13;15;655
28;2025-11-13;16;823
28;2025-11-13;17;955
28;2025-11-13;18;966
28;2025-11-13;19;704
28;2025-11-13;20;491
28;2025-11-13;21;311
28;2025-11-13;22;132
28;2025-11-13;23;16
28;2025-11-14;0;1
28;2025-11-14;1;0
28;2025-11-14;2;0
28;2025-11-14;3;0
28;2025-11-14;4;3
28;2025-11-14;5;82
28;2025-11-14;6;241
28;2025-11-14;7;749
28;2025-11-14;8;1075
28;2025-11-14;9;791
28;2025-11-14;10;582
28;2025-11-14;11;539
28;2025-11-14;12;646
28;2025-11-14;13;695
28;2025-11-14;14;648
28;2025-11-14;15;689
28;2025-11-14;16;881
28;2025-11-14;17;886
28;2025-11-14;18;786
28;2025-11-14;19;611
28;2025-11-14;20;430
28;2025-11-14;21;280
28;2025-11-14;22;144
28;2025-11-14;23;19
28;2025-11-15;0;0
28;2025-11-15;1;0
28;2025-11-15;2;0
28;2025-11-15;3;0
28;2025-11-15;4;1
28;2025-11-15;5;38
28;2025-11-15;6;97
28;2025-11-15;7;183
28;2025-11-15;8;294
28;2025-11-15;9;404
28;2025-11-15;10;421
28;2025-11-15;11;414
28;2025-11-15;12;517
28;2025-11-15;13;555
28;2025-11-15;14;557
28;2025-11-15;15;556
28;2025-11-15;16;505
28;2025-11-15;17;520
28;2025-11-15;18;430
28;2025-11-15;19;368
28;2025-11-15;20;276
28;2025-11-15;21;253
28;2025-11-15;22;128
28;2025-11-15;23;17
28;2025-11-16;0;1
28;2025-11-16;1;0
28;2025-11-16;2;1
28;2025-11-16;3;0
28;2025-11-16;4;1
28;2025-11-16;5;26
28;2025-11-16;6;76
28;2025-11-16;7;141
28;2025-11-16;8;216
28;2025-11-16;9;300
28;2025-11-16;10;341
28;2025-11-16;11;372
28;2025-11-16;12;421
28;2025-11-16;13;498
28;2025-11-16;14;489
28;2025-11-16;15;480
28;2025-11-16;16;434
28;2025-11-16;17;427
28;2025-11-16;18;369
28;2025-11-16;19;320
28;2025-11-16;20;256
28;2025-11-16;21;220
28;2025-11-16;22;99
28;2025-11-16;23;13
28;2025-11-17;0;0
28;2025-11-17;1;0
28;2025-11-17;2;0
28;2025-11-17;3;0
28;2025-11-17;4;3
28;2025-11-17;5;76
28;2025-11-17;6;246
28;2025-11-17;7;765
28;2025-11-17;8;1144
28;2025-11-17;9;861
28;2025-11-17;10;584
28;2025-11-17;11;506
28;2025-11-17;12;622
28;2025-11-17;13;630
28;2025-11-17;14;610
28;2025-11-17;15;642
28;2025-11-17;16;809
28;2025-11-17;17;893
28;2025-11-17;18;894
28;2025-11-17;19;704
28;2025-11-17;20;457
28;2025-11-17;21;259
28;2025-11-17;22;111
28;2025-11-17;23;12
28;2025-11-18;0;0
28;2025-11-18;1;0
28;2025-11-18;2;0
28;2025-11-18;3;0
28;2025-11-18;4;4
28;2025-11-18;5;77
28;2025-11-18;6;241
28;2025-11-18;7;783
28;2025-11-18;8;1172
28;2025-11-18;9;842
28;2025-11-18;10;625
28;2025-11-18;11;553
28;2025-11-18;12;635
28;2025-11-18;13;695
28;2025-11-18;14;626
28;2025-11-18;15;651
28;2025-11-18;16;779
28;2025-11-18;17;905
28;2025-11-18;18;898
28;2025-11-18;19;718
28;2025-11-18;20;487
28;2025-11-18;21;276
28;2025-11-18;22;129
28;2025-11-18;23;19
28;2025-11-19;0;0
28;2025-11-19;1;0
28;2025-11-19;2;0
28;2025-11-19;3;0
28;2025-11-19;4;3
28;2025-11-19;5;79
28;2025-11-19;6;252
28;2025-11-19;7;761
28;2025-11-19;8;1160
28;2025-11-19;9;798
28;2025-11-19;10;595
28;2025-11-19;11;558
28;2025-11-19;12;638
28;2025-11-19;13;695
28;2025-11-19;14;626
28;2025-11-19;15;674
28;2025-11-19;16;812
28;2025-11-19;17;921
28;2025-11-19;18;911
28;2025-11-19;19;696
28;2025-11-19;20;486
28;2025-11-19;21;284
28;2025-11-19;22;140
28;2025-11-19;23;16
28;2025-11-20;0;0
28;2025-11-20;1;0
28;2025-11-20;2;0
28;2025-11-20;3;0
28;2025-11-20;4;1
28;2025-11-20;5;76
28;2025-11-20;6;249
28;2025-11-20;7;767
28;2025-11-20;8;1140
28;2025-11-20;9;841
28;2025-11-20;10;612
28;2025-11-20;11;537
28;2025-11-20;12;654
28;2025-11-20;13;691
28;2025-11-20;14;628
28;2025-11-20;15;644
28;2025-11-20;16;816
28;2025-11-20;17;954
28;2025-11-20;18;959
28;2025-11-20;19;698
28;2025-11-20;20;488
28;2025-11-20;21;304
28;2025-11-20;22;129
28;2025-11-20;23;15
28;2025-11-21;0;0
28;2025-11-21;1;0
28;2025-11-21;2;0
28;2025-11-21;3;0
28;2025-11-21;4;2
28;2025-11-21;5;76
28;2025-11-21;6;231
28;2025-11-21;7;745
28;2025-11-21;8;1081
28;2025-11-21;9;779
28;2025-11-21;10;563
28;2025-11-21;11;521
28;2025-11-21;12;625
28;2025-11-21;13;684
28;2025-11-21;14;634
28;2025-11-21;15;673
28;2025-11-21;16;861
28;2025-11-21;17;872
28;2025-11-21;18;765
28;2025-11-21;19;595
28;2025-11-21;20;428
28;2025-11-21;21;278
28;2025-11-21;22;136
28;2025-11-21;23;16
28;2025-11-22;0;0
28;2025-11-22;1;0
28;2025-11-22;2;0
28;2025-11-22;3;0
28;2025-11-22;4;2
28;2025-11-22;5;35
28;2025-11-22;6;96
28;2025-11-22;7;194
28;2025-11-22;8;297
28;2025-11-22;9;406
28;2025-11-22;10;430
28;2025-11-22;11;425
28;2025-11-22;12;523
28;2025-11-22;13;556
28;2025-11-22;14;552
28;2025-11-22;15;545
28;2025-11-22;16;497
28;2025-11-22;17;511
28;2025-11-22;18;426
28;2025-11-22;19;360
28;2025-11-22;20;275
28;2025-11-22;21;249
28;2025-11-22;22;127
28;2025-11-22;23;20
28;2025-11-23;0;2
28;2025-11-23;1;0
28;2025-11-23;2;1
28;2025-11-23;3;0
28;2025-11-23;4;1
28;2025-11-23;5;27
28;2025-11-23;6;75
28;2025-11-23;7;142
28;2025-11-23;8;219
28;2025-11-23;9;295
28;2025-11-23;10;333
28;2025-11-23;11;371
28;2025-11-23;12;430
28;2025-11-23;13;500
28;2025-11-23;14;488
28;2025-11-23;15;488
28;2025-11-23;16;448
28;2025-11-23;17;440
28;2025-11-23;18;370
28;2025-11-23;19;318
28;2025-11-23;20;257
28;2025-11-23;21;219
28;2025-11-23;22;97
28;2025-11-23;23;11
28;2025-11-24;0;1
28;2025-11-24;1;1
28;2025-11-24;2;0
28;2025-11-24;3;0
28;2025-11-24;4;3
28;2025-11-24;5;82
28;2025-11-24;6;251
28;2025-11-24;7;765
28;2025-11-24;8;1156
28;2025-11-24;9;855
28;2025-11-24;10;581
28;2025-11-24;11;496
28;2025-11-24;12;631
28;2025-11-24;13;664
28;2025-11-24;14;614
28;2025-11-24;15;651
28;2025-11-24;16;812
28;2025-11-24;17;896
28;2025-11-24;18;897
28;2025-11-24;19;711
28;2025-11-24;20;463
28;2025-11-24;21;281
28;2025-11-24;22;119
28;2025-11-24;23;16
28;2025-11-25;0;0
28;2025-11-25;1;0
28;2025-11-25;2;0
28;2025-11-25;3;0
28;2025-11-25;4;2
28;2025-11-25;5;77
28;2025-11-25;6;247
28;2025-11-25;7;762
28;2025-11-25;8;1154
28;2025-11-25;9;848
28;2025-11-25;10;647
28;2025-11-25;11;555
28;2025-11-25;12;653
28;2025-11-25;13;703
28;2025-11-25;14;640
28;2025-11-25;15;656
28;2025-11-25;16;775
28;2025-11-25;17;906
28;2025-11-25;18;887
28;2025-11-25;19;705
28;2025-11-25;20;492
28;2025-11-25;21;278
28;2025-11-25;22;128
28;2025-11-25;23;18
28;2025-11-26;0;1
28;2025-11-26;1;0
28;2025-11-26;2;0
28;2025-11-26;3;0
28;2025-11-26;4;3
28;2025-11-26;5;84
28;2025-11-26;6;249
28;2025-11-26;7;760
28;2025-11-26;8;1152
28;2025-11-26;9;800
28;2025-11-26;10;613
28;2025-11-26;11;562
28;2025-11-26;12;654
28;2025-11-26;13;708
28;2025-11-26;14;640
28;2025-11-26;15;693
28;2025-11-26;16;808
28;2025-11-26;17;929
28;2025-11-26;18;918
28;2025-11-26;19;717
28;2025-11-26;20;477
28;2025-11-26;21;287
28;2025-11-26;22;141
28;2025-11-26;23;15
28;2025-11-27;0;1
28;2025-11-27;1;0
28;2025-11-27;2;0
28;2025-11-27;3;0
28;2025-11-27;4;1
28;2025-11-27;5;79
28;2025-11-27;6;248
28;2025-11-27;7;771
28;2025-11-27;8;1148
28;2025-11-27;9;845
28;2025-11-27;10;629
28;2025-11-27;11;533
28;2025-11-27;12;676
28;2025-11-27;13;715
28;2025-11-27;14;652
28;2025-11-27;15;659
28;2025-11-27;16;818
28;2025-11-27;17;963
28;2025-11-27;18;966
28;2025-11-27;19;715
28;2025-11-27;20;487
28;2025-11-27;21;310
28;2025-11-27;22;135
28;2025-11-27;23;14
28;2025-11-28;0;1
28;2025-11-28;1;1
28;2025-11-28;2;0
28;2025-11-28;3;0
28;2025-11-28;4;3
28;2025-11-28;5;80
28;2025-11-28;6;237
28;2025-11-28;7;743
28;2025-11-28;8;1083
28;2025-11-28;9;784
28;2025-11-28;10;562
28;2025-11-28;11;522
28;2025-11-28;12;652
28;2025-11-28;13;712
28;2025-11-28;14;658
28;2025-11-28;15;699
28;2025-11-28;16;886
28;2025-11-28;17;897
28;2025-11-28;18;786
28;2025-11-28;19;611
28;2025-11-28;20;435
28;2025-11-28;21;286
28;2025-11-28;22;144
28;2025-11-28;23;21
28;2025-11-29;0;1
28;2025-11-29;1;0
28;2025-11-29;2;0
28;2025-11-29;3;0
28;2025-11-29;4;2
28;2025-11-29;5;33
28;2025-11-29;6;80
28;2025-11-29;7;167
28;2025-11-29;8;266
28;2025-11-29;9;382
28;2025-11-29;10;403
28;2025-11-29;11;397
28;2025-11-29;12;485
28;2025-11-29;13;514
28;2025-11-29;14;507
28;2025-11-29;15;496
28;2025-11-29;16;455
28;2025-11-29;17;464
28;2025-11-29;18;392
28;2025-11-29;19;336
28;2025-11-29;20;244
28;2025-11-29;21;226
28;2025-11-29;22;115
28;2025-11-29;23;18
28;2025-11-30;0;1
28;2025-11-30;1;0
28;2025-11-30;2;1
28;2025-11-30;3;0
28;2025-11-30;4;1
28;2025-11-30;5;29
28;2025-11-30;6;67
28;2025-11-30;7;122
28;2025-11-30;8;193
28;2025-11-30;9;274
28;2025-11-30;10;309
28;2025-11-30;11;343
28;2025-11-30;12;398
28;2025-11-30;13;449
28;2025-11-30;14;441
28;2025-11-30;15;435
28;2025-11-30;16;400
28;2025-11-30;17;399
28;2025-11-30;18;341
28;2025-11-30;19;298
28;2025-11-30;20;234
28;2025-11-30;21;205
28;2025-11-30;22;90
28;2025-11-30;23;12
28;2025-12-01;0;1
28;2025-12-01;1;1
28;2025-12-01;2;0
28;2025-12-01;3;0
28;2025-12-01;4;3
28;2025-12-01;5;68
28;2025-12-01;6;217
28;2025-12-01;7;647
28;2025-12-01;8;1063
28;2025-12-01;9;736
28;2025-12-01;10;517
28;2025-12-01;11;456
28;2025-12-01;12;564
28;2025-12-01;13;605
28;2025-12-01;14;560
28;2025-12-01;15;576
28;2025-12-01;16;741
28;2025-12-01;17;807
28;2025-12-01;18;803
28;2025-12-01;19;620
28;2025-12-01;20;425
28;2025-12-01;21;249
28;2025-12-01;22;106
28;2025-12-01;23;15
28;2025-12-02;0;1
28;2025-12-02;1;0
28;2025-12-02;2;0
28;2025-12-02;3;0
28;2025-12-02;4;2
28;2025-12-02;5;67
28;2025-12-02;6;216
28;2025-12-02;7;656
28;2025-12-02;8;1072
28;2025-12-02;9;729
28;2025-12-02;10;556
28;2025-12-02;11;490
28;2025-12-02;12;582
28;2025-12-02;13;622
28;2025-12-02;14;563
28;2025-12-02;15;578
28;2025-12-02;16;706
28;2025-12-02;17;812
28;2025-12-02;18;785
28;2025-12-02;19;616
28;2025-12-02;20;447
28;2025-12-02;21;257
28;2025-12-02;22;117
28;2025-12-02;23;18
28;2025-12-03;0;1
28;2025-12-03;1;0
28;2025-12-03;2;0
28;2025-12-03;3;0
28;2025-12-03;4;2
28;2025-12-03;5;64
28;2025-12-03;6;218
28;2025-12-03;7;639
28;2025-12-03;8;1072
28;2025-12-03;9;688
28;2025-12-03;10;530
28;2025-12-03;11;488
28;2025-12-03;12;580
28;2025-12-03;13;627
28;2025-12-03;14;564
28;2025-12-03;15;618
28;2025-12-03;16;738
28;2025-12-03;17;845
28;2025-12-03;18;825
28;2025-12-03;19;607
28;2025-12-03;20;438
28;2025-12-03;21;266
28;2025-12-03;22;126
28;2025-12-03;23;17
28;2025-12-04;0;1
28;2025-12-04;1;0
28;2025-12-04;2;0
28;2025-12-04;3;0
28;2025-12-04;4;2
28;2025-12-04;5;65
28;2025-12-04;6;216
28;2025-12-04;7;657
28;2025-12-04;8;1066
28;2025-12-04;9;713
28;2025-12-04;10;544
28;2025-12-04;11;471
28;2025-12-04;12;585
28;2025-12-04;13;634
28;2025-12-04;14;560
28;2025-12-04;15;564
28;2025-12-04;16;726
28;2025-12-04;17;864
28;2025-12-04;18;865
28;2025-12-04;19;602
28;2025-12-04;20;437
28;2025-12-04;21;292
28;2025-12-04;22;123
28;2025-12-04;23;17
28;2025-12-05;0;2
28;2025-12-05;1;0
28;2025-12-05;2;0
28;2025-12-05;3;0
28;2025-12-05;4;4
28;2025-12-05;5;66
28;2025-12-05;6;205
28;2025-12-05;7;630
28;2025-12-05;8;984
28;2025-12-05;9;663
28;2025-12-05;10;503
28;2025-12-05;11;466
28;2025-12-05;12;570
28;2025-12-05;13;623
28;2025-12-05;14;570
28;2025-12-05;15;612
28;2025-12-05;16;792
28;2025-12-05;17;800
28;2025-12-05;18;695
28;2025-12-05;19;524
28;2025-12-05;20;404
28;2025-12-05;21;266
28;2025-12-05;22;131
28;2025-12-05;23;23
28;2025-12-06;0;0
28;2025-12-06;1;0
28;2025-12-06;2;0
28;2025-12-06;3;0
28;2025-12-06;4;4
28;2025-12-06;5;37
28;2025-12-06;6;82
28;2025-12-06;7;165
28;2025-12-06;8;273
28;2025-12-06;9;380
28;2025-12-06;10;401
28;2025-12-06;11;394
28;2025-12-06;12;477
28;2025-12-06;13;498
28;2025-12-06;14;498
28;2025-12-06;15;483
28;2025-12-06;16;448
28;2025-12-06;17;462
28;2025-12-06;18;397
28;2025-12-06;19;337
28;2025-12-06;20;250
28;2025-12-06;21;233
28;2025-12-06;22;121
28;2025-12-06;23;26
28;2025-12-07;0;2
28;2025-12-07;1;0
28;2025-12-07;2;0
28;2025-12-07;3;0
28;2025-12-07;4;1
28;2025-12-07;5;28
28;2025-12-07;6;59
28;2025-12-07;7;110
28;2025-12-07;8;183
28;2025-12-07;9;261
28;2025-12-07;10;293
28;2025-12-07;11;332
28;2025-12-07;12;395
28;2025-12-07;13;441
28;2025-12-07;14;441
28;2025-12-07;15;439
28;2025-12-07;16;411
28;2025-12-07;17;405
28;2025-12-07;18;350
28;2025-12-07;19;300
28;2025-12-07;20;238
28;2025-12-07;21;209
28;2025-12-07;22;93
28;2025-12-07;23;17
28;2025-12-08;0;1
28;2025-12-08;1;1
28;2025-12-08;2;0
28;2025-12-08;3;0
28;2025-12-08;4;3
28;2025-12-08;5;62
28;2025-12-08;6;203
28;2025-12-08;7;594
28;2025-12-08;8;1011
28;2025-12-08;9;686
28;2025-12-08;10;489
28;2025-12-08;11;430
28;2025-12-08;12;548
28;2025-12-08;13;580
28;2025-12-08;14;550
28;2025-12-08;15;560
28;2025-12-08;16;710
28;2025-12-08;17;768
28;2025-12-08;18;773
28;2025-12-08;19;595
28;2025-12-08;20;416
28;2025-12-08;21;248
28;2025-12-08;22;105
28;2025-12-08;23;20
28;2025-12-09;0;1
28;2025-12-09;1;0
28;2025-12-09;2;0
28;2025-12-09;3;0
28;2025-12-09;4;4
28;2025-12-09;5;58
28;2025-12-09;6;191
28;2025-12-09;7;574
28;2025-12-09;8;987
28;2025-12-09;9;644
28;2025-12-09;10;499
28;2025-12-09;11;452
28;2025-12-09;12;535
28;2025-12-09;13;562
28;2025-12-09;14;521
28;2025-12-09;15;535
28;2025-12-09;16;647
28;2025-12-09;17;751
28;2025-12-09;18;740
28;2025-12-09;19;564
28;2025-12-09;20;416
28;2025-12-09;21;246
28;2025-12-09;22;115
28;2025-12-09;23;26
28;2025-12-10;0;2
28;2025-12-10;1;0
28;2025-12-10;2;0
28;2025-12-10;3;0
28;2025-12-10;4;0
28;2025-12-10;5;4
28;2025-12-10;6;143
28;2025-12-10;7;491
28;2025-12-10;8;868
28;2025-12-10;9;518
28;2025-12-10;10;415
28;2025-12-10;11;384
28;2025-12-10;12;446
28;2025-12-10;13;486
28;2025-12-10;14;459
28;2025-12-10;15;483
28;2025-12-10;16;579
28;2025-12-10;17;668
28;2025-12-10;18;671
28;2025-12-10;19;475
28;2025-12-10;20;354
28;2025-12-10;21;198
28;2025-12-10;22;65
28;2025-12-10;23;0
28;2025-12-11;0;0
28;2025-12-11;1;0
28;2025-12-11;2;0
28;2025-12-11;3;0
28;2025-12-11;4;0
28;2025-12-11;5;16
28;2025-12-11;6;149
28;2025-12-11;7;518
28;2025-12-11;8;890
28;2025-12-11;9;562
28;2025-12-11;10;453
28;2025-12-11;11;387
28;2025-12-11;12;483
28;2025-12-11;13;516
28;2025-12-11;14;480
28;2025-12-11;15;472
28;2025-12-11;16;593
28;2025-12-11;17;704
28;2025-12-11;18;727
28;2025-12-11;19;485
28;2025-12-11;20;348
28;2025-12-11;21;227
28;2025-12-11;22;64
28;2025-12-11;23;6
28;2025-12-12;0;0
28;2025-12-12;1;0
28;2025-12-12;2;0
28;2025-12-12;3;0
28;2025-12-12;4;0
28;2025-12-12;5;19
28;2025-12-12;6;130
28;2025-12-12;7;504
28;2025-12-12;8;794
28;2025-12-12;9;496
28;2025-12-12;10;392
28;2025-12-12;11;356
28;2025-12-12;12;444
28;2025-12-12;13;489
28;2025-12-12;14;469
28;2025-12-12;15;498
28;2025-12-12;16;656
28;2025-12-12;17;644
28;2025-12-12;18;583
28;2025-12-12;19;440
28;2025-12-12;20;337
28;2025-12-12;21;210
28;2025-12-12;22;86
28;2025-12-12;23;10
28;2025-12-13;0;0
28;2025-12-13;1;1
28;2025-12-13;2;0
28;2025-12-13;3;0
28;2025-12-13;4;0
28;2025-12-13;5;0
28;2025-12-13;6;24
28;2025-12-13;7;117
28;2025-12-13;8;225
28;2025-12-13;9;324
28;2025-12-13;10;342
28;2025-12-13;11;341
28;2025-12-13;12;405
28;2025-12-13;13;426
28;2025-12-13;14;427
28;2025-12-13;15;413
28;2025-12-13;16;385
28;2025-12-13;17;389
28;2025-12-13;18;348
28;2025-12-13;19;298
28;2025-12-13;20;211
28;2025-12-13;21;181
28;2025-12-13;22;68
28;2025-12-13;23;9
28;2025-12-14;0;3
28;2025-12-14;1;3
28;2025-12-14;2;1
28;2025-12-14;3;0
28;2025-12-14;4;1
28;2025-12-14;5;0
28;2025-12-14;6;0
28;2025-12-14;7;45
28;2025-12-14;8;115
28;2025-12-14;9;200
28;2025-12-14;10;234
28;2025-12-14;11;261
28;2025-12-14;12;334
28;2025-12-14;13;373
28;2025-12-14;14;380
28;2025-12-14;15;378
28;2025-12-14;16;335
28;2025-12-14;17;325
28;2025-12-14;18;282
28;2025-12-14;19;235
28;2025-12-14;20;176
28;2025-12-14;21;135
28;2025-12-14;22;28
28;2025-12-14;23;0
28;2025-12-15;0;0
28;2025-12-15;1;2
28;2025-12-15;2;0
28;2025-12-15;3;0
28;2025-12-15;4;0
28;2025-12-15;5;0
28;2025-12-15;6;138
28;2025-12-15;7;469
28;2025-12-15;8;844
28;2025-12-15;9;550
28;2025-12-15;10;391
28;2025-12-15;11;341
28;2025-12-15;12;449
28;2025-12-15;13;469
28;2025-12-15;14;453
28;2025-12-15;15;465
28;2025-12-15;16;579
28;2025-12-15;17;630
28;2025-12-15;18;644
28;2025-12-15;19;478
28;2025-12-15;20;345
28;2025-12-15;21;182
28;2025-12-15;22;39
28;2025-12-15;23;0
28;2025-12-16;0;0
28;2025-12-16;1;0
28;2025-12-16;2;0
28;2025-12-16;3;0
28;2025-12-16;4;0
28;2025-12-16;5;0
28;2025-12-16;6;132
28;2025-12-16;7;478
28;2025-12-16;8;854
28;2025-12-16;9;538
28;2025-12-16;10;429
28;2025-12-16;11;386
28;2025-12-16;12;448
28;2025-12-16;13;478
28;2025-12-16;14;459
28;2025-12-16;15;473
28;2025-12-16;16;559
28;2025-12-16;17;660
28;2025-12-16;18;654
28;2025-12-16;19;495
28;2025-12-16;20;368
28;2025-12-16;21;189
28;2025-12-16;22;53
28;2025-12-16;23;0
28;2025-12-17;0;1
28;2025-12-17;1;0
28;2025-12-17;2;0
28;2025-12-17;3;0
28;2025-12-17;4;0
28;2025-12-17;5;1
28;2025-12-17;6;143
28;2025-12-17;7;476
28;2025-12-17;8;857
28;2025-12-17;9;506
28;2025-12-17;10;409
28;2025-12-17;11;379
28;2025-12-17;12;446
28;2025-12-17;13;487
28;2025-12-17;14;465
28;2025-12-17;15;487
28;2025-12-17;16;575
28;2025-12-17;17;662
28;2025-12-17;18;660
28;2025-12-17;19;470
28;2025-12-17;20;360
28;2025-12-17;21;198
28;2025-12-17;22;67
28;2025-12-17;23;0
28;2025-12-18;0;0
28;2025-12-18;1;0
28;2025-12-18;2;0
28;2025-12-18;3;0
28;2025-12-18;4;0
28;2025-12-18;5;5
28;2025-12-18;6;135
28;2025-12-18;7;497
28;2025-12-18;8;851
28;2025-12-18;9;523
28;2025-12-18;10;428
28;2025-12-18;11;373
28;2025-12-18;12;463
28;2025-12-18;13;489
28;2025-12-18;14;451
28;2025-12-18;15;450
28;2025-12-18;16;584
28;2025-12-18;17;685
28;2025-12-18;18;708
28;2025-12-18;19;473
28;2025-12-18;20;336
28;2025-12-18;21;217
28;2025-12-18;22;57
28;2025-12-18;23;0
28;2025-12-19;0;0
28;2025-12-19;1;0
28;2025-12-19;2;0
28;2025-12-19;3;0
28;2025-12-19;4;0
28;2025-12-19;5;9
28;2025-12-19;6;130
28;2025-12-19;7;482
28;2025-12-19;8;773
28;2025-12-19;9;497
28;2025-12-19;10;383
28;2025-12-19;11;357
28;2025-12-19;12;443
28;2025-12-19;13;486
28;2025-12-19;14;461
28;2025-12-19;15;483
28;2025-12-19;16;634
28;2025-12-19;17;619
28;2025-12-19;18;555
28;2025-12-19;19;411
28;2025-12-19;20;322
28;2025-12-19;21;187
28;2025-12-19;22;63
28;2025-12-19;23;0
28;2025-12-20;0;0
28;2025-12-20;1;0
28;2025-12-20;2;0
28;2025-12-20;3;0
28;2025-12-20;4;0
28;2025-12-20;5;0
28;2025-12-20;6;7
28;2025-12-20;7;91
28;2025-12-20;8;187
28;2025-12-20;9;292
28;2025-12-20;10;314
28;2025-12-20;11;317
28;2025-12-20;12;370
28;2025-12-20;13;390
28;2025-12-20;14;397
28;2025-12-20;15;389
28;2025-12-20;16;358
28;2025-12-20;17;361
28;2025-12-20;18;324
28;2025-12-20;19;272
28;2025-12-20;20;196
28;2025-12-20;21;168
28;2025-12-20;22;50
28;2025-12-20;23;0
28;2025-12-21;0;1
28;2025-12-21;1;0
28;2025-12-21;2;0
28;2025-12-21;3;0
28;2025-12-21;4;0
28;2025-12-21;5;0
28;2025-12-21;6;0
28;2025-12-21;7;55
28;2025-12-21;8;116
28;2025-12-21;9;187
28;2025-12-21;10;220
28;2025-12-21;11;260
28;2025-12-21;12;315
28;2025-12-21;13;353
28;2025-12-21;14;351
28;2025-12-21;15;357
28;2025-12-21;16;328
28;2025-12-21;17;321
28;2025-12-21;18;280
28;2025-12-21;19;234
28;2025-12-21;20;172
28;2025-12-21;21;133
28;2025-12-21;22;28
28;2025-12-21;23;0
28;2025-12-22;0;0
28;2025-12-22;1;0
28;2025-12-22;2;0
28;2025-12-22;3;0
28;2025-12-22;4;0
28;2025-12-22;5;7
28;2025-12-22;6;137
28;2025-12-22;7;472
28;2025-12-22;8;860
28;2025-12-22;9;547
28;2025-12-22;10;402
28;2025-12-22;11;340
28;2025-12-22;12;461
28;2025-12-22;13;487
28;2025-12-22;14;464
28;2025-12-22;15;479
28;2025-12-22;16;600
28;2025-12-22;17;660
28;2025-12-22;18;667
28;2025-12-22;19;492
28;2025-12-22;20;366
28;2025-12-22;21;199
28;2025-12-22;22;53
28;2025-12-22;23;6
28;2025-12-23;0;0
28;2025-12-23;1;0
28;2025-12-23;2;1
28;2025-12-23;3;0
28;2025-12-23;4;0
28;2025-12-23;5;11
28;2025-12-23;6;162
28;2025-12-23;7;495
28;2025-12-23;8;886
28;2025-12-23;9;549
28;2025-12-23;10;442
28;2025-12-23;11;399
28;2025-12-23;12;456
28;2025-12-23;13;492
28;2025-12-23;14;465
28;2025-12-23;15;475
28;2025-12-23;16;568
28;2025-12-23;17;654
28;2025-12-23;18;643
28;2025-12-23;19;470
28;2025-12-23;20;348
28;2025-12-23;21;186
28;2025-12-23;22;53
28;2025-12-23;23;0
28;2025-12-24;0;0
28;2025-12-24;1;0
28;2025-12-24;2;0
28;2025-12-24;3;0
28;2025-12-24;4;0
28;2025-12-24;5;1
28;2025-12-24;6;135
28;2025-12-24;7;462
28;2025-12-24;8;829
28;2025-12-24;9;503
28;2025-12-24;10;411
28;2025-12-24;11;396
28;2025-12-24;12;463
28;2025-12-24;13;514
28;2025-12-24;14;471
28;2025-12-24;15;505
28;2025-12-24;16;584
28;2025-12-24;17;660
28;2025-12-24;18;662
28;2025-12-24;19;480
28;2025-12-24;20;366
28;2025-12-24;21;189
28;2025-12-24;22;59
28;2025-12-24;23;0
28;2025-12-25;0;0
28;2025-12-25;1;0
28;2025-12-25;2;0
28;2025-12-25;3;0
28;2025-12-25;4;0
28;2025-12-25;5;0
28;2025-12-25;6;115
28;2025-12-25;7;451
28;2025-12-25;8;821
28;2025-12-25;9;512
28;2025-12-25;10;416
28;2025-12-25;11;353
28;2025-12-25;12;462
28;2025-12-25;13;495
28;2025-12-25;14;466
28;2025-12-25;15;455
28;2025-12-25;16;578
28;2025-12-25;17;694
28;2025-12-25;18;714
28;2025-12-25;19;474
28;2025-12-25;20;343
28;2025-12-25;21;228
28;2025-12-25;22;73
28;2025-12-25;23;9
28;2025-12-26;0;0
28;2025-12-26;1;2
28;2025-12-26;2;0
28;2025-12-26;3;0
28;2025-12-26;4;0
28;2025-12-26;5;8
28;2025-12-26;6;130
28;2025-12-26;7;471
28;2025-12-26;8;768
28;2025-12-26;9;506
28;2025-12-26;10;408
28;2025-12-26;11;371
28;2025-12-26;12;467
28;2025-12-26;13;500
28;2025-12-26;14;481
28;2025-12-26;15;498
28;2025-12-26;16;650
28;2025-12-26;17;625
28;2025-12-26;18;556
28;2025-12-26;19;434
28;2025-12-26;20;323
28;2025-12-26;21;203
28;2025-12-26;22;79
28;2025-12-26;23;9
28;2025-12-27;0;0
28;2025-12-27;1;0
28;2025-12-27;2;0
28;2025-12-27;3;0
28;2025-12-27;4;0
28;2025-12-27;5;0
28;2025-12-27;6;11
28;2025-12-27;7;91
28;2025-12-27;8;185
28;2025-12-27;9;288
28;2025-12-27;10;305
28;2025-12-27;11;302
28;2025-12-27;12;367
28;2025-12-27;13;385
28;2025-12-27;14;394
28;2025-12-27;15;388
28;2025-12-27;16;342
28;2025-12-27;17;345
28;2025-12-27;18;304
28;2025-12-27;19;257
28;2025-12-27;20;169
28;2025-12-27;21;156
28;2025-12-27;22;52
28;2025-12-27;23;0
28;2025-12-28;0;0
28;2025-12-28;1;0
28;2025-12-28;2;1
28;2025-12-28;3;0
28;2025-12-28;4;0
28;2025-12-28;5;0
28;2025-12-28;6;0
28;2025-12-28;7;34
28;2025-12-28;8;105
28;2025-12-28;9;185
28;2025-12-28;10;220
28;2025-12-28;11;253
28;2025-12-28;12;322
28;2025-12-28;13;350
28;2025-12-28;14;358
28;2025-12-28;15;360
28;2025-12-28;16;318
28;2025-12-28;17;309
28;2025-12-28;18;265
28;2025-12-28;19;211
28;2025-12-28;20;159
28;2025-12-28;21;128
28;2025-12-28;22;22
28;2025-12-28;23;0
28;2025-12-29;0;0
28;2025-12-29;1;0
28;2025-12-29;2;0
28;2025-12-29;3;0
28;2025-12-29;4;0
28;2025-12-29;5;0
28;2025-12-29;6;116
28;2025-12-29;7;412
28;2025-12-29;8;781
28;2025-12-29;9;508
28;2025-12-29;10;384
28;2025-12-29;11;318
28;2025-12-29;12;443
28;2025-12-29;13;453
28;2025-12-29;14;443
28;2025-12-29;15;461
28;2025-12-29;16;551
28;2025-12-29;17;596
28;2025-12-29;18;588
28;2025-12-29;19;451
28;2025-12-29;20;325
28;2025-12-29;21;176
28;2025-12-29;22;36
28;2025-12-29;23;0
28;2025-12-30;0;0
28;2025-12-30;1;0
28;2025-12-30;2;0
28;2025-12-30;3;0
28;2025-12-30;4;0
28;2025-12-30;5;0
28;2025-12-30;6;109
28;2025-12-30;7;402
28;2025-12-30;8;768
28;2025-12-30;9;481
28;2025-12-30;10;394
28;2025-12-30;11;348
28;2025-12-30;12;431
28;2025-12-30;13;454
28;2025-12-30;14;449
28;2025-12-30;15;461
28;2025-12-30;16;513
28;2025-12-30;17;590
28;2025-12-30;18;552
28;2025-12-30;19;438
28;2025-12-30;20;321
28;2025-12-30;21;172
28;2025-12-30;22;41
28;2025-12-30;23;0
28;2025-12-31;0;0
28;2025-12-31;1;0
28;2025-12-31;2;0
28;2025-12-31;3;0
28;2025-12-31;4;0
28;2025-12-31;5;0
28;2025-12-31;6;10
28;2025-12-31;7;21
28;2025-12-31;8;122
28;2025-12-31;9;81
28;2025-12-31;10;198
28;2025-12-31;11;189
28;2025-12-31;12;199
28;2025-12-31;13;215
28;2025-12-31;14;247
28;2025-12-31;15;235
28;2025-12-31;16;209
28;2025-12-31;17;230
28;2025-12-31;18;167
28;2025-12-31;19;155
28;2025-12-31;20;239
28;2025-12-31;21;128
28;2025-12-31;22;38
28;2025-12-31;23;0
50;2025-11-01;0;46
50;2025-11-01;1;3
50;2025-11-01;2;1
50;2025-11-01;3;0
50;2025-11-01;4;0
50;2025-11-01;5;12
50;2025-11-01;6;45
50;2025-11-01;7;148
50;2025-11-01;8;227
50;2025-11-01;9;121
50;2025-11-01;10;130
50;2025-11-01;11;175
50;2025-11-01;12;288
50;2025-11-01;13;357
50;2025-11-01;14;345
50;2025-11-01;15;275
50;2025-11-01;16;213
50;2025-11-01;17;234
50;2025-11-01;18;116
50;2025-11-01;19;103
50;2025-11-01;20;272
50;2025-11-01;21;187
50;2025-11-01;22;41
50;2025-11-01;23;50
50;2025-11-02;0;52
50;2025-11-02;1;9
50;2025-11-02;2;0
50;2025-11-02;3;0
50;2025-11-02;4;2
50;2025-11-02;5;30
50;2025-11-02;6;140
50;2025-11-02;7;196
50;2025-11-02;8;311
50;2025-11-02;9;403
50;2025-11-02;10;431
50;2025-11-02;11;558
50;2025-11-02;12;656
50;2025-11-02;13;688
50;2025-11-02;14;736
50;2025-11-02;15;677
50;2025-11-02;16;703
50;2025-11-02;17;663
50;2025-11-02;18;591
50;2025-11-02;19;492
50;2025-11-02;20;395
50;2025-11-02;21;317
50;2025-11-02;22;180
50;2025-11-02;23;109
50;2025-11-03;0;35
50;2025-11-03;1;6
50;2025-11-03;2;0
50;2025-11-03;3;0
50;2025-11-03;4;1
50;2025-11-03;5;44
50;2025-11-03;6;357
50;2025-11-03;7;513
50;2025-11-03;8;744
50;2025-11-03;9;613
50;2025-11-03;10;638
50;2025-11-03;11;655
50;2025-11-03;12;701
50;2025-11-03;13;703
50;2025-11-03;14;697
50;2025-11-03;15;686
50;2025-11-03;16;710
50;2025-11-03;17;822
50;2025-11-03;18;805
50;2025-11-03;19;675
50;2025-11-03;20;540
50;2025-11-03;21;416
50;2025-11-03;22;224
50;2025-11-03;23;135
50;2025-11-04;0;37
50;2025-11-04;1;0
50;2025-11-04;2;1
50;2025-11-04;3;0
50;2025-11-04;4;4
50;2025-11-04;5;44
50;2025-11-04;6;352
50;2025-11-04;7;473
50;2025-11-04;8;667
50;2025-11-04;9;605
50;2025-11-04;10;590
50;2025-11-04;11;619
50;2025-11-04;12;631
50;2025-11-04;13;675
50;2025-11-04;14;715
50;2025-11-04;15;740
50;2025-11-04;16;704
50;2025-11-04;17;783
50;2025-11-04;18;761
50;2025-11-04;19;646
50;2025-11-04;20;528
50;2025-11-04;21;407
50;2025-11-04;22;215
50;2025-11-04;23;137
50;2025-11-05;0;36
50;2025-11-05;1;3
50;2025-11-05;2;0
50;2025-11-05;3;0
50;2025-11-05;4;1
50;2025-11-05;5;74
50;2025-11-05;6;517
50;2025-11-05;7;1663
50;2025-11-05;8;2622
50;2025-11-05;9;2075
50;2025-11-05;10;1563
50;2025-11-05;11;1470
50;2025-11-05;12;1413
50;2025-11-05;13;1409
50;2025-11-05;14;1366
50;2025-11-05;15;1538
50;2025-11-05;16;1657
50;2025-11-05;17;2297
50;2025-11-05;18;2365
50;2025-11-05;19;1404
50;2025-11-05;20;832
50;2025-11-05;21;542
50;2025-11-05;22;268
50;2025-11-05;23;139
50;2025-11-06;0;39
50;2025-11-06;1;2
50;2025-11-06;2;0
50;2025-11-06;3;0
50;2025-11-06;4;0
50;2025-11-06;5;73
50;2025-11-06;6;528
50;2025-11-06;7;1712
50;2025-11-06;8;2577
50;2025-11-06;9;2050
50;2025-11-06;10;1546
50;2025-11-06;11;1466
50;2025-11-06;12;1408
50;2025-11-06;13;1381
50;2025-11-06;14;1343
50;2025-11-06;15;1518
50;2025-11-06;16;1650
50;2025-11-06;17;2278
50;2025-11-06;18;2416
50;2025-11-06;19;1390
50;2025-11-06;20;871
50;2025-11-06;21;629
50;2025-11-06;22;266
50;2025-11-06;23;145
50;2025-11-07;0;43
50;2025-11-07;1;3
50;2025-11-07;2;0
50;2025-11-07;3;0
50;2025-11-07;4;2
50;2025-11-07;5;69
50;2025-11-07;6;522
50;2025-11-07;7;1657
50;2025-11-07;8;2572
50;2025-11-07;9;1959
50;2025-11-07;10;1470
50;2025-11-07;11;1465
50;2025-11-07;12;1447
50;2025-11-07;13;1425
50;2025-11-07;14;1397
50;2025-11-07;15;1679
50;2025-11-07;16;2003
50;2025-11-07;17;2128
50;2025-11-07;18;1715
50;2025-11-07;19;1163
50;2025-11-07;20;762
50;2025-11-07;21;531
50;2025-11-07;22;274
50;2025-11-07;23;150
50;2025-11-08;0;47
50;2025-11-08;1;0
50;2025-11-08;2;0
50;2025-11-08;3;0
50;2025-11-08;4;2
50;2025-11-08;5;25
50;2025-11-08;6;138
50;2025-11-08;7;302
50;2025-11-08;8;478
50;2025-11-08;9;507
50;2025-11-08;10;502
50;2025-11-08;11;613
50;2025-11-08;12;653
50;2025-11-08;13;691
50;2025-11-08;14;702
50;2025-11-08;15;668
50;2025-11-08;16;646
50;2025-11-08;17;645
50;2025-11-08;18;560
50;2025-11-08;19;506
50;2025-11-08;20;393
50;2025-11-08;21;304
50;2025-11-08;22;167
50;2025-11-08;23;113
50;2025-11-09;0;35
50;2025-11-09;1;0
50;2025-11-09;2;0
50;2025-11-09;3;0
50;2025-11-09;4;0
50;2025-11-09;5;15
50;2025-11-09;6;117
50;2025-11-09;7;169
50;2025-11-09;8;282
50;2025-11-09;9;373
50;2025-11-09;10;403
50;2025-11-09;11;505
50;2025-11-09;12;560
50;2025-11-09;13;600
50;2025-11-09;14;655
50;2025-11-09;15;582
50;2025-11-09;16;601
50;2025-11-09;17;603
50;2025-11-09;18;535
50;2025-11-09;19;480
50;2025-11-09;20;372
50;2025-11-09;21;302
50;2025-11-09;22;178
50;2025-11-09;23;101
50;2025-11-10;0;35
50;2025-11-10;1;8
50;2025-11-10;2;0
50;2025-11-10;3;0
50;2025-11-10;4;3
50;2025-11-10;5;72
50;2025-11-10;6;527
50;2025-11-10;7;1695
50;2025-11-10;8;2636
50;2025-11-10;9;2063
50;2025-11-10;10;1539
50;2025-11-10;11;1445
50;2025-11-10;12;1356
50;2025-11-10;13;1386
50;2025-11-10;14;1348
50;2025-11-10;15;1549
50;2025-11-10;16;1599
50;2025-11-10;17;2255
50;2025-11-10;18;2463
50;2025-11-10;19;1414
50;2025-11-10;20;855
50;2025-11-10;21;569
50;2025-11-10;22;241
50;2025-11-10;23;127
50;2025-11-11;0;38
50;2025-11-11;1;3
50;2025-11-11;2;0
50;2025-11-11;3;0
50;2025-11-11;4;1
50;2025-11-11;5;69
50;2025-11-11;6;564
50;2025-11-11;7;1789
50;2025-11-11;8;2789
50;2025-11-11;9;2136
50;2025-11-11;10;1607
50;2025-11-11;11;1502
50;2025-11-11;12;1431
50;2025-11-11;13;1430
50;2025-11-11;14;1373
50;2025-11-11;15;1568
50;2025-11-11;16;1617
50;2025-11-11;17;2370
50;2025-11-11;18;2528
50;2025-11-11;19;1454
50;2025-11-11;20;891
50;2025-11-11;21;599
50;2025-11-11;22;254
50;2025-11-11;23;141
50;2025-11-12;0;36
50;2025-11-12;1;3
50;2025-11-12;2;0
50;2025-11-12;3;0
50;2025-11-12;4;1
50;2025-11-12;5;72
50;2025-11-12;6;532
50;2025-11-12;7;1708
50;2025-11-12;8;2700
50;2025-11-12;9;2121
50;2025-11-12;10;1614
50;2025-11-12;11;1498
50;2025-11-12;12;1444
50;2025-11-12;13;1436
50;2025-11-12;14;1394
50;2025-11-12;15;1539
50;2025-11-12;16;1671
50;2025-11-12;17;2330
50;2025-11-12;18;2414
50;2025-11-12;19;1435
50;2025-11-12;20;854
50;2025-11-12;21;594
50;2025-11-12;22;271
50;2025-11-12;23;137
50;2025-11-13;0;38
50;2025-11-13;1;2
50;2025-11-13;2;0
50;2025-11-13;3;0
50;2025-11-13;4;0
50;2025-11-13;5;73
50;2025-11-13;6;533
50;2025-11-13;7;1744
50;2025-11-13;8;2667
50;2025-11-13;9;2098
50;2025-11-13;10;1581
50;2025-11-13;11;1509
50;2025-11-13;12;1421
50;2025-11-13;13;1402
50;2025-11-13;14;1363
50;2025-11-13;15;1553
50;2025-11-13;16;1687
50;2025-11-13;17;2338
50;2025-11-13;18;2493
50;2025-11-13;19;1429
50;2025-11-13;20;907
50;2025-11-13;21;631
50;2025-11-13;22;272
50;2025-11-13;23;145
50;2025-11-14;0;44
50;2025-11-14;1;2
50;2025-11-14;2;0
50;2025-11-14;3;0
50;2025-11-14;4;0
50;2025-11-14;5;74
50;2025-11-14;6;542
50;2025-11-14;7;1696
50;2025-11-14;8;2646
50;2025-11-14;9;2023
50;2025-11-14;10;1513
50;2025-11-14;11;1528
50;2025-11-14;12;1498
50;2025-11-14;13;1450
50;2025-11-14;14;1421
50;2025-11-14;15;1689
50;2025-11-14;16;2055
50;2025-11-14;17;2189
50;2025-11-14;18;1763
50;2025-11-14;19;1194
50;2025-11-14;20;790
50;2025-11-14;21;546
50;2025-11-14;22;281
50;2025-11-14;23;151
50;2025-11-15;0;52
50;2025-11-15;1;1
50;2025-11-15;2;0
50;2025-11-15;3;1
50;2025-11-15;4;0
50;2025-11-15;5;32
50;2025-11-15;6;161
50;2025-11-15;7;333
50;2025-11-15;8;507
50;2025-11-15;9;576
50;2025-11-15;10;571
50;2025-11-15;11;696
50;2025-11-15;12;736
50;2025-11-15;13;788
50;2025-11-15;14;802
50;2025-11-15;15;780
50;2025-11-15;16;747
50;2025-11-15;17;742
50;2025-11-15;18;664
50;2025-11-15;19;607
50;2025-11-15;20;440
50;2025-11-15;21;346
50;2025-11-15;22;196
50;2025-11-15;23;133
50;2025-11-16;0;47
50;2025-11-16;1;3
50;2025-11-16;2;1
50;2025-11-16;3;1
50;2025-11-16;4;1
50;2025-11-16;5;23
50;2025-11-16;6;127
50;2025-11-16;7;205
50;2025-11-16;8;316
50;2025-11-16;9;422
50;2025-11-16;10;462
50;2025-11-16;11;612
50;2025-11-16;12;679
50;2025-11-16;13;727
50;2025-11-16;14;746
50;2025-11-16;15;682
50;2025-11-16;16;682
50;2025-11-16;17;669
50;2025-11-16;18;593
50;2025-11-16;19;502
50;2025-11-16;20;387
50;2025-11-16;21;318
50;2025-11-16;22;173
50;2025-11-16;23;100
50;2025-11-17;0;28
50;2025-11-17;1;1
50;2025-11-17;2;0
50;2025-11-17;3;0
50;2025-11-17;4;2
50;2025-11-17;5;65
50;2025-11-17;6;525
50;2025-11-17;7;1724
50;2025-11-17;8;2723
50;2025-11-17;9;2142
50;2025-11-17;10;1547
50;2025-11-17;11;1459
50;2025-11-17;12;1352
50;2025-11-17;13;1350
50;2025-11-17;14;1347
50;2025-11-17;15;1555
50;2025-11-17;16;1610
50;2025-11-17;17;2323
50;2025-11-17;18;2539
50;2025-11-17;19;1429
50;2025-11-17;20;851
50;2025-11-17;21;570
50;2025-11-17;22;239
50;2025-11-17;23;124
50;2025-11-18;0;34
50;2025-11-18;1;2
50;2025-11-18;2;1
50;2025-11-18;3;1
50;2025-11-18;4;0
50;2025-11-18;5;71
50;2025-11-18;6;562
50;2025-11-18;7;1820
50;2025-11-18;8;2824
50;2025-11-18;9;2190
50;2025-11-18;10;1589
50;2025-11-18;11;1508
50;2025-11-18;12;1435
50;2025-11-18;13;1422
50;2025-11-18;14;1380
50;2025-11-18;15;1569
50;2025-11-18;16;1612
50;2025-11-18;17;2393
50;2025-11-18;18;2572
50;2025-11-18;19;1466
50;2025-11-18;20;891
50;2025-11-18;21;590
50;2025-11-18;22;251
50;2025-11-18;23;132
50;2025-11-19;0;31
50;2025-11-19;1;3
50;2025-11-19;2;0
50;2025-11-19;3;0
50;2025-11-19;4;0
50;2025-11-19;5;71
50;2025-11-19;6;540
50;2025-11-19;7;1740
50;2025-11-19;8;2705
50;2025-11-19;9;2128
50;2025-11-19;10;1622
50;2025-11-19;11;1527
50;2025-11-19;12;1475
50;2025-11-19;13;1457
50;2025-11-19;14;1405
50;2025-11-19;15;1568
50;2025-11-19;16;1685
50;2025-11-19;17;2345
50;2025-11-19;18;2432
50;2025-11-19;19;1447
50;2025-11-19;20;864
50;2025-11-19;21;598
50;2025-11-19;22;270
50;2025-11-19;23;135
50;2025-11-20;0;39
50;2025-11-20;1;0
50;2025-11-20;2;0
50;2025-11-20;3;0
50;2025-11-20;4;1
50;2025-11-20;5;72
50;2025-11-20;6;542
50;2025-11-20;7;1759
50;2025-11-20;8;2632
50;2025-11-20;9;2106
50;2025-11-20;10;1590
50;2025-11-20;11;1526
50;2025-11-20;12;1443
50;2025-11-20;13;1418
50;2025-11-20;14;1363
50;2025-11-20;15;1561
50;2025-11-20;16;1675
50;2025-11-20;17;2338
50;2025-11-20;18;2501
50;2025-11-20;19;1431
50;2025-11-20;20;907
50;2025-11-20;21;617
50;2025-11-20;22;267
50;2025-11-20;23;138
50;2025-11-21;0;41
50;2025-11-21;1;0
50;2025-11-21;2;0
50;2025-11-21;3;0
50;2025-11-21;4;3
50;2025-11-21;5;68
50;2025-11-21;6;526
50;2025-11-21;7;1714
50;2025-11-21;8;2623
50;2025-11-21;9;2011
50;2025-11-21;10;1515
50;2025-11-21;11;1523
50;2025-11-21;12;1480
50;2025-11-21;13;1450
50;2025-11-21;14;1406
50;2025-11-21;15;1689
50;2025-11-21;16;2020
50;2025-11-21;17;2177
50;2025-11-21;18;1760
50;2025-11-21;19;1178
50;2025-11-21;20;763
50;2025-11-21;21;535
50;2025-11-21;22;282
50;2025-11-21;23;147
50;2025-11-22;0;55
50;2025-11-22;1;2
50;2025-11-22;2;0
50;2025-11-22;3;0
50;2025-11-22;4;0
50;2025-11-22;5;32
50;2025-11-22;6;161
50;2025-11-22;7;335
50;2025-11-22;8;508
50;2025-11-22;9;590
50;2025-11-22;10;587
50;2025-11-22;11;700
50;2025-11-22;12;734
50;2025-11-22;13;782
50;2025-11-22;14;784
50;2025-11-22;15;747
50;2025-11-22;16;714
50;2025-11-22;17;721
50;2025-11-22;18;644
50;2025-11-22;19;581
50;2025-11-22;20;426
50;2025-11-22;21;341
50;2025-11-22;22;187
50;2025-11-22;23;132
50;2025-11-23;0;47
50;2025-11-23;1;4
50;2025-11-23;2;0
50;2025-11-23;3;0
50;2025-11-23;4;0
50;2025-11-23;5;24
50;2025-11-23;6;131
50;2025-11-23;7;194
50;2025-11-23;8;313
50;2025-11-23;9;416
50;2025-11-23;10;456
50;2025-11-23;11;594
50;2025-11-23;12;673
50;2025-11-23;13;727
50;2025-11-23;14;751
50;2025-11-23;15;695
50;2025-11-23;16;708
50;2025-11-23;17;674
50;2025-11-23;18;598
50;2025-11-23;19;506
50;2025-11-23;20;384
50;2025-11-23;21;315
50;2025-11-23;22;168
50;2025-11-23;23;98
50;2025-11-24;0;28
50;2025-11-24;1;4
50;2025-11-24;2;0
50;2025-11-24;3;0
50;2025-11-24;4;1
50;2025-11-24;5;71
50;2025-11-24;6;516
50;2025-11-24;7;1710
50;2025-11-24;8;2657
50;2025-11-24;9;2122
50;2025-11-24;10;1544
50;2025-11-24;11;1408
50;2025-11-24;12;1363
50;2025-11-24;13;1392
50;2025-11-24;14;1353
50;2025-11-24;15;1523
50;2025-11-24;16;1596
50;2025-11-24;17;2261
50;2025-11-24;18;2470
50;2025-11-24;19;1413
50;2025-11-24;20;857
50;2025-11-24;21;571
50;2025-11-24;22;236
50;2025-11-24;23;122
50;2025-11-25;0;31
50;2025-11-25;1;0
50;2025-11-25;2;0
50;2025-11-25;3;0
50;2025-11-25;4;0
50;2025-11-25;5;64
50;2025-11-25;6;555
50;2025-11-25;7;1804
50;2025-11-25;8;2713
50;2025-11-25;9;2131
50;2025-11-25;10;1602
50;2025-11-25;11;1504
50;2025-11-25;12;1439
50;2025-11-25;13;1426
50;2025-11-25;14;1367
50;2025-11-25;15;1544
50;2025-11-25;16;1592
50;2025-11-25;17;2344
50;2025-11-25;18;2505
50;2025-11-25;19;1440
50;2025-11-25;20;881
50;2025-11-25;21;577
50;2025-11-25;22;251
50;2025-11-25;23;136
50;2025-11-26;0;38
50;2025-11-26;1;1
50;2025-11-26;2;0
50;2025-11-26;3;0
50;2025-11-26;4;3
50;2025-11-26;5;73
50;2025-11-26;6;528
50;2025-11-26;7;1694
50;2025-11-26;8;2575
50;2025-11-26;9;2100
50;2025-11-26;10;1597
50;2025-11-26;11;1473
50;2025-11-26;12;1429
50;2025-11-26;13;1418
50;2025-11-26;14;1377
50;2025-11-26;15;1512
50;2025-11-26;16;1628
50;2025-11-26;17;2291
50;2025-11-26;18;2351
50;2025-11-26;19;1432
50;2025-11-26;20;859
50;2025-11-26;21;588
50;2025-11-26;22;272
50;2025-11-26;23;141
50;2025-11-27;0;40
50;2025-11-27;1;3
50;2025-11-27;2;0
50;2025-11-27;3;1
50;2025-11-27;4;0
50;2025-11-27;5;70
50;2025-11-27;6;523
50;2025-11-27;7;1715
50;2025-11-27;8;2507
50;2025-11-27;9;2060
50;2025-11-27;10;1553
50;2025-11-27;11;1471
50;2025-11-27;12;1418
50;2025-11-27;13;1395
50;2025-11-27;14;1346
50;2025-11-27;15;1519
50;2025-11-27;16;1644
50;2025-11-27;17;2280
50;2025-11-27;18;2407
50;2025-11-27;19;1423
50;2025-11-27;20;901
50;2025-11-27;21;611
50;2025-11-27;22;272
50;2025-11-27;23;145
50;2025-11-28;0;47
50;2025-11-28;1;5
50;2025-11-28;2;0
50;2025-11-28;3;0
50;2025-11-28;4;4
50;2025-11-28;5;71
50;2025-11-28;6;512
50;2025-11-28;7;1644
50;2025-11-28;8;2475
50;2025-11-28;9;1955
50;2025-11-28;10;1476
50;2025-11-28;11;1488
50;2025-11-28;12;1455
50;2025-11-28;13;1439
50;2025-11-28;14;1396
50;2025-11-28;15;1642
50;2025-11-28;16;1968
50;2025-11-28;17;2119
50;2025-11-28;18;1733
50;2025-11-28;19;1188
50;2025-11-28;20;763
50;2025-11-28;21;525
50;2025-11-28;22;278
50;2025-11-28;23;148
50;2025-11-29;0;53
50;2025-11-29;1;0
50;2025-11-29;2;0
50;2025-11-29;3;0
50;2025-11-29;4;0
50;2025-11-29;5;26
50;2025-11-29;6;139
50;2025-11-29;7;309
50;2025-11-29;8;453
50;2025-11-29;9;543
50;2025-11-29;10;542
50;2025-11-29;11;683
50;2025-11-29;12;718
50;2025-11-29;13;758
50;2025-11-29;14;751
50;2025-11-29;15;729
50;2025-11-29;16;708
50;2025-11-29;17;694
50;2025-11-29;18;629
50;2025-11-29;19;546
50;2025-11-29;20;391
50;2025-11-29;21;318
50;2025-11-29;22;164
50;2025-11-29;23;117
50;2025-11-30;0;46
50;2025-11-30;1;3
50;2025-11-30;2;0
50;2025-11-30;3;0
50;2025-11-30;4;0
50;2025-11-30;5;23
50;2025-11-30;6;117
50;2025-11-30;7;172
50;2025-11-30;8;280
50;2025-11-30;9;384
50;2025-11-30;10;410
50;2025-11-30;11;528
50;2025-11-30;12;599
50;2025-11-30;13;665
50;2025-11-30;14;684
50;2025-11-30;15;612
50;2025-11-30;16;638
50;2025-11-30;17;619
50;2025-11-30;18;528
50;2025-11-30;19;435
50;2025-11-30;20;359
50;2025-11-30;21;302
50;2025-11-30;22;157
50;2025-11-30;23;93
50;2025-12-01;0;32
50;2025-12-01;1;5
50;2025-12-01;2;0
50;2025-12-01;3;0
50;2025-12-01;4;1
50;2025-12-01;5;60
50;2025-12-01;6;443
50;2025-12-01;7;1564
50;2025-12-01;8;2387
50;2025-12-01;9;1898
50;2025-12-01;10;1415
50;2025-12-01;11;1374
50;2025-12-01;12;1323
50;2025-12-01;13;1350
50;2025-12-01;14;1305
50;2025-12-01;15;1452
50;2025-12-01;16;1508
50;2025-12-01;17;2073
50;2025-12-01;18;2236
50;2025-12-01;19;1348
50;2025-12-01;20;755
50;2025-12-01;21;475
50;2025-12-01;22;219
50;2025-12-01;23;119
50;2025-12-02;0;35
50;2025-12-02;1;2
50;2025-12-02;2;0
50;2025-12-02;3;0
50;2025-12-02;4;0
50;2025-12-02;5;61
50;2025-12-02;6;470
50;2025-12-02;7;1656
50;2025-12-02;8;2487
50;2025-12-02;9;1923
50;2025-12-02;10;1477
50;2025-12-02;11;1415
50;2025-12-02;12;1380
50;2025-12-02;13;1368
50;2025-12-02;14;1319
50;2025-12-02;15;1450
50;2025-12-02;16;1501
50;2025-12-02;17;2145
50;2025-12-02;18;2287
50;2025-12-02;19;1360
50;2025-12-02;20;783
50;2025-12-02;21;507
50;2025-12-02;22;230
50;2025-12-02;23;128
50;2025-12-03;0;36
50;2025-12-03;1;4
50;2025-12-03;2;0
50;2025-12-03;3;0
50;2025-12-03;4;1
50;2025-12-03;5;61
50;2025-12-03;6;461
50;2025-12-03;7;1581
50;2025-12-03;8;2380
50;2025-12-03;9;1931
50;2025-12-03;10;1496
50;2025-12-03;11;1426
50;2025-12-03;12;1411
50;2025-12-03;13;1401
50;2025-12-03;14;1354
50;2025-12-03;15;1459
50;2025-12-03;16;1557
50;2025-12-03;17;2117
50;2025-12-03;18;2172
50;2025-12-03;19;1366
50;2025-12-03;20;766
50;2025-12-03;21;512
50;2025-12-03;22;252
50;2025-12-03;23;131
50;2025-12-04;0;39
50;2025-12-04;1;4
50;2025-12-04;2;0
50;2025-12-04;3;0
50;2025-12-04;4;1
50;2025-12-04;5;63
50;2025-12-04;6;464
50;2025-12-04;7;1617
50;2025-12-04;8;2341
50;2025-12-04;9;1924
50;2025-12-04;10;1463
50;2025-12-04;11;1433
50;2025-12-04;12;1392
50;2025-12-04;13;1375
50;2025-12-04;14;1321
50;2025-12-04;15;1462
50;2025-12-04;16;1574
50;2025-12-04;17;2138
50;2025-12-04;18;2262
50;2025-12-04;19;1366
50;2025-12-04;20;809
50;2025-12-04;21;536
50;2025-12-04;22;252
50;2025-12-04;23;135
50;2025-12-05;0;47
50;2025-12-05;1;3
50;2025-12-05;2;0
50;2025-12-05;3;0
50;2025-12-05;4;4
50;2025-12-05;5;62
50;2025-12-05;6;457
50;2025-12-05;7;1572
50;2025-12-05;8;2348
50;2025-12-05;9;1830
50;2025-12-05;10;1428
50;2025-12-05;11;1450
50;2025-12-05;12;1422
50;2025-12-05;13;1404
50;2025-12-05;14;1374
50;2025-12-05;15;1576
50;2025-12-05;16;1868
50;2025-12-05;17;2022
50;2025-12-05;18;1656
50;2025-12-05;19;1141
50;2025-12-05;20;694
50;2025-12-05;21;471
50;2025-12-05;22;261
50;2025-12-05;23;140
50;2025-12-06;0;58
50;2025-12-06;1;7
50;2025-12-06;2;0
50;2025-12-06;3;0
50;2025-12-06;4;2
50;2025-12-06;5;34
50;2025-12-06;6;149
50;2025-12-06;7;316
50;2025-12-06;8;450
50;2025-12-06;9;526
50;2025-12-06;10;525
50;2025-12-06;11;653
50;2025-12-06;12;695
50;2025-12-06;13;739
50;2025-12-06;14;734
50;2025-12-06;15;707
50;2025-12-06;16;680
50;2025-12-06;17;670
50;2025-12-06;18;603
50;2025-12-06;19;531
50;2025-12-06;20;402
50;2025-12-06;21;328
50;2025-12-06;22;168
50;2025-12-06;23;127
50;2025-12-07;0;50
50;2025-12-07;1;8
50;2025-12-07;2;1
50;2025-12-07;3;0
50;2025-12-07;4;1
50;2025-12-07;5;25
50;2025-12-07;6;117
50;2025-12-07;7;171
50;2025-12-07;8;273
50;2025-12-07;9;373
50;2025-12-07;10;400
50;2025-12-07;11;524
50;2025-12-07;12;591
50;2025-12-07;13;657
50;2025-12-07;14;684
50;2025-12-07;15;619
50;2025-12-07;16;644
50;2025-12-07;17;617
50;2025-12-07;18;530
50;2025-12-07;19;447
50;2025-12-07;20;374
50;2025-12-07;21;315
50;2025-12-07;22;163
50;2025-12-07;23;101
50;2025-12-08;0;33
50;2025-12-08;1;7
50;2025-12-08;2;0
50;2025-12-08;3;0
50;2025-12-08;4;0
50;2025-12-08;5;58
50;2025-12-08;6;425
50;2025-12-08;7;1544
50;2025-12-08;8;2396
50;2025-12-08;9;1903
50;2025-12-08;10;1398
50;2025-12-08;11;1353
50;2025-12-08;12;1293
50;2025-12-08;13;1332
50;2025-12-08;14;1290
50;2025-12-08;15;1444
50;2025-12-08;16;1511
50;2025-12-08;17;2093
50;2025-12-08;18;2265
50;2025-12-08;19;1330
50;2025-12-08;20;724
50;2025-12-08;21;472
50;2025-12-08;22;216
50;2025-12-08;23;124
50;2025-12-09;0;38
50;2025-12-09;1;4
50;2025-12-09;2;0
50;2025-12-09;3;0
50;2025-12-09;4;0
50;2025-12-09;5;62
50;2025-12-09;6;429
50;2025-12-09;7;1619
50;2025-12-09;8;2516
50;2025-12-09;9;1922
50;2025-12-09;10;1429
50;2025-12-09;11;1365
50;2025-12-09;12;1319
50;2025-12-09;13;1317
50;2025-12-09;14;1267
50;2025-12-09;15;1418
50;2025-12-09;16;1480
50;2025-12-09;17;2180
50;2025-12-09;18;2318
50;2025-12-09;19;1328
50;2025-12-09;20;733
50;2025-12-09;21;477
50;2025-12-09;22;225
50;2025-12-09;23;129
50;2025-12-10;0;8
50;2025-12-10;1;0
50;2025-12-10;2;0
50;2025-12-10;3;0
50;2025-12-10;4;0
50;2025-12-10;5;6
50;2025-12-10;6;362
50;2025-12-10;7;1417
50;2025-12-10;8;2303
50;2025-12-10;9;1794
50;2025-12-10;10;1305
50;2025-12-10;11;1227
50;2025-12-10;12;1209
50;2025-12-10;13;1209
50;2025-12-10;14;1173
50;2025-12-10;15;1269
50;2025-12-10;16;1404
50;2025-12-10;17;2004
50;2025-12-10;18;2086
50;2025-12-10;19;1196
50;2025-12-10;20;619
50;2025-12-10;21;405
50;2025-12-10;22;187
50;2025-12-10;23;77
50;2025-12-11;0;0
50;2025-12-11;1;0
50;2025-12-11;2;0
50;2025-12-11;3;1
50;2025-12-11;4;0
50;2025-12-11;5;17
50;2025-12-11;6;378
50;2025-12-11;7;1478
50;2025-12-11;8;2286
50;2025-12-11;9;1819
50;2025-12-11;10;1304
50;2025-12-11;11;1260
50;2025-12-11;12;1223
50;2025-12-11;13;1216
50;2025-12-11;14;1180
50;2025-12-11;15;1303
50;2025-12-11;16;1429
50;2025-12-11;17;2028
50;2025-12-11;18;2180
50;2025-12-11;19;1214
50;2025-12-11;20;672
50;2025-12-11;21;421
50;2025-12-11;22;197
50;2025-12-11;23;95
50;2025-12-12;0;13
50;2025-12-12;1;0
50;2025-12-12;2;0
50;2025-12-12;3;0
50;2025-12-12;4;0
50;2025-12-12;5;23
50;2025-12-12;6;363
50;2025-12-12;7;1411
50;2025-12-12;8;2306
50;2025-12-12;9;1671
50;2025-12-12;10;1217
50;2025-12-12;11;1240
50;2025-12-12;12;1218
50;2025-12-12;13;1216
50;2025-12-12;14;1200
50;2025-12-12;15;1430
50;2025-12-12;16;1751
50;2025-12-12;17;1896
50;2025-12-12;18;1518
50;2025-12-12;19;1006
50;2025-12-12;20;579
50;2025-12-12;21;404
50;2025-12-12;22;216
50;2025-12-12;23;101
50;2025-12-13;0;22
50;2025-12-13;1;0
50;2025-12-13;2;0
50;2025-12-13;3;0
50;2025-12-13;4;0
50;2025-12-13;5;0
50;2025-12-13;6;85
50;2025-12-13;7;273
50;2025-12-13;8;381
50;2025-12-13;9;449
50;2025-12-13;10;441
50;2025-12-13;11;540
50;2025-12-13;12;568
50;2025-12-13;13;601
50;2025-12-13;14;597
50;2025-12-13;15;578
50;2025-12-13;16;563
50;2025-12-13;17;533
50;2025-12-13;18;500
50;2025-12-13;19;460
50;2025-12-13;20;356
50;2025-12-13;21;276
50;2025-12-13;22;115
50;2025-12-13;23;81
50;2025-12-14;0;14
50;2025-12-14;1;0
50;2025-12-14;2;0
50;2025-12-14;3;0
50;2025-12-14;4;0
50;2025-12-14;5;0
50;2025-12-14;6;46
50;2025-12-14;7;97
50;2025-12-14;8;198
50;2025-12-14;9;293
50;2025-12-14;10;315
50;2025-12-14;11;412
50;2025-12-14;12;489
50;2025-12-14;13;525
50;2025-12-14;14;550
50;2025-12-14;15;510
50;2025-12-14;16;509
50;2025-12-14;17;485
50;2025-12-14;18;432
50;2025-12-14;19;357
50;2025-12-14;20;296
50;2025-12-14;21;235
50;2025-12-14;22;100
50;2025-12-14;23;40
50;2025-12-15;0;0
50;2025-12-15;1;0
50;2025-12-15;2;0
50;2025-12-15;3;0
50;2025-12-15;4;0
50;2025-12-15;5;0
50;2025-12-15;6;344
50;2025-12-15;7;1406
50;2025-12-15;8;2350
50;2025-12-15;9;1791
50;2025-12-15;10;1251
50;2025-12-15;11;1191
50;2025-12-15;12;1133
50;2025-12-15;13;1176
50;2025-12-15;14;1143
50;2025-12-15;15;1306
50;2025-12-15;16;1374
50;2025-12-15;17;2002
50;2025-12-15;18;2205
50;2025-12-15;19;1182
50;2025-12-15;20;615
50;2025-12-15;21;394
50;2025-12-15;22;161
50;2025-12-15;23;67
50;2025-12-16;0;0
50;2025-12-16;1;0
50;2025-12-16;2;0
50;2025-12-16;3;0
50;2025-12-16;4;0
50;2025-12-16;5;2
50;2025-12-16;6;367
50;2025-12-16;7;1508
50;2025-12-16;8;2437
50;2025-12-16;9;1817
50;2025-12-16;10;1308
50;2025-12-16;11;1230
50;2025-12-16;12;1182
50;2025-12-16;13;1199
50;2025-12-16;14;1146
50;2025-12-16;15;1299
50;2025-12-16;16;1368
50;2025-12-16;17;2089
50;2025-12-16;18;2250
50;2025-12-16;19;1221
50;2025-12-16;20;661
50;2025-12-16;21;411
50;2025-12-16;22;166
50;2025-12-16;23;74
50;2025-12-17;0;0
50;2025-12-17;1;0
50;2025-12-17;2;0
50;2025-12-17;3;0
50;2025-12-17;4;0
50;2025-12-17;5;2
50;2025-12-17;6;363
50;2025-12-17;7;1401
50;2025-12-17;8;2287
50;2025-12-17;9;1789
50;2025-12-17;10;1309
50;2025-12-17;11;1226
50;2025-12-17;12;1207
50;2025-12-17;13;1214
50;2025-12-17;14;1173
50;2025-12-17;15;1273
50;2025-12-17;16;1401
50;2025-12-17;17;2008
50;2025-12-17;18;2082
50;2025-12-17;19;1196
50;2025-12-17;20;626
50;2025-12-17;21;412
50;2025-12-17;22;190
50;2025-12-17;23;79
50;2025-12-18;0;0
50;2025-12-18;1;0
50;2025-12-18;2;0
50;2025-12-18;3;1
50;2025-12-18;4;0
50;2025-12-18;5;0
50;2025-12-18;6;359
50;2025-12-18;7;1439
50;2025-12-18;8;2275
50;2025-12-18;9;1768
50;2025-12-18;10;1275
50;2025-12-18;11;1240
50;2025-12-18;12;1203
50;2025-12-18;13;1195
50;2025-12-18;14;1155
50;2025-12-18;15;1298
50;2025-12-18;16;1413
50;2025-12-18;17;2016
50;2025-12-18;18;2173
50;2025-12-18;19;1194
50;2025-12-18;20;648
50;2025-12-18;21;413
50;2025-12-18;22;185
50;2025-12-18;23;84
50;2025-12-19;0;5
50;2025-12-19;1;0
50;2025-12-19;2;0
50;2025-12-19;3;0
50;2025-12-19;4;0
50;2025-12-19;5;15
50;2025-12-19;6;360
50;2025-12-19;7;1387
50;2025-12-19;8;2271
50;2025-12-19;9;1664
50;2025-12-19;10;1224
50;2025-12-19;11;1235
50;2025-12-19;12;1231
50;2025-12-19;13;1229
50;2025-12-19;14;1202
50;2025-12-19;15;1421
50;2025-12-19;16;1724
50;2025-12-19;17;1873
50;2025-12-19;18;1476
50;2025-12-19;19;959
50;2025-12-19;20;561
50;2025-12-19;21;378
50;2025-12-19;22;193
50;2025-12-19;23;80
50;2025-12-20;0;9
50;2025-12-20;1;0
50;2025-12-20;2;0
50;2025-12-20;3;0
50;2025-12-20;4;0
50;2025-12-20;5;0
50;2025-12-20;6;67
50;2025-12-20;7;224
50;2025-12-20;8;329
50;2025-12-20;9;399
50;2025-12-20;10;396
50;2025-12-20;11;491
50;2025-12-20;12;521
50;2025-12-20;13;554
50;2025-12-20;14;560
50;2025-12-20;15;537
50;2025-12-20;16;529
50;2025-12-20;17;498
50;2025-12-20;18;466
50;2025-12-20;19;417
50;2025-12-20;20;335
50;2025-12-20;21;269
50;2025-12-20;22;98
50;2025-12-20;23;63
50;2025-12-21;0;12
50;2025-12-21;1;0
50;2025-12-21;2;0
50;2025-12-21;3;1
50;2025-12-21;4;0
50;2025-12-21;5;0
50;2025-12-21;6;51
50;2025-12-21;7;105
50;2025-12-21;8;198
50;2025-12-21;9;292
50;2025-12-21;10;315
50;2025-12-21;11;411
50;2025-12-21;12;459
50;2025-12-21;13;505
50;2025-12-21;14;528
50;2025-12-21;15;487
50;2025-12-21;16;497
50;2025-12-21;17;473
50;2025-12-21;18;420
50;2025-12-21;19;345
50;2025-12-21;20;304
50;2025-12-21;21;244
50;2025-12-21;22;99
50;2025-12-21;23;45
50;2025-12-22;0;0
50;2025-12-22;1;0
50;2025-12-22;2;0
50;2025-12-22;3;0
50;2025-12-22;4;0
50;2025-12-22;5;9
50;2025-12-22;6;345
50;2025-12-22;7;1396
50;2025-12-22;8;2328
50;2025-12-22;9;1789
50;2025-12-22;10;1250
50;2025-12-22;11;1184
50;2025-12-22;12;1141
50;2025-12-22;13;1188
50;2025-12-22;14;1157
50;2025-12-22;15;1306
50;2025-12-22;16;1379
50;2025-12-22;17;2000
50;2025-12-22;18;2193
50;2025-12-22;19;1206
50;2025-12-22;20;639
50;2025-12-22;21;416
50;2025-12-22;22;172
50;2025-12-22;23;77
50;2025-12-23;0;0
50;2025-12-23;1;0
50;2025-12-23;2;0
50;2025-12-23;3;0
50;2025-12-23;4;0
50;2025-12-23;5;10
50;2025-12-23;6;390
50;2025-12-23;7;1537
50;2025-12-23;8;2462
50;2025-12-23;9;1844
50;2025-12-23;10;1349
50;2025-12-23;11;1283
50;2025-12-23;12;1227
50;2025-12-23;13;1222
50;2025-12-23;14;1177
50;2025-12-23;15;1328
50;2025-12-23;16;1390
50;2025-12-23;17;2097
50;2025-12-23;18;2231
50;2025-12-23;19;1227
50;2025-12-23;20;644
50;2025-12-23;21;410
50;2025-12-23;22;171
50;2025-12-23;23;75
50;2025-12-24;0;0
50;2025-12-24;1;0
50;2025-12-24;2;0
50;2025-12-24;3;0
50;2025-12-24;4;0
50;2025-12-24;5;0
50;2025-12-24;6;364
50;2025-12-24;7;1416
50;2025-12-24;8;2307
50;2025-12-24;9;1808
50;2025-12-24;10;1329
50;2025-12-24;11;1259
50;2025-12-24;12;1239
50;2025-12-24;13;1236
50;2025-12-24;14;1196
50;2025-12-24;15;1302
50;2025-12-24;16;1426
50;2025-12-24;17;2028
50;2025-12-24;18;2103
50;2025-12-24;19;1207
50;2025-12-24;20;631
50;2025-12-24;21;394
50;2025-12-24;22;174
50;2025-12-24;23;77
50;2025-12-25;0;0
50;2025-12-25;1;0
50;2025-12-25;2;0
50;2025-12-25;3;0
50;2025-12-25;4;0
50;2025-12-25;5;0
50;2025-12-25;6;341
50;2025-12-25;7;1412
50;2025-12-25;8;2252
50;2025-12-25;9;1769
50;2025-12-25;10;1274
50;2025-12-25;11;1239
50;2025-12-25;12;1198
50;2025-12-25;13;1190
50;2025-12-25;14;1160
50;2025-12-25;15;1288
50;2025-12-25;16;1411
50;2025-12-25;17;2026
50;2025-12-25;18;2174
50;2025-12-25;19;1204
50;2025-12-25;20;667
50;2025-12-25;21;415
50;2025-12-25;22;192
50;2025-12-25;23;98
50;2025-12-26;0;13
50;2025-12-26;1;0
50;2025-12-26;2;0
50;2025-12-26;3;0
50;2025-12-26;4;0
50;2025-12-26;5;17
50;2025-12-26;6;368
50;2025-12-26;7;1378
50;2025-12-26;8;2270
50;2025-12-26;9;1692
50;2025-12-26;10;1245
50;2025-12-26;11;1251
50;2025-12-26;12;1230
50;2025-12-26;13;1226
50;2025-12-26;14;1203
50;2025-12-26;15;1446
50;2025-12-26;16;1749
50;2025-12-26;17;1886
50;2025-12-26;18;1486
50;2025-12-26;19;990
50;2025-12-26;20;564
50;2025-12-26;21;395
50;2025-12-26;22;205
50;2025-12-26;23;94
50;2025-12-27;0;21
50;2025-12-27;1;0
50;2025-12-27;2;0
50;2025-12-27;3;1
50;2025-12-27;4;0
50;2025-12-27;5;0
50;2025-12-27;6;61
50;2025-12-27;7;220
50;2025-12-27;8;310
50;2025-12-27;9;369
50;2025-12-27;10;369
50;2025-12-27;11;451
50;2025-12-27;12;489
50;2025-12-27;13;537
50;2025-12-27;14;532
50;2025-12-27;15;506
50;2025-12-27;16;486
50;2025-12-27;17;459
50;2025-12-27;18;411
50;2025-12-27;19;380
50;2025-12-27;20;308
50;2025-12-27;21;248
50;2025-12-27;22;91
50;2025-12-27;23;58
50;2025-12-28;0;0
50;2025-12-28;1;0
50;2025-12-28;2;1
50;2025-12-28;3;1
50;2025-12-28;4;0
50;2025-12-28;5;0
50;2025-12-28;6;31
50;2025-12-28;7;90
50;2025-12-28;8;186
50;2025-12-28;9;292
50;2025-12-28;10;312
50;2025-12-28;11;385
50;2025-12-28;12;419
50;2025-12-28;13;467
50;2025-12-28;14;496
50;2025-12-28;15;437
50;2025-12-28;16;435
50;2025-12-28;17;415
50;2025-12-28;18;376
50;2025-12-28;19;321
50;2025-12-28;20;289
50;2025-12-28;21;236
50;2025-12-28;22;87
50;2025-12-28;23;34
50;2025-12-29;0;0
50;2025-12-29;1;0
50;2025-12-29;2;0
50;2025-12-29;3;0
50;2025-12-29;4;0
50;2025-12-29;5;0
50;2025-12-29;6;319
50;2025-12-29;7;1352
50;2025-12-29;8;2275
50;2025-12-29;9;1762
50;2025-12-29;10;1223
50;2025-12-29;11;1154
50;2025-12-29;12;1098
50;2025-12-29;13;1138
50;2025-12-29;14;1106
50;2025-12-29;15;1272
50;2025-12-29;16;1338
50;2025-12-29;17;1946
50;2025-12-29;18;2136
50;2025-12-29;19;1163
50;2025-12-29;20;598
50;2025-12-29;21;390
50;2025-12-29;22;155
50;2025-12-29;23;69
50;2025-12-30;0;0
50;2025-12-30;1;0
50;2025-12-30;2;0
50;2025-12-30;3;0
50;2025-12-30;4;0
50;2025-12-30;5;0
50;2025-12-30;6;327
50;2025-12-30;7;1440
50;2025-12-30;8;2359
50;2025-12-30;9;1798
50;2025-12-30;10;1270
50;2025-12-30;11;1203
50;2025-12-30;12;1148
50;2025-12-30;13;1162
50;2025-12-30;14;1109
50;2025-12-30;15;1264
50;2025-12-30;16;1320
50;2025-12-30;17;2024
50;2025-12-30;18;2143
50;2025-12-30;19;1170
50;2025-12-30;20;613
50;2025-12-30;21;392
50;2025-12-30;22;151
50;2025-12-30;23;74
50;2025-12-31;0;0
50;2025-12-31;1;0
50;2025-12-31;2;0
50;2025-12-31;3;0
50;2025-12-31;4;0
50;2025-12-31;5;0
50;2025-12-31;6;145
50;2025-12-31;7;114
50;2025-12-31;8;278
50;2025-12-31;9;220
50;2025-12-31;10;273
50;2025-12-31;11;313
50;2025-12-31;12;459
50;2025-12-31;13;399
50;2025-12-31;14;401
50;2025-12-31;15;449
50;2025-12-31;16;473
50;2025-12-31;17;519
50;2025-12-31;18;426
50;2025-12-31;19;310
50;2025-12-31;20;248
50;2025-12-31;21;204
50;2025-12-31;22;134
50;2025-12-31;23;67
