route;date;hour;prediction
1;2025-11-01;0;3
1;2025-11-01;1;0
1;2025-11-01;2;0
1;2025-11-01;3;0
1;2025-11-01;4;0
1;2025-11-01;5;28
1;2025-11-01;6;136
1;2025-11-01;7;298
1;2025-11-01;8;417
1;2025-11-01;9;684
1;2025-11-01;10;808
1;2025-11-01;11;744
1;2025-11-01;12;948
1;2025-11-01;13;989
1;2025-11-01;14;930
1;2025-11-01;15;791
1;2025-11-01;16;757
1;2025-11-01;17;684
1;2025-11-01;18;564
1;2025-11-01;19;506
1;2025-11-01;20;372
1;2025-11-01;21;275
1;2025-11-01;22;94
1;2025-11-01;23;15
1;2025-11-02;0;1
1;2025-11-02;1;0
1;2025-11-02;2;0
1;2025-11-02;3;0
1;2025-11-02;4;1
1;2025-11-02;5;25
1;2025-11-02;6;123
1;2025-11-02;7;214
1;2025-11-02;8;311
1;2025-11-02;9;463
1;2025-11-02;10;567
1;2025-11-02;11;533
1;2025-11-02;12;695
1;2025-11-02;13;710
1;2025-11-02;14;721
1;2025-11-02;15;660
1;2025-11-02;16;582
1;2025-11-02;17;513
1;2025-11-02;18;438
1;2025-11-02;19;371
1;2025-11-02;20;312
1;2025-11-02;21;231
1;2025-11-02;22;109
1;2025-11-02;23;29
1;2025-11-03;0;0
1;2025-11-03;1;0
1;2025-11-03;2;0
1;2025-11-03;3;0
1;2025-11-03;4;2
1;2025-11-03;5;85
1;2025-11-03;6;305
1;2025-11-03;7;387
1;2025-11-03;8;399
1;2025-11-03;9;490
1;2025-11-03;10;562
1;2025-11-03;11;517
1;2025-11-03;12;526
1;2025-11-03;13;529
1;2025-11-03;14;519
1;2025-11-03;15;503
1;2025-11-03;16;540
1;2025-11-03;17;551
1;2025-11-03;18;515
1;2025-11-03;19;577
1;2025-11-03;20;409
1;2025-11-03;21;328
1;2025-11-03;22;180
1;2025-11-03;23;32
1;2025-11-04;0;1
1;2025-11-04;1;0
1;2025-11-04;2;0
1;2025-11-04;3;0
1;2025-11-04;4;7
1;2025-11-04;5;84
1;2025-11-04;6;300
1;2025-11-04;7;350
1;2025-11-04;8;379
1;2025-11-04;9;457
1;2025-11-04;10;530
1;2025-11-04;11;485
1;2025-11-04;12;510
1;2025-11-04;13;539
1;2025-11-04;14;607
1;2025-11-04;15;588
1;2025-11-04;16;556
1;2025-11-04;17;494
1;2025-11-04;18;462
1;2025-11-04;19;569
1;2025-11-04;20;447
1;2025-11-04;21;353
1;2025-11-04;22;180
1;2025-11-04;23;37
1;2025-11-05;0;5
1;2025-11-05;1;0
1;2025-11-05;2;0
1;2025-11-05;3;0
1;2025-11-05;4;5
1;2025-11-05;5;121
1;2025-11-05;6;492
1;2025-11-05;7;1386
1;2025-11-05;8;1789
1;2025-11-05;9;1365
1;2025-11-05;10;1202
1;2025-11-05;11;1247
1;2025-11-05;12;1280
1;2025-11-05;13;1330
1;2025-11-05;14;1283
1;2025-11-05;15;1439
1;2025-11-05;16;1415
1;2025-11-05;17;1704
1;2025-11-05;18;1742
1;2025-11-05;19;1332
1;2025-11-05;20;818
1;2025-11-05;21;415
1;2025-11-05;22;240
1;2025-11-05;23;40
1;2025-11-06;0;4
1;2025-11-06;1;0
1;2025-11-06;2;0
1;2025-11-06;3;0
1;2025-11-06;4;6
1;2025-11-06;5;121
1;2025-11-06;6;485
1;2025-11-06;7;1399
1;2025-11-06;8;1798
1;2025-11-06;9;1357
1;2025-11-06;10;1236
1;2025-11-06;11;1231
1;2025-11-06;12;1294
1;2025-11-06;13;1308
1;2025-11-06;14;1273
1;2025-11-06;15;1397
1;2025-11-06;16;1412
1;2025-11-06;17;1665
1;2025-11-06;18;1693
1;2025-11-06;19;1268
1;2025-11-06;20;806
1;2025-11-06;21;444
1;2025-11-06;22;237
1;2025-11-06;23;47
1;2025-11-07;0;3
1;2025-11-07;1;0
1;2025-11-07;2;0
1;2025-11-07;3;0
1;2025-11-07;4;2
1;2025-11-07;5;122
1;2025-11-07;6;470
1;2025-11-07;7;1406
1;2025-11-07;8;1756
1;2025-11-07;9;1360
1;2025-11-07;10;1183
1;2025-11-07;11;1278
1;2025-11-07;12;1283
1;2025-11-07;13;1311
1;2025-11-07;14;1273
1;2025-11-07;15;1451
1;2025-11-07;16;1496
1;2025-11-07;17;1656
1;2025-11-07;18;1459
1;2025-11-07;19;1116
1;2025-11-07;20;738
1;2025-11-07;21;436
1;2025-11-07;22;239
1;2025-11-07;23;53
1;2025-11-08;0;5
1;2025-11-08;1;0
1;2025-11-08;2;0
1;2025-11-08;3;0
1;2025-11-08;4;0
1;2025-11-08;5;37
1;2025-11-08;6;171
1;2025-11-08;7;318
1;2025-11-08;8;426
1;2025-11-08;9;684
1;2025-11-08;10;763
1;2025-11-08;11;705
1;2025-11-08;12;897
1;2025-11-08;13;941
1;2025-11-08;14;876
1;2025-11-08;15;753
1;2025-11-08;16;720
1;2025-11-08;17;656
1;2025-11-08;18;572
1;2025-11-08;19;506
1;2025-11-08;20;377
1;2025-11-08;21;293
1;2025-11-08;22;137
1;2025-11-08;23;37
1;2025-11-09;0;1
1;2025-11-09;1;0
1;2025-11-09;2;0
1;2025-11-09;3;0
1;2025-11-09;4;0
1;2025-11-09;5;29
1;2025-11-09;6;132
1;2025-11-09;7;248
1;2025-11-09;8;336
1;2025-11-09;9;553
1;2025-11-09;10;671
1;2025-11-09;11;644
1;2025-11-09;12;818
1;2025-11-09;13;828
1;2025-11-09;14;722
1;2025-11-09;15;679
1;2025-11-09;16;613
1;2025-11-09;17;564
1;2025-11-09;18;504
1;2025-11-09;19;438
1;2025-11-09;20;348
1;2025-11-09;21;257
1;2025-11-09;22;118
1;2025-11-09;23;35
1;2025-11-10;0;0
1;2025-11-10;1;0
1;2025-11-10;2;0
1;2025-11-10;3;0
1;2025-11-10;4;9
1;2025-11-10;5;130
1;2025-11-10;6;536
1;2025-11-10;7;1442
1;2025-11-10;8;1813
1;2025-11-10;9;1347
1;2025-11-10;10;1170
1;2025-11-10;11;1258
1;2025-11-10;12;1300
1;2025-11-10;13;1290
1;2025-11-10;14;1264
1;2025-11-10;15;1422
1;2025-11-10;16;1451
1;2025-11-10;17;1696
1;2025-11-10;18;1774
1;2025-11-10;19;1328
1;2025-11-10;20;834
1;2025-11-10;21;454
1;2025-11-10;22;228
1;2025-11-10;23;44
1;2025-11-11;0;3
1;2025-11-11;1;0
1;2025-11-11;2;0
1;2025-11-11;3;0
1;2025-11-11;4;7
1;2025-11-11;5;132
1;2025-11-11;6;552
1;2025-11-11;7;1500
1;2025-11-11;8;1855
1;2025-11-11;9;1437
1;2025-11-11;10;1280
1;2025-11-11;11;1307
1;2025-11-11;12;1325
1;2025-11-11;13;1355
1;2025-11-11;14;1296
1;2025-11-11;15;1444
1;2025-11-11;16;1438
1;2025-11-11;17;1694
1;2025-11-11;18;1731
1;2025-11-11;19;1347
1;2025-11-11;20;869
1;2025-11-11;21;479
1;2025-11-11;22;237
1;2025-11-11;23;50
1;2025-11-12;0;4
1;2025-11-12;1;0
1;2025-11-12;2;0
1;2025-11-12;3;0
1;2025-11-12;4;7
1;2025-11-12;5;132
1;2025-11-12;6;548
1;2025-11-12;7;1453
1;2025-11-12;8;1837
1;2025-11-12;9;1421
1;2025-11-12;10;1285
1;2025-11-12;11;1296
1;2025-11-12;12;1309
1;2025-11-12;13;1348
1;2025-11-12;14;1327
1;2025-11-12;15;1438
1;2025-11-12;16;1421
1;2025-11-12;17;1707
1;2025-11-12;18;1725
1;2025-11-12;19;1316
1;2025-11-12;20;860
1;2025-11-12;21;460
1;2025-11-12;22;250
1;2025-11-12;23;47
1;2025-11-13;0;5
1;2025-11-13;1;0
1;2025-11-13;2;0
1;2025-11-13;3;0
1;2025-11-13;4;6
1;2025-11-13;5;125
1;2025-11-13;6;523
1;2025-11-13;7;1475
1;2025-11-13;8;1878
1;2025-11-13;9;1418
1;2025-11-13;10;1284
1;2025-11-13;11;1317
1;2025-11-13;12;1357
1;2025-11-13;13;1364
1;2025-11-13;14;1335
1;2025-11-13;15;1481
1;2025-11-13;16;1496
1;2025-11-13;17;1744
1;2025-11-13;18;1752
1;2025-11-13;19;1318
1;2025-11-13;20;853
1;2025-11-13;21;476
1;2025-11-13;22;252
1;2025-11-13;23;60
1;2025-11-14;0;5
1;2025-11-14;1;0
1;2025-11-14;2;0
1;2025-11-14;3;0
1;2025-11-14;4;1
1;2025-11-14;5;132
1;2025-11-14;6;521
1;2025-11-14;7;1464
1;2025-11-14;8;1810
1;2025-11-14;9;1412
1;2025-11-14;10;1266
1;2025-11-14;11;1346
1;2025-11-14;12;1351
1;2025-11-14;13;1356
1;2025-11-14;14;1328
1;2025-11-14;15;1500
1;2025-11-14;16;1535
1;2025-11-14;17;1703
1;2025-11-14;18;1505
1;2025-11-14;19;1165
1;2025-11-14;20;802
1;2025-11-14;21;467
1;2025-11-14;22;247
1;2025-11-14;23;60
1;2025-11-15;0;1
1;2025-11-15;1;0
1;2025-11-15;2;0
1;2025-11-15;3;0
1;2025-11-15;4;0
1;2025-11-15;5;36
1;2025-11-15;6;174
1;2025-11-15;7;281
1;2025-11-15;8;385
1;2025-11-15;9;662
1;2025-11-15;10;711
1;2025-11-15;11;704
1;2025-11-15;12;885
1;2025-11-15;13;956
1;2025-11-15;14;907
1;2025-11-15;15;788
1;2025-11-15;16;745
1;2025-11-15;17;663
1;2025-11-15;18;560
1;2025-11-15;19;521
1;2025-11-15;20;371
1;2025-11-15;21;275
1;2025-11-15;22;136
1;2025-11-15;23;38
1;2025-11-16;0;0
1;2025-11-16;1;0
1;2025-11-16;2;0
1;2025-11-16;3;0
1;2025-11-16;4;0
1;2025-11-16;5;20
1;2025-11-16;6;116
1;2025-11-16;7;216
1;2025-11-16;8;300
1;2025-11-16;9;535
1;2025-11-16;10;695
1;2025-11-16;11;670
1;2025-11-16;12;843
1;2025-11-16;13;855
1;2025-11-16;14;734
1;2025-11-16;15;665
1;2025-11-16;16;580
1;2025-11-16;17;521
1;2025-11-16;18;452
1;2025-11-16;19;392
1;2025-11-16;20;306
1;2025-11-16;21;228
1;2025-11-16;22;104
1;2025-11-16;23;33
1;2025-11-17;0;0
1;2025-11-17;1;0
1;2025-11-17;2;0
1;2025-11-17;3;1
1;2025-11-17;4;9
1;2025-11-17;5;120
1;2025-11-17;6;508
1;2025-11-17;7;1371
1;2025-11-17;8;1702
1;2025-11-17;9;1272
1;2025-11-17;10;1096
1;2025-11-17;11;1193
1;2025-11-17;12;1220
1;2025-11-17;13;1179
1;2025-11-17;14;1180
1;2025-11-17;15;1320
1;2025-11-17;16;1368
1;2025-11-17;17;1639
1;2025-11-17;18;1697
1;2025-11-17;19;1246
1;2025-11-17;20;777
1;2025-11-17;21;422
1;2025-11-17;22;205
1;2025-11-17;23;38
1;2025-11-18;0;3
1;2025-11-18;1;0
1;2025-11-18;2;0
1;2025-11-18;3;0
1;2025-11-18;4;1
1;2025-11-18;5;126
1;2025-11-18;6;528
1;2025-11-18;7;1477
1;2025-11-18;8;1851
1;2025-11-18;9;1463
1;2025-11-18;10;1234
1;2025-11-18;11;1267
1;2025-11-18;12;1290
1;2025-11-18;13;1296
1;2025-11-18;14;1228
1;2025-11-18;15;1402
1;2025-11-18;16;1404
1;2025-11-18;17;1675
1;2025-11-18;18;1702
1;2025-11-18;19;1315
1;2025-11-18;20;865
1;2025-11-18;21;463
1;2025-11-18;22;236
1;2025-11-18;23;46
1;2025-11-19;0;5
1;2025-11-19;1;0
1;2025-11-19;2;0
1;2025-11-19;3;0
1;2025-11-19;4;6
1;2025-11-19;5;127
1;2025-11-19;6;548
1;2025-11-19;7;1464
1;2025-11-19;8;1830
1;2025-11-19;9;1399
1;2025-11-19;10;1252
1;2025-11-19;11;1299
1;2025-11-19;12;1305
1;2025-11-19;13;1362
1;2025-11-19;14;1321
1;2025-11-19;15;1443
1;2025-11-19;16;1409
1;2025-11-19;17;1679
1;2025-11-19;18;1707
1;2025-11-19;19;1294
1;2025-11-19;20;840
1;2025-11-19;21;453
1;2025-11-19;22;235
1;2025-11-19;23;44
1;2025-11-20;0;7
1;2025-11-20;1;0
1;2025-11-20;2;0
1;2025-11-20;3;0
1;2025-11-20;4;7
1;2025-11-20;5;122
1;2025-11-20;6;531
1;2025-11-20;7;1479
1;2025-11-20;8;1847
1;2025-11-20;9;1416
1;2025-11-20;10;1293
1;2025-11-20;11;1336
1;2025-11-20;12;1363
1;2025-11-20;13;1372
1;2025-11-20;14;1355
1;2025-11-20;15;1481
1;2025-11-20;16;1482
1;2025-11-20;17;1716
1;2025-11-20;18;1740
1;2025-11-20;19;1291
1;2025-11-20;20;836
1;2025-11-20;21;461
1;2025-11-20;22;243
1;2025-11-20;23;55
1;2025-11-21;0;4
1;2025-11-21;1;0
1;2025-11-21;2;0
1;2025-11-21;3;0
1;2025-11-21;4;9
1;2025-11-21;5;127
1;2025-11-21;6;498
1;2025-11-21;7;1469
1;2025-11-21;8;1772
1;2025-11-21;9;1378
1;2025-11-21;10;1222
1;2025-11-21;11;1318
1;2025-11-21;12;1313
1;2025-11-21;13;1342
1;2025-11-21;14;1300
1;2025-11-21;15;1488
1;2025-11-21;16;1506
1;2025-11-21;17;1676
1;2025-11-21;18;1488
1;2025-11-21;19;1090
1;2025-11-21;20;753
1;2025-11-21;21;462
1;2025-11-21;22;233
1;2025-11-21;23;57
1;2025-11-22;0;6
1;2025-11-22;1;0
1;2025-11-22;2;0
1;2025-11-22;3;0
1;2025-11-22;4;0
1;2025-11-22;5;32
1;2025-11-22;6;164
1;2025-11-22;7;292
1;2025-11-22;8;379
1;2025-11-22;9;674
1;2025-11-22;10;736
1;2025-11-22;11;715
1;2025-11-22;12;901
1;2025-11-22;13;945
1;2025-11-22;14;865
1;2025-11-22;15;734
1;2025-11-22;16;693
1;2025-11-22;17;646
1;2025-11-22;18;554
1;2025-11-22;19;489
1;2025-11-22;20;370
1;2025-11-22;21;274
1;2025-11-22;22;127
1;2025-11-22;23;37
1;2025-11-23;0;0
1;2025-11-23;1;0
1;2025-11-23;2;0
1;2025-11-23;3;0
1;2025-11-23;4;0
1;2025-11-23;5;24
1;2025-11-23;6;130
1;2025-11-23;7;236
1;2025-11-23;8;322
1;2025-11-23;9;537
1;2025-11-23;10;681
1;2025-11-23;11;670
1;2025-11-23;12;866
1;2025-11-23;13;895
1;2025-11-23;14;790
1;2025-11-23;15;742
1;2025-11-23;16;641
1;2025-11-23;17;564
1;2025-11-23;18;492
1;2025-11-23;19;419
1;2025-11-23;20;324
1;2025-11-23;21;231
1;2025-11-23;22;110
1;2025-11-23;23;34
1;2025-11-24;0;0
1;2025-11-24;1;0
1;2025-11-24;2;0
1;2025-11-24;3;0
1;2025-11-24;4;5
1;2025-11-24;5;123
1;2025-11-24;6;527
1;2025-11-24;7;1397
1;2025-11-24;8;1754
1;2025-11-24;9;1345
1;2025-11-24;10;1110
1;2025-11-24;11;1188
1;2025-11-24;12;1245
1;2025-11-24;13;1260
1;2025-11-24;14;1219
1;2025-11-24;15;1350
1;2025-11-24;16;1397
1;2025-11-24;17;1652
1;2025-11-24;18;1701
1;2025-11-24;19;1260
1;2025-11-24;20;815
1;2025-11-24;21;448
1;2025-11-24;22;219
1;2025-11-24;23;40
1;2025-11-25;0;3
1;2025-11-25;1;0
1;2025-11-25;2;0
1;2025-11-25;3;0
1;2025-11-25;4;8
1;2025-11-25;5;127
1;2025-11-25;6;550
1;2025-11-25;7;1458
1;2025-11-25;8;1775
1;2025-11-25;9;1414
1;2025-11-25;10;1249
1;2025-11-25;11;1283
1;2025-11-25;12;1289
1;2025-11-25;13;1320
1;2025-11-25;14;1260
1;2025-11-25;15;1394
1;2025-11-25;16;1380
1;2025-11-25;17;1620
1;2025-11-25;18;1661
1;2025-11-25;19;1280
1;2025-11-25;20;833
1;2025-11-25;21;450
1;2025-11-25;22;224
1;2025-11-25;23;46
1;2025-11-26;0;7
1;2025-11-26;1;0
1;2025-11-26;2;0
1;2025-11-26;3;0
1;2025-11-26;4;5
1;2025-11-26;5;125
1;2025-11-26;6;544
1;2025-11-26;7;1394
1;2025-11-26;8;1773
1;2025-11-26;9;1378
1;2025-11-26;10;1212
1;2025-11-26;11;1257
1;2025-11-26;12;1266
1;2025-11-26;13;1311
1;2025-11-26;14;1260
1;2025-11-26;15;1372
1;2025-11-26;16;1339
1;2025-11-26;17;1597
1;2025-11-26;18;1635
1;2025-11-26;19;1250
1;2025-11-26;20;808
1;2025-11-26;21;438
1;2025-11-26;22;228
1;2025-11-26;23;49
1;2025-11-27;0;7
1;2025-11-27;1;0
1;2025-11-27;2;0
1;2025-11-27;3;0
1;2025-11-27;4;8
1;2025-11-27;5;119
1;2025-11-27;6;529
1;2025-11-27;7;1419
1;2025-11-27;8;1793
1;2025-11-27;9;1377
1;2025-11-27;10;1223
1;2025-11-27;11;1276
1;2025-11-27;12;1294
1;2025-11-27;13;1313
1;2025-11-27;14;1271
1;2025-11-27;15;1404
1;2025-11-27;16;1421
1;2025-11-27;17;1666
1;2025-11-27;18;1676
1;2025-11-27;19;1268
1;2025-11-27;20;830
1;2025-11-27;21;463
1;2025-11-27;22;230
1;2025-11-27;23;55
1;2025-11-28;0;6
1;2025-11-28;1;0
1;2025-11-28;2;0
1;2025-11-28;3;0
1;2025-11-28;4;7
1;2025-11-28;5;121
1;2025-11-28;6;508
1;2025-11-28;7;1404
1;2025-11-28;8;1730
1;2025-11-28;9;1358
1;2025-11-28;10;1223
1;2025-11-28;11;1310
1;2025-11-28;12;1293
1;2025-11-28;13;1312
1;2025-11-28;14;1284
1;2025-11-28;15;1443
1;2025-11-28;16;1475
1;2025-11-28;17;1639
1;2025-11-28;18;1452
1;2025-11-28;19;1115
1;2025-11-28;20;782
1;2025-11-28;21;473
1;2025-11-28;22;254
1;2025-11-28;23;58
1;2025-11-29;0;9
1;2025-11-29;1;0
1;2025-11-29;2;0
1;2025-11-29;3;0
1;2025-11-29;4;1
1;2025-11-29;5;39
1;2025-11-29;6;171
1;2025-11-29;7;318
1;2025-11-29;8;436
1;2025-11-29;9;684
1;2025-11-29;10;750
1;2025-11-29;11;729
1;2025-11-29;12;901
1;2025-11-29;13;929
1;2025-11-29;14;876
1;2025-11-29;15;748
1;2025-11-29;16;712
1;2025-11-29;17;675
1;2025-11-29;18;576
1;2025-11-29;19;495
1;2025-11-29;20;383
1;2025-11-29;21;289
1;2025-11-29;22;136
1;2025-11-29;23;44
1;2025-11-30;0;1
1;2025-11-30;1;0
1;2025-11-30;2;0
1;2025-11-30;3;0
1;2025-11-30;4;1
1;2025-11-30;5;29
1;2025-11-30;6;125
1;2025-11-30;7;247
1;2025-11-30;8;340
1;2025-11-30;9;537
1;2025-11-30;10;661
1;2025-11-30;11;642
1;2025-11-30;12;805
1;2025-11-30;13;813
1;2025-11-30;14;716
1;2025-11-30;15;671
1;2025-11-30;16;589
1;2025-11-30;17;537
1;2025-11-30;18;469
1;2025-11-30;19;413
1;2025-11-30;20;350
1;2025-11-30;21;264
1;2025-11-30;22;115
1;2025-11-30;23;39
1;2025-12-01;0;1
1;2025-12-01;1;0
1;2025-12-01;2;0
1;2025-12-01;3;0
1;2025-12-01;4;0
1;2025-12-01;5;122
1;2025-12-01;6;517
1;2025-12-01;7;1337
1;2025-12-01;8;1675
1;2025-12-01;9;1250
1;2025-12-01;10;1046
1;2025-12-01;11;1147
1;2025-12-01;12;1189
1;2025-12-01;13;1189
1;2025-12-01;14;1162
1;2025-12-01;15;1294
1;2025-12-01;16;1321
1;2025-12-01;17;1576
1;2025-12-01;18;1656
1;2025-12-01;19;1222
1;2025-12-01;20;791
1;2025-12-01;21;437
1;2025-12-01;22;222
1;2025-12-01;23;45
1;2025-12-02;0;5
1;2025-12-02;1;0
1;2025-12-02;2;0
1;2025-12-02;3;0
1;2025-12-02;4;0
1;2025-12-02;5;125
1;2025-12-02;6;533
1;2025-12-02;7;1387
1;2025-12-02;8;1728
1;2025-12-02;9;1332
1;2025-12-02;10;1181
1;2025-12-02;11;1212
1;2025-12-02;12;1217
1;2025-12-02;13;1235
1;2025-12-02;14;1183
1;2025-12-02;15;1302
1;2025-12-02;16;1303
1;2025-12-02;17;1552
1;2025-12-02;18;1595
1;2025-12-02;19;1236
1;2025-12-02;20;800
1;2025-12-02;21;469
1;2025-12-02;22;228
1;2025-12-02;23;45
1;2025-12-03;0;6
1;2025-12-03;1;0
1;2025-12-03;2;0
1;2025-12-03;3;0
1;2025-12-03;4;3
1;2025-12-03;5;126
1;2025-12-03;6;545
1;2025-12-03;7;1385
1;2025-12-03;8;1763
1;2025-12-03;9;1356
1;2025-12-03;10;1241
1;2025-12-03;11;1284
1;2025-12-03;12;1284
1;2025-12-03;13;1304
1;2025-12-03;14;1282
1;2025-12-03;15;1384
1;2025-12-03;16;1354
1;2025-12-03;17;1629
1;2025-12-03;18;1676
1;2025-12-03;19;1278
1;2025-12-03;20;847
1;2025-12-03;21;468
1;2025-12-03;22;251
1;2025-12-03;23;50
1;2025-12-04;0;7
1;2025-12-04;1;0
1;2025-12-04;2;0
1;2025-12-04;3;0
1;2025-12-04;4;5
1;2025-12-04;5;127
1;2025-12-04;6;529
1;2025-12-04;7;1435
1;2025-12-04;8;1809
1;2025-12-04;9;1381
1;2025-12-04;10;1251
1;2025-12-04;11;1290
1;2025-12-04;12;1308
1;2025-12-04;13;1313
1;2025-12-04;14;1298
1;2025-12-04;15;1428
1;2025-12-04;16;1429
1;2025-12-04;17;1678
1;2025-12-04;18;1694
1;2025-12-04;19;1292
1;2025-12-04;20;849
1;2025-12-04;21;477
1;2025-12-04;22;248
1;2025-12-04;23;57
1;2025-12-05;0;6
1;2025-12-05;1;0
1;2025-12-05;2;0
1;2025-12-05;3;0
1;2025-12-05;4;6
1;2025-12-05;5;131
1;2025-12-05;6;511
1;2025-12-05;7;1445
1;2025-12-05;8;1756
1;2025-12-05;9;1375
1;2025-12-05;10;1226
1;2025-12-05;11;1324
1;2025-12-05;12;1310
1;2025-12-05;13;1333
1;2025-12-05;14;1303
1;2025-12-05;15;1475
1;2025-12-05;16;1521
1;2025-12-05;17;1673
1;2025-12-05;18;1498
1;2025-12-05;19;1164
1;2025-12-05;20;804
1;2025-12-05;21;491
1;2025-12-05;22;253
1;2025-12-05;23;60
1;2025-12-06;0;8
1;2025-12-06;1;0
1;2025-12-06;2;0
1;2025-12-06;3;0
1;2025-12-06;4;0
1;2025-12-06;5;37
1;2025-12-06;6;174
1;2025-12-06;7;322
1;2025-12-06;8;444
1;2025-12-06;9;692
1;2025-12-06;10;770
1;2025-12-06;11;733
1;2025-12-06;12;911
1;2025-12-06;13;943
1;2025-12-06;14;863
1;2025-12-06;15;744
1;2025-12-06;16;708
1;2025-12-06;17;671
1;2025-12-06;18;590
1;2025-12-06;19;503
1;2025-12-06;20;394
1;2025-12-06;21;292
1;2025-12-06;22;139
1;2025-12-06;23;42
1;2025-12-07;0;0
1;2025-12-07;1;0
1;2025-12-07;2;0
1;2025-12-07;3;0
1;2025-12-07;4;0
1;2025-12-07;5;28
1;2025-12-07;6;128
1;2025-12-07;7;249
1;2025-12-07;8;355
1;2025-12-07;9;557
1;2025-12-07;10;682
1;2025-12-07;11;660
1;2025-12-07;12;828
1;2025-12-07;13;849
1;2025-12-07;14;737
1;2025-12-07;15;687
1;2025-12-07;16;603
1;2025-12-07;17;559
1;2025-12-07;18;497
1;2025-12-07;19;434
1;2025-12-07;20;357
1;2025-12-07;21;259
1;2025-12-07;22;112
1;2025-12-07;23;34
1;2025-12-08;0;0
1;2025-12-08;1;0
1;2025-12-08;2;0
1;2025-12-08;3;0
1;2025-12-08;4;11
1;2025-12-08;5;129
1;2025-12-08;6;529
1;2025-12-08;7;1442
1;2025-12-08;8;1825
1;2025-12-08;9;1359
1;2025-12-08;10;1204
1;2025-12-08;11;1287
1;2025-12-08;12;1320
1;2025-12-08;13;1312
1;2025-12-08;14;1273
1;2025-12-08;15;1420
1;2025-12-08;16;1471
1;2025-12-08;17;1712
1;2025-12-08;18;1800
1;2025-12-08;19;1350
1;2025-12-08;20;843
1;2025-12-08;21;449
1;2025-12-08;22;228
1;2025-12-08;23;39
1;2025-12-09;0;3
1;2025-12-09;1;0
1;2025-12-09;2;0
1;2025-12-09;3;0
1;2025-12-09;4;10
1;2025-12-09;5;132
1;2025-12-09;6;542
1;2025-12-09;7;1515
1;2025-12-09;8;1895
1;2025-12-09;9;1483
1;2025-12-09;10;1335
1;2025-12-09;11;1345
1;2025-12-09;12;1351
1;2025-12-09;13;1383
1;2025-12-09;14;1310
1;2025-12-09;15;1450
1;2025-12-09;16;1457
1;2025-12-09;17;1717
1;2025-12-09;18;1765
1;2025-12-09;19;1382
1;2025-12-09;20;879
1;2025-12-09;21;470
1;2025-12-09;22;239
1;2025-12-09;23;47
1;2025-12-10;0;4
1;2025-12-10;1;0
1;2025-12-10;2;0
1;2025-12-10;3;0
1;2025-12-10;4;10
1;2025-12-10;5;133
1;2025-12-10;6;543
1;2025-12-10;7;1458
1;2025-12-10;8;1879
1;2025-12-10;9;1439
1;2025-12-10;10;1299
1;2025-12-10;11;1326
1;2025-12-10;12;1329
1;2025-12-10;13;1377
1;2025-12-10;14;1332
1;2025-12-10;15;1455
1;2025-12-10;16;1436
1;2025-12-10;17;1711
1;2025-12-10;18;1737
1;2025-12-10;19;1323
1;2025-12-10;20;863
1;2025-12-10;21;458
1;2025-12-10;22;243
1;2025-12-10;23;45
1;2025-12-11;0;6
1;2025-12-11;1;0
1;2025-12-11;2;0
1;2025-12-11;3;0
1;2025-12-11;4;8
1;2025-12-11;5;123
1;2025-12-11;6;525
1;2025-12-11;7;1466
1;2025-12-11;8;1888
1;2025-12-11;9;1431
1;2025-12-11;10;1268
1;2025-12-11;11;1318
1;2025-12-11;12;1351
1;2025-12-11;13;1356
1;2025-12-11;14;1317
1;2025-12-11;15;1454
1;2025-12-11;16;1472
1;2025-12-11;17;1729
1;2025-12-11;18;1750
1;2025-12-11;19;1289
1;2025-12-11;20;838
1;2025-12-11;21;482
1;2025-12-11;22;242
1;2025-12-11;23;49
1;2025-12-12;0;3
1;2025-12-12;1;0
1;2025-12-12;2;0
1;2025-12-12;3;1
1;2025-12-12;4;6
1;2025-12-12;5;129
1;2025-12-12;6;498
1;2025-12-12;7;1452
1;2025-12-12;8;1825
1;2025-12-12;9;1397
1;2025-12-12;10;1254
1;2025-12-12;11;1344
1;2025-12-12;12;1319
1;2025-12-12;13;1326
1;2025-12-12;14;1280
1;2025-12-12;15;1452
1;2025-12-12;16;1527
1;2025-12-12;17;1711
1;2025-12-12;18;1540
1;2025-12-12;19;1178
1;2025-12-12;20;787
1;2025-12-12;21;473
1;2025-12-12;22;252
1;2025-12-12;23;51
1;2025-12-13;0;9
1;2025-12-13;1;0
1;2025-12-13;2;0
1;2025-12-13;3;0
1;2025-12-13;4;0
1;2025-12-13;5;39
1;2025-12-13;6;176
1;2025-12-13;7;331
1;2025-12-13;8;449
1;2025-12-13;9;732
1;2025-12-13;10;793
1;2025-12-13;11;744
1;2025-12-13;12;924
1;2025-12-13;13;942
1;2025-12-13;14;856
1;2025-12-13;15;737
1;2025-12-13;16;716
1;2025-12-13;17;692
1;2025-12-13;18;620
1;2025-12-13;19;560
1;2025-12-13;20;398
1;2025-12-13;21;285
1;2025-12-13;22;139
1;2025-12-13;23;41
1;2025-12-14;0;1
1;2025-12-14;1;0
1;2025-12-14;2;0
1;2025-12-14;3;0
1;2025-12-14;4;0
1;2025-12-14;5;25
1;2025-12-14;6;120
1;2025-12-14;7;239
1;2025-12-14;8;339
1;2025-12-14;9;553
1;2025-12-14;10;670
1;2025-12-14;11;647
1;2025-12-14;12;801
1;2025-12-14;13;817
1;2025-12-14;14;702
1;2025-12-14;15;662
1;2025-12-14;16;604
1;2025-12-14;17;551
1;2025-12-14;18;498
1;2025-12-14;19;442
1;2025-12-14;20;342
1;2025-12-14;21;242
1;2025-12-14;22;112
1;2025-12-14;23;35
1;2025-12-15;0;1
1;2025-12-15;1;0
1;2025-12-15;2;0
1;2025-12-15;3;0
1;2025-12-15;4;8
1;2025-12-15;5;124
1;2025-12-15;6;523
1;2025-12-15;7;1399
1;2025-12-15;8;1759
1;2025-12-15;9;1307
1;2025-12-15;10;1137
1;2025-12-15;11;1244
1;2025-12-15;12;1257
1;2025-12-15;13;1253
1;2025-12-15;14;1200
1;2025-12-15;15;1364
1;2025-12-15;16;1409
1;2025-12-15;17;1641
1;2025-12-15;18;1731
1;2025-12-15;19;1296
1;2025-12-15;20;802
1;2025-12-15;21;447
1;2025-12-15;22;212
1;2025-12-15;23;39
1;2025-12-16;0;2
1;2025-12-16;1;0
1;2025-12-16;2;0
1;2025-12-16;3;0
1;2025-12-16;4;7
1;2025-12-16;5;121
1;2025-12-16;6;524
1;2025-12-16;7;1455
1;2025-12-16;8;1830
1;2025-12-16;9;1429
1;2025-12-16;10;1301
1;2025-12-16;11;1320
1;2025-12-16;12;1326
1;2025-12-16;13;1352
1;2025-12-16;14;1307
1;2025-12-16;15;1453
1;2025-12-16;16;1461
1;2025-12-16;17;1718
1;2025-12-16;18;1758
1;2025-12-16;19;1354
1;2025-12-16;20;865
1;2025-12-16;21;464
1;2025-12-16;22;227
1;2025-12-16;23;45
1;2025-12-17;0;4
1;2025-12-17;1;0
1;2025-12-17;2;0
1;2025-12-17;3;0
1;2025-12-17;4;7
1;2025-12-17;5;128
1;2025-12-17;6;538
1;2025-12-17;7;1445
1;2025-12-17;8;1873
1;2025-12-17;9;1427
1;2025-12-17;10;1257
1;2025-12-17;11;1296
1;2025-12-17;12;1308
1;2025-12-17;13;1365
1;2025-12-17;14;1305
1;2025-12-17;15;1436
1;2025-12-17;16;1427
1;2025-12-17;17;1702
1;2025-12-17;18;1722
1;2025-12-17;19;1299
1;2025-12-17;20;835
1;2025-12-17;21;451
1;2025-12-17;22;233
1;2025-12-17;23;44
1;2025-12-18;0;6
1;2025-12-18;1;0
1;2025-12-18;2;0
1;2025-12-18;3;0
1;2025-12-18;4;7
1;2025-12-18;5;119
1;2025-12-18;6;516
1;2025-12-18;7;1455
1;2025-12-18;8;1879
1;2025-12-18;9;1412
1;2025-12-18;10;1275
1;2025-12-18;11;1317
1;2025-12-18;12;1365
1;2025-12-18;13;1360
1;2025-12-18;14;1330
1;2025-12-18;15;1464
1;2025-12-18;16;1483
1;2025-12-18;17;1743
1;2025-12-18;18;1758
1;2025-12-18;19;1308
1;2025-12-18;20;848
1;2025-12-18;21;466
1;2025-12-18;22;232
1;2025-12-18;23;51
1;2025-12-19;0;6
1;2025-12-19;1;0
1;2025-12-19;2;0
1;2025-12-19;3;0
1;2025-12-19;4;8
1;2025-12-19;5;132
1;2025-12-19;6;500
1;2025-12-19;7;1451
1;2025-12-19;8;1804
1;2025-12-19;9;1383
1;2025-12-19;10;1229
1;2025-12-19;11;1348
1;2025-12-19;12;1336
1;2025-12-19;13;1349
1;2025-12-19;14;1307
1;2025-12-19;15;1476
1;2025-12-19;16;1540
1;2025-12-19;17;1713
1;2025-12-19;18;1517
1;2025-12-19;19;1141
1;2025-12-19;20;786
1;2025-12-19;21;467
1;2025-12-19;22;238
1;2025-12-19;23;57
1;2025-12-20;0;7
1;2025-12-20;1;0
1;2025-12-20;2;0
1;2025-12-20;3;0
1;2025-12-20;4;0
1;2025-12-20;5;35
1;2025-12-20;6;167
1;2025-12-20;7;338
1;2025-12-20;8;462
1;2025-12-20;9;707
1;2025-12-20;10;770
1;2025-12-20;11;734
1;2025-12-20;12;926
1;2025-12-20;13;949
1;2025-12-20;14;876
1;2025-12-20;15;754
1;2025-12-20;16;712
1;2025-12-20;17;669
1;2025-12-20;18;588
1;2025-12-20;19;502
1;2025-12-20;20;387
1;2025-12-20;21;283
1;2025-12-20;22;129
1;2025-12-20;23;38
1;2025-12-21;0;0
1;2025-12-21;1;0
1;2025-12-21;2;0
1;2025-12-21;3;0
1;2025-12-21;4;0
1;2025-12-21;5;24
1;2025-12-21;6;123
1;2025-12-21;7;263
1;2025-12-21;8;368
1;2025-12-21;9;551
1;2025-12-21;10;664
1;2025-12-21;11;637
1;2025-12-21;12;800
1;2025-12-21;13;827
1;2025-12-21;14;705
1;2025-12-21;15;675
1;2025-12-21;16;600
1;2025-12-21;17;549
1;2025-12-21;18;491
1;2025-12-21;19;422
1;2025-12-21;20;346
1;2025-12-21;21;240
1;2025-12-21;22;108
1;2025-12-21;23;30
1;2025-12-22;0;1
1;2025-12-22;1;0
1;2025-12-22;2;0
1;2025-12-22;3;0
1;2025-12-22;4;11
1;2025-12-22;5;131
1;2025-12-22;6;520
1;2025-12-22;7;1442
1;2025-12-22;8;1839
1;2025-12-22;9;1362
1;2025-12-22;10;1172
1;2025-12-22;11;1252
1;2025-12-22;12;1304
1;2025-12-22;13;1288
1;2025-12-22;14;1256
1;2025-12-22;15;1410
1;2025-12-22;16;1464
1;2025-12-22;17;1689
1;2025-12-22;18;1795
1;2025-12-22;19;1332
1;2025-12-22;20;832
1;2025-12-22;21;444
1;2025-12-22;22;214
1;2025-12-22;23;34
1;2025-12-23;0;7
1;2025-12-23;1;0
1;2025-12-23;2;0
1;2025-12-23;3;0
1;2025-12-23;4;6
1;2025-12-23;5;128
1;2025-12-23;6;553
1;2025-12-23;7;1462
1;2025-12-23;8;1835
1;2025-12-23;9;1417
1;2025-12-23;10;1259
1;2025-12-23;11;1277
1;2025-12-23;12;1291
1;2025-12-23;13;1304
1;2025-12-23;14;1220
1;2025-12-23;15;1375
1;2025-12-23;16;1384
1;2025-12-23;17;1647
1;2025-12-23;18;1706
1;2025-12-23;19;1331
1;2025-12-23;20;854
1;2025-12-23;21;448
1;2025-12-23;22;222
1;2025-12-23;23;44
1;2025-12-24;0;7
1;2025-12-24;1;0
1;2025-12-24;2;0
1;2025-12-24;3;0
1;2025-12-24;4;6
1;2025-12-24;5;129
1;2025-12-24;6;539
1;2025-12-24;7;1403
1;2025-12-24;8;1793
1;2025-12-24;9;1393
1;2025-12-24;10;1244
1;2025-12-24;11;1293
1;2025-12-24;12;1308
1;2025-12-24;13;1333
1;2025-12-24;14;1269
1;2025-12-24;15;1402
1;2025-12-24;16;1389
1;2025-12-24;17;1655
1;2025-12-24;18;1700
1;2025-12-24;19;1294
1;2025-12-24;20;831
1;2025-12-24;21;444
1;2025-12-24;22;232
1;2025-12-24;23;45
1;2025-12-25;0;5
1;2025-12-25;1;0
1;2025-12-25;2;0
1;2025-12-25;3;0
1;2025-12-25;4;5
1;2025-12-25;5;119
1;2025-12-25;6;506
1;2025-12-25;7;1434
1;2025-12-25;8;1848
1;2025-12-25;9;1410
1;2025-12-25;10;1280
1;2025-12-25;11;1321
1;2025-12-25;12;1346
1;2025-12-25;13;1337
1;2025-12-25;14;1312
1;2025-12-25;15;1438
1;2025-12-25;16;1468
1;2025-12-25;17;1706
1;2025-12-25;18;1731
1;2025-12-25;19;1295
1;2025-12-25;20;827
1;2025-12-25;21;455
1;2025-12-25;22;225
1;2025-12-25;23;42
1;2025-12-26;0;1
1;2025-12-26;1;0
1;2025-12-26;2;0
1;2025-12-26;3;0
1;2025-12-26;4;1
1;2025-12-26;5;133
1;2025-12-26;6;502
1;2025-12-26;7;1433
1;2025-12-26;8;1801
1;2025-12-26;9;1448
1;2025-12-26;10;1290
1;2025-12-26;11;1345
1;2025-12-26;12;1333
1;2025-12-26;13;1369
1;2025-12-26;14;1325
1;2025-12-26;15;1477
1;2025-12-26;16;1538
1;2025-12-26;17;1709
1;2025-12-26;18;1526
1;2025-12-26;19;1164
1;2025-12-26;20;803
1;2025-12-26;21;479
1;2025-12-26;22;248
1;2025-12-26;23;51
1;2025-12-27;0;10
1;2025-12-27;1;0
1;2025-12-27;2;0
1;2025-12-27;3;0
1;2025-12-27;4;0
1;2025-12-27;5;43
1;2025-12-27;6;178
1;2025-12-27;7;341
1;2025-12-27;8;466
1;2025-12-27;9;732
1;2025-12-27;10;805
1;2025-12-27;11;751
1;2025-12-27;12;942
1;2025-12-27;13;964
1;2025-12-27;14;873
1;2025-12-27;15;755
1;2025-12-27;16;722
1;2025-12-27;17;678
1;2025-12-27;18;591
1;2025-12-27;19;511
1;2025-12-27;20;380
1;2025-12-27;21;287
1;2025-12-27;22;135
1;2025-12-27;23;36
1;2025-12-28;0;0
1;2025-12-28;1;0
1;2025-12-28;2;0
1;2025-12-28;3;0
1;2025-12-28;4;0
1;2025-12-28;5;26
1;2025-12-28;6;132
1;2025-12-28;7;268
1;2025-12-28;8;369
1;2025-12-28;9;578
1;2025-12-28;10;689
1;2025-12-28;11;643
1;2025-12-28;12;809
1;2025-12-28;13;849
1;2025-12-28;14;713
1;2025-12-28;15;686
1;2025-12-28;16;604
1;2025-12-28;17;559
1;2025-12-28;18;496
1;2025-12-28;19;436
1;2025-12-28;20;350
1;2025-12-28;21;260
1;2025-12-28;22;110
1;2025-12-28;23;33
1;2025-12-29;0;2
1;2025-12-29;1;0
1;2025-12-29;2;0
1;2025-12-29;3;0
1;2025-12-29;4;8
1;2025-12-29;5;132
1;2025-12-29;6;520
1;2025-12-29;7;1397
1;2025-12-29;8;1775
1;2025-12-29;9;1350
1;2025-12-29;10;1201
1;2025-12-29;11;1277
1;2025-12-29;12;1313
1;2025-12-29;13;1324
1;2025-12-29;14;1269
1;2025-12-29;15;1396
1;2025-12-29;16;1433
1;2025-12-29;17;1657
1;2025-12-29;18;1757
1;2025-12-29;19;1340
1;2025-12-29;20;843
1;2025-12-29;21;455
1;2025-12-29;22;220
1;2025-12-29;23;44
1;2025-12-30;0;4
1;2025-12-30;1;0
1;2025-12-30;2;0
1;2025-12-30;3;1
1;2025-12-30;4;6
1;2025-12-30;5;133
1;2025-12-30;6;514
1;2025-12-30;7;1427
1;2025-12-30;8;1797
1;2025-12-30;9;1453
1;2025-12-30;10;1329
1;2025-12-30;11;1341
1;2025-12-30;12;1352
1;2025-12-30;13;1380
1;2025-12-30;14;1300
1;2025-12-30;15;1421
1;2025-12-30;16;1423
1;2025-12-30;17;1689
1;2025-12-30;18;1718
1;2025-12-30;19;1345
1;2025-12-30;20;885
1;2025-12-30;21;458
1;2025-12-30;22;231
1;2025-12-30;23;41
1;2025-12-31;0;0
1;2025-12-31;1;0
1;2025-12-31;2;0
1;2025-12-31;3;0
1;2025-12-31;4;0
1;2025-12-31;5;43
1;2025-12-31;6;219
1;2025-12-31;7;202
1;2025-12-31;8;170
1;2025-12-31;9;317
1;2025-12-31;10;382
1;2025-12-31;11;402
1;2025-12-31;12;516
1;2025-12-31;13;506
1;2025-12-31;14;493
1;2025-12-31;15;508
1;2025-12-31;16;487
1;2025-12-31;17;446
1;2025-12-31;18;301
1;2025-12-31;19;365
1;2025-12-31;20;300
1;2025-12-31;21;289
1;2025-12-31;22;151
1;2025-12-31;23;25
5;2025-11-01;0;0
5;2025-11-01;1;0
5;2025-11-01;2;0
5;2025-11-01;3;0
5;2025-11-01;4;0
5;2025-11-01;5;0
5;2025-11-01;6;0
5;2025-11-01;7;0
5;2025-11-01;8;0
5;2025-11-01;9;0
5;2025-11-01;10;0
5;2025-11-01;11;0
5;2025-11-01;12;0
5;2025-11-01;13;0
5;2025-11-01;14;0
5;2025-11-01;15;0
5;2025-11-01;16;0
5;2025-11-01;17;0
5;2025-11-01;18;0
5;2025-11-01;19;0
5;2025-11-01;20;0
5;2025-11-01;21;0
5;2025-11-01;22;0
5;2025-11-01;23;0
5;2025-11-02;0;0
5;2025-11-02;1;0
5;2025-11-02;2;0
5;2025-11-02;3;0
5;2025-11-02;4;0
5;2025-11-02;5;0
5;2025-11-02;6;0
5;2025-11-02;7;0
5;2025-11-02;8;0
5;2025-11-02;9;0
5;2025-11-02;10;0
5;2025-11-02;11;0
5;2025-11-02;12;0
5;2025-11-02;13;0
5;2025-11-02;14;0
5;2025-11-02;15;0
5;2025-11-02;16;0
5;2025-11-02;17;0
5;2025-11-02;18;0
5;2025-11-02;19;0
5;2025-11-02;20;0
5;2025-11-02;21;0
5;2025-11-02;22;0
5;2025-11-02;23;0
5;2025-11-03;0;0
5;2025-11-03;1;0
5;2025-11-03;2;0
5;2025-11-03;3;0
5;2025-11-03;4;0
5;2025-11-03;5;0
5;2025-11-03;6;0
5;2025-11-03;7;0
5;2025-11-03;8;0
5;2025-11-03;9;0
5;2025-11-03;10;0
5;2025-11-03;11;0
5;2025-11-03;12;0
5;2025-11-03;13;0
5;2025-11-03;14;0
5;2025-11-03;15;0
5;2025-11-03;16;0
5;2025-11-03;17;0
5;2025-11-03;18;0
5;2025-11-03;19;0
5;2025-11-03;20;0
5;2025-11-03;21;0
5;2025-11-03;22;0
5;2025-11-03;23;0
5;2025-11-04;0;0
5;2025-11-04;1;0
5;2025-11-04;2;0
5;2025-11-04;3;0
5;2025-11-04;4;0
5;2025-11-04;5;0
5;2025-11-04;6;0
5;2025-11-04;7;0
5;2025-11-04;8;0
5;2025-11-04;9;0
5;2025-11-04;10;0
5;2025-11-04;11;0
5;2025-11-04;12;0
5;2025-11-04;13;0
5;2025-11-04;14;0
5;2025-11-04;15;0
5;2025-11-04;16;0
5;2025-11-04;17;0
5;2025-11-04;18;0
5;2025-11-04;19;0
5;2025-11-04;20;0
5;2025-11-04;21;0
5;2025-11-04;22;0
5;2025-11-04;23;0
5;2025-11-05;0;0
5;2025-11-05;1;0
5;2025-11-05;2;0
5;2025-11-05;3;0
5;2025-11-05;4;0
5;2025-11-05;5;0
5;2025-11-05;6;0
5;2025-11-05;7;0
5;2025-11-05;8;0
5;2025-11-05;9;0
5;2025-11-05;10;0
5;2025-11-05;11;0
5;2025-11-05;12;0
5;2025-11-05;13;0
5;2025-11-05;14;0
5;2025-11-05;15;0
5;2025-11-05;16;0
5;2025-11-05;17;0
5;2025-11-05;18;0
5;2025-11-05;19;0
5;2025-11-05;20;0
5;2025-11-05;21;0
5;2025-11-05;22;0
5;2025-11-05;23;0
5;2025-11-06;0;0
5;2025-11-06;1;0
5;2025-11-06;2;0
5;2025-11-06;3;0
5;2025-11-06;4;0
5;2025-11-06;5;0
5;2025-11-06;6;0
5;2025-11-06;7;0
5;2025-11-06;8;0
5;2025-11-06;9;0
5;2025-11-06;10;0
5;2025-11-06;11;0
5;2025-11-06;12;0
5;2025-11-06;13;0
5;2025-11-06;14;0
5;2025-11-06;15;0
5;2025-11-06;16;0
5;2025-11-06;17;0
5;2025-11-06;18;0
5;2025-11-06;19;0
5;2025-11-06;20;0
5;2025-11-06;21;0
5;2025-11-06;22;0
5;2025-11-06;23;0
5;2025-11-07;0;0
5;2025-11-07;1;0
5;2025-11-07;2;0
5;2025-11-07;3;0
5;2025-11-07;4;0
5;2025-11-07;5;0
5;2025-11-07;6;0
5;2025-11-07;7;0
5;2025-11-07;8;0
5;2025-11-07;9;0
5;2025-11-07;10;0
5;2025-11-07;11;0
5;2025-11-07;12;0
5;2025-11-07;13;0
5;2025-11-07;14;0
5;2025-11-07;15;0
5;2025-11-07;16;0
5;2025-11-07;17;0
5;2025-11-07;18;0
5;2025-11-07;19;0
5;2025-11-07;20;0
5;2025-11-07;21;0
5;2025-11-07;22;0
5;2025-11-07;23;0
5;2025-11-08;0;0
5;2025-11-08;1;0
5;2025-11-08;2;0
5;2025-11-08;3;0
5;2025-11-08;4;0
5;2025-11-08;5;0
5;2025-11-08;6;0
5;2025-11-08;7;0
5;2025-11-08;8;0
5;2025-11-08;9;0
5;2025-11-08;10;0
5;2025-11-08;11;0
5;2025-11-08;12;0
5;2025-11-08;13;0
5;2025-11-08;14;0
5;2025-11-08;15;0
5;2025-11-08;16;0
5;2025-11-08;17;0
5;2025-11-08;18;0
5;2025-11-08;19;0
5;2025-11-08;20;0
5;2025-11-08;21;0
5;2025-11-08;22;0
5;2025-11-08;23;0
5;2025-11-09;0;0
5;2025-11-09;1;0
5;2025-11-09;2;0
5;2025-11-09;3;0
5;2025-11-09;4;0
5;2025-11-09;5;0
5;2025-11-09;6;0
5;2025-11-09;7;0
5;2025-11-09;8;0
5;2025-11-09;9;0
5;2025-11-09;10;0
5;2025-11-09;11;0
5;2025-11-09;12;0
5;2025-11-09;13;0
5;2025-11-09;14;0
5;2025-11-09;15;0
5;2025-11-09;16;0
5;2025-11-09;17;0
5;2025-11-09;18;0
5;2025-11-09;19;0
5;2025-11-09;20;0
5;2025-11-09;21;0
5;2025-11-09;22;0
5;2025-11-09;23;0
5;2025-11-10;0;0
5;2025-11-10;1;0
5;2025-11-10;2;0
5;2025-11-10;3;0
5;2025-11-10;4;0
5;2025-11-10;5;0
5;2025-11-10;6;0
5;2025-11-10;7;0
5;2025-11-10;8;0
5;2025-11-10;9;0
5;2025-11-10;10;0
5;2025-11-10;11;0
5;2025-11-10;12;0
5;2025-11-10;13;0
5;2025-11-10;14;0
5;2025-11-10;15;0
5;2025-11-10;16;0
5;2025-11-10;17;0
5;2025-11-10;18;0
5;2025-11-10;19;0
5;2025-11-10;20;0
5;2025-11-10;21;0
5;2025-11-10;22;0
5;2025-11-10;23;0
5;2025-11-11;0;0
5;2025-11-11;1;0
5;2025-11-11;2;0
5;2025-11-11;3;0
5;2025-11-11;4;0
5;2025-11-11;5;0
5;2025-11-11;6;0
5;2025-11-11;7;0
5;2025-11-11;8;0
5;2025-11-11;9;0
5;2025-11-11;10;0
5;2025-11-11;11;0
5;2025-11-11;12;0
5;2025-11-11;13;0
5;2025-11-11;14;0
5;2025-11-11;15;0
5;2025-11-11;16;0
5;2025-11-11;17;0
5;2025-11-11;18;0
5;2025-11-11;19;0
5;2025-11-11;20;0
5;2025-11-11;21;0
5;2025-11-11;22;0
5;2025-11-11;23;0
5;2025-11-12;0;0
5;2025-11-12;1;0
5;2025-11-12;2;0
5;2025-11-12;3;0
5;2025-11-12;4;0
5;2025-11-12;5;0
5;2025-11-12;6;0
5;2025-11-12;7;0
5;2025-11-12;8;0
5;2025-11-12;9;0
5;2025-11-12;10;0
5;2025-11-12;11;0
5;2025-11-12;12;0
5;2025-11-12;13;0
5;2025-11-12;14;0
5;2025-11-12;15;0
5;2025-11-12;16;0
5;2025-11-12;17;0
5;2025-11-12;18;0
5;2025-11-12;19;0
5;2025-11-12;20;0
5;2025-11-12;21;0
5;2025-11-12;22;0
5;2025-11-12;23;0
5;2025-11-13;0;0
5;2025-11-13;1;0
5;2025-11-13;2;0
5;2025-11-13;3;0
5;2025-11-13;4;0
5;2025-11-13;5;0
5;2025-11-13;6;0
5;2025-11-13;7;0
5;2025-11-13;8;0
5;2025-11-13;9;0
5;2025-11-13;10;0
5;2025-11-13;11;0
5;2025-11-13;12;0
5;2025-11-13;13;0
5;2025-11-13;14;0
5;2025-11-13;15;0
5;2025-11-13;16;0
5;2025-11-13;17;0
5;2025-11-13;18;0
5;2025-11-13;19;0
5;2025-11-13;20;0
5;2025-11-13;21;0
5;2025-11-13;22;0
5;2025-11-13;23;0
5;2025-11-14;0;0
5;2025-11-14;1;0
5;2025-11-14;2;0
5;2025-11-14;3;0
5;2025-11-14;4;0
5;2025-11-14;5;0
5;2025-11-14;6;0
5;2025-11-14;7;0
5;2025-11-14;8;0
5;2025-11-14;9;0
5;2025-11-14;10;0
5;2025-11-14;11;0
5;2025-11-14;12;0
5;2025-11-14;13;0
5;2025-11-14;14;0
5;2025-11-14;15;0
5;2025-11-14;16;0
5;2025-11-14;17;0
5;2025-11-14;18;0
5;2025-11-14;19;0
5;2025-11-14;20;0
5;2025-11-14;21;0
5;2025-11-14;22;0
5;2025-11-14;23;0
5;2025-11-15;0;0
5;2025-11-15;1;0
5;2025-11-15;2;0
5;2025-11-15;3;0
5;2025-11-15;4;0
5;2025-11-15;5;0
5;2025-11-15;6;0
5;2025-11-15;7;0
5;2025-11-15;8;0
5;2025-11-15;9;0
5;2025-11-15;10;0
5;2025-11-15;11;0
5;2025-11-15;12;0
5;2025-11-15;13;0
5;2025-11-15;14;0
5;2025-11-15;15;0
5;2025-11-15;16;0
5;2025-11-15;17;0
5;2025-11-15;18;0
5;2025-11-15;19;0
5;2025-11-15;20;0
5;2025-11-15;21;0
5;2025-11-15;22;0
5;2025-11-15;23;0
5;2025-11-16;0;0
5;2025-11-16;1;0
5;2025-11-16;2;0
5;2025-11-16;3;0
5;2025-11-16;4;0
5;2025-11-16;5;0
5;2025-11-16;6;0
5;2025-11-16;7;0
5;2025-11-16;8;0
5;2025-11-16;9;0
5;2025-11-16;10;0
5;2025-11-16;11;0
5;2025-11-16;12;0
5;2025-11-16;13;0
5;2025-11-16;14;0
5;2025-11-16;15;0
5;2025-11-16;16;0
5;2025-11-16;17;0
5;2025-11-16;18;0
5;2025-11-16;19;0
5;2025-11-16;20;0
5;2025-11-16;21;0
5;2025-11-16;22;0
5;2025-11-16;23;0
5;2025-11-17;0;0
5;2025-11-17;1;0
5;2025-11-17;2;0
5;2025-11-17;3;0
5;2025-11-17;4;0
5;2025-11-17;5;0
5;2025-11-17;6;0
5;2025-11-17;7;0
5;2025-11-17;8;0
5;2025-11-17;9;0
5;2025-11-17;10;0
5;2025-11-17;11;0
5;2025-11-17;12;0
5;2025-11-17;13;0
5;2025-11-17;14;0
5;2025-11-17;15;0
5;2025-11-17;16;0
5;2025-11-17;17;0
5;2025-11-17;18;0
5;2025-11-17;19;0
5;2025-11-17;20;0
5;2025-11-17;21;0
5;2025-11-17;22;0
5;2025-11-17;23;0
5;2025-11-18;0;0
5;2025-11-18;1;0
5;2025-11-18;2;0
5;2025-11-18;3;0
5;2025-11-18;4;0
5;2025-11-18;5;0
5;2025-11-18;6;0
5;2025-11-18;7;0
5;2025-11-18;8;0
5;2025-11-18;9;0
5;2025-11-18;10;0
5;2025-11-18;11;0
5;2025-11-18;12;0
5;2025-11-18;13;0
5;2025-11-18;14;0
5;2025-11-18;15;0
5;2025-11-18;16;0
5;2025-11-18;17;0
5;2025-11-18;18;0
5;2025-11-18;19;0
5;2025-11-18;20;0
5;2025-11-18;21;0
5;2025-11-18;22;0
5;2025-11-18;23;0
5;2025-11-19;0;0
5;2025-11-19;1;0
5;2025-11-19;2;0
5;2025-11-19;3;0
5;2025-11-19;4;0
5;2025-11-19;5;0
5;2025-11-19;6;0
5;2025-11-19;7;0
5;2025-11-19;8;0
5;2025-11-19;9;0
5;2025-11-19;10;0
5;2025-11-19;11;0
5;2025-11-19;12;0
5;2025-11-19;13;0
5;2025-11-19;14;0
5;2025-11-19;15;0
5;2025-11-19;16;0
5;2025-11-19;17;0
5;2025-11-19;18;0
5;2025-11-19;19;0
5;2025-11-19;20;0
5;2025-11-19;21;0
5;2025-11-19;22;0
5;2025-11-19;23;0
5;2025-11-20;0;0
5;2025-11-20;1;0
5;2025-11-20;2;0
5;2025-11-20;3;0
5;2025-11-20;4;0
5;2025-11-20;5;0
5;2025-11-20;6;0
5;2025-11-20;7;0
5;2025-11-20;8;0
5;2025-11-20;9;0
5;2025-11-20;10;0
5;2025-11-20;11;0
5;2025-11-20;12;0
5;2025-11-20;13;0
5;2025-11-20;14;0
5;2025-11-20;15;0
5;2025-11-20;16;0
5;2025-11-20;17;0
5;2025-11-20;18;0
5;2025-11-20;19;0
5;2025-11-20;20;0
5;2025-11-20;21;0
5;2025-11-20;22;0
5;2025-11-20;23;0
5;2025-11-21;0;0
5;2025-11-21;1;0
5;2025-11-21;2;0
5;2025-11-21;3;0
5;2025-11-21;4;0
5;2025-11-21;5;0
5;2025-11-21;6;0
5;2025-11-21;7;0
5;2025-11-21;8;0
5;2025-11-21;9;0
5;2025-11-21;10;0
5;2025-11-21;11;0
5;2025-11-21;12;0
5;2025-11-21;13;0
5;2025-11-21;14;0
5;2025-11-21;15;0
5;2025-11-21;16;0
5;2025-11-21;17;0
5;2025-11-21;18;0
5;2025-11-21;19;0
5;2025-11-21;20;0
5;2025-11-21;21;0
5;2025-11-21;22;0
5;2025-11-21;23;0
5;2025-11-22;0;0
5;2025-11-22;1;0
5;2025-11-22;2;0
5;2025-11-22;3;0
5;2025-11-22;4;0
5;2025-11-22;5;0
5;2025-11-22;6;0
5;2025-11-22;7;0
5;2025-11-22;8;0
5;2025-11-22;9;0
5;2025-11-22;10;0
5;2025-11-22;11;0
5;2025-11-22;12;0
5;2025-11-22;13;0
5;2025-11-22;14;0
5;2025-11-22;15;0
5;2025-11-22;16;0
5;2025-11-22;17;0
5;2025-11-22;18;0
5;2025-11-22;19;0
5;2025-11-22;20;0
5;2025-11-22;21;0
5;2025-11-22;22;0
5;2025-11-22;23;0
5;2025-11-23;0;0
5;2025-11-23;1;0
5;2025-11-23;2;0
5;2025-11-23;3;0
5;2025-11-23;4;0
5;2025-11-23;5;0
5;2025-11-23;6;0
5;2025-11-23;7;0
5;2025-11-23;8;0
5;2025-11-23;9;0
5;2025-11-23;10;0
5;2025-11-23;11;0
5;2025-11-23;12;0
5;2025-11-23;13;0
5;2025-11-23;14;0
5;2025-11-23;15;0
5;2025-11-23;16;0
5;2025-11-23;17;0
5;2025-11-23;18;0
5;2025-11-23;19;0
5;2025-11-23;20;0
5;2025-11-23;21;0
5;2025-11-23;22;0
5;2025-11-23;23;0
5;2025-11-24;0;0
5;2025-11-24;1;0
5;2025-11-24;2;0
5;2025-11-24;3;0
5;2025-11-24;4;0
5;2025-11-24;5;0
5;2025-11-24;6;0
5;2025-11-24;7;0
5;2025-11-24;8;0
5;2025-11-24;9;0
5;2025-11-24;10;0
5;2025-11-24;11;0
5;2025-11-24;12;0
5;2025-11-24;13;0
5;2025-11-24;14;0
5;2025-11-24;15;0
5;2025-11-24;16;0
5;2025-11-24;17;0
5;2025-11-24;18;0
5;2025-11-24;19;0
5;2025-11-24;20;0
5;2025-11-24;21;0
5;2025-11-24;22;0
5;2025-11-24;23;0
5;2025-11-25;0;0
5;2025-11-25;1;0
5;2025-11-25;2;0
5;2025-11-25;3;0
5;2025-11-25;4;0
5;2025-11-25;5;0
5;2025-11-25;6;0
5;2025-11-25;7;0
5;2025-11-25;8;0
5;2025-11-25;9;0
5;2025-11-25;10;0
5;2025-11-25;11;0
5;2025-11-25;12;0
5;2025-11-25;13;0
5;2025-11-25;14;0
5;2025-11-25;15;0
5;2025-11-25;16;0
5;2025-11-25;17;0
5;2025-11-25;18;0
5;2025-11-25;19;0
5;2025-11-25;20;0
5;2025-11-25;21;0
5;2025-11-25;22;0
5;2025-11-25;23;0
5;2025-11-26;0;0
5;2025-11-26;1;0
5;2025-11-26;2;0
5;2025-11-26;3;0
5;2025-11-26;4;0
5;2025-11-26;5;0
5;2025-11-26;6;0
5;2025-11-26;7;0
5;2025-11-26;8;0
5;2025-11-26;9;0
5;2025-11-26;10;0
5;2025-11-26;11;0
5;2025-11-26;12;0
5;2025-11-26;13;0
5;2025-11-26;14;0
5;2025-11-26;15;0
5;2025-11-26;16;0
5;2025-11-26;17;0
5;2025-11-26;18;0
5;2025-11-26;19;0
5;2025-11-26;20;0
5;2025-11-26;21;0
5;2025-11-26;22;0
5;2025-11-26;23;0
5;2025-11-27;0;0
5;2025-11-27;1;0
5;2025-11-27;2;0
5;2025-11-27;3;0
5;2025-11-27;4;0
5;2025-11-27;5;0
5;2025-11-27;6;0
5;2025-11-27;7;0
5;2025-11-27;8;0
5;2025-11-27;9;0
5;2025-11-27;10;0
5;2025-11-27;11;0
5;2025-11-27;12;0
5;2025-11-27;13;0
5;2025-11-27;14;0
5;2025-11-27;15;0
5;2025-11-27;16;0
5;2025-11-27;17;0
5;2025-11-27;18;0
5;2025-11-27;19;0
5;2025-11-27;20;0
5;2025-11-27;21;0
5;2025-11-27;22;0
5;2025-11-27;23;0
5;2025-11-28;0;0
5;2025-11-28;1;0
5;2025-11-28;2;0
5;2025-11-28;3;0
5;2025-11-28;4;0
5;2025-11-28;5;0
5;2025-11-28;6;0
5;2025-11-28;7;0
5;2025-11-28;8;0
5;2025-11-28;9;0
5;2025-11-28;10;0
5;2025-11-28;11;0
5;2025-11-28;12;0
5;2025-11-28;13;0
5;2025-11-28;14;0
5;2025-11-28;15;0
5;2025-11-28;16;0
5;2025-11-28;17;0
5;2025-11-28;18;0
5;2025-11-28;19;0
5;2025-11-28;20;0
5;2025-11-28;21;0
5;2025-11-28;22;0
5;2025-11-28;23;0
5;2025-11-29;0;0
5;2025-11-29;1;0
5;2025-11-29;2;0
5;2025-11-29;3;0
5;2025-11-29;4;0
5;2025-11-29;5;0
5;2025-11-29;6;0
5;2025-11-29;7;0
5;2025-11-29;8;0
5;2025-11-29;9;0
5;2025-11-29;10;0
5;2025-11-29;11;0
5;2025-11-29;12;0
5;2025-11-29;13;0
5;2025-11-29;14;0
5;2025-11-29;15;0
5;2025-11-29;16;0
5;2025-11-29;17;0
5;2025-11-29;18;0
5;2025-11-29;19;0
5;2025-11-29;20;0
5;2025-11-29;21;0
5;2025-11-29;22;0
5;2025-11-29;23;0
5;2025-11-30;0;0
5;2025-11-30;1;0
5;2025-11-30;2;0
5;2025-11-30;3;0
5;2025-11-30;4;0
5;2025-11-30;5;0
5;2025-11-30;6;0
5;2025-11-30;7;0
5;2025-11-30;8;0
5;2025-11-30;9;0
5;2025-11-30;10;0
5;2025-11-30;11;0
5;2025-11-30;12;0
5;2025-11-30;13;0
5;2025-11-30;14;0
5;2025-11-30;15;0
5;2025-11-30;16;0
5;2025-11-30;17;0
5;2025-11-30;18;0
5;2025-11-30;19;0
5;2025-11-30;20;0
5;2025-11-30;21;0
5;2025-11-30;22;0
5;2025-11-30;23;0
5;2025-12-01;0;0
5;2025-12-01;1;0
5;2025-12-01;2;0
5;2025-12-01;3;0
5;2025-12-01;4;0
5;2025-12-01;5;0
5;2025-12-01;6;0
5;2025-12-01;7;0
5;2025-12-01;8;0
5;2025-12-01;9;0
5;2025-12-01;10;0
5;2025-12-01;11;0
5;2025-12-01;12;0
5;2025-12-01;13;0
5;2025-12-01;14;0
5;2025-12-01;15;0
5;2025-12-01;16;0
5;2025-12-01;17;0
5;2025-12-01;18;0
5;2025-12-01;19;0
5;2025-12-01;20;0
5;2025-12-01;21;0
5;2025-12-01;22;0
5;2025-12-01;23;0
5;2025-12-02;0;0
5;2025-12-02;1;0
5;2025-12-02;2;0
5;2025-12-02;3;0
5;2025-12-02;4;0
5;2025-12-02;5;0
5;2025-12-02;6;0
5;2025-12-02;7;0
5;2025-12-02;8;0
5;2025-12-02;9;0
5;2025-12-02;10;0
5;2025-12-02;11;0
5;2025-12-02;12;0
5;2025-12-02;13;0
5;2025-12-02;14;0
5;2025-12-02;15;0
5;2025-12-02;16;0
5;2025-12-02;17;0
5;2025-12-02;18;0
5;2025-12-02;19;0
5;2025-12-02;20;0
5;2025-12-02;21;0
5;2025-12-02;22;0
5;2025-12-02;23;0
5;2025-12-03;0;0
5;2025-12-03;1;0
5;2025-12-03;2;0
5;2025-12-03;3;0
5;2025-12-03;4;0
5;2025-12-03;5;0
5;2025-12-03;6;0
5;2025-12-03;7;0
5;2025-12-03;8;0
5;2025-12-03;9;0
5;2025-12-03;10;0
5;2025-12-03;11;0
5;2025-12-03;12;0
5;2025-12-03;13;0
5;2025-12-03;14;0
5;2025-12-03;15;0
5;2025-12-03;16;0
5;2025-12-03;17;0
5;2025-12-03;18;0
5;2025-12-03;19;0
5;2025-12-03;20;0
5;2025-12-03;21;0
5;2025-12-03;22;0
5;2025-12-03;23;0
5;2025-12-04;0;0
5;2025-12-04;1;0
5;2025-12-04;2;0
5;2025-12-04;3;0
5;2025-12-04;4;0
5;2025-12-04;5;0
5;2025-12-04;6;0
5;2025-12-04;7;0
5;2025-12-04;8;0
5;2025-12-04;9;0
5;2025-12-04;10;0
5;2025-12-04;11;0
5;2025-12-04;12;0
5;2025-12-04;13;0
5;2025-12-04;14;0
5;2025-12-04;15;0
5;2025-12-04;16;0
5;2025-12-04;17;0
5;2025-12-04;18;0
5;2025-12-04;19;0
5;2025-12-04;20;0
5;2025-12-04;21;0
5;2025-12-04;22;0
5;2025-12-04;23;0
5;2025-12-05;0;0
5;2025-12-05;1;0
5;2025-12-05;2;0
5;2025-12-05;3;0
5;2025-12-05;4;0
5;2025-12-05;5;0
5;2025-12-05;6;0
5;2025-12-05;7;0
5;2025-12-05;8;0
5;2025-12-05;9;0
5;2025-12-05;10;0
5;2025-12-05;11;0
5;2025-12-05;12;0
5;2025-12-05;13;0
5;2025-12-05;14;0
5;2025-12-05;15;0
5;2025-12-05;16;0
5;2025-12-05;17;0
5;2025-12-05;18;0
5;2025-12-05;19;0
5;2025-12-05;20;0
5;2025-12-05;21;0
5;2025-12-05;22;0
5;2025-12-05;23;0
5;2025-12-06;0;0
5;2025-12-06;1;0
5;2025-12-06;2;0
5;2025-12-06;3;0
5;2025-12-06;4;0
5;2025-12-06;5;0
5;2025-12-06;6;0
5;2025-12-06;7;0
5;2025-12-06;8;0
5;2025-12-06;9;0
5;2025-12-06;10;0
5;2025-12-06;11;0
5;2025-12-06;12;0
5;2025-12-06;13;0
5;2025-12-06;14;0
5;2025-12-06;15;0
5;2025-12-06;16;0
5;2025-12-06;17;0
5;2025-12-06;18;0
5;2025-12-06;19;0
5;2025-12-06;20;0
5;2025-12-06;21;0
5;2025-12-06;22;0
5;2025-12-06;23;0
5;2025-12-07;0;0
5;2025-12-07;1;0
5;2025-12-07;2;0
5;2025-12-07;3;0
5;2025-12-07;4;0
5;2025-12-07;5;0
5;2025-12-07;6;0
5;2025-12-07;7;0
5;2025-12-07;8;0
5;2025-12-07;9;0
5;2025-12-07;10;0
5;2025-12-07;11;0
5;2025-12-07;12;0
5;2025-12-07;13;0
5;2025-12-07;14;0
5;2025-12-07;15;0
5;2025-12-07;16;0
5;2025-12-07;17;0
5;2025-12-07;18;0
5;2025-12-07;19;0
5;2025-12-07;20;0
5;2025-12-07;21;0
5;2025-12-07;22;0
5;2025-12-07;23;0
5;2025-12-08;0;0
5;2025-12-08;1;0
5;2025-12-08;2;0
5;2025-12-08;3;0
5;2025-12-08;4;0
5;2025-12-08;5;0
5;2025-12-08;6;0
5;2025-12-08;7;0
5;2025-12-08;8;0
5;2025-12-08;9;0
5;2025-12-08;10;0
5;2025-12-08;11;0
5;2025-12-08;12;0
5;2025-12-08;13;0
5;2025-12-08;14;0
5;2025-12-08;15;0
5;2025-12-08;16;0
5;2025-12-08;17;0
5;2025-12-08;18;0
5;2025-12-08;19;0
5;2025-12-08;20;0
5;2025-12-08;21;0
5;2025-12-08;22;0
5;2025-12-08;23;0
5;2025-12-09;0;0
5;2025-12-09;1;0
5;2025-12-09;2;0
5;2025-12-09;3;0
5;2025-12-09;4;0
5;2025-12-09;5;0
5;2025-12-09;6;0
5;2025-12-09;7;0
5;2025-12-09;8;0
5;2025-12-09;9;0
5;2025-12-09;10;0
5;2025-12-09;11;0
5;2025-12-09;12;0
5;2025-12-09;13;0
5;2025-12-09;14;0
5;2025-12-09;15;0
5;2025-12-09;16;0
5;2025-12-09;17;0
5;2025-12-09;18;0
5;2025-12-09;19;0
5;2025-12-09;20;0
5;2025-12-09;21;0
5;2025-12-09;22;0
5;2025-12-09;23;0
5;2025-12-10;0;0
5;2025-12-10;1;0
5;2025-12-10;2;0
5;2025-12-10;3;0
5;2025-12-10;4;0
5;2025-12-10;5;0
5;2025-12-10;6;0
5;2025-12-10;7;0
5;2025-12-10;8;0
5;2025-12-10;9;0
5;2025-12-10;10;0
5;2025-12-10;11;0
5;2025-12-10;12;0
5;2025-12-10;13;0
5;2025-12-10;14;0
5;2025-12-10;15;0
5;2025-12-10;16;0
5;2025-12-10;17;0
5;2025-12-10;18;0
5;2025-12-10;19;0
5;2025-12-10;20;0
5;2025-12-10;21;0
5;2025-12-10;22;0
5;2025-12-10;23;0
5;2025-12-11;0;0
5;2025-12-11;1;0
5;2025-12-11;2;0
5;2025-12-11;3;0
5;2025-12-11;4;0
5;2025-12-11;5;0
5;2025-12-11;6;0
5;2025-12-11;7;0
5;2025-12-11;8;0
5;2025-12-11;9;0
5;2025-12-11;10;0
5;2025-12-11;11;0
5;2025-12-11;12;0
5;2025-12-11;13;0
5;2025-12-11;14;0
5;2025-12-11;15;0
5;2025-12-11;16;0
5;2025-12-11;17;0
5;2025-12-11;18;0
5;2025-12-11;19;0
5;2025-12-11;20;0
5;2025-12-11;21;0
5;2025-12-11;22;0
5;2025-12-11;23;0
5;2025-12-12;0;0
5;2025-12-12;1;0
5;2025-12-12;2;0
5;2025-12-12;3;0
5;2025-12-12;4;0
5;2025-12-12;5;0
5;2025-12-12;6;0
5;2025-12-12;7;0
5;2025-12-12;8;0
5;2025-12-12;9;0
5;2025-12-12;10;0
5;2025-12-12;11;0
5;2025-12-12;12;0
5;2025-12-12;13;0
5;2025-12-12;14;0
5;2025-12-12;15;0
5;2025-12-12;16;0
5;2025-12-12;17;0
5;2025-12-12;18;0
5;2025-12-12;19;0
5;2025-12-12;20;0
5;2025-12-12;21;0
5;2025-12-12;22;0
5;2025-12-12;23;0
5;2025-12-13;0;0
5;2025-12-13;1;0
5;2025-12-13;2;0
5;2025-12-13;3;0
5;2025-12-13;4;0
5;2025-12-13;5;0
5;2025-12-13;6;0
5;2025-12-13;7;0
5;2025-12-13;8;0
5;2025-12-13;9;0
5;2025-12-13;10;0
5;2025-12-13;11;0
5;2025-12-13;12;0
5;2025-12-13;13;0
5;2025-12-13;14;0
5;2025-12-13;15;0
5;2025-12-13;16;0
5;2025-12-13;17;0
5;2025-12-13;18;0
5;2025-12-13;19;0
5;2025-12-13;20;0
5;2025-12-13;21;0
5;2025-12-13;22;0
5;2025-12-13;23;0
5;2025-12-14;0;0
5;2025-12-14;1;0
5;2025-12-14;2;0
5;2025-12-14;3;0
5;2025-12-14;4;0
5;2025-12-14;5;0
5;2025-12-14;6;0
5;2025-12-14;7;0
5;2025-12-14;8;0
5;2025-12-14;9;0
5;2025-12-14;10;0
5;2025-12-14;11;0
5;2025-12-14;12;0
5;2025-12-14;13;0
5;2025-12-14;14;0
5;2025-12-14;15;0
5;2025-12-14;16;0
5;2025-12-14;17;0
5;2025-12-14;18;0
5;2025-12-14;19;0
5;2025-12-14;20;0
5;2025-12-14;21;0
5;2025-12-14;22;0
5;2025-12-14;23;0
5;2025-12-15;0;0
5;2025-12-15;1;0
5;2025-12-15;2;0
5;2025-12-15;3;0
5;2025-12-15;4;0
5;2025-12-15;5;0
5;2025-12-15;6;0
5;2025-12-15;7;0
5;2025-12-15;8;0
5;2025-12-15;9;0
5;2025-12-15;10;0
5;2025-12-15;11;0
5;2025-12-15;12;0
5;2025-12-15;13;0
5;2025-12-15;14;0
5;2025-12-15;15;0
5;2025-12-15;16;0
5;2025-12-15;17;0
5;2025-12-15;18;0
5;2025-12-15;19;0
5;2025-12-15;20;0
5;2025-12-15;21;0
5;2025-12-15;22;0
5;2025-12-15;23;0
5;2025-12-16;0;0
5;2025-12-16;1;0
5;2025-12-16;2;0
5;2025-12-16;3;0
5;2025-12-16;4;0
5;2025-12-16;5;0
5;2025-12-16;6;0
5;2025-12-16;7;0
5;2025-12-16;8;0
5;2025-12-16;9;0
5;2025-12-16;10;0
5;2025-12-16;11;0
5;2025-12-16;12;0
5;2025-12-16;13;0
5;2025-12-16;14;0
5;2025-12-16;15;0
5;2025-12-16;16;0
5;2025-12-16;17;0
5;2025-12-16;18;0
5;2025-12-16;19;0
5;2025-12-16;20;0
5;2025-12-16;21;0
5;2025-12-16;22;0
5;2025-12-16;23;0
5;2025-12-17;0;0
5;2025-12-17;1;0
5;2025-12-17;2;0
5;2025-12-17;3;0
5;2025-12-17;4;0
5;2025-12-17;5;0
5;2025-12-17;6;0
5;2025-12-17;7;0
5;2025-12-17;8;0
5;2025-12-17;9;0
5;2025-12-17;10;0
5;2025-12-17;11;0
5;2025-12-17;12;0
5;2025-12-17;13;0
5;2025-12-17;14;0
5;2025-12-17;15;0
5;2025-12-17;16;0
5;2025-12-17;17;0
5;2025-12-17;18;0
5;2025-12-17;19;0
5;2025-12-17;20;0
5;2025-12-17;21;0
5;2025-12-17;22;0
5;2025-12-17;23;0
5;2025-12-18;0;0
5;2025-12-18;1;0
5;2025-12-18;2;0
5;2025-12-18;3;0
5;2025-12-18;4;0
5;2025-12-18;5;0
5;2025-12-18;6;0
5;2025-12-18;7;0
5;2025-12-18;8;0
5;2025-12-18;9;0
5;2025-12-18;10;0
5;2025-12-18;11;0
5;2025-12-18;12;0
5;2025-12-18;13;0
5;2025-12-18;14;0
5;2025-12-18;15;0
5;2025-12-18;16;0
5;2025-12-18;17;0
5;2025-12-18;18;0
5;2025-12-18;19;0
5;2025-12-18;20;0
5;2025-12-18;21;0
5;2025-12-18;22;0
5;2025-12-18;23;0
5;2025-12-19;0;0
5;2025-12-19;1;0
5;2025-12-19;2;0
5;2025-12-19;3;0
5;2025-12-19;4;0
5;2025-12-19;5;0
5;2025-12-19;6;0
5;2025-12-19;7;0
5;2025-12-19;8;0
5;2025-12-19;9;0
5;2025-12-19;10;0
5;2025-12-19;11;0
5;2025-12-19;12;0
5;2025-12-19;13;0
5;2025-12-19;14;0
5;2025-12-19;15;0
5;2025-12-19;16;0
5;2025-12-19;17;0
5;2025-12-19;18;0
5;2025-12-19;19;0
5;2025-12-19;20;0
5;2025-12-19;21;0
5;2025-12-19;22;0
5;2025-12-19;23;0
5;2025-12-20;0;0
5;2025-12-20;1;0
5;2025-12-20;2;0
5;2025-12-20;3;0
5;2025-12-20;4;0
5;2025-12-20;5;0
5;2025-12-20;6;0
5;2025-12-20;7;0
5;2025-12-20;8;0
5;2025-12-20;9;0
5;2025-12-20;10;0
5;2025-12-20;11;0
5;2025-12-20;12;0
5;2025-12-20;13;0
5;2025-12-20;14;0
5;2025-12-20;15;0
5;2025-12-20;16;0
5;2025-12-20;17;0
5;2025-12-20;18;0
5;2025-12-20;19;0
5;2025-12-20;20;0
5;2025-12-20;21;0
5;2025-12-20;22;0
5;2025-12-20;23;0
5;2025-12-21;0;0
5;2025-12-21;1;0
5;2025-12-21;2;0
5;2025-12-21;3;0
5;2025-12-21;4;0
5;2025-12-21;5;0
5;2025-12-21;6;0
5;2025-12-21;7;0
5;2025-12-21;8;0
5;2025-12-21;9;0
5;2025-12-21;10;0
5;2025-12-21;11;0
5;2025-12-21;12;0
5;2025-12-21;13;0
5;2025-12-21;14;0
5;2025-12-21;15;0
5;2025-12-21;16;0
5;2025-12-21;17;0
5;2025-12-21;18;0
5;2025-12-21;19;0
5;2025-12-21;20;0
5;2025-12-21;21;0
5;2025-12-21;22;0
5;2025-12-21;23;0
5;2025-12-22;0;0
5;2025-12-22;1;0
5;2025-12-22;2;0
5;2025-12-22;3;0
5;2025-12-22;4;0
5;2025-12-22;5;0
5;2025-12-22;6;0
5;2025-12-22;7;0
5;2025-12-22;8;0
5;2025-12-22;9;0
5;2025-12-22;10;0
5;2025-12-22;11;0
5;2025-12-22;12;0
5;2025-12-22;13;0
5;2025-12-22;14;0
5;2025-12-22;15;0
5;2025-12-22;16;0
5;2025-12-22;17;0
5;2025-12-22;18;0
5;2025-12-22;19;0
5;2025-12-22;20;0
5;2025-12-22;21;0
5;2025-12-22;22;0
5;2025-12-22;23;0
5;2025-12-23;0;0
5;2025-12-23;1;0
5;2025-12-23;2;0
5;2025-12-23;3;0
5;2025-12-23;4;0
5;2025-12-23;5;0
5;2025-12-23;6;0
5;2025-12-23;7;0
5;2025-12-23;8;0
5;2025-12-23;9;0
5;2025-12-23;10;0
5;2025-12-23;11;0
5;2025-12-23;12;0
5;2025-12-23;13;0
5;2025-12-23;14;0
5;2025-12-23;15;0
5;2025-12-23;16;0
5;2025-12-23;17;0
5;2025-12-23;18;0
5;2025-12-23;19;0
5;2025-12-23;20;0
5;2025-12-23;21;0
5;2025-12-23;22;0
5;2025-12-23;23;0
5;2025-12-24;0;0
5;2025-12-24;1;0
5;2025-12-24;2;0
5;2025-12-24;3;0
5;2025-12-24;4;0
5;2025-12-24;5;0
5;2025-12-24;6;0
5;2025-12-24;7;0
5;2025-12-24;8;0
5;2025-12-24;9;0
5;2025-12-24;10;0
5;2025-12-24;11;0
5;2025-12-24;12;0
5;2025-12-24;13;0
5;2025-12-24;14;0
5;2025-12-24;15;0
5;2025-12-24;16;0
5;2025-12-24;17;0
5;2025-12-24;18;0
5;2025-12-24;19;0
5;2025-12-24;20;0
5;2025-12-24;21;0
5;2025-12-24;22;0
5;2025-12-24;23;0
5;2025-12-25;0;0
5;2025-12-25;1;0
5;2025-12-25;2;0
5;2025-12-25;3;0
5;2025-12-25;4;0
5;2025-12-25;5;0
5;2025-12-25;6;0
5;2025-12-25;7;0
5;2025-12-25;8;0
5;2025-12-25;9;0
5;2025-12-25;10;0
5;2025-12-25;11;0
5;2025-12-25;12;0
5;2025-12-25;13;0
5;2025-12-25;14;0
5;2025-12-25;15;0
5;2025-12-25;16;0
5;2025-12-25;17;0
5;2025-12-25;18;0
5;2025-12-25;19;0
5;2025-12-25;20;0
5;2025-12-25;21;0
5;2025-12-25;22;0
5;2025-12-25;23;0
5;2025-12-26;0;0
5;2025-12-26;1;0
5;2025-12-26;2;0
5;2025-12-26;3;0
5;2025-12-26;4;0
5;2025-12-26;5;0
5;2025-12-26;6;0
5;2025-12-26;7;0
5;2025-12-26;8;0
5;2025-12-26;9;0
5;2025-12-26;10;0
5;2025-12-26;11;0
5;2025-12-26;12;0
5;2025-12-26;13;0
5;2025-12-26;14;0
5;2025-12-26;15;0
5;2025-12-26;16;0
5;2025-12-26;17;0
5;2025-12-26;18;0
5;2025-12-26;19;0
5;2025-12-26;20;0
5;2025-12-26;21;0
5;2025-12-26;22;0
5;2025-12-26;23;0
5;2025-12-27;0;0
5;2025-12-27;1;0
5;2025-12-27;2;0
5;2025-12-27;3;0
5;2025-12-27;4;0
5;2025-12-27;5;0
5;2025-12-27;6;0
5;2025-12-27;7;0
5;2025-12-27;8;0
5;2025-12-27;9;0
5;2025-12-27;10;0
5;2025-12-27;11;0
5;2025-12-27;12;0
5;2025-12-27;13;0
5;2025-12-27;14;0
5;2025-12-27;15;0
5;2025-12-27;16;0
5;2025-12-27;17;0
5;2025-12-27;18;0
5;2025-12-27;19;0
5;2025-12-27;20;0
5;2025-12-27;21;0
5;2025-12-27;22;0
5;2025-12-27;23;0
5;2025-12-28;0;0
5;2025-12-28;1;0
5;2025-12-28;2;0
5;2025-12-28;3;0
5;2025-12-28;4;0
5;2025-12-28;5;0
5;2025-12-28;6;0
5;2025-12-28;7;0
5;2025-12-28;8;0
5;2025-12-28;9;0
5;2025-12-28;10;0
5;2025-12-28;11;0
5;2025-12-28;12;0
5;2025-12-28;13;0
5;2025-12-28;14;0
5;2025-12-28;15;0
5;2025-12-28;16;0
5;2025-12-28;17;0
5;2025-12-28;18;0
5;2025-12-28;19;0
5;2025-12-28;20;0
5;2025-12-28;21;0
5;2025-12-28;22;0
5;2025-12-28;23;0
5;2025-12-29;0;0
5;2025-12-29;1;0
5;2025-12-29;2;0
5;2025-12-29;3;0
5;2025-12-29;4;0
5;2025-12-29;5;0
5;2025-12-29;6;0
5;2025-12-29;7;0
5;2025-12-29;8;0
5;2025-12-29;9;0
5;2025-12-29;10;0
5;2025-12-29;11;0
5;2025-12-29;12;0
5;2025-12-29;13;0
5;2025-12-29;14;0
5;2025-12-29;15;0
5;2025-12-29;16;0
5;2025-12-29;17;0
5;2025-12-29;18;0
5;2025-12-29;19;0
5;2025-12-29;20;0
5;2025-12-29;21;0
5;2025-12-29;22;0
5;2025-12-29;23;0
5;2025-12-30;0;0
5;2025-12-30;1;0
5;2025-12-30;2;0
5;2025-12-30;3;0
5;2025-12-30;4;0
5;2025-12-30;5;0
5;2025-12-30;6;0
5;2025-12-30;7;0
5;2025-12-30;8;0
5;2025-12-30;9;0
5;2025-12-30;10;0
5;2025-12-30;11;0
5;2025-12-30;12;0
5;2025-12-30;13;0
5;2025-12-30;14;0
5;2025-12-30;15;0
5;2025-12-30;16;0
5;2025-12-30;17;0
5;2025-12-30;18;0
5;2025-12-30;19;0
5;2025-12-30;20;0
5;2025-12-30;21;0
5;2025-12-30;22;0
5;2025-12-30;23;0
5;2025-12-31;0;0
5;2025-12-31;1;0
5;2025-12-31;2;0
5;2025-12-31;3;0
5;2025-12-31;4;0
5;2025-12-31;5;0
5;2025-12-31;6;0
5;2025-12-31;7;0
5;2025-12-31;8;0
5;2025-12-31;9;0
5;2025-12-31;10;0
5;2025-12-31;11;0
5;2025-12-31;12;0
5;2025-12-31;13;0
5;2025-12-31;14;0
5;2025-12-31;15;0
5;2025-12-31;16;0
5;2025-12-31;17;0
5;2025-12-31;18;0
5;2025-12-31;19;0
5;2025-12-31;20;0
5;2025-12-31;21;0
5;2025-12-31;22;0
5;2025-12-31;23;0
7;2025-11-01;0;82
7;2025-11-01;1;12
7;2025-11-01;2;1
7;2025-11-01;3;1
7;2025-11-01;4;2
7;2025-11-01;5;43
7;2025-11-01;6;230
7;2025-11-01;7;355
7;2025-11-01;8;632
7;2025-11-01;9;563
7;2025-11-01;10;634
7;2025-11-01;11;759
7;2025-11-01;12;961
7;2025-11-01;13;891
7;2025-11-01;14;912
7;2025-11-01;15;941
7;2025-11-01;16;842
7;2025-11-01;17;783
7;2025-11-01;18;717
7;2025-11-01;19;656
7;2025-11-01;20;472
7;2025-11-01;21;403
7;2025-11-01;22;221
7;2025-11-01;23;157
7;2025-11-02;0;105
7;2025-11-02;1;23
7;2025-11-02;2;0
7;2025-11-02;3;0
7;2025-11-02;4;2
7;2025-11-02;5;36
7;2025-11-02;6;199
7;2025-11-02;7;305
7;2025-11-02;8;502
7;2025-11-02;9;570
7;2025-11-02;10;653
7;2025-11-02;11;841
7;2025-11-02;12;948
7;2025-11-02;13;1035
7;2025-11-02;14;1132
7;2025-11-02;15;1112
7;2025-11-02;16;1020
7;2025-11-02;17;1044
7;2025-11-02;18;915
7;2025-11-02;19;810
7;2025-11-02;20;626
7;2025-11-02;21;482
7;2025-11-02;22;284
7;2025-11-02;23;170
7;2025-11-03;0;71
7;2025-11-03;1;10
7;2025-11-03;2;1
7;2025-11-03;3;0
7;2025-11-03;4;2
7;2025-11-03;5;135
7;2025-11-03;6;352
7;2025-11-03;7;520
7;2025-11-03;8;662
7;2025-11-03;9;750
7;2025-11-03;10;739
7;2025-11-03;11;768
7;2025-11-03;12;800
7;2025-11-03;13;808
7;2025-11-03;14;803
7;2025-11-03;15;781
7;2025-11-03;16;874
7;2025-11-03;17;955
7;2025-11-03;18;907
7;2025-11-03;19;974
7;2025-11-03;20;712
7;2025-11-03;21;460
7;2025-11-03;22;268
7;2025-11-03;23;169
7;2025-11-04;0;62
7;2025-11-04;1;16
7;2025-11-04;2;1
7;2025-11-04;3;0
7;2025-11-04;4;3
7;2025-11-04;5;149
7;2025-11-04;6;327
7;2025-11-04;7;503
7;2025-11-04;8;620
7;2025-11-04;9;740
7;2025-11-04;10;720
7;2025-11-04;11;678
7;2025-11-04;12;794
7;2025-11-04;13;827
7;2025-11-04;14;968
7;2025-11-04;15;931
7;2025-11-04;16;905
7;2025-11-04;17;933
7;2025-11-04;18;900
7;2025-11-04;19;957
7;2025-11-04;20;727
7;2025-11-04;21;495
7;2025-11-04;22;308
7;2025-11-04;23;173
7;2025-11-05;0;56
7;2025-11-05;1;11
7;2025-11-05;2;0
7;2025-11-05;3;0
7;2025-11-05;4;1
7;2025-11-05;5;193
7;2025-11-05;6;632
7;2025-11-05;7;1560
7;2025-11-05;8;2524
7;2025-11-05;9;1918
7;2025-11-05;10;1580
7;2025-11-05;11;1402
7;2025-11-05;12;1506
7;2025-11-05;13;1512
7;2025-11-05;14;1582
7;2025-11-05;15;1769
7;2025-11-05;16;1821
7;2025-11-05;17;2372
7;2025-11-05;18;2560
7;2025-11-05;19;1726
7;2025-11-05;20;1000
7;2025-11-05;21;537
7;2025-11-05;22;328
7;2025-11-05;23;171
7;2025-11-06;0;53
7;2025-11-06;1;11
7;2025-11-06;2;0
7;2025-11-06;3;0
7;2025-11-06;4;1
7;2025-11-06;5;180
7;2025-11-06;6;677
7;2025-11-06;7;1541
7;2025-11-06;8;2389
7;2025-11-06;9;1751
7;2025-11-06;10;1432
7;2025-11-06;11;1292
7;2025-11-06;12;1387
7;2025-11-06;13;1451
7;2025-11-06;14;1526
7;2025-11-06;15;1572
7;2025-11-06;16;1673
7;2025-11-06;17;2173
7;2025-11-06;18;2543
7;2025-11-06;19;1600
7;2025-11-06;20;949
7;2025-11-06;21;597
7;2025-11-06;22;307
7;2025-11-06;23;173
7;2025-11-07;0;55
7;2025-11-07;1;11
7;2025-11-07;2;0
7;2025-11-07;3;0
7;2025-11-07;4;1
7;2025-11-07;5;173
7;2025-11-07;6;612
7;2025-11-07;7;1513
7;2025-11-07;8;2337
7;2025-11-07;9;1737
7;2025-11-07;10;1477
7;2025-11-07;11;1364
7;2025-11-07;12;1482
7;2025-11-07;13;1568
7;2025-11-07;14;1597
7;2025-11-07;15;1744
7;2025-11-07;16;2011
7;2025-11-07;17;2212
7;2025-11-07;18;2040
7;2025-11-07;19;1412
7;2025-11-07;20;930
7;2025-11-07;21;595
7;2025-11-07;22;334
7;2025-11-07;23;217
7;2025-11-08;0;87
7;2025-11-08;1;21
7;2025-11-08;2;0
7;2025-11-08;3;0
7;2025-11-08;4;0
7;2025-11-08;5;58
7;2025-11-08;6;289
7;2025-11-08;7;480
7;2025-11-08;8;723
7;2025-11-08;9;787
7;2025-11-08;10;818
7;2025-11-08;11;952
7;2025-11-08;12;1068
7;2025-11-08;13;1090
7;2025-11-08;14;1139
7;2025-11-08;15;1130
7;2025-11-08;16;1095
7;2025-11-08;17;1010
7;2025-11-08;18;981
7;2025-11-08;19;939
7;2025-11-08;20;709
7;2025-11-08;21;586
7;2025-11-08;22;321
7;2025-11-08;23;204
7;2025-11-09;0;102
7;2025-11-09;1;23
7;2025-11-09;2;0
7;2025-11-09;3;0
7;2025-11-09;4;1
7;2025-11-09;5;38
7;2025-11-09;6;206
7;2025-11-09;7;319
7;2025-11-09;8;530
7;2025-11-09;9;635
7;2025-11-09;10;684
7;2025-11-09;11;866
7;2025-11-09;12;932
7;2025-11-09;13;1003
7;2025-11-09;14;1028
7;2025-11-09;15;1023
7;2025-11-09;16;975
7;2025-11-09;17;999
7;2025-11-09;18;864
7;2025-11-09;19;754
7;2025-11-09;20;620
7;2025-11-09;21;502
7;2025-11-09;22;277
7;2025-11-09;23;161
7;2025-11-10;0;66
7;2025-11-10;1;11
7;2025-11-10;2;0
7;2025-11-10;3;0
7;2025-11-10;4;1
7;2025-11-10;5;192
7;2025-11-10;6;755
7;2025-11-10;7;1598
7;2025-11-10;8;2461
7;2025-11-10;9;1835
7;2025-11-10;10;1464
7;2025-11-10;11;1295
7;2025-11-10;12;1404
7;2025-11-10;13;1393
7;2025-11-10;14;1462
7;2025-11-10;15;1628
7;2025-11-10;16;1770
7;2025-11-10;17;2291
7;2025-11-10;18;2563
7;2025-11-10;19;1698
7;2025-11-10;20;1025
7;2025-11-10;21;573
7;2025-11-10;22;281
7;2025-11-10;23;172
7;2025-11-11;0;52
7;2025-11-11;1;12
7;2025-11-11;2;0
7;2025-11-11;3;0
7;2025-11-11;4;2
7;2025-11-11;5;206
7;2025-11-11;6;756
7;2025-11-11;7;1703
7;2025-11-11;8;2516
7;2025-11-11;9;1843
7;2025-11-11;10;1528
7;2025-11-11;11;1428
7;2025-11-11;12;1494
7;2025-11-11;13;1508
7;2025-11-11;14;1555
7;2025-11-11;15;1715
7;2025-11-11;16;1791
7;2025-11-11;17;2325
7;2025-11-11;18;2623
7;2025-11-11;19;1799
7;2025-11-11;20;1044
7;2025-11-11;21;644
7;2025-11-11;22;323
7;2025-11-11;23;173
7;2025-11-12;0;56
7;2025-11-12;1;9
7;2025-11-12;2;0
7;2025-11-12;3;0
7;2025-11-12;4;1
7;2025-11-12;5;191
7;2025-11-12;6;740
7;2025-11-12;7;1598
7;2025-11-12;8;2596
7;2025-11-12;9;1971
7;2025-11-12;10;1606
7;2025-11-12;11;1392
7;2025-11-12;12;1461
7;2025-11-12;13;1462
7;2025-11-12;14;1533
7;2025-11-12;15;1710
7;2025-11-12;16;1784
7;2025-11-12;17;2374
7;2025-11-12;18;2584
7;2025-11-12;19;1699
7;2025-11-12;20;1031
7;2025-11-12;21;621
7;2025-11-12;22;334
7;2025-11-12;23;189
7;2025-11-13;0;63
7;2025-11-13;1;12
7;2025-11-13;2;0
7;2025-11-13;3;0
7;2025-11-13;4;1
7;2025-11-13;5;186
7;2025-11-13;6;743
7;2025-11-13;7;1631
7;2025-11-13;8;2536
7;2025-11-13;9;1861
7;2025-11-13;10;1518
7;2025-11-13;11;1366
7;2025-11-13;12;1459
7;2025-11-13;13;1520
7;2025-11-13;14;1618
7;2025-11-13;15;1664
7;2025-11-13;16;1784
7;2025-11-13;17;2305
7;2025-11-13;18;2663
7;2025-11-13;19;1664
7;2025-11-13;20;1013
7;2025-11-13;21;627
7;2025-11-13;22;324
7;2025-11-13;23;183
7;2025-11-14;0;58
7;2025-11-14;1;6
7;2025-11-14;2;0
7;2025-11-14;3;0
7;2025-11-14;4;0
7;2025-11-14;5;184
7;2025-11-14;6;668
7;2025-11-14;7;1577
7;2025-11-14;8;2408
7;2025-11-14;9;1802
7;2025-11-14;10;1527
7;2025-11-14;11;1425
7;2025-11-14;12;1548
7;2025-11-14;13;1627
7;2025-11-14;14;1672
7;2025-11-14;15;1808
7;2025-11-14;16;2061
7;2025-11-14;17;2255
7;2025-11-14;18;2110
7;2025-11-14;19;1461
7;2025-11-14;20;956
7;2025-11-14;21;612
7;2025-11-14;22;336
7;2025-11-14;23;215
7;2025-11-15;0;80
7;2025-11-15;1;12
7;2025-11-15;2;0
7;2025-11-15;3;0
7;2025-11-15;4;1
7;2025-11-15;5;59
7;2025-11-15;6;281
7;2025-11-15;7;458
7;2025-11-15;8;702
7;2025-11-15;9;797
7;2025-11-15;10;821
7;2025-11-15;11;981
7;2025-11-15;12;1086
7;2025-11-15;13;1135
7;2025-11-15;14;1236
7;2025-11-15;15;1212
7;2025-11-15;16;1169
7;2025-11-15;17;1055
7;2025-11-15;18;987
7;2025-11-15;19;985
7;2025-11-15;20;778
7;2025-11-15;21;596
7;2025-11-15;22;307
7;2025-11-15;23;186
7;2025-11-16;0;92
7;2025-11-16;1;15
7;2025-11-16;2;1
7;2025-11-16;3;0
7;2025-11-16;4;0
7;2025-11-16;5;31
7;2025-11-16;6;188
7;2025-11-16;7;286
7;2025-11-16;8;495
7;2025-11-16;9;636
7;2025-11-16;10;732
7;2025-11-16;11;928
7;2025-11-16;12;984
7;2025-11-16;13;1057
7;2025-11-16;14;1068
7;2025-11-16;15;1024
7;2025-11-16;16;963
7;2025-11-16;17;971
7;2025-11-16;18;802
7;2025-11-16;19;710
7;2025-11-16;20;576
7;2025-11-16;21;463
7;2025-11-16;22;241
7;2025-11-16;23;134
7;2025-11-17;0;52
7;2025-11-17;1;7
7;2025-11-17;2;0
7;2025-11-17;3;0
7;2025-11-17;4;0
7;2025-11-17;5;170
7;2025-11-17;6;708
7;2025-11-17;7;1499
7;2025-11-17;8;2336
7;2025-11-17;9;1714
7;2025-11-17;10;1357
7;2025-11-17;11;1205
7;2025-11-17;12;1287
7;2025-11-17;13;1279
7;2025-11-17;14;1347
7;2025-11-17;15;1504
7;2025-11-17;16;1628
7;2025-11-17;17;2209
7;2025-11-17;18;2469
7;2025-11-17;19;1603
7;2025-11-17;20;932
7;2025-11-17;21;531
7;2025-11-17;22;247
7;2025-11-17;23;145
7;2025-11-18;0;42
7;2025-11-18;1;8
7;2025-11-18;2;0
7;2025-11-18;3;0
7;2025-11-18;4;0
7;2025-11-18;5;188
7;2025-11-18;6;717
7;2025-11-18;7;1668
7;2025-11-18;8;2469
7;2025-11-18;9;1826
7;2025-11-18;10;1493
7;2025-11-18;11;1413
7;2025-11-18;12;1496
7;2025-11-18;13;1504
7;2025-11-18;14;1533
7;2025-11-18;15;1676
7;2025-11-18;16;1729
7;2025-11-18;17;2265
7;2025-11-18;18;2561
7;2025-11-18;19;1752
7;2025-11-18;20;1022
7;2025-11-18;21;612
7;2025-11-18;22;312
7;2025-11-18;23;156
7;2025-11-19;0;44
7;2025-11-19;1;7
7;2025-11-19;2;0
7;2025-11-19;3;0
7;2025-11-19;4;1
7;2025-11-19;5;182
7;2025-11-19;6;731
7;2025-11-19;7;1607
7;2025-11-19;8;2597
7;2025-11-19;9;1923
7;2025-11-19;10;1558
7;2025-11-19;11;1379
7;2025-11-19;12;1443
7;2025-11-19;13;1474
7;2025-11-19;14;1524
7;2025-11-19;15;1732
7;2025-11-19;16;1808
7;2025-11-19;17;2378
7;2025-11-19;18;2556
7;2025-11-19;19;1706
7;2025-11-19;20;1030
7;2025-11-19;21;609
7;2025-11-19;22;310
7;2025-11-19;23;157
7;2025-11-20;0;55
7;2025-11-20;1;8
7;2025-11-20;2;0
7;2025-11-20;3;0
7;2025-11-20;4;1
7;2025-11-20;5;182
7;2025-11-20;6;739
7;2025-11-20;7;1631
7;2025-11-20;8;2528
7;2025-11-20;9;1866
7;2025-11-20;10;1516
7;2025-11-20;11;1395
7;2025-11-20;12;1476
7;2025-11-20;13;1538
7;2025-11-20;14;1630
7;2025-11-20;15;1673
7;2025-11-20;16;1795
7;2025-11-20;17;2282
7;2025-11-20;18;2648
7;2025-11-20;19;1678
7;2025-11-20;20;1005
7;2025-11-20;21;603
7;2025-11-20;22;312
7;2025-11-20;23;176
7;2025-11-21;0;55
7;2025-11-21;1;3
7;2025-11-21;2;0
7;2025-11-21;3;0
7;2025-11-21;4;0
7;2025-11-21;5;172
7;2025-11-21;6;659
7;2025-11-21;7;1588
7;2025-11-21;8;2393
7;2025-11-21;9;1782
7;2025-11-21;10;1513
7;2025-11-21;11;1402
7;2025-11-21;12;1515
7;2025-11-21;13;1633
7;2025-11-21;14;1649
7;2025-11-21;15;1808
7;2025-11-21;16;2065
7;2025-11-21;17;2244
7;2025-11-21;18;2099
7;2025-11-21;19;1472
7;2025-11-21;20;950
7;2025-11-21;21;610
7;2025-11-21;22;326
7;2025-11-21;23;205
7;2025-11-22;0;88
7;2025-11-22;1;23
7;2025-11-22;2;0
7;2025-11-22;3;0
7;2025-11-22;4;1
7;2025-11-22;5;53
7;2025-11-22;6;276
7;2025-11-22;7;459
7;2025-11-22;8;715
7;2025-11-22;9;827
7;2025-11-22;10;872
7;2025-11-22;11;1052
7;2025-11-22;12;1152
7;2025-11-22;13;1168
7;2025-11-22;14;1212
7;2025-11-22;15;1196
7;2025-11-22;16;1151
7;2025-11-22;17;1063
7;2025-11-22;18;1045
7;2025-11-22;19;998
7;2025-11-22;20;755
7;2025-11-22;21;592
7;2025-11-22;22;302
7;2025-11-22;23;181
7;2025-11-23;0;95
7;2025-11-23;1;19
7;2025-11-23;2;0
7;2025-11-23;3;0
7;2025-11-23;4;0
7;2025-11-23;5;36
7;2025-11-23;6;215
7;2025-11-23;7;310
7;2025-11-23;8;516
7;2025-11-23;9;636
7;2025-11-23;10;732
7;2025-11-23;11;964
7;2025-11-23;12;1056
7;2025-11-23;13;1167
7;2025-11-23;14;1205
7;2025-11-23;15;1167
7;2025-11-23;16;1076
7;2025-11-23;17;1095
7;2025-11-23;18;919
7;2025-11-23;19;798
7;2025-11-23;20;643
7;2025-11-23;21;472
7;2025-11-23;22;261
7;2025-11-23;23;142
7;2025-11-24;0;52
7;2025-11-24;1;0
7;2025-11-24;2;0
7;2025-11-24;3;0
7;2025-11-24;4;0
7;2025-11-24;5;176
7;2025-11-24;6;734
7;2025-11-24;7;1566
7;2025-11-24;8;2385
7;2025-11-24;9;1817
7;2025-11-24;10;1463
7;2025-11-24;11;1274
7;2025-11-24;12;1376
7;2025-11-24;13;1378
7;2025-11-24;14;1430
7;2025-11-24;15;1590
7;2025-11-24;16;1721
7;2025-11-24;17;2243
7;2025-11-24;18;2489
7;2025-11-24;19;1662
7;2025-11-24;20;1023
7;2025-11-24;21;579
7;2025-11-24;22;277
7;2025-11-24;23;158
7;2025-11-25;0;43
7;2025-11-25;1;6
7;2025-11-25;2;0
7;2025-11-25;3;0
7;2025-11-25;4;0
7;2025-11-25;5;197
7;2025-11-25;6;763
7;2025-11-25;7;1669
7;2025-11-25;8;2435
7;2025-11-25;9;1786
7;2025-11-25;10;1476
7;2025-11-25;11;1398
7;2025-11-25;12;1456
7;2025-11-25;13;1479
7;2025-11-25;14;1510
7;2025-11-25;15;1681
7;2025-11-25;16;1756
7;2025-11-25;17;2269
7;2025-11-25;18;2558
7;2025-11-25;19;1735
7;2025-11-25;20;1030
7;2025-11-25;21;624
7;2025-11-25;22;300
7;2025-11-25;23;154
7;2025-11-26;0;48
7;2025-11-26;1;6
7;2025-11-26;2;0
7;2025-11-26;3;0
7;2025-11-26;4;2
7;2025-11-26;5;180
7;2025-11-26;6;765
7;2025-11-26;7;1601
7;2025-11-26;8;2464
7;2025-11-26;9;1900
7;2025-11-26;10;1580
7;2025-11-26;11;1396
7;2025-11-26;12;1449
7;2025-11-26;13;1458
7;2025-11-26;14;1510
7;2025-11-26;15;1690
7;2025-11-26;16;1770
7;2025-11-26;17;2238
7;2025-11-26;18;2413
7;2025-11-26;19;1675
7;2025-11-26;20;1030
7;2025-11-26;21;645
7;2025-11-26;22;314
7;2025-11-26;23;168
7;2025-11-27;0;55
7;2025-11-27;1;10
7;2025-11-27;2;0
7;2025-11-27;3;0
7;2025-11-27;4;4
7;2025-11-27;5;190
7;2025-11-27;6;787
7;2025-11-27;7;1620
7;2025-11-27;8;2323
7;2025-11-27;9;1821
7;2025-11-27;10;1503
7;2025-11-27;11;1390
7;2025-11-27;12;1457
7;2025-11-27;13;1513
7;2025-11-27;14;1594
7;2025-11-27;15;1660
7;2025-11-27;16;1764
7;2025-11-27;17;2177
7;2025-11-27;18;2475
7;2025-11-27;19;1686
7;2025-11-27;20;1076
7;2025-11-27;21;683
7;2025-11-27;22;330
7;2025-11-27;23;193
7;2025-11-28;0;67
7;2025-11-28;1;15
7;2025-11-28;2;0
7;2025-11-28;3;0
7;2025-11-28;4;2
7;2025-11-28;5;182
7;2025-11-28;6;696
7;2025-11-28;7;1585
7;2025-11-28;8;2244
7;2025-11-28;9;1787
7;2025-11-28;10;1557
7;2025-11-28;11;1462
7;2025-11-28;12;1547
7;2025-11-28;13;1656
7;2025-11-28;14;1679
7;2025-11-28;15;1827
7;2025-11-28;16;1983
7;2025-11-28;17;2141
7;2025-11-28;18;1980
7;2025-11-28;19;1504
7;2025-11-28;20;1038
7;2025-11-28;21;661
7;2025-11-28;22;365
7;2025-11-28;23;230
7;2025-11-29;0;98
7;2025-11-29;1;31
7;2025-11-29;2;0
7;2025-11-29;3;1
7;2025-11-29;4;3
7;2025-11-29;5;63
7;2025-11-29;6;327
7;2025-11-29;7;503
7;2025-11-29;8;780
7;2025-11-29;9;867
7;2025-11-29;10;913
7;2025-11-29;11;1093
7;2025-11-29;12;1197
7;2025-11-29;13;1205
7;2025-11-29;14;1250
7;2025-11-29;15;1224
7;2025-11-29;16;1187
7;2025-11-29;17;1105
7;2025-11-29;18;1070
7;2025-11-29;19;1008
7;2025-11-29;20;792
7;2025-11-29;21;644
7;2025-11-29;22;343
7;2025-11-29;23;209
7;2025-11-30;0;97
7;2025-11-30;1;24
7;2025-11-30;2;0
7;2025-11-30;3;0
7;2025-11-30;4;3
7;2025-11-30;5;50
7;2025-11-30;6;248
7;2025-11-30;7;357
7;2025-11-30;8;558
7;2025-11-30;9;695
7;2025-11-30;10;786
7;2025-11-30;11;957
7;2025-11-30;12;1016
7;2025-11-30;13;1083
7;2025-11-30;14;1115
7;2025-11-30;15;1092
7;2025-11-30;16;1033
7;2025-11-30;17;1043
7;2025-11-30;18;915
7;2025-11-30;19;804
7;2025-11-30;20;711
7;2025-11-30;21;549
7;2025-11-30;22;311
7;2025-11-30;23;179
7;2025-12-01;0;61
7;2025-12-01;1;0
7;2025-12-01;2;0
7;2025-12-01;3;0
7;2025-12-01;4;3
7;2025-12-01;5;208
7;2025-12-01;6;816
7;2025-12-01;7;1616
7;2025-12-01;8;2281
7;2025-12-01;9;1810
7;2025-12-01;10;1475
7;2025-12-01;11;1348
7;2025-12-01;12;1438
7;2025-12-01;13;1451
7;2025-12-01;14;1504
7;2025-12-01;15;1631
7;2025-12-01;16;1781
7;2025-12-01;17;2165
7;2025-12-01;18;2423
7;2025-12-01;19;1716
7;2025-12-01;20;1105
7;2025-12-01;21;616
7;2025-12-01;22;320
7;2025-12-01;23;178
7;2025-12-02;0;43
7;2025-12-02;1;4
7;2025-12-02;2;0
7;2025-12-02;3;0
7;2025-12-02;4;5
7;2025-12-02;5;228
7;2025-12-02;6;807
7;2025-12-02;7;1711
7;2025-12-02;8;2349
7;2025-12-02;9;1811
7;2025-12-02;10;1525
7;2025-12-02;11;1459
7;2025-12-02;12;1508
7;2025-12-02;13;1526
7;2025-12-02;14;1566
7;2025-12-02;15;1704
7;2025-12-02;16;1775
7;2025-12-02;17;2184
7;2025-12-02;18;2473
7;2025-12-02;19;1781
7;2025-12-02;20;1082
7;2025-12-02;21;693
7;2025-12-02;22;357
7;2025-12-02;23;180
7;2025-12-03;0;53
7;2025-12-03;1;7
7;2025-12-03;2;0
7;2025-12-03;3;0
7;2025-12-03;4;5
7;2025-12-03;5;209
7;2025-12-03;6;787
7;2025-12-03;7;1620
7;2025-12-03;8;2527
7;2025-12-03;9;1932
7;2025-12-03;10;1628
7;2025-12-03;11;1480
7;2025-12-03;12;1533
7;2025-12-03;13;1531
7;2025-12-03;14;1582
7;2025-12-03;15;1764
7;2025-12-03;16;1847
7;2025-12-03;17;2319
7;2025-12-03;18;2515
7;2025-12-03;19;1740
7;2025-12-03;20;1119
7;2025-12-03;21;688
7;2025-12-03;22;372
7;2025-12-03;23;204
7;2025-12-04;0;60
7;2025-12-04;1;0
7;2025-12-04;2;0
7;2025-12-04;3;0
7;2025-12-04;4;5
7;2025-12-04;5;215
7;2025-12-04;6;788
7;2025-12-04;7;1642
7;2025-12-04;8;2429
7;2025-12-04;9;1822
7;2025-12-04;10;1526
7;2025-12-04;11;1422
7;2025-12-04;12;1495
7;2025-12-04;13;1538
7;2025-12-04;14;1611
7;2025-12-04;15;1669
7;2025-12-04;16;1788
7;2025-12-04;17;2238
7;2025-12-04;18;2569
7;2025-12-04;19;1697
7;2025-12-04;20;1119
7;2025-12-04;21;707
7;2025-12-04;22;355
7;2025-12-04;23;212
7;2025-12-05;0;69
7;2025-12-05;1;0
7;2025-12-05;2;0
7;2025-12-05;3;0
7;2025-12-05;4;4
7;2025-12-05;5;210
7;2025-12-05;6;693
7;2025-12-05;7;1592
7;2025-12-05;8;2332
7;2025-12-05;9;1771
7;2025-12-05;10;1549
7;2025-12-05;11;1456
7;2025-12-05;12;1545
7;2025-12-05;13;1624
7;2025-12-05;14;1658
7;2025-12-05;15;1807
7;2025-12-05;16;2028
7;2025-12-05;17;2196
7;2025-12-05;18;2061
7;2025-12-05;19;1519
7;2025-12-05;20;1058
7;2025-12-05;21;682
7;2025-12-05;22;377
7;2025-12-05;23;252
7;2025-12-06;0;92
7;2025-12-06;1;7
7;2025-12-06;2;0
7;2025-12-06;3;1
7;2025-12-06;4;4
7;2025-12-06;5;71
7;2025-12-06;6;324
7;2025-12-06;7;506
7;2025-12-06;8;767
7;2025-12-06;9;850
7;2025-12-06;10;889
7;2025-12-06;11;1059
7;2025-12-06;12;1185
7;2025-12-06;13;1182
7;2025-12-06;14;1215
7;2025-12-06;15;1207
7;2025-12-06;16;1156
7;2025-12-06;17;1068
7;2025-12-06;18;1055
7;2025-12-06;19;996
7;2025-12-06;20;792
7;2025-12-06;21;638
7;2025-12-06;22;353
7;2025-12-06;23;225
7;2025-12-07;0;108
7;2025-12-07;1;26
7;2025-12-07;2;0
7;2025-12-07;3;1
7;2025-12-07;4;3
7;2025-12-07;5;44
7;2025-12-07;6;221
7;2025-12-07;7;327
7;2025-12-07;8;544
7;2025-12-07;9;668
7;2025-12-07;10;755
7;2025-12-07;11;920
7;2025-12-07;12;987
7;2025-12-07;13;1067
7;2025-12-07;14;1095
7;2025-12-07;15;1081
7;2025-12-07;16;992
7;2025-12-07;17;1026
7;2025-12-07;18;881
7;2025-12-07;19;781
7;2025-12-07;20;676
7;2025-12-07;21;514
7;2025-12-07;22;286
7;2025-12-07;23;165
7;2025-12-08;0;70
7;2025-12-08;1;15
7;2025-12-08;2;0
7;2025-12-08;3;0
7;2025-12-08;4;3
7;2025-12-08;5;207
7;2025-12-08;6;775
7;2025-12-08;7;1606
7;2025-12-08;8;2404
7;2025-12-08;9;1822
7;2025-12-08;10;1515
7;2025-12-08;11;1370
7;2025-12-08;12;1474
7;2025-12-08;13;1453
7;2025-12-08;14;1502
7;2025-12-08;15;1660
7;2025-12-08;16;1788
7;2025-12-08;17;2262
7;2025-12-08;18;2521
7;2025-12-08;19;1720
7;2025-12-08;20;1084
7;2025-12-08;21;589
7;2025-12-08;22;294
7;2025-12-08;23;181
7;2025-12-09;0;55
7;2025-12-09;1;13
7;2025-12-09;2;0
7;2025-12-09;3;0
7;2025-12-09;4;4
7;2025-12-09;5;222
7;2025-12-09;6;774
7;2025-12-09;7;1720
7;2025-12-09;8;2476
7;2025-12-09;9;1844
7;2025-12-09;10;1567
7;2025-12-09;11;1490
7;2025-12-09;12;1555
7;2025-12-09;13;1549
7;2025-12-09;14;1596
7;2025-12-09;15;1756
7;2025-12-09;16;1823
7;2025-12-09;17;2292
7;2025-12-09;18;2572
7;2025-12-09;19;1813
7;2025-12-09;20;1100
7;2025-12-09;21;666
7;2025-12-09;22;336
7;2025-12-09;23;179
7;2025-12-10;0;58
7;2025-12-10;1;11
7;2025-12-10;2;0
7;2025-12-10;3;0
7;2025-12-10;4;2
7;2025-12-10;5;205
7;2025-12-10;6;765
7;2025-12-10;7;1622
7;2025-12-10;8;2594
7;2025-12-10;9;1977
7;2025-12-10;10;1646
7;2025-12-10;11;1476
7;2025-12-10;12;1525
7;2025-12-10;13;1524
7;2025-12-10;14;1585
7;2025-12-10;15;1783
7;2025-12-10;16;1843
7;2025-12-10;17;2405
7;2025-12-10;18;2548
7;2025-12-10;19;1736
7;2025-12-10;20;1088
7;2025-12-10;21;640
7;2025-12-10;22;339
7;2025-12-10;23;190
7;2025-12-11;0;66
7;2025-12-11;1;16
7;2025-12-11;2;0
7;2025-12-11;3;0
7;2025-12-11;4;2
7;2025-12-11;5;198
7;2025-12-11;6;768
7;2025-12-11;7;1628
7;2025-12-11;8;2463
7;2025-12-11;9;1848
7;2025-12-11;10;1535
7;2025-12-11;11;1427
7;2025-12-11;12;1484
7;2025-12-11;13;1526
7;2025-12-11;14;1638
7;2025-12-11;15;1673
7;2025-12-11;16;1776
7;2025-12-11;17;2248
7;2025-12-11;18;2564
7;2025-12-11;19;1676
7;2025-12-11;20;1049
7;2025-12-11;21;675
7;2025-12-11;22;337
7;2025-12-11;23;201
7;2025-12-12;0;66
7;2025-12-12;1;0
7;2025-12-12;2;0
7;2025-12-12;3;0
7;2025-12-12;4;3
7;2025-12-12;5;201
7;2025-12-12;6;671
7;2025-12-12;7;1577
7;2025-12-12;8;2378
7;2025-12-12;9;1796
7;2025-12-12;10;1572
7;2025-12-12;11;1468
7;2025-12-12;12;1556
7;2025-12-12;13;1631
7;2025-12-12;14;1657
7;2025-12-12;15;1788
7;2025-12-12;16;2041
7;2025-12-12;17;2256
7;2025-12-12;18;2097
7;2025-12-12;19;1554
7;2025-12-12;20;1028
7;2025-12-12;21;679
7;2025-12-12;22;368
7;2025-12-12;23;221
7;2025-12-13;0;97
7;2025-12-13;1;12
7;2025-12-13;2;0
7;2025-12-13;3;1
7;2025-12-13;4;0
7;2025-12-13;5;65
7;2025-12-13;6;322
7;2025-12-13;7;495
7;2025-12-13;8;800
7;2025-12-13;9;897
7;2025-12-13;10;955
7;2025-12-13;11;1116
7;2025-12-13;12;1221
7;2025-12-13;13;1217
7;2025-12-13;14;1247
7;2025-12-13;15;1220
7;2025-12-13;16;1187
7;2025-12-13;17;1127
7;2025-12-13;18;1112
7;2025-12-13;19;1087
7;2025-12-13;20;838
7;2025-12-13;21;658
7;2025-12-13;22;333
7;2025-12-13;23;199
7;2025-12-14;0;91
7;2025-12-14;1;16
7;2025-12-14;2;1
7;2025-12-14;3;0
7;2025-12-14;4;0
7;2025-12-14;5;38
7;2025-12-14;6;207
7;2025-12-14;7;311
7;2025-12-14;8;522
7;2025-12-14;9;668
7;2025-12-14;10;734
7;2025-12-14;11;899
7;2025-12-14;12;972
7;2025-12-14;13;1062
7;2025-12-14;14;1089
7;2025-12-14;15;1063
7;2025-12-14;16;995
7;2025-12-14;17;1046
7;2025-12-14;18;913
7;2025-12-14;19;809
7;2025-12-14;20;674
7;2025-12-14;21;489
7;2025-12-14;22;275
7;2025-12-14;23;154
7;2025-12-15;0;65
7;2025-12-15;1;12
7;2025-12-15;2;0
7;2025-12-15;3;0
7;2025-12-15;4;0
7;2025-12-15;5;194
7;2025-12-15;6;762
7;2025-12-15;7;1580
7;2025-12-15;8;2396
7;2025-12-15;9;1820
7;2025-12-15;10;1466
7;2025-12-15;11;1333
7;2025-12-15;12;1415
7;2025-12-15;13;1407
7;2025-12-15;14;1475
7;2025-12-15;15;1642
7;2025-12-15;16;1777
7;2025-12-15;17;2276
7;2025-12-15;18;2508
7;2025-12-15;19;1691
7;2025-12-15;20;1033
7;2025-12-15;21;578
7;2025-12-15;22;276
7;2025-12-15;23;166
7;2025-12-16;0;47
7;2025-12-16;1;10
7;2025-12-16;2;0
7;2025-12-16;3;0
7;2025-12-16;4;2
7;2025-12-16;5;204
7;2025-12-16;6;751
7;2025-12-16;7;1681
7;2025-12-16;8;2460
7;2025-12-16;9;1826
7;2025-12-16;10;1548
7;2025-12-16;11;1470
7;2025-12-16;12;1529
7;2025-12-16;13;1530
7;2025-12-16;14;1586
7;2025-12-16;15;1764
7;2025-12-16;16;1809
7;2025-12-16;17;2304
7;2025-12-16;18;2576
7;2025-12-16;19;1797
7;2025-12-16;20;1061
7;2025-12-16;21;651
7;2025-12-16;22;323
7;2025-12-16;23;170
7;2025-12-17;0;55
7;2025-12-17;1;0
7;2025-12-17;2;0
7;2025-12-17;3;0
7;2025-12-17;4;1
7;2025-12-17;5;201
7;2025-12-17;6;746
7;2025-12-17;7;1606
7;2025-12-17;8;2575
7;2025-12-17;9;1968
7;2025-12-17;10;1647
7;2025-12-17;11;1476
7;2025-12-17;12;1530
7;2025-12-17;13;1529
7;2025-12-17;14;1592
7;2025-12-17;15;1782
7;2025-12-17;16;1839
7;2025-12-17;17;2408
7;2025-12-17;18;2536
7;2025-12-17;19;1717
7;2025-12-17;20;1058
7;2025-12-17;21;634
7;2025-12-17;22;325
7;2025-12-17;23;182
7;2025-12-18;0;57
7;2025-12-18;1;12
7;2025-12-18;2;0
7;2025-12-18;3;0
7;2025-12-18;4;1
7;2025-12-18;5;192
7;2025-12-18;6;757
7;2025-12-18;7;1618
7;2025-12-18;8;2470
7;2025-12-18;9;1836
7;2025-12-18;10;1527
7;2025-12-18;11;1424
7;2025-12-18;12;1493
7;2025-12-18;13;1523
7;2025-12-18;14;1626
7;2025-12-18;15;1693
7;2025-12-18;16;1794
7;2025-12-18;17;2291
7;2025-12-18;18;2610
7;2025-12-18;19;1680
7;2025-12-18;20;1057
7;2025-12-18;21;662
7;2025-12-18;22;317
7;2025-12-18;23;193
7;2025-12-19;0;68
7;2025-12-19;1;2
7;2025-12-19;2;0
7;2025-12-19;3;0
7;2025-12-19;4;3
7;2025-12-19;5;204
7;2025-12-19;6;673
7;2025-12-19;7;1574
7;2025-12-19;8;2377
7;2025-12-19;9;1798
7;2025-12-19;10;1559
7;2025-12-19;11;1470
7;2025-12-19;12;1570
7;2025-12-19;13;1639
7;2025-12-19;14;1681
7;2025-12-19;15;1837
7;2025-12-19;16;2074
7;2025-12-19;17;2279
7;2025-12-19;18;2081
7;2025-12-19;19;1480
7;2025-12-19;20;1005
7;2025-12-19;21;643
7;2025-12-19;22;341
7;2025-12-19;23;224
7;2025-12-20;0;93
7;2025-12-20;1;23
7;2025-12-20;2;0
7;2025-12-20;3;0
7;2025-12-20;4;1
7;2025-12-20;5;62
7;2025-12-20;6;313
7;2025-12-20;7;497
7;2025-12-20;8;761
7;2025-12-20;9;853
7;2025-12-20;10;878
7;2025-12-20;11;1050
7;2025-12-20;12;1176
7;2025-12-20;13;1162
7;2025-12-20;14;1206
7;2025-12-20;15;1195
7;2025-12-20;16;1131
7;2025-12-20;17;1050
7;2025-12-20;18;1004
7;2025-12-20;19;962
7;2025-12-20;20;763
7;2025-12-20;21;620
7;2025-12-20;22;329
7;2025-12-20;23;205
7;2025-12-21;0;89
7;2025-12-21;1;19
7;2025-12-21;2;0
7;2025-12-21;3;0
7;2025-12-21;4;1
7;2025-12-21;5;40
7;2025-12-21;6;206
7;2025-12-21;7;328
7;2025-12-21;8;529
7;2025-12-21;9;655
7;2025-12-21;10;723
7;2025-12-21;11;885
7;2025-12-21;12;947
7;2025-12-21;13;1029
7;2025-12-21;14;1051
7;2025-12-21;15;1046
7;2025-12-21;16;958
7;2025-12-21;17;986
7;2025-12-21;18;835
7;2025-12-21;19;751
7;2025-12-21;20;646
7;2025-12-21;21;484
7;2025-12-21;22;263
7;2025-12-21;23;155
7;2025-12-22;0;69
7;2025-12-22;1;11
7;2025-12-22;2;0
7;2025-12-22;3;0
7;2025-12-22;4;2
7;2025-12-22;5;206
7;2025-12-22;6;755
7;2025-12-22;7;1596
7;2025-12-22;8;2412
7;2025-12-22;9;1836
7;2025-12-22;10;1527
7;2025-12-22;11;1353
7;2025-12-22;12;1452
7;2025-12-22;13;1433
7;2025-12-22;14;1490
7;2025-12-22;15;1658
7;2025-12-22;16;1796
7;2025-12-22;17;2275
7;2025-12-22;18;2521
7;2025-12-22;19;1743
7;2025-12-22;20;1090
7;2025-12-22;21;600
7;2025-12-22;22;275
7;2025-12-22;23;156
7;2025-12-23;0;47
7;2025-12-23;1;4
7;2025-12-23;2;0
7;2025-12-23;3;0
7;2025-12-23;4;0
7;2025-12-23;5;210
7;2025-12-23;6;756
7;2025-12-23;7;1699
7;2025-12-23;8;2443
7;2025-12-23;9;1838
7;2025-12-23;10;1534
7;2025-12-23;11;1456
7;2025-12-23;12;1521
7;2025-12-23;13;1501
7;2025-12-23;14;1559
7;2025-12-23;15;1739
7;2025-12-23;16;1793
7;2025-12-23;17;2294
7;2025-12-23;18;2567
7;2025-12-23;19;1813
7;2025-12-23;20;1086
7;2025-12-23;21;656
7;2025-12-23;22;311
7;2025-12-23;23;160
7;2025-12-24;0;51
7;2025-12-24;1;6
7;2025-12-24;2;0
7;2025-12-24;3;0
7;2025-12-24;4;1
7;2025-12-24;5;195
7;2025-12-24;6;746
7;2025-12-24;7;1592
7;2025-12-24;8;2548
7;2025-12-24;9;1954
7;2025-12-24;10;1620
7;2025-12-24;11;1456
7;2025-12-24;12;1520
7;2025-12-24;13;1508
7;2025-12-24;14;1563
7;2025-12-24;15;1766
7;2025-12-24;16;1822
7;2025-12-24;17;2387
7;2025-12-24;18;2532
7;2025-12-24;19;1723
7;2025-12-24;20;1054
7;2025-12-24;21;629
7;2025-12-24;22;324
7;2025-12-24;23;180
7;2025-12-25;0;54
7;2025-12-25;1;12
7;2025-12-25;2;0
7;2025-12-25;3;0
7;2025-12-25;4;0
7;2025-12-25;5;185
7;2025-12-25;6;740
7;2025-12-25;7;1582
7;2025-12-25;8;2440
7;2025-12-25;9;1831
7;2025-12-25;10;1517
7;2025-12-25;11;1404
7;2025-12-25;12;1465
7;2025-12-25;13;1493
7;2025-12-25;14;1602
7;2025-12-25;15;1660
7;2025-12-25;16;1772
7;2025-12-25;17;2253
7;2025-12-25;18;2528
7;2025-12-25;19;1650
7;2025-12-25;20;1015
7;2025-12-25;21;642
7;2025-12-25;22;313
7;2025-12-25;23;177
7;2025-12-26;0;54
7;2025-12-26;1;5
7;2025-12-26;2;0
7;2025-12-26;3;0
7;2025-12-26;4;1
7;2025-12-26;5;205
7;2025-12-26;6;671
7;2025-12-26;7;1569
7;2025-12-26;8;2344
7;2025-12-26;9;1824
7;2025-12-26;10;1607
7;2025-12-26;11;1464
7;2025-12-26;12;1559
7;2025-12-26;13;1647
7;2025-12-26;14;1679
7;2025-12-26;15;1821
7;2025-12-26;16;2045
7;2025-12-26;17;2228
7;2025-12-26;18;2058
7;2025-12-26;19;1489
7;2025-12-26;20;1019
7;2025-12-26;21;657
7;2025-12-26;22;367
7;2025-12-26;23;232
7;2025-12-27;0;99
7;2025-12-27;1;18
7;2025-12-27;2;0
7;2025-12-27;3;1
7;2025-12-27;4;3
7;2025-12-27;5;68
7;2025-12-27;6;308
7;2025-12-27;7;489
7;2025-12-27;8;770
7;2025-12-27;9;835
7;2025-12-27;10;880
7;2025-12-27;11;1040
7;2025-12-27;12;1153
7;2025-12-27;13;1127
7;2025-12-27;14;1162
7;2025-12-27;15;1174
7;2025-12-27;16;1106
7;2025-12-27;17;1035
7;2025-12-27;18;986
7;2025-12-27;19;956
7;2025-12-27;20;744
7;2025-12-27;21;614
7;2025-12-27;22;324
7;2025-12-27;23;200
7;2025-12-28;0;98
7;2025-12-28;1;23
7;2025-12-28;2;0
7;2025-12-28;3;0
7;2025-12-28;4;1
7;2025-12-28;5;40
7;2025-12-28;6;205
7;2025-12-28;7;325
7;2025-12-28;8;526
7;2025-12-28;9;649
7;2025-12-28;10;716
7;2025-12-28;11;853
7;2025-12-28;12;919
7;2025-12-28;13;1007
7;2025-12-28;14;1015
7;2025-12-28;15;1025
7;2025-12-28;16;940
7;2025-12-28;17;986
7;2025-12-28;18;830
7;2025-12-28;19;745
7;2025-12-28;20;633
7;2025-12-28;21;503
7;2025-12-28;22;276
7;2025-12-28;23;164
7;2025-12-29;0;75
7;2025-12-29;1;16
7;2025-12-29;2;0
7;2025-12-29;3;0
7;2025-12-29;4;2
7;2025-12-29;5;203
7;2025-12-29;6;742
7;2025-12-29;7;1559
7;2025-12-29;8;2349
7;2025-12-29;9;1832
7;2025-12-29;10;1530
7;2025-12-29;11;1368
7;2025-12-29;12;1468
7;2025-12-29;13;1462
7;2025-12-29;14;1516
7;2025-12-29;15;1662
7;2025-12-29;16;1790
7;2025-12-29;17;2251
7;2025-12-29;18;2469
7;2025-12-29;19;1734
7;2025-12-29;20;1089
7;2025-12-29;21;602
7;2025-12-29;22;298
7;2025-12-29;23;181
7;2025-12-30;0;59
7;2025-12-30;1;15
7;2025-12-30;2;0
7;2025-12-30;3;0
7;2025-12-30;4;2
7;2025-12-30;5;211
7;2025-12-30;6;731
7;2025-12-30;7;1651
7;2025-12-30;8;2359
7;2025-12-30;9;1828
7;2025-12-30;10;1574
7;2025-12-30;11;1484
7;2025-12-30;12;1554
7;2025-12-30;13;1555
7;2025-12-30;14;1614
7;2025-12-30;15;1752
7;2025-12-30;16;1799
7;2025-12-30;17;2244
7;2025-12-30;18;2495
7;2025-12-30;19;1797
7;2025-12-30;20;1080
7;2025-12-30;21;650
7;2025-12-30;22;337
7;2025-12-30;23;185
7;2025-12-31;0;38
7;2025-12-31;1;0
7;2025-12-31;2;2
7;2025-12-31;3;0
7;2025-12-31;4;0
7;2025-12-31;5;81
7;2025-12-31;6;235
7;2025-12-31;7;332
7;2025-12-31;8;468
7;2025-12-31;9;569
7;2025-12-31;10;575
7;2025-12-31;11;610
7;2025-12-31;12;823
7;2025-12-31;13;774
7;2025-12-31;14;856
7;2025-12-31;15;886
7;2025-12-31;16;851
7;2025-12-31;17;893
7;2025-12-31;18;745
7;2025-12-31;19;720
7;2025-12-31;20;569
7;2025-12-31;21;376
7;2025-12-31;22;284
7;2025-12-31;23;155
11;2025-11-01;0;93
11;2025-11-01;1;1
11;2025-11-01;2;0
11;2025-11-01;3;0
11;2025-11-01;4;0
11;2025-11-01;5;171
11;2025-11-01;6;775
11;2025-11-01;7;659
11;2025-11-01;8;944
11;2025-11-01;9;1109
11;2025-11-01;10;1263
11;2025-11-01;11;1619
11;2025-11-01;12;1876
11;2025-11-01;13;1765
11;2025-11-01;14;1843
11;2025-11-01;15;1759
11;2025-11-01;16;1779
11;2025-11-01;17;1774
11;2025-11-01;18;1420
11;2025-11-01;19;1374
11;2025-11-01;20;983
11;2025-11-01;21;713
11;2025-11-01;22;389
11;2025-11-01;23;296
11;2025-11-02;0;108
11;2025-11-02;1;14
11;2025-11-02;2;0
11;2025-11-02;3;0
11;2025-11-02;4;6
11;2025-11-02;5;132
11;2025-11-02;6;449
11;2025-11-02;7;467
11;2025-11-02;8;588
11;2025-11-02;9;771
11;2025-11-02;10;818
11;2025-11-02;11;1200
11;2025-11-02;12;1309
11;2025-11-02;13;1326
11;2025-11-02;14;1470
11;2025-11-02;15;1515
11;2025-11-02;16;1466
11;2025-11-02;17;1516
11;2025-11-02;18;1252
11;2025-11-02;19;962
11;2025-11-02;20;874
11;2025-11-02;21;616
11;2025-11-02;22;348
11;2025-11-02;23;242
11;2025-11-03;0;71
11;2025-11-03;1;3
11;2025-11-03;2;0
11;2025-11-03;3;0
11;2025-11-03;4;0
11;2025-11-03;5;221
11;2025-11-03;6;681
11;2025-11-03;7;675
11;2025-11-03;8;874
11;2025-11-03;9;852
11;2025-11-03;10;788
11;2025-11-03;11;978
11;2025-11-03;12;893
11;2025-11-03;13;1007
11;2025-11-03;14;1013
11;2025-11-03;15;1038
11;2025-11-03;16;1189
11;2025-11-03;17;1244
11;2025-11-03;18;1284
11;2025-11-03;19;1203
11;2025-11-03;20;1000
11;2025-11-03;21;660
11;2025-11-03;22;365
11;2025-11-03;23;212
11;2025-11-04;0;62
11;2025-11-04;1;1
11;2025-11-04;2;0
11;2025-11-04;3;0
11;2025-11-04;4;1
11;2025-11-04;5;201
11;2025-11-04;6;634
11;2025-11-04;7;655
11;2025-11-04;8;768
11;2025-11-04;9;817
11;2025-11-04;10;742
11;2025-11-04;11;902
11;2025-11-04;12;864
11;2025-11-04;13;1037
11;2025-11-04;14;1258
11;2025-11-04;15;1244
11;2025-11-04;16;1234
11;2025-11-04;17;1309
11;2025-11-04;18;1272
11;2025-11-04;19;1176
11;2025-11-04;20;1001
11;2025-11-04;21;725
11;2025-11-04;22;381
11;2025-11-04;23;223
11;2025-11-05;0;62
11;2025-11-05;1;1
11;2025-11-05;2;0
11;2025-11-05;3;0
11;2025-11-05;4;1
11;2025-11-05;5;281
11;2025-11-05;6;1329
11;2025-11-05;7;2331
11;2025-11-05;8;3059
11;2025-11-05;9;2307
11;2025-11-05;10;1781
11;2025-11-05;11;1786
11;2025-11-05;12;1889
11;2025-11-05;13;2029
11;2025-11-05;14;2006
11;2025-11-05;15;2128
11;2025-11-05;16;2237
11;2025-11-05;17;2773
11;2025-11-05;18;3052
11;2025-11-05;19;2284
11;2025-11-05;20;1483
11;2025-11-05;21;872
11;2025-11-05;22;426
11;2025-11-05;23;229
11;2025-11-06;0;61
11;2025-11-06;1;1
11;2025-11-06;2;0
11;2025-11-06;3;0
11;2025-11-06;4;1
11;2025-11-06;5;278
11;2025-11-06;6;1292
11;2025-11-06;7;2268
11;2025-11-06;8;2889
11;2025-11-06;9;2340
11;2025-11-06;10;1861
11;2025-11-06;11;1666
11;2025-11-06;12;1805
11;2025-11-06;13;1980
11;2025-11-06;14;1959
11;2025-11-06;15;2016
11;2025-11-06;16;2188
11;2025-11-06;17;2718
11;2025-11-06;18;3056
11;2025-11-06;19;2207
11;2025-11-06;20;1396
11;2025-11-06;21;869
11;2025-11-06;22;455
11;2025-11-06;23;225
11;2025-11-07;0;69
11;2025-11-07;1;2
11;2025-11-07;2;0
11;2025-11-07;3;0
11;2025-11-07;4;2
11;2025-11-07;5;267
11;2025-11-07;6;1285
11;2025-11-07;7;2278
11;2025-11-07;8;2875
11;2025-11-07;9;2228
11;2025-11-07;10;1764
11;2025-11-07;11;1730
11;2025-11-07;12;1784
11;2025-11-07;13;1919
11;2025-11-07;14;1993
11;2025-11-07;15;2248
11;2025-11-07;16;2489
11;2025-11-07;17;2847
11;2025-11-07;18;2539
11;2025-11-07;19;2036
11;2025-11-07;20;1383
11;2025-11-07;21;861
11;2025-11-07;22;457
11;2025-11-07;23;283
11;2025-11-08;0;96
11;2025-11-08;1;2
11;2025-11-08;2;0
11;2025-11-08;3;0
11;2025-11-08;4;4
11;2025-11-08;5;199
11;2025-11-08;6;766
11;2025-11-08;7;665
11;2025-11-08;8;948
11;2025-11-08;9;1111
11;2025-11-08;10;1203
11;2025-11-08;11;1578
11;2025-11-08;12;1835
11;2025-11-08;13;1725
11;2025-11-08;14;1789
11;2025-11-08;15;1827
11;2025-11-08;16;1825
11;2025-11-08;17;1836
11;2025-11-08;18;1538
11;2025-11-08;19;1457
11;2025-11-08;20;1048
11;2025-11-08;21;769
11;2025-11-08;22;438
11;2025-11-08;23;311
11;2025-11-09;0;110
11;2025-11-09;1;16
11;2025-11-09;2;0
11;2025-11-09;3;0
11;2025-11-09;4;4
11;2025-11-09;5;126
11;2025-11-09;6;516
11;2025-11-09;7;513
11;2025-11-09;8;631
11;2025-11-09;9;892
11;2025-11-09;10;985
11;2025-11-09;11;1385
11;2025-11-09;12;1518
11;2025-11-09;13;1461
11;2025-11-09;14;1550
11;2025-11-09;15;1607
11;2025-11-09;16;1546
11;2025-11-09;17;1620
11;2025-11-09;18;1249
11;2025-11-09;19;1021
11;2025-11-09;20;834
11;2025-11-09;21;603
11;2025-11-09;22;376
11;2025-11-09;23;244
11;2025-11-10;0;74
11;2025-11-10;1;8
11;2025-11-10;2;0
11;2025-11-10;3;0
11;2025-11-10;4;4
11;2025-11-10;5;297
11;2025-11-10;6;1340
11;2025-11-10;7;2415
11;2025-11-10;8;3117
11;2025-11-10;9;2412
11;2025-11-10;10;1777
11;2025-11-10;11;1797
11;2025-11-10;12;1725
11;2025-11-10;13;1910
11;2025-11-10;14;1899
11;2025-11-10;15;2116
11;2025-11-10;16;2328
11;2025-11-10;17;2865
11;2025-11-10;18;3160
11;2025-11-10;19;2385
11;2025-11-10;20;1441
11;2025-11-10;21;854
11;2025-11-10;22;444
11;2025-11-10;23;221
11;2025-11-11;0;61
11;2025-11-11;1;2
11;2025-11-11;2;0
11;2025-11-11;3;0
11;2025-11-11;4;4
11;2025-11-11;5;282
11;2025-11-11;6;1363
11;2025-11-11;7;2489
11;2025-11-11;8;3263
11;2025-11-11;9;2496
11;2025-11-11;10;1848
11;2025-11-11;11;1824
11;2025-11-11;12;1829
11;2025-11-11;13;2009
11;2025-11-11;14;2041
11;2025-11-11;15;2148
11;2025-11-11;16;2359
11;2025-11-11;17;2931
11;2025-11-11;18;3140
11;2025-11-11;19;2375
11;2025-11-11;20;1493
11;2025-11-11;21;868
11;2025-11-11;22;447
11;2025-11-11;23;228
11;2025-11-12;0;67
11;2025-11-12;1;2
11;2025-11-12;2;0
11;2025-11-12;3;0
11;2025-11-12;4;4
11;2025-11-12;5;297
11;2025-11-12;6;1308
11;2025-11-12;7;2441
11;2025-11-12;8;3228
11;2025-11-12;9;2402
11;2025-11-12;10;1838
11;2025-11-12;11;1812
11;2025-11-12;12;1902
11;2025-11-12;13;2026
11;2025-11-12;14;2021
11;2025-11-12;15;2147
11;2025-11-12;16;2277
11;2025-11-12;17;2857
11;2025-11-12;18;3151
11;2025-11-12;19;2336
11;2025-11-12;20;1505
11;2025-11-12;21;874
11;2025-11-12;22;453
11;2025-11-12;23;250
11;2025-11-13;0;70
11;2025-11-13;1;2
11;2025-11-13;2;0
11;2025-11-13;3;0
11;2025-11-13;4;3
11;2025-11-13;5;287
11;2025-11-13;6;1352
11;2025-11-13;7;2407
11;2025-11-13;8;3097
11;2025-11-13;9;2490
11;2025-11-13;10;2011
11;2025-11-13;11;1856
11;2025-11-13;12;1943
11;2025-11-13;13;2100
11;2025-11-13;14;2096
11;2025-11-13;15;2178
11;2025-11-13;16;2364
11;2025-11-13;17;2892
11;2025-11-13;18;3248
11;2025-11-13;19;2315
11;2025-11-13;20;1472
11;2025-11-13;21;909
11;2025-11-13;22;492
11;2025-11-13;23;249
11;2025-11-14;0;76
11;2025-11-14;1;5
11;2025-11-14;2;0
11;2025-11-14;3;0
11;2025-11-14;4;4
11;2025-11-14;5;292
11;2025-11-14;6;1303
11;2025-11-14;7;2363
11;2025-11-14;8;2946
11;2025-11-14;9;2340
11;2025-11-14;10;1836
11;2025-11-14;11;1819
11;2025-11-14;12;1902
11;2025-11-14;13;1999
11;2025-11-14;14;2083
11;2025-11-14;15;2316
11;2025-11-14;16;2522
11;2025-11-14;17;2880
11;2025-11-14;18;2616
11;2025-11-14;19;2078
11;2025-11-14;20;1428
11;2025-11-14;21;873
11;2025-11-14;22;472
11;2025-11-14;23;286
11;2025-11-15;0;87
11;2025-11-15;1;5
11;2025-11-15;2;0
11;2025-11-15;3;0
11;2025-11-15;4;4
11;2025-11-15;5;171
11;2025-11-15;6;666
11;2025-11-15;7;597
11;2025-11-15;8;863
11;2025-11-15;9;1020
11;2025-11-15;10;1063
11;2025-11-15;11;1464
11;2025-11-15;12;1696
11;2025-11-15;13;1652
11;2025-11-15;14;1757
11;2025-11-15;15;1757
11;2025-11-15;16;1746
11;2025-11-15;17;1695
11;2025-11-15;18;1372
11;2025-11-15;19;1348
11;2025-11-15;20;1024
11;2025-11-15;21;727
11;2025-11-15;22;412
11;2025-11-15;23;270
11;2025-11-16;0;92
11;2025-11-16;1;7
11;2025-11-16;2;0
11;2025-11-16;3;0
11;2025-11-16;4;0
11;2025-11-16;5;108
11;2025-11-16;6;417
11;2025-11-16;7;453
11;2025-11-16;8;544
11;2025-11-16;9;831
11;2025-11-16;10;939
11;2025-11-16;11;1380
11;2025-11-16;12;1508
11;2025-11-16;13;1458
11;2025-11-16;14;1515
11;2025-11-16;15;1534
11;2025-11-16;16;1433
11;2025-11-16;17;1487
11;2025-11-16;18;1108
11;2025-11-16;19;887
11;2025-11-16;20;734
11;2025-11-16;21;541
11;2025-11-16;22;324
11;2025-11-16;23;197
11;2025-11-17;0;65
11;2025-11-17;1;3
11;2025-11-17;2;0
11;2025-11-17;3;0
11;2025-11-17;4;7
11;2025-11-17;5;282
11;2025-11-17;6;1215
11;2025-11-17;7;2331
11;2025-11-17;8;3022
11;2025-11-17;9;2301
11;2025-11-17;10;1668
11;2025-11-17;11;1673
11;2025-11-17;12;1570
11;2025-11-17;13;1695
11;2025-11-17;14;1716
11;2025-11-17;15;1954
11;2025-11-17;16;2213
11;2025-11-17;17;2815
11;2025-11-17;18;3135
11;2025-11-17;19;2311
11;2025-11-17;20;1381
11;2025-11-17;21;777
11;2025-11-17;22;410
11;2025-11-17;23;191
11;2025-11-18;0;58
11;2025-11-18;1;2
11;2025-11-18;2;1
11;2025-11-18;3;0
11;2025-11-18;4;8
11;2025-11-18;5;253
11;2025-11-18;6;1304
11;2025-11-18;7;2443
11;2025-11-18;8;3166
11;2025-11-18;9;2419
11;2025-11-18;10;1735
11;2025-11-18;11;1730
11;2025-11-18;12;1741
11;2025-11-18;13;1849
11;2025-11-18;14;1870
11;2025-11-18;15;2034
11;2025-11-18;16;2255
11;2025-11-18;17;2862
11;2025-11-18;18;3080
11;2025-11-18;19;2309
11;2025-11-18;20;1486
11;2025-11-18;21;836
11;2025-11-18;22;434
11;2025-11-18;23;212
11;2025-11-19;0;67
11;2025-11-19;1;5
11;2025-11-19;2;0
11;2025-11-19;3;0
11;2025-11-19;4;7
11;2025-11-19;5;294
11;2025-11-19;6;1315
11;2025-11-19;7;2442
11;2025-11-19;8;3227
11;2025-11-19;9;2367
11;2025-11-19;10;1826
11;2025-11-19;11;1826
11;2025-11-19;12;1909
11;2025-11-19;13;2068
11;2025-11-19;14;2022
11;2025-11-19;15;2164
11;2025-11-19;16;2275
11;2025-11-19;17;2868
11;2025-11-19;18;3175
11;2025-11-19;19;2308
11;2025-11-19;20;1501
11;2025-11-19;21;890
11;2025-11-19;22;435
11;2025-11-19;23;221
11;2025-11-20;0;68
11;2025-11-20;1;1
11;2025-11-20;2;0
11;2025-11-20;3;0
11;2025-11-20;4;4
11;2025-11-20;5;286
11;2025-11-20;6;1332
11;2025-11-20;7;2413
11;2025-11-20;8;3094
11;2025-11-20;9;2496
11;2025-11-20;10;2008
11;2025-11-20;11;1853
11;2025-11-20;12;1932
11;2025-11-20;13;2090
11;2025-11-20;14;2099
11;2025-11-20;15;2175
11;2025-11-20;16;2352
11;2025-11-20;17;2900
11;2025-11-20;18;3267
11;2025-11-20;19;2296
11;2025-11-20;20;1464
11;2025-11-20;21;879
11;2025-11-20;22;467
11;2025-11-20;23;236
11;2025-11-21;0;73
11;2025-11-21;1;4
11;2025-11-21;2;0
11;2025-11-21;3;0
11;2025-11-21;4;5
11;2025-11-21;5;273
11;2025-11-21;6;1309
11;2025-11-21;7;2357
11;2025-11-21;8;2998
11;2025-11-21;9;2329
11;2025-11-21;10;1816
11;2025-11-21;11;1792
11;2025-11-21;12;1849
11;2025-11-21;13;2004
11;2025-11-21;14;2081
11;2025-11-21;15;2314
11;2025-11-21;16;2550
11;2025-11-21;17;2922
11;2025-11-21;18;2656
11;2025-11-21;19;2080
11;2025-11-21;20;1428
11;2025-11-21;21;854
11;2025-11-21;22;460
11;2025-11-21;23;271
11;2025-11-22;0;95
11;2025-11-22;1;3
11;2025-11-22;2;0
11;2025-11-22;3;0
11;2025-11-22;4;4
11;2025-11-22;5;161
11;2025-11-22;6;684
11;2025-11-22;7;639
11;2025-11-22;8;881
11;2025-11-22;9;1069
11;2025-11-22;10;1173
11;2025-11-22;11;1610
11;2025-11-22;12;1846
11;2025-11-22;13;1736
11;2025-11-22;14;1796
11;2025-11-22;15;1780
11;2025-11-22;16;1799
11;2025-11-22;17;1789
11;2025-11-22;18;1505
11;2025-11-22;19;1430
11;2025-11-22;20;1022
11;2025-11-22;21;708
11;2025-11-22;22;396
11;2025-11-22;23;275
11;2025-11-23;0;98
11;2025-11-23;1;12
11;2025-11-23;2;0
11;2025-11-23;3;1
11;2025-11-23;4;2
11;2025-11-23;5;117
11;2025-11-23;6;481
11;2025-11-23;7;482
11;2025-11-23;8;609
11;2025-11-23;9;860
11;2025-11-23;10;985
11;2025-11-23;11;1470
11;2025-11-23;12;1616
11;2025-11-23;13;1584
11;2025-11-23;14;1664
11;2025-11-23;15;1676
11;2025-11-23;16;1603
11;2025-11-23;17;1650
11;2025-11-23;18;1243
11;2025-11-23;19;1021
11;2025-11-23;20;844
11;2025-11-23;21;574
11;2025-11-23;22;348
11;2025-11-23;23;215
11;2025-11-24;0;69
11;2025-11-24;1;4
11;2025-11-24;2;1
11;2025-11-24;3;0
11;2025-11-24;4;5
11;2025-11-24;5;273
11;2025-11-24;6;1259
11;2025-11-24;7;2337
11;2025-11-24;8;3024
11;2025-11-24;9;2315
11;2025-11-24;10;1673
11;2025-11-24;11;1650
11;2025-11-24;12;1607
11;2025-11-24;13;1813
11;2025-11-24;14;1748
11;2025-11-24;15;1943
11;2025-11-24;16;2212
11;2025-11-24;17;2740
11;2025-11-24;18;3056
11;2025-11-24;19;2279
11;2025-11-24;20;1387
11;2025-11-24;21;828
11;2025-11-24;22;421
11;2025-11-24;23;198
11;2025-11-25;0;58
11;2025-11-25;1;2
11;2025-11-25;2;0
11;2025-11-25;3;0
11;2025-11-25;4;8
11;2025-11-25;5;276
11;2025-11-25;6;1292
11;2025-11-25;7;2439
11;2025-11-25;8;3181
11;2025-11-25;9;2424
11;2025-11-25;10;1748
11;2025-11-25;11;1739
11;2025-11-25;12;1747
11;2025-11-25;13;1941
11;2025-11-25;14;1948
11;2025-11-25;15;2059
11;2025-11-25;16;2271
11;2025-11-25;17;2879
11;2025-11-25;18;3104
11;2025-11-25;19;2265
11;2025-11-25;20;1438
11;2025-11-25;21;819
11;2025-11-25;22;420
11;2025-11-25;23;204
11;2025-11-26;0;58
11;2025-11-26;1;5
11;2025-11-26;2;0
11;2025-11-26;3;0
11;2025-11-26;4;5
11;2025-11-26;5;259
11;2025-11-26;6;1252
11;2025-11-26;7;2221
11;2025-11-26;8;3000
11;2025-11-26;9;2218
11;2025-11-26;10;1705
11;2025-11-26;11;1652
11;2025-11-26;12;1682
11;2025-11-26;13;1844
11;2025-11-26;14;1785
11;2025-11-26;15;1917
11;2025-11-26;16;2042
11;2025-11-26;17;2574
11;2025-11-26;18;2926
11;2025-11-26;19;2068
11;2025-11-26;20;1403
11;2025-11-26;21;798
11;2025-11-26;22;398
11;2025-11-26;23;203
11;2025-11-27;0;55
11;2025-11-27;1;0
11;2025-11-27;2;0
11;2025-11-27;3;0
11;2025-11-27;4;3
11;2025-11-27;5;272
11;2025-11-27;6;1304
11;2025-11-27;7;2202
11;2025-11-27;8;2821
11;2025-11-27;9;2244
11;2025-11-27;10;1768
11;2025-11-27;11;1636
11;2025-11-27;12;1670
11;2025-11-27;13;1786
11;2025-11-27;14;1788
11;2025-11-27;15;1897
11;2025-11-27;16;2085
11;2025-11-27;17;2559
11;2025-11-27;18;2923
11;2025-11-27;19;2043
11;2025-11-27;20;1373
11;2025-11-27;21;815
11;2025-11-27;22;431
11;2025-11-27;23;216
11;2025-11-28;0;58
11;2025-11-28;1;0
11;2025-11-28;2;0
11;2025-11-28;3;0
11;2025-11-28;4;4
11;2025-11-28;5;253
11;2025-11-28;6;1254
11;2025-11-28;7;2138
11;2025-11-28;8;2759
11;2025-11-28;9;2092
11;2025-11-28;10;1686
11;2025-11-28;11;1666
11;2025-11-28;12;1671
11;2025-11-28;13;1753
11;2025-11-28;14;1803
11;2025-11-28;15;2076
11;2025-11-28;16;2328
11;2025-11-28;17;2635
11;2025-11-28;18;2368
11;2025-11-28;19;1812
11;2025-11-28;20;1320
11;2025-11-28;21;819
11;2025-11-28;22;451
11;2025-11-28;23;262
11;2025-11-29;0;85
11;2025-11-29;1;4
11;2025-11-29;2;0
11;2025-11-29;3;0
11;2025-11-29;4;5
11;2025-11-29;5;160
11;2025-11-29;6;699
11;2025-11-29;7;601
11;2025-11-29;8;845
11;2025-11-29;9;994
11;2025-11-29;10;1117
11;2025-11-29;11;1448
11;2025-11-29;12;1635
11;2025-11-29;13;1536
11;2025-11-29;14;1597
11;2025-11-29;15;1593
11;2025-11-29;16;1602
11;2025-11-29;17;1565
11;2025-11-29;18;1304
11;2025-11-29;19;1236
11;2025-11-29;20;933
11;2025-11-29;21;678
11;2025-11-29;22;381
11;2025-11-29;23;269
11;2025-11-30;0;92
11;2025-11-30;1;9
11;2025-11-30;2;0
11;2025-11-30;3;0
11;2025-11-30;4;0
11;2025-11-30;5;106
11;2025-11-30;6;429
11;2025-11-30;7;428
11;2025-11-30;8;494
11;2025-11-30;9;763
11;2025-11-30;10;890
11;2025-11-30;11;1247
11;2025-11-30;12;1332
11;2025-11-30;13;1306
11;2025-11-30;14;1355
11;2025-11-30;15;1429
11;2025-11-30;16;1336
11;2025-11-30;17;1402
11;2025-11-30;18;1082
11;2025-11-30;19;885
11;2025-11-30;20;762
11;2025-11-30;21;581
11;2025-11-30;22;333
11;2025-11-30;23;220
11;2025-12-01;0;59
11;2025-12-01;1;0
11;2025-12-01;2;0
11;2025-12-01;3;0
11;2025-12-01;4;2
11;2025-12-01;5;271
11;2025-12-01;6;1197
11;2025-12-01;7;2016
11;2025-12-01;8;2675
11;2025-12-01;9;1954
11;2025-12-01;10;1520
11;2025-12-01;11;1513
11;2025-12-01;12;1459
11;2025-12-01;13;1524
11;2025-12-01;14;1534
11;2025-12-01;15;1654
11;2025-12-01;16;1877
11;2025-12-01;17;2373
11;2025-12-01;18;2684
11;2025-12-01;19;1917
11;2025-12-01;20;1245
11;2025-12-01;21;751
11;2025-12-01;22;365
11;2025-12-01;23;170
11;2025-12-02;0;42
11;2025-12-02;1;0
11;2025-12-02;2;0
11;2025-12-02;3;0
11;2025-12-02;4;3
11;2025-12-02;5;262
11;2025-12-02;6;1229
11;2025-12-02;7;2108
11;2025-12-02;8;2877
11;2025-12-02;9;2057
11;2025-12-02;10;1561
11;2025-12-02;11;1551
11;2025-12-02;12;1534
11;2025-12-02;13;1600
11;2025-12-02;14;1579
11;2025-12-02;15;1703
11;2025-12-02;16;1903
11;2025-12-02;17;2474
11;2025-12-02;18;2718
11;2025-12-02;19;1919
11;2025-12-02;20;1283
11;2025-12-02;21;756
11;2025-12-02;22;366
11;2025-12-02;23;173
11;2025-12-03;0;48
11;2025-12-03;1;0
11;2025-12-03;2;0
11;2025-12-03;3;0
11;2025-12-03;4;2
11;2025-12-03;5;275
11;2025-12-03;6;1220
11;2025-12-03;7;2181
11;2025-12-03;8;2940
11;2025-12-03;9;2124
11;2025-12-03;10;1662
11;2025-12-03;11;1627
11;2025-12-03;12;1688
11;2025-12-03;13;1797
11;2025-12-03;14;1755
11;2025-12-03;15;1863
11;2025-12-03;16;1997
11;2025-12-03;17;2564
11;2025-12-03;18;2858
11;2025-12-03;19;2008
11;2025-12-03;20;1348
11;2025-12-03;21;810
11;2025-12-03;22;392
11;2025-12-03;23;211
11;2025-12-04;0;51
11;2025-12-04;1;0
11;2025-12-04;2;0
11;2025-12-04;3;0
11;2025-12-04;4;2
11;2025-12-04;5;270
11;2025-12-04;6;1269
11;2025-12-04;7;2205
11;2025-12-04;8;2835
11;2025-12-04;9;2248
11;2025-12-04;10;1828
11;2025-12-04;11;1693
11;2025-12-04;12;1733
11;2025-12-04;13;1861
11;2025-12-04;14;1846
11;2025-12-04;15;1936
11;2025-12-04;16;2116
11;2025-12-04;17;2620
11;2025-12-04;18;2977
11;2025-12-04;19;2039
11;2025-12-04;20;1356
11;2025-12-04;21;834
11;2025-12-04;22;413
11;2025-12-04;23;212
11;2025-12-05;0;60
11;2025-12-05;1;0
11;2025-12-05;2;0
11;2025-12-05;3;0
11;2025-12-05;4;4
11;2025-12-05;5;273
11;2025-12-05;6;1264
11;2025-12-05;7;2194
11;2025-12-05;8;2819
11;2025-12-05;9;2152
11;2025-12-05;10;1726
11;2025-12-05;11;1713
11;2025-12-05;12;1734
11;2025-12-05;13;1848
11;2025-12-05;14;1884
11;2025-12-05;15;2148
11;2025-12-05;16;2362
11;2025-12-05;17;2706
11;2025-12-05;18;2433
11;2025-12-05;19;1889
11;2025-12-05;20;1372
11;2025-12-05;21;844
11;2025-12-05;22;436
11;2025-12-05;23;260
11;2025-12-06;0;83
11;2025-12-06;1;0
11;2025-12-06;2;0
11;2025-12-06;3;0
11;2025-12-06;4;0
11;2025-12-06;5;153
11;2025-12-06;6;700
11;2025-12-06;7;626
11;2025-12-06;8;887
11;2025-12-06;9;1038
11;2025-12-06;10;1160
11;2025-12-06;11;1513
11;2025-12-06;12;1713
11;2025-12-06;13;1619
11;2025-12-06;14;1674
11;2025-12-06;15;1697
11;2025-12-06;16;1681
11;2025-12-06;17;1666
11;2025-12-06;18;1373
11;2025-12-06;19;1301
11;2025-12-06;20;956
11;2025-12-06;21;692
11;2025-12-06;22;391
11;2025-12-06;23;270
11;2025-12-07;0;101
11;2025-12-07;1;12
11;2025-12-07;2;0
11;2025-12-07;3;0
11;2025-12-07;4;2
11;2025-12-07;5;115
11;2025-12-07;6;467
11;2025-12-07;7;482
11;2025-12-07;8;595
11;2025-12-07;9;870
11;2025-12-07;10;987
11;2025-12-07;11;1389
11;2025-12-07;12;1474
11;2025-12-07;13;1441
11;2025-12-07;14;1497
11;2025-12-07;15;1551
11;2025-12-07;16;1474
11;2025-12-07;17;1560
11;2025-12-07;18;1223
11;2025-12-07;19;1003
11;2025-12-07;20;833
11;2025-12-07;21;612
11;2025-12-07;22;366
11;2025-12-07;23;238
11;2025-12-08;0;72
11;2025-12-08;1;7
11;2025-12-08;2;0
11;2025-12-08;3;0
11;2025-12-08;4;2
11;2025-12-08;5;302
11;2025-12-08;6;1326
11;2025-12-08;7;2302
11;2025-12-08;8;3021
11;2025-12-08;9;2311
11;2025-12-08;10;1763
11;2025-12-08;11;1769
11;2025-12-08;12;1689
11;2025-12-08;13;1820
11;2025-12-08;14;1794
11;2025-12-08;15;1974
11;2025-12-08;16;2203
11;2025-12-08;17;2744
11;2025-12-08;18;3020
11;2025-12-08;19;2264
11;2025-12-08;20;1408
11;2025-12-08;21;813
11;2025-12-08;22;420
11;2025-12-08;23;207
11;2025-12-09;0;56
11;2025-12-09;1;2
11;2025-12-09;2;0
11;2025-12-09;3;0
11;2025-12-09;4;2
11;2025-12-09;5;290
11;2025-12-09;6;1348
11;2025-12-09;7;2408
11;2025-12-09;8;3171
11;2025-12-09;9;2438
11;2025-12-09;10;1820
11;2025-12-09;11;1794
11;2025-12-09;12;1783
11;2025-12-09;13;1908
11;2025-12-09;14;1914
11;2025-12-09;15;2020
11;2025-12-09;16;2227
11;2025-12-09;17;2814
11;2025-12-09;18;3017
11;2025-12-09;19;2290
11;2025-12-09;20;1476
11;2025-12-09;21;835
11;2025-12-09;22;420
11;2025-12-09;23;208
11;2025-12-10;0;60
11;2025-12-10;1;0
11;2025-12-10;2;0
11;2025-12-10;3;0
11;2025-12-10;4;2
11;2025-12-10;5;297
11;2025-12-10;6;1285
11;2025-12-10;7;2359
11;2025-12-10;8;3187
11;2025-12-10;9;2364
11;2025-12-10;10;1821
11;2025-12-10;11;1825
11;2025-12-10;12;1876
11;2025-12-10;13;2006
11;2025-12-10;14;1947
11;2025-12-10;15;2075
11;2025-12-10;16;2216
11;2025-12-10;17;2799
11;2025-12-10;18;3070
11;2025-12-10;19;2261
11;2025-12-10;20;1485
11;2025-12-10;21;858
11;2025-12-10;22;423
11;2025-12-10;23;235
11;2025-12-11;0;65
11;2025-12-11;1;0
11;2025-12-11;2;0
11;2025-12-11;3;0
11;2025-12-11;4;3
11;2025-12-11;5;284
11;2025-12-11;6;1287
11;2025-12-11;7;2335
11;2025-12-11;8;2952
11;2025-12-11;9;2379
11;2025-12-11;10;1895
11;2025-12-11;11;1781
11;2025-12-11;12;1833
11;2025-12-11;13;1993
11;2025-12-11;14;1991
11;2025-12-11;15;2064
11;2025-12-11;16;2248
11;2025-12-11;17;2746
11;2025-12-11;18;3060
11;2025-12-11;19;2177
11;2025-12-11;20;1420
11;2025-12-11;21;851
11;2025-12-11;22;445
11;2025-12-11;23;228
11;2025-12-12;0;64
11;2025-12-12;1;0
11;2025-12-12;2;0
11;2025-12-12;3;0
11;2025-12-12;4;3
11;2025-12-12;5;290
11;2025-12-12;6;1270
11;2025-12-12;7;2296
11;2025-12-12;8;2971
11;2025-12-12;9;2299
11;2025-12-12;10;1810
11;2025-12-12;11;1812
11;2025-12-12;12;1763
11;2025-12-12;13;1862
11;2025-12-12;14;1908
11;2025-12-12;15;2148
11;2025-12-12;16;2437
11;2025-12-12;17;2792
11;2025-12-12;18;2504
11;2025-12-12;19;2046
11;2025-12-12;20;1401
11;2025-12-12;21;877
11;2025-12-12;22;479
11;2025-12-12;23;267
11;2025-12-13;0;95
11;2025-12-13;1;0
11;2025-12-13;2;0
11;2025-12-13;3;0
11;2025-12-13;4;0
11;2025-12-13;5;178
11;2025-12-13;6;745
11;2025-12-13;7;674
11;2025-12-13;8;955
11;2025-12-13;9;1124
11;2025-12-13;10;1218
11;2025-12-13;11;1572
11;2025-12-13;12;1788
11;2025-12-13;13;1673
11;2025-12-13;14;1703
11;2025-12-13;15;1698
11;2025-12-13;16;1721
11;2025-12-13;17;1746
11;2025-12-13;18;1430
11;2025-12-13;19;1409
11;2025-12-13;20;1022
11;2025-12-13;21;721
11;2025-12-13;22;409
11;2025-12-13;23;279
11;2025-12-14;0;94
11;2025-12-14;1;10
11;2025-12-14;2;0
11;2025-12-14;3;0
11;2025-12-14;4;4
11;2025-12-14;5;107
11;2025-12-14;6;478
11;2025-12-14;7;484
11;2025-12-14;8;596
11;2025-12-14;9;856
11;2025-12-14;10;948
11;2025-12-14;11;1368
11;2025-12-14;12;1461
11;2025-12-14;13;1410
11;2025-12-14;14;1477
11;2025-12-14;15;1512
11;2025-12-14;16;1480
11;2025-12-14;17;1571
11;2025-12-14;18;1232
11;2025-12-14;19;1041
11;2025-12-14;20;830
11;2025-12-14;21;590
11;2025-12-14;22;354
11;2025-12-14;23;224
11;2025-12-15;0;76
11;2025-12-15;1;5
11;2025-12-15;2;0
11;2025-12-15;3;0
11;2025-12-15;4;5
11;2025-12-15;5;310
11;2025-12-15;6;1278
11;2025-12-15;7;2344
11;2025-12-15;8;3060
11;2025-12-15;9;2372
11;2025-12-15;10;1758
11;2025-12-15;11;1778
11;2025-12-15;12;1684
11;2025-12-15;13;1866
11;2025-12-15;14;1817
11;2025-12-15;15;2015
11;2025-12-15;16;2271
11;2025-12-15;17;2820
11;2025-12-15;18;3074
11;2025-12-15;19;2308
11;2025-12-15;20;1386
11;2025-12-15;21;821
11;2025-12-15;22;418
11;2025-12-15;23;202
11;2025-12-16;0;57
11;2025-12-16;1;0
11;2025-12-16;2;0
11;2025-12-16;3;0
11;2025-12-16;4;4
11;2025-12-16;5;286
11;2025-12-16;6;1297
11;2025-12-16;7;2429
11;2025-12-16;8;3211
11;2025-12-16;9;2459
11;2025-12-16;10;1821
11;2025-12-16;11;1770
11;2025-12-16;12;1731
11;2025-12-16;13;1882
11;2025-12-16;14;1939
11;2025-12-16;15;2052
11;2025-12-16;16;2268
11;2025-12-16;17;2889
11;2025-12-16;18;3062
11;2025-12-16;19;2316
11;2025-12-16;20;1486
11;2025-12-16;21;837
11;2025-12-16;22;421
11;2025-12-16;23;216
11;2025-12-17;0;63
11;2025-12-17;1;1
11;2025-12-17;2;0
11;2025-12-17;3;0
11;2025-12-17;4;3
11;2025-12-17;5;294
11;2025-12-17;6;1262
11;2025-12-17;7;2362
11;2025-12-17;8;3194
11;2025-12-17;9;2350
11;2025-12-17;10;1809
11;2025-12-17;11;1828
11;2025-12-17;12;1875
11;2025-12-17;13;2014
11;2025-12-17;14;1954
11;2025-12-17;15;2066
11;2025-12-17;16;2212
11;2025-12-17;17;2805
11;2025-12-17;18;3066
11;2025-12-17;19;2248
11;2025-12-17;20;1473
11;2025-12-17;21;839
11;2025-12-17;22;417
11;2025-12-17;23;227
11;2025-12-18;0;60
11;2025-12-18;1;1
11;2025-12-18;2;0
11;2025-12-18;3;0
11;2025-12-18;4;3
11;2025-12-18;5;282
11;2025-12-18;6;1290
11;2025-12-18;7;2341
11;2025-12-18;8;3037
11;2025-12-18;9;2440
11;2025-12-18;10;1949
11;2025-12-18;11;1825
11;2025-12-18;12;1875
11;2025-12-18;13;2013
11;2025-12-18;14;1992
11;2025-12-18;15;2076
11;2025-12-18;16;2301
11;2025-12-18;17;2846
11;2025-12-18;18;3171
11;2025-12-18;19;2247
11;2025-12-18;20;1443
11;2025-12-18;21;867
11;2025-12-18;22;443
11;2025-12-18;23;229
11;2025-12-19;0;72
11;2025-12-19;1;3
11;2025-12-19;2;0
11;2025-12-19;3;0
11;2025-12-19;4;4
11;2025-12-19;5;292
11;2025-12-19;6;1274
11;2025-12-19;7;2320
11;2025-12-19;8;2993
11;2025-12-19;9;2335
11;2025-12-19;10;1822
11;2025-12-19;11;1815
11;2025-12-19;12;1836
11;2025-12-19;13;1941
11;2025-12-19;14;1991
11;2025-12-19;15;2251
11;2025-12-19;16;2518
11;2025-12-19;17;2910
11;2025-12-19;18;2573
11;2025-12-19;19;2051
11;2025-12-19;20;1408
11;2025-12-19;21;858
11;2025-12-19;22;455
11;2025-12-19;23;279
11;2025-12-20;0;97
11;2025-12-20;1;2
11;2025-12-20;2;0
11;2025-12-20;3;0
11;2025-12-20;4;4
11;2025-12-20;5;195
11;2025-12-20;6;754
11;2025-12-20;7;680
11;2025-12-20;8;955
11;2025-12-20;9;1110
11;2025-12-20;10;1188
11;2025-12-20;11;1593
11;2025-12-20;12;1803
11;2025-12-20;13;1686
11;2025-12-20;14;1728
11;2025-12-20;15;1741
11;2025-12-20;16;1741
11;2025-12-20;17;1734
11;2025-12-20;18;1415
11;2025-12-20;19;1364
11;2025-12-20;20;974
11;2025-12-20;21;699
11;2025-12-20;22;413
11;2025-12-20;23;289
11;2025-12-21;0;95
11;2025-12-21;1;10
11;2025-12-21;2;0
11;2025-12-21;3;1
11;2025-12-21;4;4
11;2025-12-21;5;116
11;2025-12-21;6;457
11;2025-12-21;7;505
11;2025-12-21;8;615
11;2025-12-21;9;869
11;2025-12-21;10;962
11;2025-12-21;11;1389
11;2025-12-21;12;1485
11;2025-12-21;13;1443
11;2025-12-21;14;1493
11;2025-12-21;15;1569
11;2025-12-21;16;1501
11;2025-12-21;17;1589
11;2025-12-21;18;1230
11;2025-12-21;19;1003
11;2025-12-21;20;807
11;2025-12-21;21;589
11;2025-12-21;22;343
11;2025-12-21;23;227
11;2025-12-22;0;73
11;2025-12-22;1;6
11;2025-12-22;2;0
11;2025-12-22;3;0
11;2025-12-22;4;2
11;2025-12-22;5;300
11;2025-12-22;6;1311
11;2025-12-22;7;2332
11;2025-12-22;8;3056
11;2025-12-22;9;2346
11;2025-12-22;10;1746
11;2025-12-22;11;1760
11;2025-12-22;12;1676
11;2025-12-22;13;1823
11;2025-12-22;14;1789
11;2025-12-22;15;1986
11;2025-12-22;16;2239
11;2025-12-22;17;2773
11;2025-12-22;18;3032
11;2025-12-22;19;2323
11;2025-12-22;20;1421
11;2025-12-22;21;854
11;2025-12-22;22;420
11;2025-12-22;23;187
11;2025-12-23;0;57
11;2025-12-23;1;3
11;2025-12-23;2;0
11;2025-12-23;3;0
11;2025-12-23;4;3
11;2025-12-23;5;286
11;2025-12-23;6;1317
11;2025-12-23;7;2399
11;2025-12-23;8;3159
11;2025-12-23;9;2463
11;2025-12-23;10;1805
11;2025-12-23;11;1792
11;2025-12-23;12;1787
11;2025-12-23;13;1928
11;2025-12-23;14;1917
11;2025-12-23;15;2025
11;2025-12-23;16;2254
11;2025-12-23;17;2871
11;2025-12-23;18;3032
11;2025-12-23;19;2319
11;2025-12-23;20;1475
11;2025-12-23;21;853
11;2025-12-23;22;415
11;2025-12-23;23;203
11;2025-12-24;0;64
11;2025-12-24;1;1
11;2025-12-24;2;0
11;2025-12-24;3;0
11;2025-12-24;4;6
11;2025-12-24;5;306
11;2025-12-24;6;1280
11;2025-12-24;7;2367
11;2025-12-24;8;3187
11;2025-12-24;9;2364
11;2025-12-24;10;1790
11;2025-12-24;11;1824
11;2025-12-24;12;1879
11;2025-12-24;13;2004
11;2025-12-24;14;1920
11;2025-12-24;15;2053
11;2025-12-24;16;2203
11;2025-12-24;17;2813
11;2025-12-24;18;3073
11;2025-12-24;19;2267
11;2025-12-24;20;1467
11;2025-12-24;21;837
11;2025-12-24;22;417
11;2025-12-24;23;228
11;2025-12-25;0;61
11;2025-12-25;1;1
11;2025-12-25;2;0
11;2025-12-25;3;0
11;2025-12-25;4;4
11;2025-12-25;5;288
11;2025-12-25;6;1307
11;2025-12-25;7;2337
11;2025-12-25;8;3011
11;2025-12-25;9;2461
11;2025-12-25;10;1957
11;2025-12-25;11;1835
11;2025-12-25;12;1875
11;2025-12-25;13;2017
11;2025-12-25;14;1987
11;2025-12-25;15;2073
11;2025-12-25;16;2303
11;2025-12-25;17;2802
11;2025-12-25;18;2993
11;2025-12-25;19;2246
11;2025-12-25;20;1431
11;2025-12-25;21;871
11;2025-12-25;22;430
11;2025-12-25;23;218
11;2025-12-26;0;57
11;2025-12-26;1;4
11;2025-12-26;2;0
11;2025-12-26;3;0
11;2025-12-26;4;4
11;2025-12-26;5;295
11;2025-12-26;6;1300
11;2025-12-26;7;2230
11;2025-12-26;8;2857
11;2025-12-26;9;2296
11;2025-12-26;10;1804
11;2025-12-26;11;1753
11;2025-12-26;12;1763
11;2025-12-26;13;1913
11;2025-12-26;14;1962
11;2025-12-26;15;2203
11;2025-12-26;16;2473
11;2025-12-26;17;2763
11;2025-12-26;18;2478
11;2025-12-26;19;1967
11;2025-12-26;20;1404
11;2025-12-26;21;884
11;2025-12-26;22;455
11;2025-12-26;23;277
11;2025-12-27;0;101
11;2025-12-27;1;7
11;2025-12-27;2;0
11;2025-12-27;3;1
11;2025-12-27;4;6
11;2025-12-27;5;197
11;2025-12-27;6;776
11;2025-12-27;7;698
11;2025-12-27;8;1002
11;2025-12-27;9;1142
11;2025-12-27;10;1257
11;2025-12-27;11;1632
11;2025-12-27;12;1830
11;2025-12-27;13;1711
11;2025-12-27;14;1747
11;2025-12-27;15;1761
11;2025-12-27;16;1771
11;2025-12-27;17;1779
11;2025-12-27;18;1452
11;2025-12-27;19;1386
11;2025-12-27;20;1023
11;2025-12-27;21;730
11;2025-12-27;22;409
11;2025-12-27;23;300
11;2025-12-28;0;101
11;2025-12-28;1;13
11;2025-12-28;2;0
11;2025-12-28;3;1
11;2025-12-28;4;3
11;2025-12-28;5;115
11;2025-12-28;6;473
11;2025-12-28;7;475
11;2025-12-28;8;595
11;2025-12-28;9;887
11;2025-12-28;10;1003
11;2025-12-28;11;1387
11;2025-12-28;12;1519
11;2025-12-28;13;1479
11;2025-12-28;14;1518
11;2025-12-28;15;1569
11;2025-12-28;16;1539
11;2025-12-28;17;1612
11;2025-12-28;18;1248
11;2025-12-28;19;1048
11;2025-12-28;20;829
11;2025-12-28;21;609
11;2025-12-28;22;359
11;2025-12-28;23;241
11;2025-12-29;0;77
11;2025-12-29;1;10
11;2025-12-29;2;0
11;2025-12-29;3;0
11;2025-12-29;4;4
11;2025-12-29;5;297
11;2025-12-29;6;1327
11;2025-12-29;7;2292
11;2025-12-29;8;2942
11;2025-12-29;9;2351
11;2025-12-29;10;1793
11;2025-12-29;11;1795
11;2025-12-29;12;1707
11;2025-12-29;13;1873
11;2025-12-29;14;1828
11;2025-12-29;15;1988
11;2025-12-29;16;2271
11;2025-12-29;17;2759
11;2025-12-29;18;2941
11;2025-12-29;19;2309
11;2025-12-29;20;1445
11;2025-12-29;21;833
11;2025-12-29;22;425
11;2025-12-29;23;223
11;2025-12-30;0;60
11;2025-12-30;1;3
11;2025-12-30;2;0
11;2025-12-30;3;0
11;2025-12-30;4;5
11;2025-12-30;5;281
11;2025-12-30;6;1332
11;2025-12-30;7;2368
11;2025-12-30;8;2988
11;2025-12-30;9;2420
11;2025-12-30;10;1806
11;2025-12-30;11;1788
11;2025-12-30;12;1782
11;2025-12-30;13;1932
11;2025-12-30;14;1947
11;2025-12-30;15;2025
11;2025-12-30;16;2275
11;2025-12-30;17;2790
11;2025-12-30;18;2902
11;2025-12-30;19;2253
11;2025-12-30;20;1485
11;2025-12-30;21;838
11;2025-12-30;22;420
11;2025-12-30;23;228
11;2025-12-31;0;44
11;2025-12-31;1;0
11;2025-12-31;2;0
11;2025-12-31;3;0
11;2025-12-31;4;0
11;2025-12-31;5;166
11;2025-12-31;6;417
11;2025-12-31;7;415
11;2025-12-31;8;681
11;2025-12-31;9;640
11;2025-12-31;10;578
11;2025-12-31;11;873
11;2025-12-31;12;1048
11;2025-12-31;13;1108
11;2025-12-31;14;1123
11;2025-12-31;15;1180
11;2025-12-31;16;1122
11;2025-12-31;17;1221
11;2025-12-31;18;1149
11;2025-12-31;19;918
11;2025-12-31;20;855
11;2025-12-31;21;592
11;2025-12-31;22;349
11;2025-12-31;23;205
12;2025-11-01;0;74
12;2025-11-01;1;3
12;2025-11-01;2;0
12;2025-11-01;3;0
12;2025-11-01;4;4
12;2025-11-01;5;222
12;2025-11-01;6;840
12;2025-11-01;7;865
12;2025-11-01;8;969
12;2025-11-01;9;1145
12;2025-11-01;10;1355
12;2025-11-01;11;1451
12;2025-11-01;12;1436
12;2025-11-01;13;1697
12;2025-11-01;14;1587
12;2025-11-01;15;1493
12;2025-11-01;16;1587
12;2025-11-01;17;1489
12;2025-11-01;18;1375
12;2025-11-01;19;1316
12;2025-11-01;20;892
12;2025-11-01;21;684
12;2025-11-01;22;386
12;2025-11-01;23;267
12;2025-11-02;0;85
12;2025-11-02;1;8
12;2025-11-02;2;0
12;2025-11-02;3;0
12;2025-11-02;4;5
12;2025-11-02;5;170
12;2025-11-02;6;464
12;2025-11-02;7;554
12;2025-11-02;8;653
12;2025-11-02;9;769
12;2025-11-02;10;914
12;2025-11-02;11;1029
12;2025-11-02;12;1138
12;2025-11-02;13;1330
12;2025-11-02;14;1354
12;2025-11-02;15;1188
12;2025-11-02;16;1353
12;2025-11-02;17;1377
12;2025-11-02;18;1083
12;2025-11-02;19;878
12;2025-11-02;20;738
12;2025-11-02;21;516
12;2025-11-02;22;338
12;2025-11-02;23;208
12;2025-11-03;0;66
12;2025-11-03;1;1
12;2025-11-03;2;0
12;2025-11-03;3;0
12;2025-11-03;4;2
12;2025-11-03;5;252
12;2025-11-03;6;663
12;2025-11-03;7;810
12;2025-11-03;8;895
12;2025-11-03;9;825
12;2025-11-03;10;1001
12;2025-11-03;11;978
12;2025-11-03;12;1006
12;2025-11-03;13;1010
12;2025-11-03;14;1041
12;2025-11-03;15;989
12;2025-11-03;16;1221
12;2025-11-03;17;1270
12;2025-11-03;18;1267
12;2025-11-03;19;1155
12;2025-11-03;20;956
12;2025-11-03;21;657
12;2025-11-03;22;387
12;2025-11-03;23;205
12;2025-11-04;0;50
12;2025-11-04;1;0
12;2025-11-04;2;0
12;2025-11-04;3;0
12;2025-11-04;4;3
12;2025-11-04;5;254
12;2025-11-04;6;640
12;2025-11-04;7;810
12;2025-11-04;8;867
12;2025-11-04;9;767
12;2025-11-04;10;929
12;2025-11-04;11;887
12;2025-11-04;12;930
12;2025-11-04;13;1026
12;2025-11-04;14;1222
12;2025-11-04;15;1172
12;2025-11-04;16;1383
12;2025-11-04;17;1325
12;2025-11-04;18;1182
12;2025-11-04;19;1186
12;2025-11-04;20;943
12;2025-11-04;21;700
12;2025-11-04;22;414
12;2025-11-04;23;213
12;2025-11-05;0;60
12;2025-11-05;1;4
12;2025-11-05;2;0
12;2025-11-05;3;0
12;2025-11-05;4;6
12;2025-11-05;5;336
12;2025-11-05;6;1446
12;2025-11-05;7;2664
12;2025-11-05;8;3321
12;2025-11-05;9;2501
12;2025-11-05;10;2115
12;2025-11-05;11;2010
12;2025-11-05;12;2075
12;2025-11-05;13;2039
12;2025-11-05;14;2077
12;2025-11-05;15;2303
12;2025-11-05;16;2752
12;2025-11-05;17;3015
12;2025-11-05;18;3122
12;2025-11-05;19;2500
12;2025-11-05;20;1492
12;2025-11-05;21;944
12;2025-11-05;22;472
12;2025-11-05;23;236
12;2025-11-06;0;48
12;2025-11-06;1;2
12;2025-11-06;2;0
12;2025-11-06;3;0
12;2025-11-06;4;6
12;2025-11-06;5;329
12;2025-11-06;6;1351
12;2025-11-06;7;2640
12;2025-11-06;8;3346
12;2025-11-06;9;2336
12;2025-11-06;10;1980
12;2025-11-06;11;1922
12;2025-11-06;12;2004
12;2025-11-06;13;2006
12;2025-11-06;14;2004
12;2025-11-06;15;2203
12;2025-11-06;16;2635
12;2025-11-06;17;2945
12;2025-11-06;18;3129
12;2025-11-06;19;2461
12;2025-11-06;20;1499
12;2025-11-06;21;896
12;2025-11-06;22;478
12;2025-11-06;23;237
12;2025-11-07;0;54
12;2025-11-07;1;3
12;2025-11-07;2;0
12;2025-11-07;3;0
12;2025-11-07;4;5
12;2025-11-07;5;315
12;2025-11-07;6;1359
12;2025-11-07;7;2627
12;2025-11-07;8;3315
12;2025-11-07;9;2345
12;2025-11-07;10;1951
12;2025-11-07;11;1965
12;2025-11-07;12;1977
12;2025-11-07;13;2053
12;2025-11-07;14;2073
12;2025-11-07;15;2392
12;2025-11-07;16;2957
12;2025-11-07;17;2978
12;2025-11-07;18;2613
12;2025-11-07;19;2229
12;2025-11-07;20;1394
12;2025-11-07;21;942
12;2025-11-07;22;508
12;2025-11-07;23;280
12;2025-11-08;0;76
12;2025-11-08;1;4
12;2025-11-08;2;0
12;2025-11-08;3;0
12;2025-11-08;4;3
12;2025-11-08;5;252
12;2025-11-08;6;824
12;2025-11-08;7;888
12;2025-11-08;8;980
12;2025-11-08;9;1129
12;2025-11-08;10;1353
12;2025-11-08;11;1438
12;2025-11-08;12;1440
12;2025-11-08;13;1672
12;2025-11-08;14;1607
12;2025-11-08;15;1520
12;2025-11-08;16;1605
12;2025-11-08;17;1536
12;2025-11-08;18;1448
12;2025-11-08;19;1396
12;2025-11-08;20;943
12;2025-11-08;21;660
12;2025-11-08;22;429
12;2025-11-08;23;268
12;2025-11-09;0;87
12;2025-11-09;1;11
12;2025-11-09;2;0
12;2025-11-09;3;0
12;2025-11-09;4;3
12;2025-11-09;5;170
12;2025-11-09;6;525
12;2025-11-09;7;604
12;2025-11-09;8;706
12;2025-11-09;9;893
12;2025-11-09;10;1097
12;2025-11-09;11;1259
12;2025-11-09;12;1323
12;2025-11-09;13;1521
12;2025-11-09;14;1467
12;2025-11-09;15;1356
12;2025-11-09;16;1451
12;2025-11-09;17;1446
12;2025-11-09;18;1217
12;2025-11-09;19;958
12;2025-11-09;20;707
12;2025-11-09;21;566
12;2025-11-09;22;379
12;2025-11-09;23;215
12;2025-11-10;0;69
12;2025-11-10;1;4
12;2025-11-10;2;0
12;2025-11-10;3;0
12;2025-11-10;4;9
12;2025-11-10;5;334
12;2025-11-10;6;1372
12;2025-11-10;7;2728
12;2025-11-10;8;3532
12;2025-11-10;9;2500
12;2025-11-10;10;2035
12;2025-11-10;11;1966
12;2025-11-10;12;2115
12;2025-11-10;13;2040
12;2025-11-10;14;2015
12;2025-11-10;15;2298
12;2025-11-10;16;2726
12;2025-11-10;17;3078
12;2025-11-10;18;3238
12;2025-11-10;19;2512
12;2025-11-10;20;1521
12;2025-11-10;21;895
12;2025-11-10;22;476
12;2025-11-10;23;240
12;2025-11-11;0;54
12;2025-11-11;1;3
12;2025-11-11;2;0
12;2025-11-11;3;0
12;2025-11-11;4;8
12;2025-11-11;5;350
12;2025-11-11;6;1434
12;2025-11-11;7;2812
12;2025-11-11;8;3683
12;2025-11-11;9;2585
12;2025-11-11;10;2186
12;2025-11-11;11;2133
12;2025-11-11;12;2177
12;2025-11-11;13;2154
12;2025-11-11;14;2132
12;2025-11-11;15;2360
12;2025-11-11;16;2812
12;2025-11-11;17;3170
12;2025-11-11;18;3336
12;2025-11-11;19;2579
12;2025-11-11;20;1516
12;2025-11-11;21;927
12;2025-11-11;22;511
12;2025-11-11;23;252
12;2025-11-12;0;62
12;2025-11-12;1;3
12;2025-11-12;2;0
12;2025-11-12;3;0
12;2025-11-12;4;10
12;2025-11-12;5;340
12;2025-11-12;6;1453
12;2025-11-12;7;2778
12;2025-11-12;8;3519
12;2025-11-12;9;2594
12;2025-11-12;10;2206
12;2025-11-12;11;2069
12;2025-11-12;12;2127
12;2025-11-12;13;2072
12;2025-11-12;14;2133
12;2025-11-12;15;2336
12;2025-11-12;16;2817
12;2025-11-12;17;3108
12;2025-11-12;18;3247
12;2025-11-12;19;2554
12;2025-11-12;20;1506
12;2025-11-12;21;919
12;2025-11-12;22;506
12;2025-11-12;23;259
12;2025-11-13;0;58
12;2025-11-13;1;4
12;2025-11-13;2;0
12;2025-11-13;3;0
12;2025-11-13;4;8
12;2025-11-13;5;341
12;2025-11-13;6;1406
12;2025-11-13;7;2795
12;2025-11-13;8;3612
12;2025-11-13;9;2493
12;2025-11-13;10;2124
12;2025-11-13;11;2125
12;2025-11-13;12;2158
12;2025-11-13;13;2138
12;2025-11-13;14;2152
12;2025-11-13;15;2361
12;2025-11-13;16;2828
12;2025-11-13;17;3130
12;2025-11-13;18;3324
12;2025-11-13;19;2591
12;2025-11-13;20;1574
12;2025-11-13;21;928
12;2025-11-13;22;508
12;2025-11-13;23;265
12;2025-11-14;0;60
12;2025-11-14;1;5
12;2025-11-14;2;0
12;2025-11-14;3;0
12;2025-11-14;4;7
12;2025-11-14;5;324
12;2025-11-14;6;1375
12;2025-11-14;7;2699
12;2025-11-14;8;3451
12;2025-11-14;9;2441
12;2025-11-14;10;2045
12;2025-11-14;11;2078
12;2025-11-14;12;2113
12;2025-11-14;13;2147
12;2025-11-14;14;2189
12;2025-11-14;15;2484
12;2025-11-14;16;3008
12;2025-11-14;17;3051
12;2025-11-14;18;2733
12;2025-11-14;19;2287
12;2025-11-14;20;1433
12;2025-11-14;21;959
12;2025-11-14;22;516
12;2025-11-14;23;283
12;2025-11-15;0;70
12;2025-11-15;1;8
12;2025-11-15;2;0
12;2025-11-15;3;0
12;2025-11-15;4;2
12;2025-11-15;5;205
12;2025-11-15;6;725
12;2025-11-15;7;778
12;2025-11-15;8;908
12;2025-11-15;9;1048
12;2025-11-15;10;1257
12;2025-11-15;11;1381
12;2025-11-15;12;1388
12;2025-11-15;13;1668
12;2025-11-15;14;1614
12;2025-11-15;15;1499
12;2025-11-15;16;1570
12;2025-11-15;17;1452
12;2025-11-15;18;1353
12;2025-11-15;19;1326
12;2025-11-15;20;922
12;2025-11-15;21;637
12;2025-11-15;22;393
12;2025-11-15;23;232
12;2025-11-16;0;73
12;2025-11-16;1;4
12;2025-11-16;2;0
12;2025-11-16;3;0
12;2025-11-16;4;0
12;2025-11-16;5;128
12;2025-11-16;6;417
12;2025-11-16;7;516
12;2025-11-16;8;610
12;2025-11-16;9;843
12;2025-11-16;10;1060
12;2025-11-16;11;1267
12;2025-11-16;12;1332
12;2025-11-16;13;1529
12;2025-11-16;14;1450
12;2025-11-16;15;1305
12;2025-11-16;16;1356
12;2025-11-16;17;1326
12;2025-11-16;18;1083
12;2025-11-16;19;843
12;2025-11-16;20;634
12;2025-11-16;21;510
12;2025-11-16;22;325
12;2025-11-16;23;177
12;2025-11-17;0;57
12;2025-11-17;1;0
12;2025-11-17;2;0
12;2025-11-17;3;0
12;2025-11-17;4;4
12;2025-11-17;5;282
12;2025-11-17;6;1228
12;2025-11-17;7;2615
12;2025-11-17;8;3432
12;2025-11-17;9;2364
12;2025-11-17;10;1888
12;2025-11-17;11;1835
12;2025-11-17;12;1940
12;2025-11-17;13;1850
12;2025-11-17;14;1849
12;2025-11-17;15;2165
12;2025-11-17;16;2617
12;2025-11-17;17;3024
12;2025-11-17;18;3234
12;2025-11-17;19;2452
12;2025-11-17;20;1468
12;2025-11-17;21;813
12;2025-11-17;22;435
12;2025-11-17;23;210
12;2025-11-18;0;47
12;2025-11-18;1;2
12;2025-11-18;2;0
12;2025-11-18;3;0
12;2025-11-18;4;7
12;2025-11-18;5;315
12;2025-11-18;6;1398
12;2025-11-18;7;2739
12;2025-11-18;8;3601
12;2025-11-18;9;2513
12;2025-11-18;10;2028
12;2025-11-18;11;2011
12;2025-11-18;12;2061
12;2025-11-18;13;2000
12;2025-11-18;14;1976
12;2025-11-18;15;2259
12;2025-11-18;16;2697
12;2025-11-18;17;3115
12;2025-11-18;18;3288
12;2025-11-18;19;2505
12;2025-11-18;20;1478
12;2025-11-18;21;883
12;2025-11-18;22;488
12;2025-11-18;23;228
12;2025-11-19;0;56
12;2025-11-19;1;6
12;2025-11-19;2;0
12;2025-11-19;3;0
12;2025-11-19;4;7
12;2025-11-19;5;324
12;2025-11-19;6;1449
12;2025-11-19;7;2774
12;2025-11-19;8;3508
12;2025-11-19;9;2534
12;2025-11-19;10;2159
12;2025-11-19;11;2048
12;2025-11-19;12;2118
12;2025-11-19;13;2094
12;2025-11-19;14;2122
12;2025-11-19;15;2326
12;2025-11-19;16;2816
12;2025-11-19;17;3102
12;2025-11-19;18;3243
12;2025-11-19;19;2520
12;2025-11-19;20;1502
12;2025-11-19;21;917
12;2025-11-19;22;486
12;2025-11-19;23;224
12;2025-11-20;0;50
12;2025-11-20;1;3
12;2025-11-20;2;0
12;2025-11-20;3;0
12;2025-11-20;4;6
12;2025-11-20;5;318
12;2025-11-20;6;1379
12;2025-11-20;7;2799
12;2025-11-20;8;3588
12;2025-11-20;9;2466
12;2025-11-20;10;2106
12;2025-11-20;11;2101
12;2025-11-20;12;2132
12;2025-11-20;13;2120
12;2025-11-20;14;2138
12;2025-11-20;15;2340
12;2025-11-20;16;2813
12;2025-11-20;17;3123
12;2025-11-20;18;3319
12;2025-11-20;19;2558
12;2025-11-20;20;1563
12;2025-11-20;21;896
12;2025-11-20;22;483
12;2025-11-20;23;250
12;2025-11-21;0;53
12;2025-11-21;1;3
12;2025-11-21;2;0
12;2025-11-21;3;0
12;2025-11-21;4;6
12;2025-11-21;5;294
12;2025-11-21;6;1369
12;2025-11-21;7;2708
12;2025-11-21;8;3484
12;2025-11-21;9;2404
12;2025-11-21;10;2015
12;2025-11-21;11;2047
12;2025-11-21;12;2064
12;2025-11-21;13;2143
12;2025-11-21;14;2169
12;2025-11-21;15;2458
12;2025-11-21;16;3030
12;2025-11-21;17;3055
12;2025-11-21;18;2737
12;2025-11-21;19;2289
12;2025-11-21;20;1443
12;2025-11-21;21;921
12;2025-11-21;22;498
12;2025-11-21;23;274
12;2025-11-22;0;79
12;2025-11-22;1;7
12;2025-11-22;2;0
12;2025-11-22;3;0
12;2025-11-22;4;2
12;2025-11-22;5;194
12;2025-11-22;6;747
12;2025-11-22;7;839
12;2025-11-22;8;922
12;2025-11-22;9;1094
12;2025-11-22;10;1338
12;2025-11-22;11;1481
12;2025-11-22;12;1481
12;2025-11-22;13;1732
12;2025-11-22;14;1631
12;2025-11-22;15;1499
12;2025-11-22;16;1600
12;2025-11-22;17;1519
12;2025-11-22;18;1438
12;2025-11-22;19;1380
12;2025-11-22;20;928
12;2025-11-22;21;632
12;2025-11-22;22;382
12;2025-11-22;23;241
12;2025-11-23;0;79
12;2025-11-23;1;8
12;2025-11-23;2;0
12;2025-11-23;3;0
12;2025-11-23;4;1
12;2025-11-23;5;149
12;2025-11-23;6;477
12;2025-11-23;7;564
12;2025-11-23;8;684
12;2025-11-23;9;868
12;2025-11-23;10;1092
12;2025-11-23;11;1316
12;2025-11-23;12;1397
12;2025-11-23;13;1642
12;2025-11-23;14;1557
12;2025-11-23;15;1428
12;2025-11-23;16;1489
12;2025-11-23;17;1466
12;2025-11-23;18;1194
12;2025-11-23;19;943
12;2025-11-23;20;707
12;2025-11-23;21;519
12;2025-11-23;22;346
12;2025-11-23;23;190
12;2025-11-24;0;60
12;2025-11-24;1;4
12;2025-11-24;2;0
12;2025-11-24;3;0
12;2025-11-24;4;7
12;2025-11-24;5;297
12;2025-11-24;6;1286
12;2025-11-24;7;2614
12;2025-11-24;8;3468
12;2025-11-24;9;2395
12;2025-11-24;10;1881
12;2025-11-24;11;1795
12;2025-11-24;12;1951
12;2025-11-24;13;1939
12;2025-11-24;14;1863
12;2025-11-24;15;2128
12;2025-11-24;16;2599
12;2025-11-24;17;2943
12;2025-11-24;18;3160
12;2025-11-24;19;2417
12;2025-11-24;20;1452
12;2025-11-24;21;863
12;2025-11-24;22;445
12;2025-11-24;23;215
12;2025-11-25;0;40
12;2025-11-25;1;2
12;2025-11-25;2;0
12;2025-11-25;3;0
12;2025-11-25;4;8
12;2025-11-25;5;311
12;2025-11-25;6;1355
12;2025-11-25;7;2747
12;2025-11-25;8;3613
12;2025-11-25;9;2478
12;2025-11-25;10;2066
12;2025-11-25;11;2006
12;2025-11-25;12;2063
12;2025-11-25;13;2064
12;2025-11-25;14;2015
12;2025-11-25;15;2255
12;2025-11-25;16;2718
12;2025-11-25;17;3084
12;2025-11-25;18;3287
12;2025-11-25;19;2468
12;2025-11-25;20;1445
12;2025-11-25;21;861
12;2025-11-25;22;477
12;2025-11-25;23;223
12;2025-11-26;0;45
12;2025-11-26;1;5
12;2025-11-26;2;0
12;2025-11-26;3;0
12;2025-11-26;4;7
12;2025-11-26;5;281
12;2025-11-26;6;1376
12;2025-11-26;7;2478
12;2025-11-26;8;3263
12;2025-11-26;9;2340
12;2025-11-26;10;1925
12;2025-11-26;11;1806
12;2025-11-26;12;1826
12;2025-11-26;13;1837
12;2025-11-26;14;1830
12;2025-11-26;15;2052
12;2025-11-26;16;2509
12;2025-11-26;17;2783
12;2025-11-26;18;2951
12;2025-11-26;19;2237
12;2025-11-26;20;1393
12;2025-11-26;21;831
12;2025-11-26;22;445
12;2025-11-26;23;214
12;2025-11-27;0;41
12;2025-11-27;1;0
12;2025-11-27;2;0
12;2025-11-27;3;0
12;2025-11-27;4;8
12;2025-11-27;5;311
12;2025-11-27;6;1335
12;2025-11-27;7;2458
12;2025-11-27;8;3273
12;2025-11-27;9;2144
12;2025-11-27;10;1764
12;2025-11-27;11;1767
12;2025-11-27;12;1761
12;2025-11-27;13;1735
12;2025-11-27;14;1790
12;2025-11-27;15;1978
12;2025-11-27;16;2388
12;2025-11-27;17;2698
12;2025-11-27;18;2918
12;2025-11-27;19;2192
12;2025-11-27;20;1449
12;2025-11-27;21;845
12;2025-11-27;22;442
12;2025-11-27;23;236
12;2025-11-28;0;41
12;2025-11-28;1;0
12;2025-11-28;2;0
12;2025-11-28;3;0
12;2025-11-28;4;7
12;2025-11-28;5;282
12;2025-11-28;6;1314
12;2025-11-28;7;2352
12;2025-11-28;8;3139
12;2025-11-28;9;2089
12;2025-11-28;10;1683
12;2025-11-28;11;1720
12;2025-11-28;12;1691
12;2025-11-28;13;1782
12;2025-11-28;14;1790
12;2025-11-28;15;2110
12;2025-11-28;16;2654
12;2025-11-28;17;2703
12;2025-11-28;18;2368
12;2025-11-28;19;1911
12;2025-11-28;20;1311
12;2025-11-28;21;874
12;2025-11-28;22;476
12;2025-11-28;23;263
12;2025-11-29;0;64
12;2025-11-29;1;6
12;2025-11-29;2;0
12;2025-11-29;3;0
12;2025-11-29;4;2
12;2025-11-29;5;205
12;2025-11-29;6;748
12;2025-11-29;7;752
12;2025-11-29;8;849
12;2025-11-29;9;979
12;2025-11-29;10;1214
12;2025-11-29;11;1334
12;2025-11-29;12;1340
12;2025-11-29;13;1486
12;2025-11-29;14;1424
12;2025-11-29;15;1338
12;2025-11-29;16;1385
12;2025-11-29;17;1306
12;2025-11-29;18;1255
12;2025-11-29;19;1176
12;2025-11-29;20;819
12;2025-11-29;21;578
12;2025-11-29;22;369
12;2025-11-29;23;230
12;2025-11-30;0;68
12;2025-11-30;1;7
12;2025-11-30;2;0
12;2025-11-30;3;0
12;2025-11-30;4;0
12;2025-11-30;5;131
12;2025-11-30;6;424
12;2025-11-30;7;474
12;2025-11-30;8;574
12;2025-11-30;9;762
12;2025-11-30;10;995
12;2025-11-30;11;1153
12;2025-11-30;12;1203
12;2025-11-30;13;1355
12;2025-11-30;14;1256
12;2025-11-30;15;1251
12;2025-11-30;16;1226
12;2025-11-30;17;1223
12;2025-11-30;18;1066
12;2025-11-30;19;809
12;2025-11-30;20;647
12;2025-11-30;21;518
12;2025-11-30;22;335
12;2025-11-30;23;187
12;2025-12-01;0;48
12;2025-12-01;1;0
12;2025-12-01;2;0
12;2025-12-01;3;0
12;2025-12-01;4;0
12;2025-12-01;5;282
12;2025-12-01;6;1206
12;2025-12-01;7;2157
12;2025-12-01;8;3041
12;2025-12-01;9;1931
12;2025-12-01;10;1469
12;2025-12-01;11;1470
12;2025-12-01;12;1529
12;2025-12-01;13;1497
12;2025-12-01;14;1510
12;2025-12-01;15;1747
12;2025-12-01;16;2141
12;2025-12-01;17;2495
12;2025-12-01;18;2744
12;2025-12-01;19;1916
12;2025-12-01;20;1275
12;2025-12-01;21;768
12;2025-12-01;22;397
12;2025-12-01;23;189
12;2025-12-02;0;29
12;2025-12-02;1;0
12;2025-12-02;2;0
12;2025-12-02;3;0
12;2025-12-02;4;0
12;2025-12-02;5;312
12;2025-12-02;6;1236
12;2025-12-02;7;2301
12;2025-12-02;8;3252
12;2025-12-02;9;2059
12;2025-12-02;10;1691
12;2025-12-02;11;1634
12;2025-12-02;12;1641
12;2025-12-02;13;1659
12;2025-12-02;14;1607
12;2025-12-02;15;1846
12;2025-12-02;16;2252
12;2025-12-02;17;2643
12;2025-12-02;18;2890
12;2025-12-02;19;2032
12;2025-12-02;20;1284
12;2025-12-02;21;792
12;2025-12-02;22;426
12;2025-12-02;23;203
12;2025-12-03;0;45
12;2025-12-03;1;2
12;2025-12-03;2;0
12;2025-12-03;3;0
12;2025-12-03;4;1
12;2025-12-03;5;314
12;2025-12-03;6;1327
12;2025-12-03;7;2424
12;2025-12-03;8;3175
12;2025-12-03;9;2300
12;2025-12-03;10;1882
12;2025-12-03;11;1796
12;2025-12-03;12;1826
12;2025-12-03;13;1797
12;2025-12-03;14;1788
12;2025-12-03;15;2002
12;2025-12-03;16;2498
12;2025-12-03;17;2785
12;2025-12-03;18;2915
12;2025-12-03;19;2176
12;2025-12-03;20;1346
12;2025-12-03;21;849
12;2025-12-03;22;444
12;2025-12-03;23;228
12;2025-12-04;0;41
12;2025-12-04;1;1
12;2025-12-04;2;0
12;2025-12-04;3;0
12;2025-12-04;4;3
12;2025-12-04;5;291
12;2025-12-04;6;1313
12;2025-12-04;7;2468
12;2025-12-04;8;3290
12;2025-12-04;9;2187
12;2025-12-04;10;1814
12;2025-12-04;11;1810
12;2025-12-04;12;1808
12;2025-12-04;13;1817
12;2025-12-04;14;1837
12;2025-12-04;15;2051
12;2025-12-04;16;2452
12;2025-12-04;17;2787
12;2025-12-04;18;2985
12;2025-12-04;19;2218
12;2025-12-04;20;1442
12;2025-12-04;21;847
12;2025-12-04;22;434
12;2025-12-04;23;228
12;2025-12-05;0;45
12;2025-12-05;1;0
12;2025-12-05;2;0
12;2025-12-05;3;0
12;2025-12-05;4;3
12;2025-12-05;5;286
12;2025-12-05;6;1336
12;2025-12-05;7;2450
12;2025-12-05;8;3225
12;2025-12-05;9;2195
12;2025-12-05;10;1800
12;2025-12-05;11;1820
12;2025-12-05;12;1817
12;2025-12-05;13;1911
12;2025-12-05;14;1920
12;2025-12-05;15;2221
12;2025-12-05;16;2752
12;2025-12-05;17;2802
12;2025-12-05;18;2469
12;2025-12-05;19;2044
12;2025-12-05;20;1377
12;2025-12-05;21;914
12;2025-12-05;22;478
12;2025-12-05;23;266
12;2025-12-06;0;66
12;2025-12-06;1;1
12;2025-12-06;2;0
12;2025-12-06;3;0
12;2025-12-06;4;1
12;2025-12-06;5;206
12;2025-12-06;6;756
12;2025-12-06;7;801
12;2025-12-06;8;909
12;2025-12-06;9;1038
12;2025-12-06;10;1281
12;2025-12-06;11;1391
12;2025-12-06;12;1380
12;2025-12-06;13;1578
12;2025-12-06;14;1496
12;2025-12-06;15;1418
12;2025-12-06;16;1479
12;2025-12-06;17;1409
12;2025-12-06;18;1340
12;2025-12-06;19;1260
12;2025-12-06;20;879
12;2025-12-06;21;612
12;2025-12-06;22;390
12;2025-12-06;23;245
12;2025-12-07;0;83
12;2025-12-07;1;8
12;2025-12-07;2;0
12;2025-12-07;3;0
12;2025-12-07;4;3
12;2025-12-07;5;135
12;2025-12-07;6;468
12;2025-12-07;7;558
12;2025-12-07;8;665
12;2025-12-07;9;875
12;2025-12-07;10;1083
12;2025-12-07;11;1264
12;2025-12-07;12;1295
12;2025-12-07;13;1493
12;2025-12-07;14;1422
12;2025-12-07;15;1322
12;2025-12-07;16;1376
12;2025-12-07;17;1395
12;2025-12-07;18;1175
12;2025-12-07;19;933
12;2025-12-07;20;712
12;2025-12-07;21;556
12;2025-12-07;22;373
12;2025-12-07;23;212
12;2025-12-08;0;64
12;2025-12-08;1;5
12;2025-12-08;2;0
12;2025-12-08;3;0
12;2025-12-08;4;6
12;2025-12-08;5;331
12;2025-12-08;6;1364
12;2025-12-08;7;2559
12;2025-12-08;8;3398
12;2025-12-08;9;2371
12;2025-12-08;10;1900
12;2025-12-08;11;1867
12;2025-12-08;12;1965
12;2025-12-08;13;1907
12;2025-12-08;14;1883
12;2025-12-08;15;2142
12;2025-12-08;16;2559
12;2025-12-08;17;2919
12;2025-12-08;18;3098
12;2025-12-08;19;2364
12;2025-12-08;20;1503
12;2025-12-08;21;872
12;2025-12-08;22;464
12;2025-12-08;23;233
12;2025-12-09;0;46
12;2025-12-09;1;2
12;2025-12-09;2;0
12;2025-12-09;3;0
12;2025-12-09;4;7
12;2025-12-09;5;347
12;2025-12-09;6;1407
12;2025-12-09;7;2675
12;2025-12-09;8;3588
12;2025-12-09;9;2500
12;2025-12-09;10;2100
12;2025-12-09;11;2029
12;2025-12-09;12;2044
12;2025-12-09;13;2031
12;2025-12-09;14;1984
12;2025-12-09;15;2217
12;2025-12-09;16;2643
12;2025-12-09;17;3026
12;2025-12-09;18;3204
12;2025-12-09;19;2433
12;2025-12-09;20;1492
12;2025-12-09;21;882
12;2025-12-09;22;483
12;2025-12-09;23;237
12;2025-12-10;0;52
12;2025-12-10;1;4
12;2025-12-10;2;0
12;2025-12-10;3;0
12;2025-12-10;4;6
12;2025-12-10;5;328
12;2025-12-10;6;1437
12;2025-12-10;7;2661
12;2025-12-10;8;3459
12;2025-12-10;9;2532
12;2025-12-10;10;2124
12;2025-12-10;11;2020
12;2025-12-10;12;2055
12;2025-12-10;13;2034
12;2025-12-10;14;2044
12;2025-12-10;15;2255
12;2025-12-10;16;2724
12;2025-12-10;17;3036
12;2025-12-10;18;3133
12;2025-12-10;19;2443
12;2025-12-10;20;1510
12;2025-12-10;21;905
12;2025-12-10;22;489
12;2025-12-10;23;250
12;2025-12-11;0;52
12;2025-12-11;1;3
12;2025-12-11;2;0
12;2025-12-11;3;0
12;2025-12-11;4;6
12;2025-12-11;5;300
12;2025-12-11;6;1356
12;2025-12-11;7;2658
12;2025-12-11;8;3438
12;2025-12-11;9;2385
12;2025-12-11;10;1974
12;2025-12-11;11;1999
12;2025-12-11;12;2007
12;2025-12-11;13;2019
12;2025-12-11;14;2031
12;2025-12-11;15;2243
12;2025-12-11;16;2650
12;2025-12-11;17;2957
12;2025-12-11;18;3118
12;2025-12-11;19;2391
12;2025-12-11;20;1552
12;2025-12-11;21;893
12;2025-12-11;22;479
12;2025-12-11;23;257
12;2025-12-12;0;53
12;2025-12-12;1;2
12;2025-12-12;2;0
12;2025-12-12;3;0
12;2025-12-12;4;5
12;2025-12-12;5;300
12;2025-12-12;6;1353
12;2025-12-12;7;2590
12;2025-12-12;8;3401
12;2025-12-12;9;2371
12;2025-12-12;10;1953
12;2025-12-12;11;1986
12;2025-12-12;12;1918
12;2025-12-12;13;1978
12;2025-12-12;14;1984
12;2025-12-12;15;2270
12;2025-12-12;16;2839
12;2025-12-12;17;2938
12;2025-12-12;18;2559
12;2025-12-12;19;2195
12;2025-12-12;20;1425
12;2025-12-12;21;919
12;2025-12-12;22;518
12;2025-12-12;23;266
12;2025-12-13;0;76
12;2025-12-13;1;0
12;2025-12-13;2;0
12;2025-12-13;3;0
12;2025-12-13;4;0
12;2025-12-13;5;210
12;2025-12-13;6;784
12;2025-12-13;7;845
12;2025-12-13;8;951
12;2025-12-13;9;1115
12;2025-12-13;10;1314
12;2025-12-13;11;1436
12;2025-12-13;12;1413
12;2025-12-13;13;1640
12;2025-12-13;14;1522
12;2025-12-13;15;1415
12;2025-12-13;16;1502
12;2025-12-13;17;1464
12;2025-12-13;18;1375
12;2025-12-13;19;1346
12;2025-12-13;20;935
12;2025-12-13;21;631
12;2025-12-13;22;396
12;2025-12-13;23;239
12;2025-12-14;0;77
12;2025-12-14;1;7
12;2025-12-14;2;0
12;2025-12-14;3;0
12;2025-12-14;4;0
12;2025-12-14;5;137
12;2025-12-14;6;481
12;2025-12-14;7;564
12;2025-12-14;8;659
12;2025-12-14;9;852
12;2025-12-14;10;1056
12;2025-12-14;11;1236
12;2025-12-14;12;1269
12;2025-12-14;13;1473
12;2025-12-14;14;1394
12;2025-12-14;15;1290
12;2025-12-14;16;1391
12;2025-12-14;17;1408
12;2025-12-14;18;1196
12;2025-12-14;19;973
12;2025-12-14;20;719
12;2025-12-14;21;540
12;2025-12-14;22;355
12;2025-12-14;23;199
12;2025-12-15;0;65
12;2025-12-15;1;2
12;2025-12-15;2;0
12;2025-12-15;3;0
12;2025-12-15;4;1
12;2025-12-15;5;323
12;2025-12-15;6;1280
12;2025-12-15;7;2572
12;2025-12-15;8;3422
12;2025-12-15;9;2395
12;2025-12-15;10;1894
12;2025-12-15;11;1843
12;2025-12-15;12;1945
12;2025-12-15;13;1921
12;2025-12-15;14;1869
12;2025-12-15;15;2157
12;2025-12-15;16;2601
12;2025-12-15;17;2962
12;2025-12-15;18;3119
12;2025-12-15;19;2393
12;2025-12-15;20;1473
12;2025-12-15;21;830
12;2025-12-15;22;440
12;2025-12-15;23;222
12;2025-12-16;0;48
12;2025-12-16;1;0
12;2025-12-16;2;0
12;2025-12-16;3;0
12;2025-12-16;4;5
12;2025-12-16;5;330
12;2025-12-16;6;1359
12;2025-12-16;7;2711
12;2025-12-16;8;3622
12;2025-12-16;9;2509
12;2025-12-16;10;2093
12;2025-12-16;11;2016
12;2025-12-16;12;2004
12;2025-12-16;13;1999
12;2025-12-16;14;2000
12;2025-12-16;15;2262
12;2025-12-16;16;2686
12;2025-12-16;17;3104
12;2025-12-16;18;3263
12;2025-12-16;19;2481
12;2025-12-16;20;1516
12;2025-12-16;21;886
12;2025-12-16;22;486
12;2025-12-16;23;244
12;2025-12-17;0;57
12;2025-12-17;1;3
12;2025-12-17;2;0
12;2025-12-17;3;0
12;2025-12-17;4;8
12;2025-12-17;5;313
12;2025-12-17;6;1436
12;2025-12-17;7;2674
12;2025-12-17;8;3492
12;2025-12-17;9;2536
12;2025-12-17;10;2122
12;2025-12-17;11;2028
12;2025-12-17;12;2054
12;2025-12-17;13;2043
12;2025-12-17;14;2052
12;2025-12-17;15;2252
12;2025-12-17;16;2731
12;2025-12-17;17;3041
12;2025-12-17;18;3134
12;2025-12-17;19;2437
12;2025-12-17;20;1504
12;2025-12-17;21;884
12;2025-12-17;22;480
12;2025-12-17;23;247
12;2025-12-18;0;48
12;2025-12-18;1;4
12;2025-12-18;2;0
12;2025-12-18;3;0
12;2025-12-18;4;5
12;2025-12-18;5;316
12;2025-12-18;6;1358
12;2025-12-18;7;2675
12;2025-12-18;8;3539
12;2025-12-18;9;2410
12;2025-12-18;10;2022
12;2025-12-18;11;2029
12;2025-12-18;12;2039
12;2025-12-18;13;2027
12;2025-12-18;14;2022
12;2025-12-18;15;2247
12;2025-12-18;16;2697
12;2025-12-18;17;3054
12;2025-12-18;18;3212
12;2025-12-18;19;2460
12;2025-12-18;20;1571
12;2025-12-18;21;903
12;2025-12-18;22;474
12;2025-12-18;23;258
12;2025-12-19;0;61
12;2025-12-19;1;3
12;2025-12-19;2;0
12;2025-12-19;3;0
12;2025-12-19;4;6
12;2025-12-19;5;302
12;2025-12-19;6;1355
12;2025-12-19;7;2629
12;2025-12-19;8;3419
12;2025-12-19;9;2401
12;2025-12-19;10;1958
12;2025-12-19;11;1993
12;2025-12-19;12;1985
12;2025-12-19;13;2056
12;2025-12-19;14;2052
12;2025-12-19;15;2365
12;2025-12-19;16;2935
12;2025-12-19;17;3015
12;2025-12-19;18;2614
12;2025-12-19;19;2209
12;2025-12-19;20;1437
12;2025-12-19;21;926
12;2025-12-19;22;502
12;2025-12-19;23;288
12;2025-12-20;0;81
12;2025-12-20;1;5
12;2025-12-20;2;0
12;2025-12-20;3;0
12;2025-12-20;4;3
12;2025-12-20;5;248
12;2025-12-20;6;812
12;2025-12-20;7;877
12;2025-12-20;8;977
12;2025-12-20;9;1125
12;2025-12-20;10;1330
12;2025-12-20;11;1466
12;2025-12-20;12;1434
12;2025-12-20;13;1668
12;2025-12-20;14;1559
12;2025-12-20;15;1474
12;2025-12-20;16;1554
12;2025-12-20;17;1493
12;2025-12-20;18;1380
12;2025-12-20;19;1318
12;2025-12-20;20;914
12;2025-12-20;21;636
12;2025-12-20;22;412
12;2025-12-20;23;265
12;2025-12-21;0;77
12;2025-12-21;1;6
12;2025-12-21;2;0
12;2025-12-21;3;0
12;2025-12-21;4;2
12;2025-12-21;5;153
12;2025-12-21;6;464
12;2025-12-21;7;593
12;2025-12-21;8;679
12;2025-12-21;9;881
12;2025-12-21;10;1064
12;2025-12-21;11;1247
12;2025-12-21;12;1284
12;2025-12-21;13;1502
12;2025-12-21;14;1414
12;2025-12-21;15;1336
12;2025-12-21;16;1406
12;2025-12-21;17;1429
12;2025-12-21;18;1186
12;2025-12-21;19;948
12;2025-12-21;20;714
12;2025-12-21;21;548
12;2025-12-21;22;352
12;2025-12-21;23;208
12;2025-12-22;0;67
12;2025-12-22;1;6
12;2025-12-22;2;0
12;2025-12-22;3;0
12;2025-12-22;4;5
12;2025-12-22;5;338
12;2025-12-22;6;1361
12;2025-12-22;7;2595
12;2025-12-22;8;3450
12;2025-12-22;9;2414
12;2025-12-22;10;1897
12;2025-12-22;11;1859
12;2025-12-22;12;1976
12;2025-12-22;13;1919
12;2025-12-22;14;1878
12;2025-12-22;15;2176
12;2025-12-22;16;2564
12;2025-12-22;17;2931
12;2025-12-22;18;3088
12;2025-12-22;19;2388
12;2025-12-22;20;1483
12;2025-12-22;21;862
12;2025-12-22;22;447
12;2025-12-22;23;204
12;2025-12-23;0;48
12;2025-12-23;1;0
12;2025-12-23;2;0
12;2025-12-23;3;0
12;2025-12-23;4;2
12;2025-12-23;5;348
12;2025-12-23;6;1359
12;2025-12-23;7;2634
12;2025-12-23;8;3561
12;2025-12-23;9;2480
12;2025-12-23;10;2059
12;2025-12-23;11;2003
12;2025-12-23;12;2019
12;2025-12-23;13;2013
12;2025-12-23;14;1953
12;2025-12-23;15;2207
12;2025-12-23;16;2641
12;2025-12-23;17;3061
12;2025-12-23;18;3194
12;2025-12-23;19;2443
12;2025-12-23;20;1472
12;2025-12-23;21;861
12;2025-12-23;22;479
12;2025-12-23;23;226
12;2025-12-24;0;59
12;2025-12-24;1;2
12;2025-12-24;2;0
12;2025-12-24;3;0
12;2025-12-24;4;5
12;2025-12-24;5;325
12;2025-12-24;6;1404
12;2025-12-24;7;2640
12;2025-12-24;8;3431
12;2025-12-24;9;2507
12;2025-12-24;10;2098
12;2025-12-24;11;2002
12;2025-12-24;12;2026
12;2025-12-24;13;2004
12;2025-12-24;14;1999
12;2025-12-24;15;2227
12;2025-12-24;16;2700
12;2025-12-24;17;3030
12;2025-12-24;18;3120
12;2025-12-24;19;2427
12;2025-12-24;20;1469
12;2025-12-24;21;862
12;2025-12-24;22;468
12;2025-12-24;23;238
12;2025-12-25;0;47
12;2025-12-25;1;2
12;2025-12-25;2;0
12;2025-12-25;3;0
12;2025-12-25;4;7
12;2025-12-25;5;315
12;2025-12-25;6;1356
12;2025-12-25;7;2644
12;2025-12-25;8;3438
12;2025-12-25;9;2419
12;2025-12-25;10;2022
12;2025-12-25;11;2015
12;2025-12-25;12;2024
12;2025-12-25;13;2021
12;2025-12-25;14;2015
12;2025-12-25;15;2244
12;2025-12-25;16;2688
12;2025-12-25;17;3009
12;2025-12-25;18;3052
12;2025-12-25;19;2447
12;2025-12-25;20;1532
12;2025-12-25;21;892
12;2025-12-25;22;453
12;2025-12-25;23;243
12;2025-12-26;0;47
12;2025-12-26;1;4
12;2025-12-26;2;0
12;2025-12-26;3;0
12;2025-12-26;4;1
12;2025-12-26;5;332
12;2025-12-26;6;1374
12;2025-12-26;7;2489
12;2025-12-26;8;3277
12;2025-12-26;9;2390
12;2025-12-26;10;1955
12;2025-12-26;11;1938
12;2025-12-26;12;1921
12;2025-12-26;13;2035
12;2025-12-26;14;2043
12;2025-12-26;15;2347
12;2025-12-26;16;2877
12;2025-12-26;17;2903
12;2025-12-26;18;2547
12;2025-12-26;19;2137
12;2025-12-26;20;1429
12;2025-12-26;21;959
12;2025-12-26;22;513
12;2025-12-26;23;285
12;2025-12-27;0;84
12;2025-12-27;1;8
12;2025-12-27;2;0
12;2025-12-27;3;0
12;2025-12-27;4;4
12;2025-12-27;5;237
12;2025-12-27;6;828
12;2025-12-27;7;887
12;2025-12-27;8;1016
12;2025-12-27;9;1161
12;2025-12-27;10;1367
12;2025-12-27;11;1485
12;2025-12-27;12;1458
12;2025-12-27;13;1671
12;2025-12-27;14;1552
12;2025-12-27;15;1477
12;2025-12-27;16;1559
12;2025-12-27;17;1489
12;2025-12-27;18;1386
12;2025-12-27;19;1337
12;2025-12-27;20;946
12;2025-12-27;21;660
12;2025-12-27;22;405
12;2025-12-27;23;269
12;2025-12-28;0;85
12;2025-12-28;1;10
12;2025-12-28;2;0
12;2025-12-28;3;0
12;2025-12-28;4;3
12;2025-12-28;5;160
12;2025-12-28;6;486
12;2025-12-28;7;563
12;2025-12-28;8;671
12;2025-12-28;9;900
12;2025-12-28;10;1118
12;2025-12-28;11;1267
12;2025-12-28;12;1320
12;2025-12-28;13;1533
12;2025-12-28;14;1431
12;2025-12-28;15;1365
12;2025-12-28;16;1440
12;2025-12-28;17;1442
12;2025-12-28;18;1214
12;2025-12-28;19;994
12;2025-12-28;20;735
12;2025-12-28;21;565
12;2025-12-28;22;369
12;2025-12-28;23;219
12;2025-12-29;0;72
12;2025-12-29;1;7
12;2025-12-29;2;0
12;2025-12-29;3;0
12;2025-12-29;4;7
12;2025-12-29;5;335
12;2025-12-29;6;1356
12;2025-12-29;7;2525
12;2025-12-29;8;3245
12;2025-12-29;9;2409
12;2025-12-29;10;1944
12;2025-12-29;11;1870
12;2025-12-29;12;1965
12;2025-12-29;13;1945
12;2025-12-29;14;1884
12;2025-12-29;15;2155
12;2025-12-29;16;2607
12;2025-12-29;17;2899
12;2025-12-29;18;2977
12;2025-12-29;19;2398
12;2025-12-29;20;1509
12;2025-12-29;21;883
12;2025-12-29;22;468
12;2025-12-29;23;237
12;2025-12-30;0;53
12;2025-12-30;1;2
12;2025-12-30;2;0
12;2025-12-30;3;0
12;2025-12-30;4;8
12;2025-12-30;5;344
12;2025-12-30;6;1380
12;2025-12-30;7;2624
12;2025-12-30;8;3279
12;2025-12-30;9;2492
12;2025-12-30;10;2070
12;2025-12-30;11;2001
12;2025-12-30;12;2017
12;2025-12-30;13;2036
12;2025-12-30;14;1985
12;2025-12-30;15;2216
12;2025-12-30;16;2670
12;2025-12-30;17;2973
12;2025-12-30;18;3058
12;2025-12-30;19;2390
12;2025-12-30;20;1483
12;2025-12-30;21;890
12;2025-12-30;22;488
12;2025-12-30;23;246
12;2025-12-31;0;32
12;2025-12-31;1;0
12;2025-12-31;2;0
12;2025-12-31;3;0
12;2025-12-31;4;0
12;2025-12-31;5;165
12;2025-12-31;6;443
12;2025-12-31;7;586
12;2025-12-31;8;681
12;2025-12-31;9;560
12;2025-12-31;10;752
12;2025-12-31;11;858
12;2025-12-31;12;1037
12;2025-12-31;13;1071
12;2025-12-31;14;1098
12;2025-12-31;15;1104
12;2025-12-31;16;1341
12;2025-12-31;17;1230
12;2025-12-31;18;1086
12;2025-12-31;19;904
12;2025-12-31;20;774
12;2025-12-31;21;525
12;2025-12-31;22;350
12;2025-12-31;23;181
17;2025-11-01;0;186
17;2025-11-01;1;27
17;2025-11-01;2;0
17;2025-11-01;3;0
17;2025-11-01;4;4
17;2025-11-01;5;124
17;2025-11-01;6;532
17;2025-11-01;7;1154
17;2025-11-01;8;1649
17;2025-11-01;9;2078
17;2025-11-01;10;2354
17;2025-11-01;11;2822
17;2025-11-01;12;3084
17;2025-11-01;13;3325
17;2025-11-01;14;3387
17;2025-11-01;15;3390
17;2025-11-01;16;3439
17;2025-11-01;17;3299
17;2025-11-01;18;2774
17;2025-11-01;19;2302
17;2025-11-01;20;1830
17;2025-11-01;21;1358
17;2025-11-01;22;792
17;2025-11-01;23;432
17;2025-11-02;0;171
17;2025-11-02;1;26
17;2025-11-02;2;0
17;2025-11-02;3;0
17;2025-11-02;4;5
17;2025-11-02;5;92
17;2025-11-02;6;358
17;2025-11-02;7;669
17;2025-11-02;8;1010
17;2025-11-02;9;1451
17;2025-11-02;10;1588
17;2025-11-02;11;1976
17;2025-11-02;12;2370
17;2025-11-02;13;2499
17;2025-11-02;14;2665
17;2025-11-02;15;2626
17;2025-11-02;16;2636
17;2025-11-02;17;2482
17;2025-11-02;18;2162
17;2025-11-02;19;1764
17;2025-11-02;20;1503
17;2025-11-02;21;1009
17;2025-11-02;22;675
17;2025-11-02;23;305
17;2025-11-03;0;101
17;2025-11-03;1;8
17;2025-11-03;2;0
17;2025-11-03;3;0
17;2025-11-03;4;15
17;2025-11-03;5;199
17;2025-11-03;6;572
17;2025-11-03;7;1629
17;2025-11-03;8;2812
17;2025-11-03;9;1671
17;2025-11-03;10;1782
17;2025-11-03;11;1984
17;2025-11-03;12;2004
17;2025-11-03;13;1925
17;2025-11-03;14;2028
17;2025-11-03;15;1932
17;2025-11-03;16;1997
17;2025-11-03;17;2470
17;2025-11-03;18;2859
17;2025-11-03;19;2120
17;2025-11-03;20;1692
17;2025-11-03;21;1156
17;2025-11-03;22;718
17;2025-11-03;23;304
17;2025-11-04;0;112
17;2025-11-04;1;9
17;2025-11-04;2;0
17;2025-11-04;3;0
17;2025-11-04;4;19
17;2025-11-04;5;194
17;2025-11-04;6;555
17;2025-11-04;7;1706
17;2025-11-04;8;2748
17;2025-11-04;9;1702
17;2025-11-04;10;1620
17;2025-11-04;11;1754
17;2025-11-04;12;1838
17;2025-11-04;13;1868
17;2025-11-04;14;2367
17;2025-11-04;15;2216
17;2025-11-04;16;2053
17;2025-11-04;17;2596
17;2025-11-04;18;2940
17;2025-11-04;19;2110
17;2025-11-04;20;1737
17;2025-11-04;21;1256
17;2025-11-04;22;801
17;2025-11-04;23;326
17;2025-11-05;0;115
17;2025-11-05;1;10
17;2025-11-05;2;0
17;2025-11-05;3;0
17;2025-11-05;4;24
17;2025-11-05;5;286
17;2025-11-05;6;1449
17;2025-11-05;7;3632
17;2025-11-05;8;4749
17;2025-11-05;9;3423
17;2025-11-05;10;2807
17;2025-11-05;11;2724
17;2025-11-05;12;2815
17;2025-11-05;13;2906
17;2025-11-05;14;2993
17;2025-11-05;15;3153
17;2025-11-05;16;3378
17;2025-11-05;17;4055
17;2025-11-05;18;4550
17;2025-11-05;19;3245
17;2025-11-05;20;2247
17;2025-11-05;21;1403
17;2025-11-05;22;815
17;2025-11-05;23;337
17;2025-11-06;0;114
17;2025-11-06;1;8
17;2025-11-06;2;0
17;2025-11-06;3;0
17;2025-11-06;4;23
17;2025-11-06;5;281
17;2025-11-06;6;1408
17;2025-11-06;7;3599
17;2025-11-06;8;4812
17;2025-11-06;9;3428
17;2025-11-06;10;2727
17;2025-11-06;11;2516
17;2025-11-06;12;2789
17;2025-11-06;13;2904
17;2025-11-06;14;2923
17;2025-11-06;15;3009
17;2025-11-06;16;3390
17;2025-11-06;17;4105
17;2025-11-06;18;4645
17;2025-11-06;19;3302
17;2025-11-06;20;2136
17;2025-11-06;21;1410
17;2025-11-06;22;804
17;2025-11-06;23;358
17;2025-11-07;0;132
17;2025-11-07;1;12
17;2025-11-07;2;0
17;2025-11-07;3;0
17;2025-11-07;4;22
17;2025-11-07;5;271
17;2025-11-07;6;1422
17;2025-11-07;7;3669
17;2025-11-07;8;4843
17;2025-11-07;9;3392
17;2025-11-07;10;2748
17;2025-11-07;11;2799
17;2025-11-07;12;2850
17;2025-11-07;13;2960
17;2025-11-07;14;3018
17;2025-11-07;15;3316
17;2025-11-07;16;3926
17;2025-11-07;17;4282
17;2025-11-07;18;4137
17;2025-11-07;19;3130
17;2025-11-07;20;2252
17;2025-11-07;21;1498
17;2025-11-07;22;893
17;2025-11-07;23;432
17;2025-11-08;0;184
17;2025-11-08;1;24
17;2025-11-08;2;0
17;2025-11-08;3;0
17;2025-11-08;4;3
17;2025-11-08;5;122
17;2025-11-08;6;514
17;2025-11-08;7;1094
17;2025-11-08;8;1580
17;2025-11-08;9;1964
17;2025-11-08;10;2228
17;2025-11-08;11;2665
17;2025-11-08;12;2914
17;2025-11-08;13;3151
17;2025-11-08;14;3214
17;2025-11-08;15;3305
17;2025-11-08;16;3319
17;2025-11-08;17;3233
17;2025-11-08;18;2916
17;2025-11-08;19;2395
17;2025-11-08;20;1897
17;2025-11-08;21;1388
17;2025-11-08;22;873
17;2025-11-08;23;425
17;2025-11-09;0;176
17;2025-11-09;1;26
17;2025-11-09;2;1
17;2025-11-09;3;0
17;2025-11-09;4;3
17;2025-11-09;5;104
17;2025-11-09;6;397
17;2025-11-09;7;713
17;2025-11-09;8;1177
17;2025-11-09;9;1574
17;2025-11-09;10;1836
17;2025-11-09;11;2335
17;2025-11-09;12;2694
17;2025-11-09;13;2887
17;2025-11-09;14;2985
17;2025-11-09;15;3003
17;2025-11-09;16;2977
17;2025-11-09;17;2848
17;2025-11-09;18;2524
17;2025-11-09;19;2041
17;2025-11-09;20;1501
17;2025-11-09;21;1091
17;2025-11-09;22;692
17;2025-11-09;23;305
17;2025-11-10;0;95
17;2025-11-10;1;13
17;2025-11-10;2;0
17;2025-11-10;3;0
17;2025-11-10;4;29
17;2025-11-10;5;300
17;2025-11-10;6;1470
17;2025-11-10;7;3844
17;2025-11-10;8;5050
17;2025-11-10;9;3651
17;2025-11-10;10;2791
17;2025-11-10;11;2750
17;2025-11-10;12;2820
17;2025-11-10;13;2886
17;2025-11-10;14;2906
17;2025-11-10;15;3127
17;2025-11-10;16;3458
17;2025-11-10;17;4243
17;2025-11-10;18;4768
17;2025-11-10;19;3337
17;2025-11-10;20;2257
17;2025-11-10;21;1329
17;2025-11-10;22;719
17;2025-11-10;23;318
17;2025-11-11;0;101
17;2025-11-11;1;10
17;2025-11-11;2;0
17;2025-11-11;3;0
17;2025-11-11;4;28
17;2025-11-11;5;302
17;2025-11-11;6;1494
17;2025-11-11;7;3954
17;2025-11-11;8;5053
17;2025-11-11;9;3714
17;2025-11-11;10;2892
17;2025-11-11;11;2822
17;2025-11-11;12;2893
17;2025-11-11;13;2903
17;2025-11-11;14;3021
17;2025-11-11;15;3142
17;2025-11-11;16;3530
17;2025-11-11;17;4362
17;2025-11-11;18;4801
17;2025-11-11;19;3413
17;2025-11-11;20;2318
17;2025-11-11;21;1391
17;2025-11-11;22;772
17;2025-11-11;23;336
17;2025-11-12;0;114
17;2025-11-12;1;12
17;2025-11-12;2;0
17;2025-11-12;3;0
17;2025-11-12;4;28
17;2025-11-12;5;304
17;2025-11-12;6;1477
17;2025-11-12;7;3839
17;2025-11-12;8;5012
17;2025-11-12;9;3631
17;2025-11-12;10;2849
17;2025-11-12;11;2712
17;2025-11-12;12;2795
17;2025-11-12;13;2860
17;2025-11-12;14;2962
17;2025-11-12;15;3129
17;2025-11-12;16;3465
17;2025-11-12;17;4255
17;2025-11-12;18;4742
17;2025-11-12;19;3331
17;2025-11-12;20;2292
17;2025-11-12;21;1430
17;2025-11-12;22;778
17;2025-11-12;23;360
17;2025-11-13;0;124
17;2025-11-13;1;10
17;2025-11-13;2;0
17;2025-11-13;3;0
17;2025-11-13;4;26
17;2025-11-13;5;296
17;2025-11-13;6;1491
17;2025-11-13;7;3832
17;2025-11-13;8;5038
17;2025-11-13;9;3660
17;2025-11-13;10;2910
17;2025-11-13;11;2833
17;2025-11-13;12;2947
17;2025-11-13;13;3012
17;2025-11-13;14;3056
17;2025-11-13;15;3202
17;2025-11-13;16;3614
17;2025-11-13;17;4295
17;2025-11-13;18;4785
17;2025-11-13;19;3408
17;2025-11-13;20;2318
17;2025-11-13;21;1433
17;2025-11-13;22;810
17;2025-11-13;23;376
17;2025-11-14;0;133
17;2025-11-14;1;14
17;2025-11-14;2;0
17;2025-11-14;3;0
17;2025-11-14;4;25
17;2025-11-14;5;300
17;2025-11-14;6;1469
17;2025-11-14;7;3727
17;2025-11-14;8;4952
17;2025-11-14;9;3549
17;2025-11-14;10;2776
17;2025-11-14;11;2828
17;2025-11-14;12;2904
17;2025-11-14;13;2965
17;2025-11-14;14;3037
17;2025-11-14;15;3345
17;2025-11-14;16;3946
17;2025-11-14;17;4348
17;2025-11-14;18;4214
17;2025-11-14;19;3152
17;2025-11-14;20;2240
17;2025-11-14;21;1499
17;2025-11-14;22;875
17;2025-11-14;23;430
17;2025-11-15;0;154
17;2025-11-15;1;14
17;2025-11-15;2;0
17;2025-11-15;3;0
17;2025-11-15;4;0
17;2025-11-15;5;120
17;2025-11-15;6;480
17;2025-11-15;7;942
17;2025-11-15;8;1509
17;2025-11-15;9;1860
17;2025-11-15;10;2121
17;2025-11-15;11;2502
17;2025-11-15;12;2787
17;2025-11-15;13;3155
17;2025-11-15;14;3241
17;2025-11-15;15;3300
17;2025-11-15;16;3306
17;2025-11-15;17;3172
17;2025-11-15;18;2766
17;2025-11-15;19;2263
17;2025-11-15;20;1824
17;2025-11-15;21;1327
17;2025-11-15;22;820
17;2025-11-15;23;387
17;2025-11-16;0;144
17;2025-11-16;1;16
17;2025-11-16;2;0
17;2025-11-16;3;1
17;2025-11-16;4;0
17;2025-11-16;5;91
17;2025-11-16;6;352
17;2025-11-16;7;631
17;2025-11-16;8;1089
17;2025-11-16;9;1493
17;2025-11-16;10;1774
17;2025-11-16;11;2328
17;2025-11-16;12;2685
17;2025-11-16;13;2886
17;2025-11-16;14;2977
17;2025-11-16;15;3007
17;2025-11-16;16;2921
17;2025-11-16;17;2744
17;2025-11-16;18;2409
17;2025-11-16;19;1906
17;2025-11-16;20;1396
17;2025-11-16;21;999
17;2025-11-16;22;625
17;2025-11-16;23;261
17;2025-11-17;0;84
17;2025-11-17;1;10
17;2025-11-17;2;0
17;2025-11-17;3;0
17;2025-11-17;4;23
17;2025-11-17;5;277
17;2025-11-17;6;1383
17;2025-11-17;7;3766
17;2025-11-17;8;4995
17;2025-11-17;9;3538
17;2025-11-17;10;2600
17;2025-11-17;11;2567
17;2025-11-17;12;2543
17;2025-11-17;13;2577
17;2025-11-17;14;2622
17;2025-11-17;15;2920
17;2025-11-17;16;3340
17;2025-11-17;17;4166
17;2025-11-17;18;4739
17;2025-11-17;19;3284
17;2025-11-17;20;2196
17;2025-11-17;21;1249
17;2025-11-17;22;670
17;2025-11-17;23;286
17;2025-11-18;0;96
17;2025-11-18;1;8
17;2025-11-18;2;1
17;2025-11-18;3;1
17;2025-11-18;4;17
17;2025-11-18;5;276
17;2025-11-18;6;1445
17;2025-11-18;7;3893
17;2025-11-18;8;4989
17;2025-11-18;9;3600
17;2025-11-18;10;2623
17;2025-11-18;11;2645
17;2025-11-18;12;2693
17;2025-11-18;13;2613
17;2025-11-18;14;2756
17;2025-11-18;15;3000
17;2025-11-18;16;3420
17;2025-11-18;17;4319
17;2025-11-18;18;4780
17;2025-11-18;19;3344
17;2025-11-18;20;2244
17;2025-11-18;21;1352
17;2025-11-18;22;731
17;2025-11-18;23;303
17;2025-11-19;0;101
17;2025-11-19;1;12
17;2025-11-19;2;0
17;2025-11-19;3;0
17;2025-11-19;4;23
17;2025-11-19;5;301
17;2025-11-19;6;1481
17;2025-11-19;7;3838
17;2025-11-19;8;5057
17;2025-11-19;9;3622
17;2025-11-19;10;2824
17;2025-11-19;11;2748
17;2025-11-19;12;2860
17;2025-11-19;13;2943
17;2025-11-19;14;3003
17;2025-11-19;15;3161
17;2025-11-19;16;3482
17;2025-11-19;17;4283
17;2025-11-19;18;4773
17;2025-11-19;19;3320
17;2025-11-19;20;2287
17;2025-11-19;21;1435
17;2025-11-19;22;769
17;2025-11-19;23;322
17;2025-11-20;0;118
17;2025-11-20;1;10
17;2025-11-20;2;0
17;2025-11-20;3;0
17;2025-11-20;4;23
17;2025-11-20;5;295
17;2025-11-20;6;1493
17;2025-11-20;7;3815
17;2025-11-20;8;5069
17;2025-11-20;9;3661
17;2025-11-20;10;2919
17;2025-11-20;11;2838
17;2025-11-20;12;2962
17;2025-11-20;13;3021
17;2025-11-20;14;3068
17;2025-11-20;15;3207
17;2025-11-20;16;3632
17;2025-11-20;17;4342
17;2025-11-20;18;4804
17;2025-11-20;19;3425
17;2025-11-20;20;2338
17;2025-11-20;21;1441
17;2025-11-20;22;795
17;2025-11-20;23;361
17;2025-11-21;0;125
17;2025-11-21;1;11
17;2025-11-21;2;0
17;2025-11-21;3;0
17;2025-11-21;4;26
17;2025-11-21;5;279
17;2025-11-21;6;1489
17;2025-11-21;7;3734
17;2025-11-21;8;4993
17;2025-11-21;9;3581
17;2025-11-21;10;2839
17;2025-11-21;11;2881
17;2025-11-21;12;2916
17;2025-11-21;13;3024
17;2025-11-21;14;3082
17;2025-11-21;15;3391
17;2025-11-21;16;3996
17;2025-11-21;17;4388
17;2025-11-21;18;4258
17;2025-11-21;19;3187
17;2025-11-21;20;2275
17;2025-11-21;21;1517
17;2025-11-21;22;850
17;2025-11-21;23;421
17;2025-11-22;0;162
17;2025-11-22;1;22
17;2025-11-22;2;0
17;2025-11-22;3;0
17;2025-11-22;4;0
17;2025-11-22;5;109
17;2025-11-22;6;487
17;2025-11-22;7;1041
17;2025-11-22;8;1571
17;2025-11-22;9;1962
17;2025-11-22;10;2274
17;2025-11-22;11;2721
17;2025-11-22;12;3004
17;2025-11-22;13;3220
17;2025-11-22;14;3255
17;2025-11-22;15;3300
17;2025-11-22;16;3319
17;2025-11-22;17;3217
17;2025-11-22;18;2898
17;2025-11-22;19;2351
17;2025-11-22;20;1862
17;2025-11-22;21;1300
17;2025-11-22;22;783
17;2025-11-22;23;366
17;2025-11-23;0;143
17;2025-11-23;1;18
17;2025-11-23;2;0
17;2025-11-23;3;0
17;2025-11-23;4;1
17;2025-11-23;5;98
17;2025-11-23;6;388
17;2025-11-23;7;684
17;2025-11-23;8;1147
17;2025-11-23;9;1550
17;2025-11-23;10;1858
17;2025-11-23;11;2386
17;2025-11-23;12;2780
17;2025-11-23;13;2949
17;2025-11-23;14;3045
17;2025-11-23;15;3051
17;2025-11-23;16;3004
17;2025-11-23;17;2883
17;2025-11-23;18;2543
17;2025-11-23;19;2048
17;2025-11-23;20;1508
17;2025-11-23;21;1056
17;2025-11-23;22;664
17;2025-11-23;23;272
17;2025-11-24;0;80
17;2025-11-24;1;0
17;2025-11-24;2;0
17;2025-11-24;3;0
17;2025-11-24;4;22
17;2025-11-24;5;273
17;2025-11-24;6;1394
17;2025-11-24;7;3762
17;2025-11-24;8;5058
17;2025-11-24;9;3534
17;2025-11-24;10;2556
17;2025-11-24;11;2478
17;2025-11-24;12;2563
17;2025-11-24;13;2722
17;2025-11-24;14;2712
17;2025-11-24;15;2887
17;2025-11-24;16;3318
17;2025-11-24;17;4186
17;2025-11-24;18;4734
17;2025-11-24;19;3257
17;2025-11-24;20;2157
17;2025-11-24;21;1293
17;2025-11-24;22;676
17;2025-11-24;23;287
17;2025-11-25;0;88
17;2025-11-25;1;0
17;2025-11-25;2;0
17;2025-11-25;3;0
17;2025-11-25;4;28
17;2025-11-25;5;296
17;2025-11-25;6;1458
17;2025-11-25;7;3927
17;2025-11-25;8;5100
17;2025-11-25;9;3676
17;2025-11-25;10;2802
17;2025-11-25;11;2753
17;2025-11-25;12;2838
17;2025-11-25;13;2852
17;2025-11-25;14;2964
17;2025-11-25;15;3094
17;2025-11-25;16;3493
17;2025-11-25;17;4362
17;2025-11-25;18;4850
17;2025-11-25;19;3377
17;2025-11-25;20;2260
17;2025-11-25;21;1374
17;2025-11-25;22;762
17;2025-11-25;23;315
17;2025-11-26;0;102
17;2025-11-26;1;8
17;2025-11-26;2;0
17;2025-11-26;3;0
17;2025-11-26;4;21
17;2025-11-26;5;276
17;2025-11-26;6;1381
17;2025-11-26;7;3650
17;2025-11-26;8;4964
17;2025-11-26;9;3450
17;2025-11-26;10;2580
17;2025-11-26;11;2488
17;2025-11-26;12;2582
17;2025-11-26;13;2710
17;2025-11-26;14;2746
17;2025-11-26;15;2958
17;2025-11-26;16;3252
17;2025-11-26;17;4078
17;2025-11-26;18;4642
17;2025-11-26;19;3108
17;2025-11-26;20;2053
17;2025-11-26;21;1332
17;2025-11-26;22;718
17;2025-11-26;23;324
17;2025-11-27;0;112
17;2025-11-27;1;4
17;2025-11-27;2;0
17;2025-11-27;3;0
17;2025-11-27;4;25
17;2025-11-27;5;294
17;2025-11-27;6;1411
17;2025-11-27;7;3608
17;2025-11-27;8;4945
17;2025-11-27;9;3415
17;2025-11-27;10;2569
17;2025-11-27;11;2399
17;2025-11-27;12;2476
17;2025-11-27;13;2615
17;2025-11-27;14;2594
17;2025-11-27;15;2837
17;2025-11-27;16;3286
17;2025-11-27;17;4003
17;2025-11-27;18;4574
17;2025-11-27;19;3079
17;2025-11-27;20;1997
17;2025-11-27;21;1332
17;2025-11-27;22;718
17;2025-11-27;23;352
17;2025-11-28;0;122
17;2025-11-28;1;5
17;2025-11-28;2;0
17;2025-11-28;3;0
17;2025-11-28;4;24
17;2025-11-28;5;276
17;2025-11-28;6;1389
17;2025-11-28;7;3551
17;2025-11-28;8;4861
17;2025-11-28;9;3319
17;2025-11-28;10;2500
17;2025-11-28;11;2568
17;2025-11-28;12;2587
17;2025-11-28;13;2722
17;2025-11-28;14;2777
17;2025-11-28;15;3098
17;2025-11-28;16;3756
17;2025-11-28;17;4140
17;2025-11-28;18;4020
17;2025-11-28;19;2894
17;2025-11-28;20;1995
17;2025-11-28;21;1416
17;2025-11-28;22;863
17;2025-11-28;23;428
17;2025-11-29;0;162
17;2025-11-29;1;11
17;2025-11-29;2;0
17;2025-11-29;3;0
17;2025-11-29;4;8
17;2025-11-29;5;110
17;2025-11-29;6;488
17;2025-11-29;7;990
17;2025-11-29;8;1462
17;2025-11-29;9;1694
17;2025-11-29;10;1927
17;2025-11-29;11;2358
17;2025-11-29;12;2632
17;2025-11-29;13;2846
17;2025-11-29;14;2883
17;2025-11-29;15;2940
17;2025-11-29;16;2963
17;2025-11-29;17;2856
17;2025-11-29;18;2509
17;2025-11-29;19;2028
17;2025-11-29;20;1595
17;2025-11-29;21;1258
17;2025-11-29;22;805
17;2025-11-29;23;376
17;2025-11-30;0;130
17;2025-11-30;1;6
17;2025-11-30;2;0
17;2025-11-30;3;0
17;2025-11-30;4;5
17;2025-11-30;5;91
17;2025-11-30;6;356
17;2025-11-30;7;587
17;2025-11-30;8;1021
17;2025-11-30;9;1327
17;2025-11-30;10;1566
17;2025-11-30;11;2020
17;2025-11-30;12;2309
17;2025-11-30;13;2549
17;2025-11-30;14;2646
17;2025-11-30;15;2676
17;2025-11-30;16;2608
17;2025-11-30;17;2483
17;2025-11-30;18;2200
17;2025-11-30;19;1710
17;2025-11-30;20;1308
17;2025-11-30;21;1008
17;2025-11-30;22;641
17;2025-11-30;23;267
17;2025-12-01;0;71
17;2025-12-01;1;0
17;2025-12-01;2;0
17;2025-12-01;3;0
17;2025-12-01;4;5
17;2025-12-01;5;299
17;2025-12-01;6;1293
17;2025-12-01;7;3528
17;2025-12-01;8;4898
17;2025-12-01;9;3269
17;2025-12-01;10;2282
17;2025-12-01;11;2251
17;2025-12-01;12;2269
17;2025-12-01;13;2384
17;2025-12-01;14;2372
17;2025-12-01;15;2700
17;2025-12-01;16;3048
17;2025-12-01;17;3908
17;2025-12-01;18;4515
17;2025-12-01;19;2928
17;2025-12-01;20;1853
17;2025-12-01;21;1183
17;2025-12-01;22;672
17;2025-12-01;23;290
17;2025-12-02;0;93
17;2025-12-02;1;0
17;2025-12-02;2;0
17;2025-12-02;3;0
17;2025-12-02;4;23
17;2025-12-02;5;303
17;2025-12-02;6;1331
17;2025-12-02;7;3684
17;2025-12-02;8;4926
17;2025-12-02;9;3397
17;2025-12-02;10;2445
17;2025-12-02;11;2392
17;2025-12-02;12;2420
17;2025-12-02;13;2466
17;2025-12-02;14;2599
17;2025-12-02;15;2772
17;2025-12-02;16;3175
17;2025-12-02;17;4068
17;2025-12-02;18;4633
17;2025-12-02;19;3069
17;2025-12-02;20;1930
17;2025-12-02;21;1229
17;2025-12-02;22;704
17;2025-12-02;23;297
17;2025-12-03;0;89
17;2025-12-03;1;11
17;2025-12-03;2;0
17;2025-12-03;3;0
17;2025-12-03;4;23
17;2025-12-03;5;300
17;2025-12-03;6;1366
17;2025-12-03;7;3661
17;2025-12-03;8;4957
17;2025-12-03;9;3441
17;2025-12-03;10;2663
17;2025-12-03;11;2609
17;2025-12-03;12;2651
17;2025-12-03;13;2730
17;2025-12-03;14;2742
17;2025-12-03;15;2947
17;2025-12-03;16;3278
17;2025-12-03;17;4092
17;2025-12-03;18;4589
17;2025-12-03;19;3089
17;2025-12-03;20;2029
17;2025-12-03;21;1304
17;2025-12-03;22;743
17;2025-12-03;23;335
17;2025-12-04;0;97
17;2025-12-04;1;0
17;2025-12-04;2;0
17;2025-12-04;3;0
17;2025-12-04;4;8
17;2025-12-04;5;296
17;2025-12-04;6;1420
17;2025-12-04;7;3596
17;2025-12-04;8;4932
17;2025-12-04;9;3430
17;2025-12-04;10;2682
17;2025-12-04;11;2606
17;2025-12-04;12;2695
17;2025-12-04;13;2770
17;2025-12-04;14;2784
17;2025-12-04;15;2974
17;2025-12-04;16;3374
17;2025-12-04;17;4073
17;2025-12-04;18;4612
17;2025-12-04;19;3158
17;2025-12-04;20;2115
17;2025-12-04;21;1324
17;2025-12-04;22;763
17;2025-12-04;23;344
17;2025-12-05;0;109
17;2025-12-05;1;0
17;2025-12-05;2;0
17;2025-12-05;3;0
17;2025-12-05;4;9
17;2025-12-05;5;300
17;2025-12-05;6;1439
17;2025-12-05;7;3612
17;2025-12-05;8;4918
17;2025-12-05;9;3406
17;2025-12-05;10;2649
17;2025-12-05;11;2711
17;2025-12-05;12;2726
17;2025-12-05;13;2838
17;2025-12-05;14;2893
17;2025-12-05;15;3189
17;2025-12-05;16;3807
17;2025-12-05;17;4203
17;2025-12-05;18;4074
17;2025-12-05;19;3001
17;2025-12-05;20;2102
17;2025-12-05;21;1438
17;2025-12-05;22;829
17;2025-12-05;23;415
17;2025-12-06;0;152
17;2025-12-06;1;8
17;2025-12-06;2;0
17;2025-12-06;3;0
17;2025-12-06;4;0
17;2025-12-06;5;113
17;2025-12-06;6;509
17;2025-12-06;7;1020
17;2025-12-06;8;1528
17;2025-12-06;9;1819
17;2025-12-06;10;2094
17;2025-12-06;11;2500
17;2025-12-06;12;2760
17;2025-12-06;13;2979
17;2025-12-06;14;3009
17;2025-12-06;15;3081
17;2025-12-06;16;3073
17;2025-12-06;17;2978
17;2025-12-06;18;2637
17;2025-12-06;19;2131
17;2025-12-06;20;1688
17;2025-12-06;21;1254
17;2025-12-06;22;787
17;2025-12-06;23;377
17;2025-12-07;0;143
17;2025-12-07;1;6
17;2025-12-07;2;0
17;2025-12-07;3;0
17;2025-12-07;4;3
17;2025-12-07;5;95
17;2025-12-07;6;393
17;2025-12-07;7;668
17;2025-12-07;8;1132
17;2025-12-07;9;1503
17;2025-12-07;10;1741
17;2025-12-07;11;2247
17;2025-12-07;12;2576
17;2025-12-07;13;2743
17;2025-12-07;14;2850
17;2025-12-07;15;2869
17;2025-12-07;16;2829
17;2025-12-07;17;2708
17;2025-12-07;18;2414
17;2025-12-07;19;1922
17;2025-12-07;20;1448
17;2025-12-07;21;1070
17;2025-12-07;22;692
17;2025-12-07;23;300
17;2025-12-08;0;96
17;2025-12-08;1;14
17;2025-12-08;2;0
17;2025-12-08;3;0
17;2025-12-08;4;29
17;2025-12-08;5;312
17;2025-12-08;6;1452
17;2025-12-08;7;3780
17;2025-12-08;8;5080
17;2025-12-08;9;3596
17;2025-12-08;10;2715
17;2025-12-08;11;2677
17;2025-12-08;12;2703
17;2025-12-08;13;2778
17;2025-12-08;14;2794
17;2025-12-08;15;3036
17;2025-12-08;16;3379
17;2025-12-08;17;4182
17;2025-12-08;18;4704
17;2025-12-08;19;3265
17;2025-12-08;20;2203
17;2025-12-08;21;1301
17;2025-12-08;22;707
17;2025-12-08;23;314
17;2025-12-09;0;101
17;2025-12-09;1;12
17;2025-12-09;2;1
17;2025-12-09;3;0
17;2025-12-09;4;31
17;2025-12-09;5;317
17;2025-12-09;6;1487
17;2025-12-09;7;3874
17;2025-12-09;8;5089
17;2025-12-09;9;3692
17;2025-12-09;10;2825
17;2025-12-09;11;2741
17;2025-12-09;12;2757
17;2025-12-09;13;2770
17;2025-12-09;14;2889
17;2025-12-09;15;3051
17;2025-12-09;16;3460
17;2025-12-09;17;4318
17;2025-12-09;18;4800
17;2025-12-09;19;3355
17;2025-12-09;20;2229
17;2025-12-09;21;1381
17;2025-12-09;22;736
17;2025-12-09;23;320
17;2025-12-10;0;102
17;2025-12-10;1;9
17;2025-12-10;2;0
17;2025-12-10;3;0
17;2025-12-10;4;25
17;2025-12-10;5;308
17;2025-12-10;6;1454
17;2025-12-10;7;3820
17;2025-12-10;8;5097
17;2025-12-10;9;3678
17;2025-12-10;10;2891
17;2025-12-10;11;2820
17;2025-12-10;12;2891
17;2025-12-10;13;2963
17;2025-12-10;14;2997
17;2025-12-10;15;3172
17;2025-12-10;16;3523
17;2025-12-10;17;4320
17;2025-12-10;18;4740
17;2025-12-10;19;3342
17;2025-12-10;20;2290
17;2025-12-10;21;1440
17;2025-12-10;22;792
17;2025-12-10;23;357
17;2025-12-11;0;121
17;2025-12-11;1;12
17;2025-12-11;2;0
17;2025-12-11;3;0
17;2025-12-11;4;10
17;2025-12-11;5;294
17;2025-12-11;6;1450
17;2025-12-11;7;3747
17;2025-12-11;8;5010
17;2025-12-11;9;3558
17;2025-12-11;10;2719
17;2025-12-11;11;2714
17;2025-12-11;12;2815
17;2025-12-11;13;2920
17;2025-12-11;14;2964
17;2025-12-11;15;3137
17;2025-12-11;16;3560
17;2025-12-11;17;4227
17;2025-12-11;18;4692
17;2025-12-11;19;3270
17;2025-12-11;20;2180
17;2025-12-11;21;1387
17;2025-12-11;22;745
17;2025-12-11;23;350
17;2025-12-12;0;108
17;2025-12-12;1;0
17;2025-12-12;2;0
17;2025-12-12;3;0
17;2025-12-12;4;5
17;2025-12-12;5;297
17;2025-12-12;6;1435
17;2025-12-12;7;3721
17;2025-12-12;8;5004
17;2025-12-12;9;3563
17;2025-12-12;10;2797
17;2025-12-12;11;2880
17;2025-12-12;12;2738
17;2025-12-12;13;2823
17;2025-12-12;14;2876
17;2025-12-12;15;3162
17;2025-12-12;16;3879
17;2025-12-12;17;4326
17;2025-12-12;18;4170
17;2025-12-12;19;3102
17;2025-12-12;20;2171
17;2025-12-12;21;1454
17;2025-12-12;22;824
17;2025-12-12;23;393
17;2025-12-13;0;144
17;2025-12-13;1;0
17;2025-12-13;2;0
17;2025-12-13;3;0
17;2025-12-13;4;0
17;2025-12-13;5;92
17;2025-12-13;6;501
17;2025-12-13;7;984
17;2025-12-13;8;1518
17;2025-12-13;9;1855
17;2025-12-13;10;2096
17;2025-12-13;11;2490
17;2025-12-13;12;2773
17;2025-12-13;13;2991
17;2025-12-13;14;3027
17;2025-12-13;15;3056
17;2025-12-13;16;3097
17;2025-12-13;17;3011
17;2025-12-13;18;2654
17;2025-12-13;19;2206
17;2025-12-13;20;1727
17;2025-12-13;21;1239
17;2025-12-13;22;792
17;2025-12-13;23;357
17;2025-12-14;0;118
17;2025-12-14;1;5
17;2025-12-14;2;0
17;2025-12-14;3;0
17;2025-12-14;4;0
17;2025-12-14;5;77
17;2025-12-14;6;373
17;2025-12-14;7;686
17;2025-12-14;8;1091
17;2025-12-14;9;1468
17;2025-12-14;10;1730
17;2025-12-14;11;2251
17;2025-12-14;12;2550
17;2025-12-14;13;2710
17;2025-12-14;14;2834
17;2025-12-14;15;2845
17;2025-12-14;16;2868
17;2025-12-14;17;2738
17;2025-12-14;18;2429
17;2025-12-14;19;1986
17;2025-12-14;20;1480
17;2025-12-14;21;1065
17;2025-12-14;22;687
17;2025-12-14;23;293
17;2025-12-15;0;94
17;2025-12-15;1;11
17;2025-12-15;2;0
17;2025-12-15;3;0
17;2025-12-15;4;26
17;2025-12-15;5;300
17;2025-12-15;6;1425
17;2025-12-15;7;3844
17;2025-12-15;8;5137
17;2025-12-15;9;3674
17;2025-12-15;10;2772
17;2025-12-15;11;2744
17;2025-12-15;12;2777
17;2025-12-15;13;2857
17;2025-12-15;14;2882
17;2025-12-15;15;3115
17;2025-12-15;16;3476
17;2025-12-15;17;4271
17;2025-12-15;18;4764
17;2025-12-15;19;3301
17;2025-12-15;20;2236
17;2025-12-15;21;1289
17;2025-12-15;22;717
17;2025-12-15;23;313
17;2025-12-16;0;96
17;2025-12-16;1;7
17;2025-12-16;2;0
17;2025-12-16;3;0
17;2025-12-16;4;28
17;2025-12-16;5;299
17;2025-12-16;6;1461
17;2025-12-16;7;3954
17;2025-12-16;8;5153
17;2025-12-16;9;3749
17;2025-12-16;10;2880
17;2025-12-16;11;2787
17;2025-12-16;12;2752
17;2025-12-16;13;2737
17;2025-12-16;14;3003
17;2025-12-16;15;3141
17;2025-12-16;16;3539
17;2025-12-16;17;4376
17;2025-12-16;18;4827
17;2025-12-16;19;3391
17;2025-12-16;20;2267
17;2025-12-16;21;1390
17;2025-12-16;22;739
17;2025-12-16;23;317
17;2025-12-17;0;90
17;2025-12-17;1;0
17;2025-12-17;2;0
17;2025-12-17;3;0
17;2025-12-17;4;9
17;2025-12-17;5;297
17;2025-12-17;6;1453
17;2025-12-17;7;3846
17;2025-12-17;8;5121
17;2025-12-17;9;3698
17;2025-12-17;10;2897
17;2025-12-17;11;2865
17;2025-12-17;12;2897
17;2025-12-17;13;2972
17;2025-12-17;14;3023
17;2025-12-17;15;3197
17;2025-12-17;16;3547
17;2025-12-17;17;4336
17;2025-12-17;18;4728
17;2025-12-17;19;3337
17;2025-12-17;20;2276
17;2025-12-17;21;1422
17;2025-12-17;22;768
17;2025-12-17;23;348
17;2025-12-18;0;110
17;2025-12-18;1;8
17;2025-12-18;2;0
17;2025-12-18;3;0
17;2025-12-18;4;22
17;2025-12-18;5;289
17;2025-12-18;6;1453
17;2025-12-18;7;3804
17;2025-12-18;8;5100
17;2025-12-18;9;3659
17;2025-12-18;10;2863
17;2025-12-18;11;2814
17;2025-12-18;12;2913
17;2025-12-18;13;2988
17;2025-12-18;14;3015
17;2025-12-18;15;3169
17;2025-12-18;16;3629
17;2025-12-18;17;4325
17;2025-12-18;18;4738
17;2025-12-18;19;3366
17;2025-12-18;20;2275
17;2025-12-18;21;1404
17;2025-12-18;22;770
17;2025-12-18;23;350
17;2025-12-19;0;109
17;2025-12-19;1;0
17;2025-12-19;2;0
17;2025-12-19;3;0
17;2025-12-19;4;10
17;2025-12-19;5;298
17;2025-12-19;6;1444
17;2025-12-19;7;3790
17;2025-12-19;8;5053
17;2025-12-19;9;3617
17;2025-12-19;10;2825
17;2025-12-19;11;2902
17;2025-12-19;12;2931
17;2025-12-19;13;3009
17;2025-12-19;14;3084
17;2025-12-19;15;3372
17;2025-12-19;16;4017
17;2025-12-19;17;4399
17;2025-12-19;18;4209
17;2025-12-19;19;3168
17;2025-12-19;20;2242
17;2025-12-19;21;1490
17;2025-12-19;22;851
17;2025-12-19;23;428
17;2025-12-20;0;168
17;2025-12-20;1;20
17;2025-12-20;2;0
17;2025-12-20;3;0
17;2025-12-20;4;3
17;2025-12-20;5;118
17;2025-12-20;6;515
17;2025-12-20;7;1070
17;2025-12-20;8;1597
17;2025-12-20;9;1912
17;2025-12-20;10;2169
17;2025-12-20;11;2638
17;2025-12-20;12;2902
17;2025-12-20;13;3105
17;2025-12-20;14;3152
17;2025-12-20;15;3198
17;2025-12-20;16;3193
17;2025-12-20;17;3084
17;2025-12-20;18;2700
17;2025-12-20;19;2193
17;2025-12-20;20;1731
17;2025-12-20;21;1260
17;2025-12-20;22;779
17;2025-12-20;23;392
17;2025-12-21;0;140
17;2025-12-21;1;12
17;2025-12-21;2;0
17;2025-12-21;3;0
17;2025-12-21;4;1
17;2025-12-21;5;93
17;2025-12-21;6;378
17;2025-12-21;7;692
17;2025-12-21;8;1134
17;2025-12-21;9;1509
17;2025-12-21;10;1767
17;2025-12-21;11;2279
17;2025-12-21;12;2605
17;2025-12-21;13;2805
17;2025-12-21;14;2921
17;2025-12-21;15;2922
17;2025-12-21;16;2872
17;2025-12-21;17;2744
17;2025-12-21;18;2425
17;2025-12-21;19;1941
17;2025-12-21;20;1455
17;2025-12-21;21;1037
17;2025-12-21;22;639
17;2025-12-21;23;275
17;2025-12-22;0;90
17;2025-12-22;1;7
17;2025-12-22;2;0
17;2025-12-22;3;0
17;2025-12-22;4;26
17;2025-12-22;5;304
17;2025-12-22;6;1436
17;2025-12-22;7;3787
17;2025-12-22;8;5080
17;2025-12-22;9;3616
17;2025-12-22;10;2640
17;2025-12-22;11;2681
17;2025-12-22;12;2692
17;2025-12-22;13;2739
17;2025-12-22;14;2756
17;2025-12-22;15;3014
17;2025-12-22;16;3401
17;2025-12-22;17;4226
17;2025-12-22;18;4682
17;2025-12-22;19;3254
17;2025-12-22;20;2158
17;2025-12-22;21;1263
17;2025-12-22;22;685
17;2025-12-22;23;269
17;2025-12-23;0;83
17;2025-12-23;1;0
17;2025-12-23;2;0
17;2025-12-23;3;0
17;2025-12-23;4;13
17;2025-12-23;5;303
17;2025-12-23;6;1444
17;2025-12-23;7;3853
17;2025-12-23;8;5067
17;2025-12-23;9;3696
17;2025-12-23;10;2806
17;2025-12-23;11;2767
17;2025-12-23;12;2799
17;2025-12-23;13;2790
17;2025-12-23;14;2925
17;2025-12-23;15;3068
17;2025-12-23;16;3471
17;2025-12-23;17;4346
17;2025-12-23;18;4774
17;2025-12-23;19;3356
17;2025-12-23;20;2269
17;2025-12-23;21;1365
17;2025-12-23;22;764
17;2025-12-23;23;318
17;2025-12-24;0;104
17;2025-12-24;1;6
17;2025-12-24;2;0
17;2025-12-24;3;0
17;2025-12-24;4;26
17;2025-12-24;5;303
17;2025-12-24;6;1439
17;2025-12-24;7;3814
17;2025-12-24;8;5073
17;2025-12-24;9;3647
17;2025-12-24;10;2840
17;2025-12-24;11;2797
17;2025-12-24;12;2839
17;2025-12-24;13;2876
17;2025-12-24;14;2910
17;2025-12-24;15;3108
17;2025-12-24;16;3471
17;2025-12-24;17;4286
17;2025-12-24;18;4662
17;2025-12-24;19;3276
17;2025-12-24;20;2216
17;2025-12-24;21;1390
17;2025-12-24;22;741
17;2025-12-24;23;336
17;2025-12-25;0;110
17;2025-12-25;1;5
17;2025-12-25;2;0
17;2025-12-25;3;0
17;2025-12-25;4;21
17;2025-12-25;5;286
17;2025-12-25;6;1450
17;2025-12-25;7;3684
17;2025-12-25;8;4992
17;2025-12-25;9;3608
17;2025-12-25;10;2861
17;2025-12-25;11;2805
17;2025-12-25;12;2897
17;2025-12-25;13;2959
17;2025-12-25;14;2968
17;2025-12-25;15;3120
17;2025-12-25;16;3572
17;2025-12-25;17;4212
17;2025-12-25;18;4610
17;2025-12-25;19;3292
17;2025-12-25;20;2154
17;2025-12-25;21;1380
17;2025-12-25;22;724
17;2025-12-25;23;326
17;2025-12-26;0;102
17;2025-12-26;1;2
17;2025-12-26;2;0
17;2025-12-26;3;0
17;2025-12-26;4;11
17;2025-12-26;5;294
17;2025-12-26;6;1426
17;2025-12-26;7;3536
17;2025-12-26;8;4882
17;2025-12-26;9;3448
17;2025-12-26;10;2646
17;2025-12-26;11;2674
17;2025-12-26;12;2697
17;2025-12-26;13;2908
17;2025-12-26;14;2958
17;2025-12-26;15;3246
17;2025-12-26;16;3925
17;2025-12-26;17;4248
17;2025-12-26;18;4079
17;2025-12-26;19;2948
17;2025-12-26;20;2116
17;2025-12-26;21;1470
17;2025-12-26;22;837
17;2025-12-26;23;421
17;2025-12-27;0;168
17;2025-12-27;1;18
17;2025-12-27;2;0
17;2025-12-27;3;0
17;2025-12-27;4;0
17;2025-12-27;5;114
17;2025-12-27;6;523
17;2025-12-27;7;1067
17;2025-12-27;8;1584
17;2025-12-27;9;1936
17;2025-12-27;10;2183
17;2025-12-27;11;2630
17;2025-12-27;12;2893
17;2025-12-27;13;3090
17;2025-12-27;14;3129
17;2025-12-27;15;3204
17;2025-12-27;16;3229
17;2025-12-27;17;3132
17;2025-12-27;18;2746
17;2025-12-27;19;2245
17;2025-12-27;20;1793
17;2025-12-27;21;1306
17;2025-12-27;22;782
17;2025-12-27;23;397
17;2025-12-28;0;158
17;2025-12-28;1;18
17;2025-12-28;2;0
17;2025-12-28;3;0
17;2025-12-28;4;0
17;2025-12-28;5;89
17;2025-12-28;6;373
17;2025-12-28;7;651
17;2025-12-28;8;1083
17;2025-12-28;9;1502
17;2025-12-28;10;1795
17;2025-12-28;11;2249
17;2025-12-28;12;2630
17;2025-12-28;13;2819
17;2025-12-28;14;2906
17;2025-12-28;15;2940
17;2025-12-28;16;2922
17;2025-12-28;17;2772
17;2025-12-28;18;2458
17;2025-12-28;19;1997
17;2025-12-28;20;1490
17;2025-12-28;21;1098
17;2025-12-28;22;692
17;2025-12-28;23;315
17;2025-12-29;0;104
17;2025-12-29;1;10
17;2025-12-29;2;0
17;2025-12-29;3;0
17;2025-12-29;4;22
17;2025-12-29;5;287
17;2025-12-29;6;1424
17;2025-12-29;7;3586
17;2025-12-29;8;4813
17;2025-12-29;9;3561
17;2025-12-29;10;2756
17;2025-12-29;11;2716
17;2025-12-29;12;2758
17;2025-12-29;13;2846
17;2025-12-29;14;2869
17;2025-12-29;15;3082
17;2025-12-29;16;3445
17;2025-12-29;17;4059
17;2025-12-29;18;4476
17;2025-12-29;19;3212
17;2025-12-29;20;2235
17;2025-12-29;21;1345
17;2025-12-29;22;726
17;2025-12-29;23;328
17;2025-12-30;0;114
17;2025-12-30;1;7
17;2025-12-30;2;0
17;2025-12-30;3;0
17;2025-12-30;4;24
17;2025-12-30;5;289
17;2025-12-30;6;1443
17;2025-12-30;7;3608
17;2025-12-30;8;4694
17;2025-12-30;9;3482
17;2025-12-30;10;2779
17;2025-12-30;11;2699
17;2025-12-30;12;2818
17;2025-12-30;13;2831
17;2025-12-30;14;3026
17;2025-12-30;15;3155
17;2025-12-30;16;3476
17;2025-12-30;17;4054
17;2025-12-30;18;4467
17;2025-12-30;19;3171
17;2025-12-30;20;2215
17;2025-12-30;21;1428
17;2025-12-30;22;780
17;2025-12-30;23;349
17;2025-12-31;0;88
17;2025-12-31;1;0
17;2025-12-31;2;0
17;2025-12-31;3;0
17;2025-12-31;4;0
17;2025-12-31;5;137
17;2025-12-31;6;375
17;2025-12-31;7;1409
17;2025-12-31;8;2635
17;2025-12-31;9;1521
17;2025-12-31;10;1508
17;2025-12-31;11;1828
17;2025-12-31;12;2055
17;2025-12-31;13;2038
17;2025-12-31;14;2229
17;2025-12-31;15;2172
17;2025-12-31;16;2029
17;2025-12-31;17;2425
17;2025-12-31;18;2727
17;2025-12-31;19;1830
17;2025-12-31;20;1539
17;2025-12-31;21;1104
17;2025-12-31;22;717
17;2025-12-31;23;323
25;2025-11-01;0;0
25;2025-11-01;1;1
25;2025-11-01;2;0
25;2025-11-01;3;0
25;2025-11-01;4;0
25;2025-11-01;5;17
25;2025-11-01;6;91
25;2025-11-01;7;114
25;2025-11-01;8;283
25;2025-11-01;9;268
25;2025-11-01;10;277
25;2025-11-01;11;379
25;2025-11-01;12;377
25;2025-11-01;13;564
25;2025-11-01;14;570
25;2025-11-01;15;660
25;2025-11-01;16;579
25;2025-11-01;17;507
25;2025-11-01;18;453
25;2025-11-01;19;408
25;2025-11-01;20;252
25;2025-11-01;21;214
25;2025-11-01;22;108
25;2025-11-01;23;47
25;2025-11-02;0;18
25;2025-11-02;1;0
25;2025-11-02;2;0
25;2025-11-02;3;0
25;2025-11-02;4;0
25;2025-11-02;5;2
25;2025-11-02;6;39
25;2025-11-02;7;76
25;2025-11-02;8;158
25;2025-11-02;9;134
25;2025-11-02;10;155
25;2025-11-02;11;196
25;2025-11-02;12;270
25;2025-11-02;13;299
25;2025-11-02;14;375
25;2025-11-02;15;422
25;2025-11-02;16;359
25;2025-11-02;17;323
25;2025-11-02;18;303
25;2025-11-02;19;229
25;2025-11-02;20;183
25;2025-11-02;21;148
25;2025-11-02;22;102
25;2025-11-02;23;32
25;2025-11-03;0;6
25;2025-11-03;1;0
25;2025-11-03;2;0
25;2025-11-03;3;0
25;2025-11-03;4;0
25;2025-11-03;5;2
25;2025-11-03;6;94
25;2025-11-03;7;243
25;2025-11-03;8;235
25;2025-11-03;9;230
25;2025-11-03;10;179
25;2025-11-03;11;178
25;2025-11-03;12;193
25;2025-11-03;13;282
25;2025-11-03;14;237
25;2025-11-03;15;291
25;2025-11-03;16;350
25;2025-11-03;17;320
25;2025-11-03;18;299
25;2025-11-03;19;303
25;2025-11-03;20;204
25;2025-11-03;21;133
25;2025-11-03;22;88
25;2025-11-03;23;11
25;2025-11-04;0;2
25;2025-11-04;1;0
25;2025-11-04;2;0
25;2025-11-04;3;0
25;2025-11-04;4;0
25;2025-11-04;5;0
25;2025-11-04;6;98
25;2025-11-04;7;261
25;2025-11-04;8;254
25;2025-11-04;9;245
25;2025-11-04;10;204
25;2025-11-04;11;214
25;2025-11-04;12;183
25;2025-11-04;13;273
25;2025-11-04;14;299
25;2025-11-04;15;368
25;2025-11-04;16;392
25;2025-11-04;17;320
25;2025-11-04;18;293
25;2025-11-04;19;319
25;2025-11-04;20;245
25;2025-11-04;21;161
25;2025-11-04;22;104
25;2025-11-04;23;12
25;2025-11-05;0;0
25;2025-11-05;1;0
25;2025-11-05;2;0
25;2025-11-05;3;0
25;2025-11-05;4;0
25;2025-11-05;5;3
25;2025-11-05;6;135
25;2025-11-05;7;436
25;2025-11-05;8;719
25;2025-11-05;9;388
25;2025-11-05;10;297
25;2025-11-05;11;331
25;2025-11-05;12;343
25;2025-11-05;13;427
25;2025-11-05;14;368
25;2025-11-05;15;442
25;2025-11-05;16;519
25;2025-11-05;17;598
25;2025-11-05;18;647
25;2025-11-05;19;405
25;2025-11-05;20;284
25;2025-11-05;21;184
25;2025-11-05;22;108
25;2025-11-05;23;5
25;2025-11-06;0;0
25;2025-11-06;1;0
25;2025-11-06;2;0
25;2025-11-06;3;0
25;2025-11-06;4;0
25;2025-11-06;5;6
25;2025-11-06;6;126
25;2025-11-06;7;440
25;2025-11-06;8;756
25;2025-11-06;9;379
25;2025-11-06;10;302
25;2025-11-06;11;296
25;2025-11-06;12;325
25;2025-11-06;13;378
25;2025-11-06;14;364
25;2025-11-06;15;418
25;2025-11-06;16;516
25;2025-11-06;17;606
25;2025-11-06;18;675
25;2025-11-06;19;409
25;2025-11-06;20;263
25;2025-11-06;21;181
25;2025-11-06;22;113
25;2025-11-06;23;8
25;2025-11-07;0;1
25;2025-11-07;1;0
25;2025-11-07;2;0
25;2025-11-07;3;0
25;2025-11-07;4;0
25;2025-11-07;5;4
25;2025-11-07;6;131
25;2025-11-07;7;443
25;2025-11-07;8;716
25;2025-11-07;9;354
25;2025-11-07;10;286
25;2025-11-07;11;326
25;2025-11-07;12;324
25;2025-11-07;13;397
25;2025-11-07;14;391
25;2025-11-07;15;483
25;2025-11-07;16;632
25;2025-11-07;17;638
25;2025-11-07;18;525
25;2025-11-07;19;365
25;2025-11-07;20;254
25;2025-11-07;21;182
25;2025-11-07;22;114
25;2025-11-07;23;12
25;2025-11-08;0;0
25;2025-11-08;1;0
25;2025-11-08;2;0
25;2025-11-08;3;0
25;2025-11-08;4;0
25;2025-11-08;5;1
25;2025-11-08;6;42
25;2025-11-08;7;116
25;2025-11-08;8;244
25;2025-11-08;9;235
25;2025-11-08;10;228
25;2025-11-08;11;296
25;2025-11-08;12;314
25;2025-11-08;13;434
25;2025-11-08;14;453
25;2025-11-08;15;565
25;2025-11-08;16;495
25;2025-11-08;17;409
25;2025-11-08;18;403
25;2025-11-08;19;336
25;2025-11-08;20;236
25;2025-11-08;21;209
25;2025-11-08;22;122
25;2025-11-08;23;53
25;2025-11-09;0;17
25;2025-11-09;1;0
25;2025-11-09;2;0
25;2025-11-09;3;0
25;2025-11-09;4;0
25;2025-11-09;5;2
25;2025-11-09;6;41
25;2025-11-09;7;90
25;2025-11-09;8;171
25;2025-11-09;9;174
25;2025-11-09;10;182
25;2025-11-09;11;234
25;2025-11-09;12;286
25;2025-11-09;13;342
25;2025-11-09;14;386
25;2025-11-09;15;488
25;2025-11-09;16;401
25;2025-11-09;17;359
25;2025-11-09;18;336
25;2025-11-09;19;257
25;2025-11-09;20;198
25;2025-11-09;21;156
25;2025-11-09;22;107
25;2025-11-09;23;34
25;2025-11-10;0;10
25;2025-11-10;1;0
25;2025-11-10;2;0
25;2025-11-10;3;0
25;2025-11-10;4;0
25;2025-11-10;5;4
25;2025-11-10;6;147
25;2025-11-10;7;492
25;2025-11-10;8;828
25;2025-11-10;9;403
25;2025-11-10;10;283
25;2025-11-10;11;307
25;2025-11-10;12;328
25;2025-11-10;13;423
25;2025-11-10;14;337
25;2025-11-10;15;421
25;2025-11-10;16;598
25;2025-11-10;17;668
25;2025-11-10;18;727
25;2025-11-10;19;403
25;2025-11-10;20;263
25;2025-11-10;21;178
25;2025-11-10;22;100
25;2025-11-10;23;9
25;2025-11-11;0;0
25;2025-11-11;1;0
25;2025-11-11;2;0
25;2025-11-11;3;0
25;2025-11-11;4;0
25;2025-11-11;5;4
25;2025-11-11;6;142
25;2025-11-11;7;503
25;2025-11-11;8;848
25;2025-11-11;9;431
25;2025-11-11;10;324
25;2025-11-11;11;356
25;2025-11-11;12;324
25;2025-11-11;13;392
25;2025-11-11;14;360
25;2025-11-11;15;446
25;2025-11-11;16;575
25;2025-11-11;17;628
25;2025-11-11;18;704
25;2025-11-11;19;439
25;2025-11-11;20;281
25;2025-11-11;21;180
25;2025-11-11;22;108
25;2025-11-11;23;10
25;2025-11-12;0;0
25;2025-11-12;1;0
25;2025-11-12;2;0
25;2025-11-12;3;0
25;2025-11-12;4;0
25;2025-11-12;5;3
25;2025-11-12;6;139
25;2025-11-12;7;488
25;2025-11-12;8;838
25;2025-11-12;9;417
25;2025-11-12;10;311
25;2025-11-12;11;332
25;2025-11-12;12;324
25;2025-11-12;13;411
25;2025-11-12;14;353
25;2025-11-12;15;436
25;2025-11-12;16;582
25;2025-11-12;17;684
25;2025-11-12;18;721
25;2025-11-12;19;425
25;2025-11-12;20;297
25;2025-11-12;21;196
25;2025-11-12;22;114
25;2025-11-12;23;7
25;2025-11-13;0;1
25;2025-11-13;1;0
25;2025-11-13;2;0
25;2025-11-13;3;0
25;2025-11-13;4;0
25;2025-11-13;5;5
25;2025-11-13;6;134
25;2025-11-13;7;480
25;2025-11-13;8;838
25;2025-11-13;9;412
25;2025-11-13;10;327
25;2025-11-13;11;335
25;2025-11-13;12;338
25;2025-11-13;13;387
25;2025-11-13;14;374
25;2025-11-13;15;457
25;2025-11-13;16;565
25;2025-11-13;17;661
25;2025-11-13;18;715
25;2025-11-13;19;431
25;2025-11-13;20;281
25;2025-11-13;21;186
25;2025-11-13;22;123
25;2025-11-13;23;9
25;2025-11-14;0;0
25;2025-11-14;1;0
25;2025-11-14;2;0
25;2025-11-14;3;0
25;2025-11-14;4;0
25;2025-11-14;5;4
25;2025-11-14;6;151
25;2025-11-14;7;492
25;2025-11-14;8;790
25;2025-11-14;9;404
25;2025-11-14;10;321
25;2025-11-14;11;356
25;2025-11-14;12;346
25;2025-11-14;13;434
25;2025-11-14;14;418
25;2025-11-14;15;533
25;2025-11-14;16;666
25;2025-11-14;17;665
25;2025-11-14;18;568
25;2025-11-14;19;384
25;2025-11-14;20;264
25;2025-11-14;21;184
25;2025-11-14;22;128
25;2025-11-14;23;12
25;2025-11-15;0;0
25;2025-11-15;1;0
25;2025-11-15;2;0
25;2025-11-15;3;0
25;2025-11-15;4;0
25;2025-11-15;5;1
25;2025-11-15;6;41
25;2025-11-15;7;102
25;2025-11-15;8;209
25;2025-11-15;9;201
25;2025-11-15;10;192
25;2025-11-15;11;240
25;2025-11-15;12;262
25;2025-11-15;13;372
25;2025-11-15;14;423
25;2025-11-15;15;521
25;2025-11-15;16;458
25;2025-11-15;17;365
25;2025-11-15;18;336
25;2025-11-15;19;293
25;2025-11-15;20;201
25;2025-11-15;21;172
25;2025-11-15;22;109
25;2025-11-15;23;40
25;2025-11-16;0;12
25;2025-11-16;1;0
25;2025-11-16;2;0
25;2025-11-16;3;0
25;2025-11-16;4;0
25;2025-11-16;5;0
25;2025-11-16;6;30
25;2025-11-16;7;72
25;2025-11-16;8;134
25;2025-11-16;9;146
25;2025-11-16;10;163
25;2025-11-16;11;214
25;2025-11-16;12;273
25;2025-11-16;13;311
25;2025-11-16;14;350
25;2025-11-16;15;449
25;2025-11-16;16;336
25;2025-11-16;17;294
25;2025-11-16;18;268
25;2025-11-16;19;204
25;2025-11-16;20;154
25;2025-11-16;21;119
25;2025-11-16;22;87
25;2025-11-16;23;23
25;2025-11-17;0;9
25;2025-11-17;1;0
25;2025-11-17;2;0
25;2025-11-17;3;0
25;2025-11-17;4;0
25;2025-11-17;5;1
25;2025-11-17;6;133
25;2025-11-17;7;468
25;2025-11-17;8;776
25;2025-11-17;9;354
25;2025-11-17;10;237
25;2025-11-17;11;253
25;2025-11-17;12;270
25;2025-11-17;13;330
25;2025-11-17;14;272
25;2025-11-17;15;353
25;2025-11-17;16;523
25;2025-11-17;17;600
25;2025-11-17;18;655
25;2025-11-17;19;346
25;2025-11-17;20;216
25;2025-11-17;21;141
25;2025-11-17;22;86
25;2025-11-17;23;4
25;2025-11-18;0;0
25;2025-11-18;1;0
25;2025-11-18;2;0
25;2025-11-18;3;0
25;2025-11-18;4;0
25;2025-11-18;5;2
25;2025-11-18;6;135
25;2025-11-18;7;479
25;2025-11-18;8;821
25;2025-11-18;9;399
25;2025-11-18;10;294
25;2025-11-18;11;319
25;2025-11-18;12;292
25;2025-11-18;13;354
25;2025-11-18;14;327
25;2025-11-18;15;412
25;2025-11-18;16;537
25;2025-11-18;17;595
25;2025-11-18;18;689
25;2025-11-18;19;413
25;2025-11-18;20;269
25;2025-11-18;21;171
25;2025-11-18;22;107
25;2025-11-18;23;5
25;2025-11-19;0;0
25;2025-11-19;1;1
25;2025-11-19;2;0
25;2025-11-19;3;0
25;2025-11-19;4;0
25;2025-11-19;5;1
25;2025-11-19;6;142
25;2025-11-19;7;489
25;2025-11-19;8;841
25;2025-11-19;9;393
25;2025-11-19;10;290
25;2025-11-19;11;317
25;2025-11-19;12;311
25;2025-11-19;13;406
25;2025-11-19;14;337
25;2025-11-19;15;424
25;2025-11-19;16;581
25;2025-11-19;17;689
25;2025-11-19;18;713
25;2025-11-19;19;397
25;2025-11-19;20;274
25;2025-11-19;21;178
25;2025-11-19;22;108
25;2025-11-19;23;3
25;2025-11-20;0;0
25;2025-11-20;1;0
25;2025-11-20;2;0
25;2025-11-20;3;0
25;2025-11-20;4;0
25;2025-11-20;5;2
25;2025-11-20;6;136
25;2025-11-20;7;482
25;2025-11-20;8;840
25;2025-11-20;9;405
25;2025-11-20;10;322
25;2025-11-20;11;324
25;2025-11-20;12;339
25;2025-11-20;13;388
25;2025-11-20;14;378
25;2025-11-20;15;466
25;2025-11-20;16;565
25;2025-11-20;17;660
25;2025-11-20;18;720
25;2025-11-20;19;417
25;2025-11-20;20;265
25;2025-11-20;21;175
25;2025-11-20;22;113
25;2025-11-20;23;6
25;2025-11-21;0;0
25;2025-11-21;1;0
25;2025-11-21;2;0
25;2025-11-21;3;0
25;2025-11-21;4;0
25;2025-11-21;5;1
25;2025-11-21;6;143
25;2025-11-21;7;482
25;2025-11-21;8;774
25;2025-11-21;9;362
25;2025-11-21;10;280
25;2025-11-21;11;312
25;2025-11-21;12;305
25;2025-11-21;13;383
25;2025-11-21;14;371
25;2025-11-21;15;472
25;2025-11-21;16;625
25;2025-11-21;17;644
25;2025-11-21;18;531
25;2025-11-21;19;337
25;2025-11-21;20;238
25;2025-11-21;21;175
25;2025-11-21;22;115
25;2025-11-21;23;9
25;2025-11-22;0;0
25;2025-11-22;1;0
25;2025-11-22;2;0
25;2025-11-22;3;0
25;2025-11-22;4;0
25;2025-11-22;5;1
25;2025-11-22;6;42
25;2025-11-22;7;109
25;2025-11-22;8;204
25;2025-11-22;9;210
25;2025-11-22;10;208
25;2025-11-22;11;267
25;2025-11-22;12;279
25;2025-11-22;13;387
25;2025-11-22;14;414
25;2025-11-22;15;508
25;2025-11-22;16;448
25;2025-11-22;17;384
25;2025-11-22;18;372
25;2025-11-22;19;314
25;2025-11-22;20;217
25;2025-11-22;21;184
25;2025-11-22;22;110
25;2025-11-22;23;44
25;2025-11-23;0;13
25;2025-11-23;1;0
25;2025-11-23;2;0
25;2025-11-23;3;0
25;2025-11-23;4;0
25;2025-11-23;5;0
25;2025-11-23;6;38
25;2025-11-23;7;81
25;2025-11-23;8;160
25;2025-11-23;9;159
25;2025-11-23;10;183
25;2025-11-23;11;237
25;2025-11-23;12;298
25;2025-11-23;13;346
25;2025-11-23;14;392
25;2025-11-23;15;504
25;2025-11-23;16;382
25;2025-11-23;17;344
25;2025-11-23;18;307
25;2025-11-23;19;228
25;2025-11-23;20;172
25;2025-11-23;21;128
25;2025-11-23;22;96
25;2025-11-23;23;27
25;2025-11-24;0;8
25;2025-11-24;1;0
25;2025-11-24;2;0
25;2025-11-24;3;0
25;2025-11-24;4;0
25;2025-11-24;5;2
25;2025-11-24;6;143
25;2025-11-24;7;464
25;2025-11-24;8;784
25;2025-11-24;9;387
25;2025-11-24;10;279
25;2025-11-24;11;277
25;2025-11-24;12;302
25;2025-11-24;13;397
25;2025-11-24;14;313
25;2025-11-24;15;392
25;2025-11-24;16;563
25;2025-11-24;17;628
25;2025-11-24;18;681
25;2025-11-24;19;379
25;2025-11-24;20;251
25;2025-11-24;21;170
25;2025-11-24;22;92
25;2025-11-24;23;7
25;2025-11-25;0;1
25;2025-11-25;1;0
25;2025-11-25;2;0
25;2025-11-25;3;0
25;2025-11-25;4;0
25;2025-11-25;5;0
25;2025-11-25;6;140
25;2025-11-25;7;490
25;2025-11-25;8;806
25;2025-11-25;9;403
25;2025-11-25;10;294
25;2025-11-25;11;314
25;2025-11-25;12;293
25;2025-11-25;13;361
25;2025-11-25;14;327
25;2025-11-25;15;417
25;2025-11-25;16;560
25;2025-11-25;17;615
25;2025-11-25;18;681
25;2025-11-25;19;399
25;2025-11-25;20;247
25;2025-11-25;21;149
25;2025-11-25;22;96
25;2025-11-25;23;4
25;2025-11-26;0;1
25;2025-11-26;1;0
25;2025-11-26;2;0
25;2025-11-26;3;0
25;2025-11-26;4;0
25;2025-11-26;5;5
25;2025-11-26;6;148
25;2025-11-26;7;472
25;2025-11-26;8;808
25;2025-11-26;9;398
25;2025-11-26;10;295
25;2025-11-26;11;314
25;2025-11-26;12;314
25;2025-11-26;13;384
25;2025-11-26;14;336
25;2025-11-26;15;404
25;2025-11-26;16;567
25;2025-11-26;17;670
25;2025-11-26;18;683
25;2025-11-26;19;399
25;2025-11-26;20;281
25;2025-11-26;21;184
25;2025-11-26;22;113
25;2025-11-26;23;9
25;2025-11-27;0;1
25;2025-11-27;1;0
25;2025-11-27;2;0
25;2025-11-27;3;0
25;2025-11-27;4;0
25;2025-11-27;5;5
25;2025-11-27;6;139
25;2025-11-27;7;478
25;2025-11-27;8;807
25;2025-11-27;9;372
25;2025-11-27;10;294
25;2025-11-27;11;320
25;2025-11-27;12;331
25;2025-11-27;13;373
25;2025-11-27;14;368
25;2025-11-27;15;450
25;2025-11-27;16;546
25;2025-11-27;17;657
25;2025-11-27;18;684
25;2025-11-27;19;429
25;2025-11-27;20;284
25;2025-11-27;21;187
25;2025-11-27;22;113
25;2025-11-27;23;11
25;2025-11-28;0;2
25;2025-11-28;1;0
25;2025-11-28;2;0
25;2025-11-28;3;0
25;2025-11-28;4;0
25;2025-11-28;5;3
25;2025-11-28;6;147
25;2025-11-28;7;478
25;2025-11-28;8;760
25;2025-11-28;9;400
25;2025-11-28;10;324
25;2025-11-28;11;361
25;2025-11-28;12;355
25;2025-11-28;13;433
25;2025-11-28;14;415
25;2025-11-28;15;519
25;2025-11-28;16;665
25;2025-11-28;17;690
25;2025-11-28;18;565
25;2025-11-28;19;390
25;2025-11-28;20;272
25;2025-11-28;21;194
25;2025-11-28;22;125
25;2025-11-28;23;13
25;2025-11-29;0;0
25;2025-11-29;1;0
25;2025-11-29;2;0
25;2025-11-29;3;0
25;2025-11-29;4;0
25;2025-11-29;5;3
25;2025-11-29;6;52
25;2025-11-29;7;117
25;2025-11-29;8;248
25;2025-11-29;9;242
25;2025-11-29;10;241
25;2025-11-29;11;298
25;2025-11-29;12;310
25;2025-11-29;13;426
25;2025-11-29;14;437
25;2025-11-29;15;526
25;2025-11-29;16;467
25;2025-11-29;17;403
25;2025-11-29;18;375
25;2025-11-29;19;320
25;2025-11-29;20;225
25;2025-11-29;21;190
25;2025-11-29;22;115
25;2025-11-29;23;46
25;2025-11-30;0;15
25;2025-11-30;1;0
25;2025-11-30;2;0
25;2025-11-30;3;0
25;2025-11-30;4;0
25;2025-11-30;5;4
25;2025-11-30;6;51
25;2025-11-30;7;88
25;2025-11-30;8;161
25;2025-11-30;9;193
25;2025-11-30;10;203
25;2025-11-30;11;252
25;2025-11-30;12;297
25;2025-11-30;13;334
25;2025-11-30;14;392
25;2025-11-30;15;468
25;2025-11-30;16;386
25;2025-11-30;17;351
25;2025-11-30;18;328
25;2025-11-30;19;259
25;2025-11-30;20;206
25;2025-11-30;21;169
25;2025-11-30;22;105
25;2025-11-30;23;36
25;2025-12-01;0;10
25;2025-12-01;1;0
25;2025-12-01;2;0
25;2025-12-01;3;0
25;2025-12-01;4;0
25;2025-12-01;5;3
25;2025-12-01;6;153
25;2025-12-01;7;488
25;2025-12-01;8;788
25;2025-12-01;9;409
25;2025-12-01;10;300
25;2025-12-01;11;320
25;2025-12-01;12;340
25;2025-12-01;13;430
25;2025-12-01;14;349
25;2025-12-01;15;423
25;2025-12-01;16;561
25;2025-12-01;17;639
25;2025-12-01;18;698
25;2025-12-01;19;410
25;2025-12-01;20;264
25;2025-12-01;21;168
25;2025-12-01;22;92
25;2025-12-01;23;10
25;2025-12-02;0;1
25;2025-12-02;1;0
25;2025-12-02;2;0
25;2025-12-02;3;0
25;2025-12-02;4;0
25;2025-12-02;5;3
25;2025-12-02;6;154
25;2025-12-02;7;492
25;2025-12-02;8;817
25;2025-12-02;9;444
25;2025-12-02;10;337
25;2025-12-02;11;363
25;2025-12-02;12;335
25;2025-12-02;13;394
25;2025-12-02;14;366
25;2025-12-02;15;440
25;2025-12-02;16;543
25;2025-12-02;17;609
25;2025-12-02;18;671
25;2025-12-02;19;434
25;2025-12-02;20;285
25;2025-12-02;21;185
25;2025-12-02;22;104
25;2025-12-02;23;10
25;2025-12-03;0;1
25;2025-12-03;1;0
25;2025-12-03;2;0
25;2025-12-03;3;0
25;2025-12-03;4;0
25;2025-12-03;5;2
25;2025-12-03;6;153
25;2025-12-03;7;497
25;2025-12-03;8;828
25;2025-12-03;9;444
25;2025-12-03;10;336
25;2025-12-03;11;374
25;2025-12-03;12;372
25;2025-12-03;13;454
25;2025-12-03;14;402
25;2025-12-03;15;473
25;2025-12-03;16;596
25;2025-12-03;17;711
25;2025-12-03;18;728
25;2025-12-03;19;451
25;2025-12-03;20;314
25;2025-12-03;21;214
25;2025-12-03;22;120
25;2025-12-03;23;11
25;2025-12-04;0;1
25;2025-12-04;1;0
25;2025-12-04;2;0
25;2025-12-04;3;0
25;2025-12-04;4;0
25;2025-12-04;5;8
25;2025-12-04;6;149
25;2025-12-04;7;488
25;2025-12-04;8;826
25;2025-12-04;9;425
25;2025-12-04;10;342
25;2025-12-04;11;356
25;2025-12-04;12;352
25;2025-12-04;13;396
25;2025-12-04;14;395
25;2025-12-04;15;460
25;2025-12-04;16;548
25;2025-12-04;17;668
25;2025-12-04;18;721
25;2025-12-04;19;450
25;2025-12-04;20;294
25;2025-12-04;21;200
25;2025-12-04;22;122
25;2025-12-04;23;12
25;2025-12-05;0;1
25;2025-12-05;1;0
25;2025-12-05;2;0
25;2025-12-05;3;0
25;2025-12-05;4;0
25;2025-12-05;5;4
25;2025-12-05;6;152
25;2025-12-05;7;489
25;2025-12-05;8;780
25;2025-12-05;9;405
25;2025-12-05;10;326
25;2025-12-05;11;374
25;2025-12-05;12;359
25;2025-12-05;13;436
25;2025-12-05;14;428
25;2025-12-05;15;506
25;2025-12-05;16;665
25;2025-12-05;17;689
25;2025-12-05;18;583
25;2025-12-05;19;422
25;2025-12-05;20;291
25;2025-12-05;21;211
25;2025-12-05;22;125
25;2025-12-05;23;14
25;2025-12-06;0;2
25;2025-12-06;1;0
25;2025-12-06;2;0
25;2025-12-06;3;0
25;2025-12-06;4;0
25;2025-12-06;5;5
25;2025-12-06;6;57
25;2025-12-06;7;122
25;2025-12-06;8;272
25;2025-12-06;9;259
25;2025-12-06;10;260
25;2025-12-06;11;322
25;2025-12-06;12;328
25;2025-12-06;13;444
25;2025-12-06;14;459
25;2025-12-06;15;536
25;2025-12-06;16;475
25;2025-12-06;17;412
25;2025-12-06;18;395
25;2025-12-06;19;344
25;2025-12-06;20;239
25;2025-12-06;21;195
25;2025-12-06;22;119
25;2025-12-06;23;50
25;2025-12-07;0;14
25;2025-12-07;1;0
25;2025-12-07;2;0
25;2025-12-07;3;0
25;2025-12-07;4;0
25;2025-12-07;5;5
25;2025-12-07;6;52
25;2025-12-07;7;89
25;2025-12-07;8;170
25;2025-12-07;9;191
25;2025-12-07;10;199
25;2025-12-07;11;263
25;2025-12-07;12;304
25;2025-12-07;13;372
25;2025-12-07;14;414
25;2025-12-07;15;492
25;2025-12-07;16;412
25;2025-12-07;17;376
25;2025-12-07;18;350
25;2025-12-07;19;276
25;2025-12-07;20;213
25;2025-12-07;21;165
25;2025-12-07;22;107
25;2025-12-07;23;35
25;2025-12-08;0;10
25;2025-12-08;1;0
25;2025-12-08;2;0
25;2025-12-08;3;0
25;2025-12-08;4;0
25;2025-12-08;5;5
25;2025-12-08;6;157
25;2025-12-08;7;505
25;2025-12-08;8;841
25;2025-12-08;9;429
25;2025-12-08;10;310
25;2025-12-08;11;335
25;2025-12-08;12;350
25;2025-12-08;13;449
25;2025-12-08;14;358
25;2025-12-08;15;435
25;2025-12-08;16;594
25;2025-12-08;17;665
25;2025-12-08;18;718
25;2025-12-08;19;425
25;2025-12-08;20;273
25;2025-12-08;21;171
25;2025-12-08;22;96
25;2025-12-08;23;7
25;2025-12-09;0;0
25;2025-12-09;1;0
25;2025-12-09;2;0
25;2025-12-09;3;0
25;2025-12-09;4;0
25;2025-12-09;5;4
25;2025-12-09;6;159
25;2025-12-09;7;517
25;2025-12-09;8;873
25;2025-12-09;9;467
25;2025-12-09;10;358
25;2025-12-09;11;388
25;2025-12-09;12;351
25;2025-12-09;13;426
25;2025-12-09;14;391
25;2025-12-09;15;484
25;2025-12-09;16;596
25;2025-12-09;17;656
25;2025-12-09;18;729
25;2025-12-09;19;475
25;2025-12-09;20;297
25;2025-12-09;21;179
25;2025-12-09;22;109
25;2025-12-09;23;7
25;2025-12-10;0;1
25;2025-12-10;1;1
25;2025-12-10;2;0
25;2025-12-10;3;0
25;2025-12-10;4;0
25;2025-12-10;5;6
25;2025-12-10;6;155
25;2025-12-10;7;494
25;2025-12-10;8;857
25;2025-12-10;9;437
25;2025-12-10;10;327
25;2025-12-10;11;359
25;2025-12-10;12;349
25;2025-12-10;13;436
25;2025-12-10;14;374
25;2025-12-10;15;454
25;2025-12-10;16;589
25;2025-12-10;17;699
25;2025-12-10;18;725
25;2025-12-10;19;440
25;2025-12-10;20;300
25;2025-12-10;21;187
25;2025-12-10;22;109
25;2025-12-10;23;3
25;2025-12-11;0;0
25;2025-12-11;1;0
25;2025-12-11;2;0
25;2025-12-11;3;0
25;2025-12-11;4;0
25;2025-12-11;5;4
25;2025-12-11;6;138
25;2025-12-11;7;482
25;2025-12-11;8;824
25;2025-12-11;9;412
25;2025-12-11;10;338
25;2025-12-11;11;331
25;2025-12-11;12;333
25;2025-12-11;13;376
25;2025-12-11;14;374
25;2025-12-11;15;437
25;2025-12-11;16;537
25;2025-12-11;17;639
25;2025-12-11;18;688
25;2025-12-11;19;425
25;2025-12-11;20;289
25;2025-12-11;21;201
25;2025-12-11;22;111
25;2025-12-11;23;6
25;2025-12-12;0;0
25;2025-12-12;1;0
25;2025-12-12;2;0
25;2025-12-12;3;0
25;2025-12-12;4;0
25;2025-12-12;5;4
25;2025-12-12;6;149
25;2025-12-12;7;479
25;2025-12-12;8;769
25;2025-12-12;9;383
25;2025-12-12;10;316
25;2025-12-12;11;356
25;2025-12-12;12;357
25;2025-12-12;13;435
25;2025-12-12;14;416
25;2025-12-12;15;473
25;2025-12-12;16;643
25;2025-12-12;17;668
25;2025-12-12;18;595
25;2025-12-12;19;409
25;2025-12-12;20;258
25;2025-12-12;21;184
25;2025-12-12;22;129
25;2025-12-12;23;9
25;2025-12-13;0;1
25;2025-12-13;1;0
25;2025-12-13;2;0
25;2025-12-13;3;0
25;2025-12-13;4;0
25;2025-12-13;5;2
25;2025-12-13;6;60
25;2025-12-13;7;118
25;2025-12-13;8;270
25;2025-12-13;9;269
25;2025-12-13;10;263
25;2025-12-13;11;320
25;2025-12-13;12;327
25;2025-12-13;13;437
25;2025-12-13;14;447
25;2025-12-13;15;543
25;2025-12-13;16;482
25;2025-12-13;17;398
25;2025-12-13;18;389
25;2025-12-13;19;356
25;2025-12-13;20;240
25;2025-12-13;21;182
25;2025-12-13;22;116
25;2025-12-13;23;42
25;2025-12-14;0;10
25;2025-12-14;1;0
25;2025-12-14;2;0
25;2025-12-14;3;0
25;2025-12-14;4;0
25;2025-12-14;5;2
25;2025-12-14;6;41
25;2025-12-14;7;83
25;2025-12-14;8;154
25;2025-12-14;9;168
25;2025-12-14;10;176
25;2025-12-14;11;229
25;2025-12-14;12;275
25;2025-12-14;13;324
25;2025-12-14;14;378
25;2025-12-14;15;463
25;2025-12-14;16;372
25;2025-12-14;17;332
25;2025-12-14;18;318
25;2025-12-14;19;258
25;2025-12-14;20;184
25;2025-12-14;21;135
25;2025-12-14;22;95
25;2025-12-14;23;26
25;2025-12-15;0;8
25;2025-12-15;1;0
25;2025-12-15;2;0
25;2025-12-15;3;0
25;2025-12-15;4;0
25;2025-12-15;5;3
25;2025-12-15;6;145
25;2025-12-15;7;506
25;2025-12-15;8;817
25;2025-12-15;9;420
25;2025-12-15;10;296
25;2025-12-15;11;330
25;2025-12-15;12;340
25;2025-12-15;13;438
25;2025-12-15;14;348
25;2025-12-15;15;427
25;2025-12-15;16;590
25;2025-12-15;17;652
25;2025-12-15;18;706
25;2025-12-15;19;412
25;2025-12-15;20;248
25;2025-12-15;21;159
25;2025-12-15;22;93
25;2025-12-15;23;8
25;2025-12-16;0;0
25;2025-12-16;1;0
25;2025-12-16;2;0
25;2025-12-16;3;0
25;2025-12-16;4;0
25;2025-12-16;5;3
25;2025-12-16;6;147
25;2025-12-16;7;497
25;2025-12-16;8;834
25;2025-12-16;9;438
25;2025-12-16;10;325
25;2025-12-16;11;353
25;2025-12-16;12;316
25;2025-12-16;13;380
25;2025-12-16;14;351
25;2025-12-16;15;436
25;2025-12-16;16;556
25;2025-12-16;17;612
25;2025-12-16;18;682
25;2025-12-16;19;435
25;2025-12-16;20;274
25;2025-12-16;21;163
25;2025-12-16;22;101
25;2025-12-16;23;5
25;2025-12-17;0;0
25;2025-12-17;1;0
25;2025-12-17;2;0
25;2025-12-17;3;0
25;2025-12-17;4;0
25;2025-12-17;5;3
25;2025-12-17;6;142
25;2025-12-17;7;482
25;2025-12-17;8;821
25;2025-12-17;9;418
25;2025-12-17;10;307
25;2025-12-17;11;347
25;2025-12-17;12;339
25;2025-12-17;13;430
25;2025-12-17;14;363
25;2025-12-17;15;445
25;2025-12-17;16;585
25;2025-12-17;17;681
25;2025-12-17;18;703
25;2025-12-17;19;426
25;2025-12-17;20;289
25;2025-12-17;21;187
25;2025-12-17;22;105
25;2025-12-17;23;4
25;2025-12-18;0;0
25;2025-12-18;1;0
25;2025-12-18;2;0
25;2025-12-18;3;0
25;2025-12-18;4;0
25;2025-12-18;5;4
25;2025-12-18;6;137
25;2025-12-18;7;480
25;2025-12-18;8;816
25;2025-12-18;9;405
25;2025-12-18;10;330
25;2025-12-18;11;337
25;2025-12-18;12;341
25;2025-12-18;13;388
25;2025-12-18;14;375
25;2025-12-18;15;445
25;2025-12-18;16;552
25;2025-12-18;17;650
25;2025-12-18;18;702
25;2025-12-18;19;429
25;2025-12-18;20;271
25;2025-12-18;21;177
25;2025-12-18;22;109
25;2025-12-18;23;5
25;2025-12-19;0;0
25;2025-12-19;1;0
25;2025-12-19;2;0
25;2025-12-19;3;0
25;2025-12-19;4;0
25;2025-12-19;5;4
25;2025-12-19;6;147
25;2025-12-19;7;483
25;2025-12-19;8;767
25;2025-12-19;9;389
25;2025-12-19;10;309
25;2025-12-19;11;354
25;2025-12-19;12;346
25;2025-12-19;13;423
25;2025-12-19;14;403
25;2025-12-19;15;493
25;2025-12-19;16;659
25;2025-12-19;17;674
25;2025-12-19;18;567
25;2025-12-19;19;389
25;2025-12-19;20;261
25;2025-12-19;21;185
25;2025-12-19;22;116
25;2025-12-19;23;12
25;2025-12-20;0;1
25;2025-12-20;1;0
25;2025-12-20;2;0
25;2025-12-20;3;0
25;2025-12-20;4;0
25;2025-12-20;5;2
25;2025-12-20;6;57
25;2025-12-20;7;119
25;2025-12-20;8;272
25;2025-12-20;9;254
25;2025-12-20;10;252
25;2025-12-20;11;323
25;2025-12-20;12;329
25;2025-12-20;13;454
25;2025-12-20;14;461
25;2025-12-20;15;542
25;2025-12-20;16;476
25;2025-12-20;17;410
25;2025-12-20;18;386
25;2025-12-20;19;342
25;2025-12-20;20;232
25;2025-12-20;21;186
25;2025-12-20;22;109
25;2025-12-20;23;43
25;2025-12-21;0;12
25;2025-12-21;1;0
25;2025-12-21;2;0
25;2025-12-21;3;0
25;2025-12-21;4;0
25;2025-12-21;5;3
25;2025-12-21;6;49
25;2025-12-21;7;96
25;2025-12-21;8;167
25;2025-12-21;9;173
25;2025-12-21;10;180
25;2025-12-21;11;238
25;2025-12-21;12;277
25;2025-12-21;13;331
25;2025-12-21;14;372
25;2025-12-21;15;488
25;2025-12-21;16;398
25;2025-12-21;17;362
25;2025-12-21;18;333
25;2025-12-21;19;268
25;2025-12-21;20;198
25;2025-12-21;21;145
25;2025-12-21;22;96
25;2025-12-21;23;30
25;2025-12-22;0;9
25;2025-12-22;1;0
25;2025-12-22;2;0
25;2025-12-22;3;0
25;2025-12-22;4;0
25;2025-12-22;5;6
25;2025-12-22;6;149
25;2025-12-22;7;497
25;2025-12-22;8;814
25;2025-12-22;9;412
25;2025-12-22;10;309
25;2025-12-22;11;331
25;2025-12-22;12;345
25;2025-12-22;13;444
25;2025-12-22;14;359
25;2025-12-22;15;412
25;2025-12-22;16;596
25;2025-12-22;17;665
25;2025-12-22;18;725
25;2025-12-22;19;408
25;2025-12-22;20;257
25;2025-12-22;21;162
25;2025-12-22;22;96
25;2025-12-22;23;10
25;2025-12-23;0;2
25;2025-12-23;1;0
25;2025-12-23;2;0
25;2025-12-23;3;0
25;2025-12-23;4;0
25;2025-12-23;5;4
25;2025-12-23;6;156
25;2025-12-23;7;514
25;2025-12-23;8;854
25;2025-12-23;9;455
25;2025-12-23;10;337
25;2025-12-23;11;367
25;2025-12-23;12;341
25;2025-12-23;13;399
25;2025-12-23;14;362
25;2025-12-23;15;448
25;2025-12-23;16;588
25;2025-12-23;17;654
25;2025-12-23;18;727
25;2025-12-23;19;447
25;2025-12-23;20;279
25;2025-12-23;21;159
25;2025-12-23;22;100
25;2025-12-23;23;7
25;2025-12-24;0;1
25;2025-12-24;1;0
25;2025-12-24;2;0
25;2025-12-24;3;0
25;2025-12-24;4;0
25;2025-12-24;5;3
25;2025-12-24;6;144
25;2025-12-24;7;481
25;2025-12-24;8;831
25;2025-12-24;9;429
25;2025-12-24;10;318
25;2025-12-24;11;358
25;2025-12-24;12;356
25;2025-12-24;13;435
25;2025-12-24;14;366
25;2025-12-24;15;450
25;2025-12-24;16;604
25;2025-12-24;17;701
25;2025-12-24;18;727
25;2025-12-24;19;444
25;2025-12-24;20;293
25;2025-12-24;21;181
25;2025-12-24;22;108
25;2025-12-24;23;8
25;2025-12-25;0;0
25;2025-12-25;1;0
25;2025-12-25;2;0
25;2025-12-25;3;0
25;2025-12-25;4;0
25;2025-12-25;5;6
25;2025-12-25;6;141
25;2025-12-25;7;470
25;2025-12-25;8;826
25;2025-12-25;9;408
25;2025-12-25;10;329
25;2025-12-25;11;341
25;2025-12-25;12;341
25;2025-12-25;13;396
25;2025-12-25;14;387
25;2025-12-25;15;452
25;2025-12-25;16;571
25;2025-12-25;17;658
25;2025-12-25;18;707
25;2025-12-25;19;430
25;2025-12-25;20;270
25;2025-12-25;21;180
25;2025-12-25;22;113
25;2025-12-25;23;9
25;2025-12-26;0;1
25;2025-12-26;1;0
25;2025-12-26;2;0
25;2025-12-26;3;0
25;2025-12-26;4;0
25;2025-12-26;5;7
25;2025-12-26;6;158
25;2025-12-26;7;474
25;2025-12-26;8;777
25;2025-12-26;9;411
25;2025-12-26;10;331
25;2025-12-26;11;363
25;2025-12-26;12;347
25;2025-12-26;13;428
25;2025-12-26;14;417
25;2025-12-26;15;498
25;2025-12-26;16;658
25;2025-12-26;17;664
25;2025-12-26;18;566
25;2025-12-26;19;396
25;2025-12-26;20;269
25;2025-12-26;21;198
25;2025-12-26;22;125
25;2025-12-26;23;13
25;2025-12-27;0;3
25;2025-12-27;1;0
25;2025-12-27;2;0
25;2025-12-27;3;0
25;2025-12-27;4;0
25;2025-12-27;5;4
25;2025-12-27;6;65
25;2025-12-27;7;122
25;2025-12-27;8;268
25;2025-12-27;9;251
25;2025-12-27;10;253
25;2025-12-27;11;319
25;2025-12-27;12;316
25;2025-12-27;13;433
25;2025-12-27;14;443
25;2025-12-27;15;555
25;2025-12-27;16;470
25;2025-12-27;17;411
25;2025-12-27;18;384
25;2025-12-27;19;337
25;2025-12-27;20;232
25;2025-12-27;21;191
25;2025-12-27;22;118
25;2025-12-27;23;46
25;2025-12-28;0;13
25;2025-12-28;1;0
25;2025-12-28;2;0
25;2025-12-28;3;0
25;2025-12-28;4;0
25;2025-12-28;5;4
25;2025-12-28;6;53
25;2025-12-28;7;97
25;2025-12-28;8;173
25;2025-12-28;9;181
25;2025-12-28;10;195
25;2025-12-28;11;247
25;2025-12-28;12;288
25;2025-12-28;13;347
25;2025-12-28;14;377
25;2025-12-28;15;472
25;2025-12-28;16;387
25;2025-12-28;17;348
25;2025-12-28;18;331
25;2025-12-28;19;269
25;2025-12-28;20;204
25;2025-12-28;21;162
25;2025-12-28;22;104
25;2025-12-28;23;34
25;2025-12-29;0;12
25;2025-12-29;1;1
25;2025-12-29;2;0
25;2025-12-29;3;0
25;2025-12-29;4;0
25;2025-12-29;5;5
25;2025-12-29;6;153
25;2025-12-29;7;471
25;2025-12-29;8;766
25;2025-12-29;9;408
25;2025-12-29;10;299
25;2025-12-29;11;337
25;2025-12-29;12;337
25;2025-12-29;13;444
25;2025-12-29;14;356
25;2025-12-29;15;428
25;2025-12-29;16;585
25;2025-12-29;17;641
25;2025-12-29;18;689
25;2025-12-29;19;422
25;2025-12-29;20;269
25;2025-12-29;21;180
25;2025-12-29;22;100
25;2025-12-29;23;12
25;2025-12-30;0;2
25;2025-12-30;1;0
25;2025-12-30;2;0
25;2025-12-30;3;0
25;2025-12-30;4;0
25;2025-12-30;5;4
25;2025-12-30;6;144
25;2025-12-30;7;458
25;2025-12-30;8;781
25;2025-12-30;9;425
25;2025-12-30;10;326
25;2025-12-30;11;364
25;2025-12-30;12;319
25;2025-12-30;13;402
25;2025-12-30;14;367
25;2025-12-30;15;451
25;2025-12-30;16;569
25;2025-12-30;17;615
25;2025-12-30;18;671
25;2025-12-30;19;427
25;2025-12-30;20;285
25;2025-12-30;21;171
25;2025-12-30;22;97
25;2025-12-30;23;9
25;2025-12-31;0;1
25;2025-12-31;1;0
25;2025-12-31;2;0
25;2025-12-31;3;0
25;2025-12-31;4;0
25;2025-12-31;5;0
25;2025-12-31;6;55
25;2025-12-31;7;183
25;2025-12-31;8;150
25;2025-12-31;9;205
25;2025-12-31;10;146
25;2025-12-31;11;194
25;2025-12-31;12;212
25;2025-12-31;13;293
25;2025-12-31;14;284
25;2025-12-31;15;340
25;2025-12-31;16;323
25;2025-12-31;17;297
25;2025-12-31;18;233
25;2025-12-31;19;279
25;2025-12-31;20;198
25;2025-12-31;21;132
25;2025-12-31;22;95
25;2025-12-31;23;12
26;2025-11-01;0;42
26;2025-11-01;1;1
26;2025-11-01;2;0
26;2025-11-01;3;0
26;2025-11-01;4;2
26;2025-11-01;5;50
26;2025-11-01;6;231
26;2025-11-01;7;325
26;2025-11-01;8;554
26;2025-11-01;9;638
26;2025-11-01;10;781
26;2025-11-01;11;949
26;2025-11-01;12;979
26;2025-11-01;13;1005
26;2025-11-01;14;1083
26;2025-11-01;15;988
26;2025-11-01;16;955
26;2025-11-01;17;916
26;2025-11-01;18;806
26;2025-11-01;19;728
26;2025-11-01;20;504
26;2025-11-01;21;355
26;2025-11-01;22;180
26;2025-11-01;23;143
26;2025-11-02;0;44
26;2025-11-02;1;5
26;2025-11-02;2;0
26;2025-11-02;3;0
26;2025-11-02;4;4
26;2025-11-02;5;32
26;2025-11-02;6;152
26;2025-11-02;7;217
26;2025-11-02;8;332
26;2025-11-02;9;386
26;2025-11-02;10;454
26;2025-11-02;11;576
26;2025-11-02;12;646
26;2025-11-02;13;683
26;2025-11-02;14;727
26;2025-11-02;15;688
26;2025-11-02;16;683
26;2025-11-02;17;659
26;2025-11-02;18;601
26;2025-11-02;19;458
26;2025-11-02;20;359
26;2025-11-02;21;241
26;2025-11-02;22;175
26;2025-11-02;23;94
26;2025-11-03;0;23
26;2025-11-03;1;1
26;2025-11-03;2;0
26;2025-11-03;3;0
26;2025-11-03;4;2
26;2025-11-03;5;57
26;2025-11-03;6;303
26;2025-11-03;7;354
26;2025-11-03;8;386
26;2025-11-03;9;441
26;2025-11-03;10;523
26;2025-11-03;11;524
26;2025-11-03;12;524
26;2025-11-03;13;518
26;2025-11-03;14;517
26;2025-11-03;15;506
26;2025-11-03;16;554
26;2025-11-03;17;572
26;2025-11-03;18;601
26;2025-11-03;19;591
26;2025-11-03;20;358
26;2025-11-03;21;309
26;2025-11-03;22;179
26;2025-11-03;23;86
26;2025-11-04;0;24
26;2025-11-04;1;2
26;2025-11-04;2;0
26;2025-11-04;3;0
26;2025-11-04;4;5
26;2025-11-04;5;55
26;2025-11-04;6;303
26;2025-11-04;7;363
26;2025-11-04;8;380
26;2025-11-04;9;442
26;2025-11-04;10;486
26;2025-11-04;11;476
26;2025-11-04;12;485
26;2025-11-04;13;529
26;2025-11-04;14;606
26;2025-11-04;15;604
26;2025-11-04;16;574
26;2025-11-04;17;540
26;2025-11-04;18;596
26;2025-11-04;19;592
26;2025-11-04;20;390
26;2025-11-04;21;331
26;2025-11-04;22;187
26;2025-11-04;23;101
26;2025-11-05;0;33
26;2025-11-05;1;2
26;2025-11-05;2;0
26;2025-11-05;3;0
26;2025-11-05;4;5
26;2025-11-05;5;79
26;2025-11-05;6;455
26;2025-11-05;7;957
26;2025-11-05;8;1996
26;2025-11-05;9;1353
26;2025-11-05;10;1070
26;2025-11-05;11;935
26;2025-11-05;12;1022
26;2025-11-05;13;1056
26;2025-11-05;14;1121
26;2025-11-05;15;1190
26;2025-11-05;16;1353
26;2025-11-05;17;1600
26;2025-11-05;18;1756
26;2025-11-05;19;1192
26;2025-11-05;20;684
26;2025-11-05;21;406
26;2025-11-05;22;228
26;2025-11-05;23;101
26;2025-11-06;0;26
26;2025-11-06;1;1
26;2025-11-06;2;0
26;2025-11-06;3;0
26;2025-11-06;4;1
26;2025-11-06;5;80
26;2025-11-06;6;463
26;2025-11-06;7;993
26;2025-11-06;8;1963
26;2025-11-06;9;1338
26;2025-11-06;10;1056
26;2025-11-06;11;961
26;2025-11-06;12;1016
26;2025-11-06;13;1073
26;2025-11-06;14;1081
26;2025-11-06;15;1164
26;2025-11-06;16;1336
26;2025-11-06;17;1577
26;2025-11-06;18;1766
26;2025-11-06;19;1165
26;2025-11-06;20;694
26;2025-11-06;21;414
26;2025-11-06;22;230
26;2025-11-06;23;107
26;2025-11-07;0;27
26;2025-11-07;1;1
26;2025-11-07;2;0
26;2025-11-07;3;0
26;2025-11-07;4;3
26;2025-11-07;5;75
26;2025-11-07;6;467
26;2025-11-07;7;986
26;2025-11-07;8;1841
26;2025-11-07;9;1306
26;2025-11-07;10;1070
26;2025-11-07;11;966
26;2025-11-07;12;1033
26;2025-11-07;13;1088
26;2025-11-07;14;1107
26;2025-11-07;15;1260
26;2025-11-07;16;1533
26;2025-11-07;17;1601
26;2025-11-07;18;1308
26;2025-11-07;19;1004
26;2025-11-07;20;615
26;2025-11-07;21;397
26;2025-11-07;22;218
26;2025-11-07;23;133
26;2025-11-08;0;38
26;2025-11-08;1;2
26;2025-11-08;2;0
26;2025-11-08;3;0
26;2025-11-08;4;2
26;2025-11-08;5;47
26;2025-11-08;6;258
26;2025-11-08;7;345
26;2025-11-08;8;510
26;2025-11-08;9;609
26;2025-11-08;10;712
26;2025-11-08;11;892
26;2025-11-08;12;929
26;2025-11-08;13;961
26;2025-11-08;14;989
26;2025-11-08;15;925
26;2025-11-08;16;903
26;2025-11-08;17;873
26;2025-11-08;18;822
26;2025-11-08;19;752
26;2025-11-08;20;510
26;2025-11-08;21;365
26;2025-11-08;22;222
26;2025-11-08;23;142
26;2025-11-09;0;47
26;2025-11-09;1;7
26;2025-11-09;2;1
26;2025-11-09;3;0
26;2025-11-09;4;3
26;2025-11-09;5;34
26;2025-11-09;6;166
26;2025-11-09;7;255
26;2025-11-09;8;367
26;2025-11-09;9;489
26;2025-11-09;10;530
26;2025-11-09;11;722
26;2025-11-09;12;780
26;2025-11-09;13;795
26;2025-11-09;14;778
26;2025-11-09;15;732
26;2025-11-09;16;737
26;2025-11-09;17;724
26;2025-11-09;18;660
26;2025-11-09;19;508
26;2025-11-09;20;397
26;2025-11-09;21;273
26;2025-11-09;22;192
26;2025-11-09;23;105
26;2025-11-10;0;30
26;2025-11-10;1;3
26;2025-11-10;2;0
26;2025-11-10;3;0
26;2025-11-10;4;3
26;2025-11-10;5;84
26;2025-11-10;6;515
26;2025-11-10;7;1076
26;2025-11-10;8;2076
26;2025-11-10;9;1387
26;2025-11-10;10;1146
26;2025-11-10;11;996
26;2025-11-10;12;1021
26;2025-11-10;13;1094
26;2025-11-10;14;1125
26;2025-11-10;15;1233
26;2025-11-10;16;1404
26;2025-11-10;17;1633
26;2025-11-10;18;1834
26;2025-11-10;19;1241
26;2025-11-10;20;746
26;2025-11-10;21;421
26;2025-11-10;22;216
26;2025-11-10;23;104
26;2025-11-11;0;29
26;2025-11-11;1;1
26;2025-11-11;2;0
26;2025-11-11;3;0
26;2025-11-11;4;3
26;2025-11-11;5;85
26;2025-11-11;6;540
26;2025-11-11;7;1106
26;2025-11-11;8;2122
26;2025-11-11;9;1411
26;2025-11-11;10;1142
26;2025-11-11;11;1072
26;2025-11-11;12;1094
26;2025-11-11;13;1097
26;2025-11-11;14;1148
26;2025-11-11;15;1249
26;2025-11-11;16;1447
26;2025-11-11;17;1676
26;2025-11-11;18;1860
26;2025-11-11;19;1277
26;2025-11-11;20;762
26;2025-11-11;21;444
26;2025-11-11;22;227
26;2025-11-11;23;111
26;2025-11-12;0;33
26;2025-11-12;1;1
26;2025-11-12;2;0
26;2025-11-12;3;0
26;2025-11-12;4;4
26;2025-11-12;5;89
26;2025-11-12;6;509
26;2025-11-12;7;1085
26;2025-11-12;8;2096
26;2025-11-12;9;1416
26;2025-11-12;10;1162
26;2025-11-12;11;1018
26;2025-11-12;12;1060
26;2025-11-12;13;1086
26;2025-11-12;14;1162
26;2025-11-12;15;1226
26;2025-11-12;16;1403
26;2025-11-12;17;1596
26;2025-11-12;18;1758
26;2025-11-12;19;1206
26;2025-11-12;20;752
26;2025-11-12;21;459
26;2025-11-12;22;240
26;2025-11-12;23;117
26;2025-11-13;0;35
26;2025-11-13;1;1
26;2025-11-13;2;0
26;2025-11-13;3;0
26;2025-11-13;4;2
26;2025-11-13;5;86
26;2025-11-13;6;501
26;2025-11-13;7;1077
26;2025-11-13;8;2118
26;2025-11-13;9;1437
26;2025-11-13;10;1135
26;2025-11-13;11;1073
26;2025-11-13;12;1090
26;2025-11-13;13;1149
26;2025-11-13;14;1155
26;2025-11-13;15;1262
26;2025-11-13;16;1433
26;2025-11-13;17;1654
26;2025-11-13;18;1847
26;2025-11-13;19;1229
26;2025-11-13;20;744
26;2025-11-13;21;446
26;2025-11-13;22;244
26;2025-11-13;23;115
26;2025-11-14;0;31
26;2025-11-14;1;2
26;2025-11-14;2;0
26;2025-11-14;3;0
26;2025-11-14;4;1
26;2025-11-14;5;84
26;2025-11-14;6;519
26;2025-11-14;7;1068
26;2025-11-14;8;1933
26;2025-11-14;9;1376
26;2025-11-14;10;1166
26;2025-11-14;11;1043
26;2025-11-14;12;1112
26;2025-11-14;13;1149
26;2025-11-14;14;1174
26;2025-11-14;15;1316
26;2025-11-14;16;1576
26;2025-11-14;17;1644
26;2025-11-14;18;1375
26;2025-11-14;19;1068
26;2025-11-14;20;681
26;2025-11-14;21;413
26;2025-11-14;22;230
26;2025-11-14;23;143
26;2025-11-15;0;36
26;2025-11-15;1;4
26;2025-11-15;2;0
26;2025-11-15;3;0
26;2025-11-15;4;3
26;2025-11-15;5;47
26;2025-11-15;6;251
26;2025-11-15;7;317
26;2025-11-15;8;495
26;2025-11-15;9;584
26;2025-11-15;10;670
26;2025-11-15;11;851
26;2025-11-15;12;887
26;2025-11-15;13;925
26;2025-11-15;14;998
26;2025-11-15;15;921
26;2025-11-15;16;897
26;2025-11-15;17;846
26;2025-11-15;18;763
26;2025-11-15;19;741
26;2025-11-15;20;510
26;2025-11-15;21;329
26;2025-11-15;22;196
26;2025-11-15;23;125
26;2025-11-16;0;37
26;2025-11-16;1;2
26;2025-11-16;2;0
26;2025-11-16;3;0
26;2025-11-16;4;0
26;2025-11-16;5;23
26;2025-11-16;6;139
26;2025-11-16;7;213
26;2025-11-16;8;314
26;2025-11-16;9;467
26;2025-11-16;10;524
26;2025-11-16;11;765
26;2025-11-16;12;817
26;2025-11-16;13;821
26;2025-11-16;14;776
26;2025-11-16;15;705
26;2025-11-16;16;699
26;2025-11-16;17;673
26;2025-11-16;18;588
26;2025-11-16;19;454
26;2025-11-16;20;345
26;2025-11-16;21;231
26;2025-11-16;22;159
26;2025-11-16;23;80
26;2025-11-17;0;20
26;2025-11-17;1;0
26;2025-11-17;2;0
26;2025-11-17;3;0
26;2025-11-17;4;1
26;2025-11-17;5;73
26;2025-11-17;6;460
26;2025-11-17;7;985
26;2025-11-17;8;1952
26;2025-11-17;9;1305
26;2025-11-17;10;1042
26;2025-11-17;11;914
26;2025-11-17;12;923
26;2025-11-17;13;954
26;2025-11-17;14;1009
26;2025-11-17;15;1106
26;2025-11-17;16;1291
26;2025-11-17;17;1549
26;2025-11-17;18;1747
26;2025-11-17;19;1132
26;2025-11-17;20;688
26;2025-11-17;21;369
26;2025-11-17;22;184
26;2025-11-17;23;84
26;2025-11-18;0;23
26;2025-11-18;1;0
26;2025-11-18;2;0
26;2025-11-18;3;0
26;2025-11-18;4;2
26;2025-11-18;5;77
26;2025-11-18;6;505
26;2025-11-18;7;1052
26;2025-11-18;8;2089
26;2025-11-18;9;1405
26;2025-11-18;10;1084
26;2025-11-18;11;1024
26;2025-11-18;12;1052
26;2025-11-18;13;1032
26;2025-11-18;14;1084
26;2025-11-18;15;1192
26;2025-11-18;16;1407
26;2025-11-18;17;1638
26;2025-11-18;18;1824
26;2025-11-18;19;1246
26;2025-11-18;20;757
26;2025-11-18;21;427
26;2025-11-18;22;224
26;2025-11-18;23;102
26;2025-11-19;0;27
26;2025-11-19;1;3
26;2025-11-19;2;0
26;2025-11-19;3;0
26;2025-11-19;4;3
26;2025-11-19;5;82
26;2025-11-19;6;502
26;2025-11-19;7;1092
26;2025-11-19;8;2088
26;2025-11-19;9;1388
26;2025-11-19;10;1135
26;2025-11-19;11;1021
26;2025-11-19;12;1062
26;2025-11-19;13;1116
26;2025-11-19;14;1171
26;2025-11-19;15;1264
26;2025-11-19;16;1407
26;2025-11-19;17;1593
26;2025-11-19;18;1748
26;2025-11-19;19;1210
26;2025-11-19;20;738
26;2025-11-19;21;443
26;2025-11-19;22;219
26;2025-11-19;23;100
26;2025-11-20;0;31
26;2025-11-20;1;1
26;2025-11-20;2;0
26;2025-11-20;3;0
26;2025-11-20;4;1
26;2025-11-20;5;80
26;2025-11-20;6;504
26;2025-11-20;7;1087
26;2025-11-20;8;2082
26;2025-11-20;9;1433
26;2025-11-20;10;1143
26;2025-11-20;11;1094
26;2025-11-20;12;1112
26;2025-11-20;13;1169
26;2025-11-20;14;1186
26;2025-11-20;15;1284
26;2025-11-20;16;1434
26;2025-11-20;17;1643
26;2025-11-20;18;1840
26;2025-11-20;19;1216
26;2025-11-20;20;729
26;2025-11-20;21;433
26;2025-11-20;22;235
26;2025-11-20;23;109
26;2025-11-21;0;27
26;2025-11-21;1;1
26;2025-11-21;2;0
26;2025-11-21;3;0
26;2025-11-21;4;2
26;2025-11-21;5;79
26;2025-11-21;6;494
26;2025-11-21;7;1048
26;2025-11-21;8;1891
26;2025-11-21;9;1326
26;2025-11-21;10;1106
26;2025-11-21;11;1002
26;2025-11-21;12;1064
26;2025-11-21;13;1122
26;2025-11-21;14;1135
26;2025-11-21;15;1288
26;2025-11-21;16;1549
26;2025-11-21;17;1628
26;2025-11-21;18;1345
26;2025-11-21;19;1010
26;2025-11-21;20;659
26;2025-11-21;21;401
26;2025-11-21;22;208
26;2025-11-21;23;135
26;2025-11-22;0;38
26;2025-11-22;1;2
26;2025-11-22;2;0
26;2025-11-22;3;0
26;2025-11-22;4;2
26;2025-11-22;5;40
26;2025-11-22;6;239
26;2025-11-22;7;322
26;2025-11-22;8;484
26;2025-11-22;9;596
26;2025-11-22;10;704
26;2025-11-22;11;902
26;2025-11-22;12;926
26;2025-11-22;13;961
26;2025-11-22;14;982
26;2025-11-22;15;908
26;2025-11-22;16;876
26;2025-11-22;17;861
26;2025-11-22;18;820
26;2025-11-22;19;749
26;2025-11-22;20;512
26;2025-11-22;21;352
26;2025-11-22;22;194
26;2025-11-22;23;132
26;2025-11-23;0;44
26;2025-11-23;1;4
26;2025-11-23;2;0
26;2025-11-23;3;0
26;2025-11-23;4;1
26;2025-11-23;5;28
26;2025-11-23;6;166
26;2025-11-23;7;245
26;2025-11-23;8;359
26;2025-11-23;9;471
26;2025-11-23;10;541
26;2025-11-23;11;773
26;2025-11-23;12;846
26;2025-11-23;13;883
26;2025-11-23;14;863
26;2025-11-23;15;814
26;2025-11-23;16;791
26;2025-11-23;17;756
26;2025-11-23;18;662
26;2025-11-23;19;500
26;2025-11-23;20;376
26;2025-11-23;21;245
26;2025-11-23;22;173
26;2025-11-23;23;93
26;2025-11-24;0;22
26;2025-11-24;1;4
26;2025-11-24;2;0
26;2025-11-24;3;0
26;2025-11-24;4;2
26;2025-11-24;5;83
26;2025-11-24;6;491
26;2025-11-24;7;1026
26;2025-11-24;8;2043
26;2025-11-24;9;1402
26;2025-11-24;10;1101
26;2025-11-24;11;935
26;2025-11-24;12;980
26;2025-11-24;13;1074
26;2025-11-24;14;1092
26;2025-11-24;15;1185
26;2025-11-24;16;1367
26;2025-11-24;17;1592
26;2025-11-24;18;1781
26;2025-11-24;19;1199
26;2025-11-24;20;728
26;2025-11-24;21;420
26;2025-11-24;22;208
26;2025-11-24;23;96
26;2025-11-25;0;27
26;2025-11-25;1;1
26;2025-11-25;2;0
26;2025-11-25;3;0
26;2025-11-25;4;1
26;2025-11-25;5;78
26;2025-11-25;6;513
26;2025-11-25;7;1068
26;2025-11-25;8;2047
26;2025-11-25;9;1390
26;2025-11-25;10;1111
26;2025-11-25;11;1047
26;2025-11-25;12;1071
26;2025-11-25;13;1079
26;2025-11-25;14;1118
26;2025-11-25;15;1236
26;2025-11-25;16;1405
26;2025-11-25;17;1612
26;2025-11-25;18;1792
26;2025-11-25;19;1228
26;2025-11-25;20;730
26;2025-11-25;21;398
26;2025-11-25;22;201
26;2025-11-25;23;101
26;2025-11-26;0;33
26;2025-11-26;1;5
26;2025-11-26;2;3
26;2025-11-26;3;1
26;2025-11-26;4;3
26;2025-11-26;5;88
26;2025-11-26;6;492
26;2025-11-26;7;1052
26;2025-11-26;8;2049
26;2025-11-26;9;1409
26;2025-11-26;10;1108
26;2025-11-26;11;995
26;2025-11-26;12;1045
26;2025-11-26;13;1081
26;2025-11-26;14;1130
26;2025-11-26;15;1199
26;2025-11-26;16;1356
26;2025-11-26;17;1547
26;2025-11-26;18;1702
26;2025-11-26;19;1173
26;2025-11-26;20;747
26;2025-11-26;21;443
26;2025-11-26;22;219
26;2025-11-26;23;110
26;2025-11-27;0;32
26;2025-11-27;1;4
26;2025-11-27;2;3
26;2025-11-27;3;0
26;2025-11-27;4;5
26;2025-11-27;5;86
26;2025-11-27;6;513
26;2025-11-27;7;1082
26;2025-11-27;8;2006
26;2025-11-27;9;1399
26;2025-11-27;10;1082
26;2025-11-27;11;1065
26;2025-11-27;12;1086
26;2025-11-27;13;1146
26;2025-11-27;14;1135
26;2025-11-27;15;1247
26;2025-11-27;16;1406
26;2025-11-27;17;1643
26;2025-11-27;18;1818
26;2025-11-27;19;1214
26;2025-11-27;20;765
26;2025-11-27;21;468
26;2025-11-27;22;244
26;2025-11-27;23;127
26;2025-11-28;0;38
26;2025-11-28;1;9
26;2025-11-28;2;3
26;2025-11-28;3;0
26;2025-11-28;4;6
26;2025-11-28;5;84
26;2025-11-28;6;508
26;2025-11-28;7;1046
26;2025-11-28;8;1885
26;2025-11-28;9;1374
26;2025-11-28;10;1187
26;2025-11-28;11;1079
26;2025-11-28;12;1121
26;2025-11-28;13;1175
26;2025-11-28;14;1178
26;2025-11-28;15;1337
26;2025-11-28;16;1571
26;2025-11-28;17;1654
26;2025-11-28;18;1390
26;2025-11-28;19;1065
26;2025-11-28;20;717
26;2025-11-28;21;446
26;2025-11-28;22;242
26;2025-11-28;23;151
26;2025-11-29;0;46
26;2025-11-29;1;9
26;2025-11-29;2;3
26;2025-11-29;3;0
26;2025-11-29;4;5
26;2025-11-29;5;51
26;2025-11-29;6;275
26;2025-11-29;7;358
26;2025-11-29;8;542
26;2025-11-29;9;652
26;2025-11-29;10;755
26;2025-11-29;11;953
26;2025-11-29;12;981
26;2025-11-29;13;993
26;2025-11-29;14;1022
26;2025-11-29;15;935
26;2025-11-29;16;908
26;2025-11-29;17;900
26;2025-11-29;18;827
26;2025-11-29;19;755
26;2025-11-29;20;516
26;2025-11-29;21;371
26;2025-11-29;22;220
26;2025-11-29;23;145
26;2025-11-30;0;48
26;2025-11-30;1;12
26;2025-11-30;2;3
26;2025-11-30;3;0
26;2025-11-30;4;5
26;2025-11-30;5;39
26;2025-11-30;6;170
26;2025-11-30;7;263
26;2025-11-30;8;374
26;2025-11-30;9;506
26;2025-11-30;10;557
26;2025-11-30;11;770
26;2025-11-30;12;817
26;2025-11-30;13;823
26;2025-11-30;14;799
26;2025-11-30;15;753
26;2025-11-30;16;756
26;2025-11-30;17;743
26;2025-11-30;18;669
26;2025-11-30;19;508
26;2025-11-30;20;428
26;2025-11-30;21;311
26;2025-11-30;22;203
26;2025-11-30;23;120
26;2025-12-01;0;32
26;2025-12-01;1;9
26;2025-12-01;2;3
26;2025-12-01;3;0
26;2025-12-01;4;5
26;2025-12-01;5;92
26;2025-12-01;6;512
26;2025-12-01;7;1068
26;2025-12-01;8;1926
26;2025-12-01;9;1370
26;2025-12-01;10;1125
26;2025-12-01;11;994
26;2025-12-01;12;1034
26;2025-12-01;13;1116
26;2025-12-01;14;1139
26;2025-12-01;15;1230
26;2025-12-01;16;1370
26;2025-12-01;17;1577
26;2025-12-01;18;1785
26;2025-12-01;19;1240
26;2025-12-01;20;761
26;2025-12-01;21;440
26;2025-12-01;22;217
26;2025-12-01;23;111
26;2025-12-02;0;32
26;2025-12-02;1;8
26;2025-12-02;2;3
26;2025-12-02;3;0
26;2025-12-02;4;8
26;2025-12-02;5;96
26;2025-12-02;6;524
26;2025-12-02;7;1105
26;2025-12-02;8;1984
26;2025-12-02;9;1398
26;2025-12-02;10;1138
26;2025-12-02;11;1067
26;2025-12-02;12;1097
26;2025-12-02;13;1093
26;2025-12-02;14;1130
26;2025-12-02;15;1207
26;2025-12-02;16;1394
26;2025-12-02;17;1602
26;2025-12-02;18;1797
26;2025-12-02;19;1249
26;2025-12-02;20;766
26;2025-12-02;21;463
26;2025-12-02;22;233
26;2025-12-02;23;121
26;2025-12-03;0;35
26;2025-12-03;1;7
26;2025-12-03;2;3
26;2025-12-03;3;0
26;2025-12-03;4;5
26;2025-12-03;5;94
26;2025-12-03;6;510
26;2025-12-03;7;1062
26;2025-12-03;8;2048
26;2025-12-03;9;1407
26;2025-12-03;10;1181
26;2025-12-03;11;1059
26;2025-12-03;12;1105
26;2025-12-03;13;1135
26;2025-12-03;14;1188
26;2025-12-03;15;1261
26;2025-12-03;16;1396
26;2025-12-03;17;1585
26;2025-12-03;18;1757
26;2025-12-03;19;1214
26;2025-12-03;20;776
26;2025-12-03;21;493
26;2025-12-03;22;253
26;2025-12-03;23;130
26;2025-12-04;0;37
26;2025-12-04;1;5
26;2025-12-04;2;0
26;2025-12-04;3;0
26;2025-12-04;4;7
26;2025-12-04;5;95
26;2025-12-04;6;504
26;2025-12-04;7;1078
26;2025-12-04;8;2051
26;2025-12-04;9;1414
26;2025-12-04;10;1129
26;2025-12-04;11;1072
26;2025-12-04;12;1090
26;2025-12-04;13;1144
26;2025-12-04;14;1158
26;2025-12-04;15;1255
26;2025-12-04;16;1409
26;2025-12-04;17;1638
26;2025-12-04;18;1835
26;2025-12-04;19;1243
26;2025-12-04;20;780
26;2025-12-04;21;472
26;2025-12-04;22;259
26;2025-12-04;23;132
26;2025-12-05;0;37
26;2025-12-05;1;4
26;2025-12-05;2;0
26;2025-12-05;3;0
26;2025-12-05;4;6
26;2025-12-05;5;91
26;2025-12-05;6;506
26;2025-12-05;7;1036
26;2025-12-05;8;1900
26;2025-12-05;9;1359
26;2025-12-05;10;1153
26;2025-12-05;11;1040
26;2025-12-05;12;1086
26;2025-12-05;13;1143
26;2025-12-05;14;1176
26;2025-12-05;15;1313
26;2025-12-05;16;1570
26;2025-12-05;17;1644
26;2025-12-05;18;1398
26;2025-12-05;19;1083
26;2025-12-05;20;725
26;2025-12-05;21;455
26;2025-12-05;22;243
26;2025-12-05;23;151
26;2025-12-06;0;45
26;2025-12-06;1;5
26;2025-12-06;2;0
26;2025-12-06;3;0
26;2025-12-06;4;6
26;2025-12-06;5;53
26;2025-12-06;6;276
26;2025-12-06;7;362
26;2025-12-06;8;540
26;2025-12-06;9;636
26;2025-12-06;10;753
26;2025-12-06;11;923
26;2025-12-06;12;963
26;2025-12-06;13;982
26;2025-12-06;14;1008
26;2025-12-06;15;918
26;2025-12-06;16;892
26;2025-12-06;17;876
26;2025-12-06;18;825
26;2025-12-06;19;745
26;2025-12-06;20;519
26;2025-12-06;21;366
26;2025-12-06;22;222
26;2025-12-06;23;148
26;2025-12-07;0;47
26;2025-12-07;1;9
26;2025-12-07;2;0
26;2025-12-07;3;0
26;2025-12-07;4;5
26;2025-12-07;5;36
26;2025-12-07;6;163
26;2025-12-07;7;249
26;2025-12-07;8;372
26;2025-12-07;9;494
26;2025-12-07;10;540
26;2025-12-07;11;747
26;2025-12-07;12;795
26;2025-12-07;13;820
26;2025-12-07;14;800
26;2025-12-07;15;745
26;2025-12-07;16;740
26;2025-12-07;17;741
26;2025-12-07;18;664
26;2025-12-07;19;501
26;2025-12-07;20;410
26;2025-12-07;21;282
26;2025-12-07;22;194
26;2025-12-07;23;105
26;2025-12-08;0;29
26;2025-12-08;1;3
26;2025-12-08;2;0
26;2025-12-08;3;0
26;2025-12-08;4;4
26;2025-12-08;5;88
26;2025-12-08;6;503
26;2025-12-08;7;1067
26;2025-12-08;8;2038
26;2025-12-08;9;1394
26;2025-12-08;10;1177
26;2025-12-08;11;1016
26;2025-12-08;12;1034
26;2025-12-08;13;1099
26;2025-12-08;14;1127
26;2025-12-08;15;1227
26;2025-12-08;16;1390
26;2025-12-08;17;1608
26;2025-12-08;18;1810
26;2025-12-08;19;1233
26;2025-12-08;20;735
26;2025-12-08;21;415
26;2025-12-08;22;210
26;2025-12-08;23;97
26;2025-12-09;0;28
26;2025-12-09;1;1
26;2025-12-09;2;0
26;2025-12-09;3;1
26;2025-12-09;4;5
26;2025-12-09;5;87
26;2025-12-09;6;522
26;2025-12-09;7;1117
26;2025-12-09;8;2095
26;2025-12-09;9;1454
26;2025-12-09;10;1197
26;2025-12-09;11;1113
26;2025-12-09;12;1130
26;2025-12-09;13;1121
26;2025-12-09;14;1170
26;2025-12-09;15;1268
26;2025-12-09;16;1452
26;2025-12-09;17;1668
26;2025-12-09;18;1850
26;2025-12-09;19;1290
26;2025-12-09;20;757
26;2025-12-09;21;431
26;2025-12-09;22;228
26;2025-12-09;23;107
26;2025-12-10;0;30
26;2025-12-10;1;2
26;2025-12-10;2;0
26;2025-12-10;3;0
26;2025-12-10;4;4
26;2025-12-10;5;91
26;2025-12-10;6;482
26;2025-12-10;7;1052
26;2025-12-10;8;2084
26;2025-12-10;9;1432
26;2025-12-10;10;1170
26;2025-12-10;11;1047
26;2025-12-10;12;1088
26;2025-12-10;13;1109
26;2025-12-10;14;1179
26;2025-12-10;15;1256
26;2025-12-10;16;1404
26;2025-12-10;17;1594
26;2025-12-10;18;1746
26;2025-12-10;19;1212
26;2025-12-10;20;745
26;2025-12-10;21;444
26;2025-12-10;22;227
26;2025-12-10;23;111
26;2025-12-11;0;32
26;2025-12-11;1;1
26;2025-12-11;2;0
26;2025-12-11;3;0
26;2025-12-11;4;0
26;2025-12-11;5;78
26;2025-12-11;6;480
26;2025-12-11;7;1034
26;2025-12-11;8;2073
26;2025-12-11;9;1424
26;2025-12-11;10;1092
26;2025-12-11;11;1054
26;2025-12-11;12;1062
26;2025-12-11;13;1114
26;2025-12-11;14;1121
26;2025-12-11;15;1216
26;2025-12-11;16;1382
26;2025-12-11;17;1622
26;2025-12-11;18;1811
26;2025-12-11;19;1176
26;2025-12-11;20;729
26;2025-12-11;21;463
26;2025-12-11;22;246
26;2025-12-11;23;112
26;2025-12-12;0;30
26;2025-12-12;1;1
26;2025-12-12;2;0
26;2025-12-12;3;0
26;2025-12-12;4;0
26;2025-12-12;5;79
26;2025-12-12;6;474
26;2025-12-12;7;1004
26;2025-12-12;8;1913
26;2025-12-12;9;1327
26;2025-12-12;10;1127
26;2025-12-12;11;1012
26;2025-12-12;12;1059
26;2025-12-12;13;1096
26;2025-12-12;14;1117
26;2025-12-12;15;1246
26;2025-12-12;16;1551
26;2025-12-12;17;1644
26;2025-12-12;18;1386
26;2025-12-12;19;1072
26;2025-12-12;20;680
26;2025-12-12;21;406
26;2025-12-12;22;236
26;2025-12-12;23;134
26;2025-12-13;0;38
26;2025-12-13;1;0
26;2025-12-13;2;0
26;2025-12-13;3;0
26;2025-12-13;4;0
26;2025-12-13;5;41
26;2025-12-13;6;263
26;2025-12-13;7;352
26;2025-12-13;8;544
26;2025-12-13;9;666
26;2025-12-13;10;747
26;2025-12-13;11;927
26;2025-12-13;12;955
26;2025-12-13;13;958
26;2025-12-13;14;969
26;2025-12-13;15;887
26;2025-12-13;16;868
26;2025-12-13;17;870
26;2025-12-13;18;814
26;2025-12-13;19;776
26;2025-12-13;20;519
26;2025-12-13;21;340
26;2025-12-13;22;201
26;2025-12-13;23;129
26;2025-12-14;0;40
26;2025-12-14;1;5
26;2025-12-14;2;0
26;2025-12-14;3;0
26;2025-12-14;4;0
26;2025-12-14;5;25
26;2025-12-14;6;144
26;2025-12-14;7;228
26;2025-12-14;8;346
26;2025-12-14;9;477
26;2025-12-14;10;522
26;2025-12-14;11;708
26;2025-12-14;12;767
26;2025-12-14;13;780
26;2025-12-14;14;756
26;2025-12-14;15;703
26;2025-12-14;16;718
26;2025-12-14;17;708
26;2025-12-14;18;657
26;2025-12-14;19;509
26;2025-12-14;20;382
26;2025-12-14;21;252
26;2025-12-14;22;187
26;2025-12-14;23;95
26;2025-12-15;0;29
26;2025-12-15;1;2
26;2025-12-15;2;0
26;2025-12-15;3;0
26;2025-12-15;4;1
26;2025-12-15;5;81
26;2025-12-15;6;481
26;2025-12-15;7;1036
26;2025-12-15;8;2039
26;2025-12-15;9;1375
26;2025-12-15;10;1138
26;2025-12-15;11;994
26;2025-12-15;12;997
26;2025-12-15;13;1073
26;2025-12-15;14;1088
26;2025-12-15;15;1201
26;2025-12-15;16;1368
26;2025-12-15;17;1588
26;2025-12-15;18;1812
26;2025-12-15;19;1222
26;2025-12-15;20;719
26;2025-12-15;21;403
26;2025-12-15;22;199
26;2025-12-15;23;94
26;2025-12-16;0;25
26;2025-12-16;1;0
26;2025-12-16;2;0
26;2025-12-16;3;0
26;2025-12-16;4;2
26;2025-12-16;5;79
26;2025-12-16;6;490
26;2025-12-16;7;1056
26;2025-12-16;8;2089
26;2025-12-16;9;1408
26;2025-12-16;10;1154
26;2025-12-16;11;1078
26;2025-12-16;12;1070
26;2025-12-16;13;1065
26;2025-12-16;14;1148
26;2025-12-16;15;1234
26;2025-12-16;16;1449
26;2025-12-16;17;1659
26;2025-12-16;18;1836
26;2025-12-16;19;1251
26;2025-12-16;20;742
26;2025-12-16;21;411
26;2025-12-16;22;211
26;2025-12-16;23;104
26;2025-12-17;0;28
26;2025-12-17;1;0
26;2025-12-17;2;0
26;2025-12-17;3;0
26;2025-12-17;4;3
26;2025-12-17;5;82
26;2025-12-17;6;473
26;2025-12-17;7;1026
26;2025-12-17;8;2080
26;2025-12-17;9;1397
26;2025-12-17;10;1129
26;2025-12-17;11;1012
26;2025-12-17;12;1055
26;2025-12-17;13;1092
26;2025-12-17;14;1147
26;2025-12-17;15;1222
26;2025-12-17;16;1401
26;2025-12-17;17;1580
26;2025-12-17;18;1728
26;2025-12-17;19;1171
26;2025-12-17;20;732
26;2025-12-17;21;437
26;2025-12-17;22;218
26;2025-12-17;23;108
26;2025-12-18;0;32
26;2025-12-18;1;0
26;2025-12-18;2;0
26;2025-12-18;3;0
26;2025-12-18;4;0
26;2025-12-18;5;79
26;2025-12-18;6;474
26;2025-12-18;7;1025
26;2025-12-18;8;2057
26;2025-12-18;9;1402
26;2025-12-18;10;1106
26;2025-12-18;11;1063
26;2025-12-18;12;1091
26;2025-12-18;13;1128
26;2025-12-18;14;1143
26;2025-12-18;15;1242
26;2025-12-18;16;1400
26;2025-12-18;17;1638
26;2025-12-18;18;1819
26;2025-12-18;19;1195
26;2025-12-18;20;725
26;2025-12-18;21;430
26;2025-12-18;22;226
26;2025-12-18;23;111
26;2025-12-19;0;30
26;2025-12-19;1;1
26;2025-12-19;2;0
26;2025-12-19;3;0
26;2025-12-19;4;1
26;2025-12-19;5;81
26;2025-12-19;6;479
26;2025-12-19;7;1007
26;2025-12-19;8;1923
26;2025-12-19;9;1337
26;2025-12-19;10;1121
26;2025-12-19;11;1034
26;2025-12-19;12;1078
26;2025-12-19;13;1124
26;2025-12-19;14;1145
26;2025-12-19;15;1273
26;2025-12-19;16;1562
26;2025-12-19;17;1644
26;2025-12-19;18;1362
26;2025-12-19;19;1041
26;2025-12-19;20;668
26;2025-12-19;21;403
26;2025-12-19;22;214
26;2025-12-19;23;138
26;2025-12-20;0;38
26;2025-12-20;1;2
26;2025-12-20;2;0
26;2025-12-20;3;0
26;2025-12-20;4;2
26;2025-12-20;5;44
26;2025-12-20;6;261
26;2025-12-20;7;349
26;2025-12-20;8;543
26;2025-12-20;9;631
26;2025-12-20;10;723
26;2025-12-20;11;913
26;2025-12-20;12;949
26;2025-12-20;13;955
26;2025-12-20;14;990
26;2025-12-20;15;913
26;2025-12-20;16;857
26;2025-12-20;17;844
26;2025-12-20;18;767
26;2025-12-20;19;720
26;2025-12-20;20;493
26;2025-12-20;21;346
26;2025-12-20;22;202
26;2025-12-20;23;129
26;2025-12-21;0;36
26;2025-12-21;1;4
26;2025-12-21;2;0
26;2025-12-21;3;0
26;2025-12-21;4;1
26;2025-12-21;5;28
26;2025-12-21;6;155
26;2025-12-21;7;254
26;2025-12-21;8;376
26;2025-12-21;9;474
26;2025-12-21;10;520
26;2025-12-21;11;709
26;2025-12-21;12;758
26;2025-12-21;13;785
26;2025-12-21;14;766
26;2025-12-21;15;732
26;2025-12-21;16;725
26;2025-12-21;17;705
26;2025-12-21;18;635
26;2025-12-21;19;487
26;2025-12-21;20;391
26;2025-12-21;21;257
26;2025-12-21;22;178
26;2025-12-21;23;95
26;2025-12-22;0;28
26;2025-12-22;1;3
26;2025-12-22;2;0
26;2025-12-22;3;0
26;2025-12-22;4;2
26;2025-12-22;5;85
26;2025-12-22;6;492
26;2025-12-22;7;1047
26;2025-12-22;8;2061
26;2025-12-22;9;1386
26;2025-12-22;10;1137
26;2025-12-22;11;990
26;2025-12-22;12;1024
26;2025-12-22;13;1092
26;2025-12-22;14;1137
26;2025-12-22;15;1237
26;2025-12-22;16;1408
26;2025-12-22;17;1613
26;2025-12-22;18;1822
26;2025-12-22;19;1231
26;2025-12-22;20;740
26;2025-12-22;21;398
26;2025-12-22;22;202
26;2025-12-22;23;92
26;2025-12-23;0;25
26;2025-12-23;1;0
26;2025-12-23;2;0
26;2025-12-23;3;1
26;2025-12-23;4;2
26;2025-12-23;5;82
26;2025-12-23;6;540
26;2025-12-23;7;1088
26;2025-12-23;8;2075
26;2025-12-23;9;1427
26;2025-12-23;10;1158
26;2025-12-23;11;1079
26;2025-12-23;12;1094
26;2025-12-23;13;1076
26;2025-12-23;14;1115
26;2025-12-23;15;1216
26;2025-12-23;16;1419
26;2025-12-23;17;1633
26;2025-12-23;18;1819
26;2025-12-23;19;1260
26;2025-12-23;20;760
26;2025-12-23;21;403
26;2025-12-23;22;207
26;2025-12-23;23;102
26;2025-12-24;0;31
26;2025-12-24;1;0
26;2025-12-24;2;0
26;2025-12-24;3;0
26;2025-12-24;4;5
26;2025-12-24;5;83
26;2025-12-24;6;486
26;2025-12-24;7;1033
26;2025-12-24;8;2063
26;2025-12-24;9;1399
26;2025-12-24;10;1144
26;2025-12-24;11;1029
26;2025-12-24;12;1084
26;2025-12-24;13;1096
26;2025-12-24;14;1140
26;2025-12-24;15;1221
26;2025-12-24;16;1386
26;2025-12-24;17;1555
26;2025-12-24;18;1725
26;2025-12-24;19;1188
26;2025-12-24;20;739
26;2025-12-24;21;432
26;2025-12-24;22;218
26;2025-12-24;23;106
26;2025-12-25;0;32
26;2025-12-25;1;0
26;2025-12-25;2;0
26;2025-12-25;3;0
26;2025-12-25;4;0
26;2025-12-25;5;80
26;2025-12-25;6;469
26;2025-12-25;7;1037
26;2025-12-25;8;2056
26;2025-12-25;9;1407
26;2025-12-25;10;1126
26;2025-12-25;11;1074
26;2025-12-25;12;1075
26;2025-12-25;13;1119
26;2025-12-25;14;1146
26;2025-12-25;15;1240
26;2025-12-25;16;1416
26;2025-12-25;17;1622
26;2025-12-25;18;1821
26;2025-12-25;19;1206
26;2025-12-25;20;730
26;2025-12-25;21;429
26;2025-12-25;22;229
26;2025-12-25;23;109
26;2025-12-26;0;29
26;2025-12-26;1;4
26;2025-12-26;2;0
26;2025-12-26;3;0
26;2025-12-26;4;1
26;2025-12-26;5;82
26;2025-12-26;6;501
26;2025-12-26;7;1033
26;2025-12-26;8;1938
26;2025-12-26;9;1413
26;2025-12-26;10;1190
26;2025-12-26;11;1034
26;2025-12-26;12;1101
26;2025-12-26;13;1167
26;2025-12-26;14;1193
26;2025-12-26;15;1322
26;2025-12-26;16;1584
26;2025-12-26;17;1663
26;2025-12-26;18;1396
26;2025-12-26;19;1078
26;2025-12-26;20;692
26;2025-12-26;21;420
26;2025-12-26;22;235
26;2025-12-26;23;134
26;2025-12-27;0;40
26;2025-12-27;1;4
26;2025-12-27;2;0
26;2025-12-27;3;0
26;2025-12-27;4;3
26;2025-12-27;5;53
26;2025-12-27;6;268
26;2025-12-27;7;358
26;2025-12-27;8;563
26;2025-12-27;9;652
26;2025-12-27;10;756
26;2025-12-27;11;957
26;2025-12-27;12;970
26;2025-12-27;13;970
26;2025-12-27;14;998
26;2025-12-27;15;931
26;2025-12-27;16;909
26;2025-12-27;17;902
26;2025-12-27;18;817
26;2025-12-27;19;749
26;2025-12-27;20;506
26;2025-12-27;21;349
26;2025-12-27;22;213
26;2025-12-27;23;140
26;2025-12-28;0;48
26;2025-12-28;1;8
26;2025-12-28;2;0
26;2025-12-28;3;1
26;2025-12-28;4;2
26;2025-12-28;5;34
26;2025-12-28;6;160
26;2025-12-28;7;260
26;2025-12-28;8;388
26;2025-12-28;9;492
26;2025-12-28;10;547
26;2025-12-28;11;739
26;2025-12-28;12;776
26;2025-12-28;13;811
26;2025-12-28;14;777
26;2025-12-28;15;751
26;2025-12-28;16;742
26;2025-12-28;17;743
26;2025-12-28;18;672
26;2025-12-28;19;515
26;2025-12-28;20;399
26;2025-12-28;21;281
26;2025-12-28;22;195
26;2025-12-28;23;104
26;2025-12-29;0;35
26;2025-12-29;1;6
26;2025-12-29;2;0
26;2025-12-29;3;1
26;2025-12-29;4;3
26;2025-12-29;5;88
26;2025-12-29;6;487
26;2025-12-29;7;1037
26;2025-12-29;8;2020
26;2025-12-29;9;1399
26;2025-12-29;10;1172
26;2025-12-29;11;1021
26;2025-12-29;12;1024
26;2025-12-29;13;1116
26;2025-12-29;14;1148
26;2025-12-29;15;1232
26;2025-12-29;16;1390
26;2025-12-29;17;1609
26;2025-12-29;18;1819
26;2025-12-29;19;1259
26;2025-12-29;20;754
26;2025-12-29;21;413
26;2025-12-29;22;222
26;2025-12-29;23;105
26;2025-12-30;0;36
26;2025-12-30;1;3
26;2025-12-30;2;0
26;2025-12-30;3;2
26;2025-12-30;4;2
26;2025-12-30;5;91
26;2025-12-30;6;487
26;2025-12-30;7;1034
26;2025-12-30;8;2055
26;2025-12-30;9;1437
26;2025-12-30;10;1168
26;2025-12-30;11;1105
26;2025-12-30;12;1113
26;2025-12-30;13;1107
26;2025-12-30;14;1159
26;2025-12-30;15;1245
26;2025-12-30;16;1430
26;2025-12-30;17;1665
26;2025-12-30;18;1820
26;2025-12-30;19;1271
26;2025-12-30;20;767
26;2025-12-30;21;414
26;2025-12-30;22;224
26;2025-12-30;23;112
26;2025-12-31;0;12
26;2025-12-31;1;0
26;2025-12-31;2;0
26;2025-12-31;3;0
26;2025-12-31;4;0
26;2025-12-31;5;31
26;2025-12-31;6;220
26;2025-12-31;7;207
26;2025-12-31;8;204
26;2025-12-31;9;316
26;2025-12-31;10;361
26;2025-12-31;11;447
26;2025-12-31;12;512
26;2025-12-31;13;517
26;2025-12-31;14;539
26;2025-12-31;15;553
26;2025-12-31;16;544
26;2025-12-31;17;513
26;2025-12-31;18;436
26;2025-12-31;19;467
26;2025-12-31;20;290
26;2025-12-31;21;298
26;2025-12-31;22;164
26;2025-12-31;23;87
28;2025-11-01;0;1
28;2025-11-01;1;0
28;2025-11-01;2;0
28;2025-11-01;3;0
28;2025-11-01;4;0
28;2025-11-01;5;36
28;2025-11-01;6;101
28;2025-11-01;7;198
28;2025-11-01;8;343
28;2025-11-01;9;421
28;2025-11-01;10;460
28;2025-11-01;11;468
28;2025-11-01;12;548
28;2025-11-01;13;562
28;2025-11-01;14;588
28;2025-11-01;15;579
28;2025-11-01;16;528
28;2025-11-01;17;540
28;2025-11-01;18;450
28;2025-11-01;19;366
28;2025-11-01;20;279
28;2025-11-01;21;261
28;2025-11-01;22;109
28;2025-11-01;23;15
28;2025-11-02;0;3
28;2025-11-02;1;0
28;2025-11-02;2;0
28;2025-11-02;3;0
28;2025-11-02;4;1
28;2025-11-02;5;26
28;2025-11-02;6;69
28;2025-11-02;7;126
28;2025-11-02;8;203
28;2025-11-02;9;245
28;2025-11-02;10;279
28;2025-11-02;11;303
28;2025-11-02;12;383
28;2025-11-02;13;382
28;2025-11-02;14;405
28;2025-11-02;15;411
28;2025-11-02;16;376
28;2025-11-02;17;368
28;2025-11-02;18;343
28;2025-11-02;19;294
28;2025-11-02;20;237
28;2025-11-02;21;217
28;2025-11-02;22;95
28;2025-11-02;23;10
28;2025-11-03;0;1
28;2025-11-03;1;0
28;2025-11-03;2;0
28;2025-11-03;3;0
28;2025-11-03;4;0
28;2025-11-03;5;45
28;2025-11-03;6;142
28;2025-11-03;7;242
28;2025-11-03;8;384
28;2025-11-03;9;302
28;2025-11-03;10;371
28;2025-11-03;11;315
28;2025-11-03;12;322
28;2025-11-03;13;360
28;2025-11-03;14;348
28;2025-11-03;15;346
28;2025-11-03;16;331
28;2025-11-03;17;380
28;2025-11-03;18;368
28;2025-11-03;19;317
28;2025-11-03;20;324
28;2025-11-03;21;218
28;2025-11-03;22;100
28;2025-11-03;23;10
28;2025-11-04;0;1
28;2025-11-04;1;1
28;2025-11-04;2;0
28;2025-11-04;3;0
28;2025-11-04;4;2
28;2025-11-04;5;43
28;2025-11-04;6;137
28;2025-11-04;7;241
28;2025-11-04;8;368
28;2025-11-04;9;317
28;2025-11-04;10;298
28;2025-11-04;11;317
28;2025-11-04;12;315
28;2025-11-04;13;357
28;2025-11-04;14;371
28;2025-11-04;15;374
28;2025-11-04;16;362
28;2025-11-04;17;398
28;2025-11-04;18;376
28;2025-11-04;19;324
28;2025-11-04;20;363
28;2025-11-04;21;241
28;2025-11-04;22;113
28;2025-11-04;23;17
28;2025-11-05;0;0
28;2025-11-05;1;0
28;2025-11-05;2;0
28;2025-11-05;3;0
28;2025-11-05;4;1
28;2025-11-05;5;76
28;2025-11-05;6;239
28;2025-11-05;7;610
28;2025-11-05;8;1046
28;2025-11-05;9;691
28;2025-11-05;10;494
28;2025-11-05;11;478
28;2025-11-05;12;521
28;2025-11-05;13;563
28;2025-11-05;14;527
28;2025-11-05;15;575
28;2025-11-05;16;737
28;2025-11-05;17;848
28;2025-11-05;18;835
28;2025-11-05;19;574
28;2025-11-05;20;415
28;2025-11-05;21;268
28;2025-11-05;22;132
28;2025-11-05;23;12
28;2025-11-06;0;0
28;2025-11-06;1;0
28;2025-11-06;2;0
28;2025-11-06;3;0
28;2025-11-06;4;1
28;2025-11-06;5;72
28;2025-11-06;6;242
28;2025-11-06;7;683
28;2025-11-06;8;1068
28;2025-11-06;9;765
28;2025-11-06;10;531
28;2025-11-06;11;460
28;2025-11-06;12;575
28;2025-11-06;13;620
28;2025-11-06;14;563
28;2025-11-06;15;574
28;2025-11-06;16;743
28;2025-11-06;17;890
28;2025-11-06;18;901
28;2025-11-06;19;639
28;2025-11-06;20;436
28;2025-11-06;21;295
28;2025-11-06;22;130
28;2025-11-06;23;12
28;2025-11-07;0;0
28;2025-11-07;1;0
28;2025-11-07;2;0
28;2025-11-07;3;0
28;2025-11-07;4;1
28;2025-11-07;5;69
28;2025-11-07;6;230
28;2025-11-07;7;672
28;2025-11-07;8;1025
28;2025-11-07;9;724
28;2025-11-07;10;500
28;2025-11-07;11;477
28;2025-11-07;12;575
28;2025-11-07;13;611
28;2025-11-07;14;586
28;2025-11-07;15;625
28;2025-11-07;16;839
28;2025-11-07;17;859
28;2025-11-07;18;725
28;2025-11-07;19;536
28;2025-11-07;20;403
28;2025-11-07;21;266
28;2025-11-07;22;131
28;2025-11-07;23;17
28;2025-11-08;0;0
28;2025-11-08;1;0
28;2025-11-08;2;0
28;2025-11-08;3;0
28;2025-11-08;4;0
28;2025-11-08;5;36
28;2025-11-08;6;94
28;2025-11-08;7;202
28;2025-11-08;8;319
28;2025-11-08;9;419
28;2025-11-08;10;416
28;2025-11-08;11;416
28;2025-11-08;12;492
28;2025-11-08;13;531
28;2025-11-08;14;536
28;2025-11-08;15;534
28;2025-11-08;16;496
28;2025-11-08;17;495
28;2025-11-08;18;427
28;2025-11-08;19;356
28;2025-11-08;20;281
28;2025-11-08;21;267
28;2025-11-08;22;126
28;2025-11-08;23;21
28;2025-11-09;0;2
28;2025-11-09;1;1
28;2025-11-09;2;0
28;2025-11-09;3;0
28;2025-11-09;4;1
28;2025-11-09;5;31
28;2025-11-09;6;80
28;2025-11-09;7;138
28;2025-11-09;8;228
28;2025-11-09;9;300
28;2025-11-09;10;333
28;2025-11-09;11;363
28;2025-11-09;12;407
28;2025-11-09;13;469
28;2025-11-09;14;457
28;2025-11-09;15;467
28;2025-11-09;16;439
28;2025-11-09;17;433
28;2025-11-09;18;376
28;2025-11-09;19;328
28;2025-11-09;20;262
28;2025-11-09;21;228
28;2025-11-09;22;103
28;2025-11-09;23;12
28;2025-11-10;0;0
28;2025-11-10;1;0
28;2025-11-10;2;0
28;2025-11-10;3;0
28;2025-11-10;4;2
28;2025-11-10;5;77
28;2025-11-10;6;261
28;2025-11-10;7;755
28;2025-11-10;8;1168
28;2025-11-10;9;856
28;2025-11-10;10;566
28;2025-11-10;11;500
28;2025-11-10;12;611
28;2025-11-10;13;641
28;2025-11-10;14;599
28;2025-11-10;15;621
28;2025-11-10;16;829
28;2025-11-10;17;934
28;2025-11-10;18;910
28;2025-11-10;19;713
28;2025-11-10;20;457
28;2025-11-10;21;280
28;2025-11-10;22;118
28;2025-11-10;23;15
28;2025-11-11;0;0
28;2025-11-11;1;0
28;2025-11-11;2;0
28;2025-11-11;3;0
28;2025-11-11;4;2
28;2025-11-11;5;77
28;2025-11-11;6;261
28;2025-11-11;7;767
28;2025-11-11;8;1175
28;2025-11-11;9;846
28;2025-11-11;10;627
28;2025-11-11;11;543
28;2025-11-11;12;623
28;2025-11-11;13;677
28;2025-11-11;14;618
28;2025-11-11;15;635
28;2025-11-11;16;788
28;2025-11-11;17;937
28;2025-11-11;18;905
28;2025-11-11;19;716
28;2025-11-11;20;497
28;2025-11-11;21;296
28;2025-11-11;22;129
28;2025-11-11;23;22
28;2025-11-12;0;0
28;2025-11-12;1;0
28;2025-11-12;2;0
28;2025-11-12;3;0
28;2025-11-12;4;1
28;2025-11-12;5;84
28;2025-11-12;6;265
28;2025-11-12;7;755
28;2025-11-12;8;1182
28;2025-11-12;9;810
28;2025-11-12;10;588
28;2025-11-12;11;542
28;2025-11-12;12;616
28;2025-11-12;13;678
28;2025-11-12;14;613
28;2025-11-12;15;661
28;2025-11-12;16;819
28;2025-11-12;17;942
28;2025-11-12;18;910
28;2025-11-12;19;692
28;2025-11-12;20;471
28;2025-11-12;21;292
28;2025-11-12;22;141
28;2025-11-12;23;17
28;2025-11-13;0;0
28;2025-11-13;1;0
28;2025-11-13;2;0
28;2025-11-13;3;0
28;2025-11-13;4;2
28;2025-11-13;5;79
28;2025-11-13;6;252
28;2025-11-13;7;777
28;2025-11-13;8;1167
28;2025-11-13;9;845
28;2025-11-13;10;606
28;2025-11-13;11;532
28;2025-11-13;12;644
28;2025-11-13;13;684
28;2025-11-13;14;622
28;2025-11-13;15;646
28;2025-11-13;16;833
28;2025-11-13;17;991
28;2025-11-13;18;967
28;2025-11-13;19;708
28;2025-11-13;20;493
28;2025-11-13;21;318
28;2025-11-13;22;142
28;2025-11-13;23;16
28;2025-11-14;0;0
28;2025-11-14;1;0
28;2025-11-14;2;0
28;2025-11-14;3;0
28;2025-11-14;4;0
28;2025-11-14;5;83
28;2025-11-14;6;256
28;2025-11-14;7;768
28;2025-11-14;8;1118
28;2025-11-14;9;814
28;2025-11-14;10;591
28;2025-11-14;11;552
28;2025-11-14;12;654
28;2025-11-14;13;695
28;2025-11-14;14;656
28;2025-11-14;15;692
28;2025-11-14;16;897
28;2025-11-14;17;908
28;2025-11-14;18;796
28;2025-11-14;19;606
28;2025-11-14;20;431
28;2025-11-14;21;276
28;2025-11-14;22;145
28;2025-11-14;23;20
28;2025-11-15;0;0
28;2025-11-15;1;1
28;2025-11-15;2;0
28;2025-11-15;3;0
28;2025-11-15;4;2
28;2025-11-15;5;36
28;2025-11-15;6;96
28;2025-11-15;7;179
28;2025-11-15;8;296
28;2025-11-15;9;405
28;2025-11-15;10;405
28;2025-11-15;11;400
28;2025-11-15;12;487
28;2025-11-15;13;540
28;2025-11-15;14;545
28;2025-11-15;15;540
28;2025-11-15;16;512
28;2025-11-15;17;505
28;2025-11-15;18;417
28;2025-11-15;19;342
28;2025-11-15;20;266
28;2025-11-15;21;246
28;2025-11-15;22;123
28;2025-11-15;23;21
28;2025-11-16;0;2
28;2025-11-16;1;0
28;2025-11-16;2;0
28;2025-11-16;3;0
28;2025-11-16;4;0
28;2025-11-16;5;24
28;2025-11-16;6;68
28;2025-11-16;7;120
28;2025-11-16;8;205
28;2025-11-16;9;285
28;2025-11-16;10;321
28;2025-11-16;11;348
28;2025-11-16;12;403
28;2025-11-16;13;470
28;2025-11-16;14;451
28;2025-11-16;15;444
28;2025-11-16;16;411
28;2025-11-16;17;408
28;2025-11-16;18;342
28;2025-11-16;19;296
28;2025-11-16;20;236
28;2025-11-16;21;204
28;2025-11-16;22;94
28;2025-11-16;23;13
28;2025-11-17;0;1
28;2025-11-17;1;0
28;2025-11-17;2;0
28;2025-11-17;3;0
28;2025-11-17;4;2
28;2025-11-17;5;71
28;2025-11-17;6;240
28;2025-11-17;7;735
28;2025-11-17;8;1127
28;2025-11-17;9;838
28;2025-11-17;10;558
28;2025-11-17;11;481
28;2025-11-17;12;592
28;2025-11-17;13;608
28;2025-11-17;14;578
28;2025-11-17;15;611
28;2025-11-17;16;785
28;2025-11-17;17;899
28;2025-11-17;18;855
28;2025-11-17;19;668
28;2025-11-17;20;432
28;2025-11-17;21;252
28;2025-11-17;22;111
28;2025-11-17;23;12
28;2025-11-18;0;0
28;2025-11-18;1;0
28;2025-11-18;2;1
28;2025-11-18;3;0
28;2025-11-18;4;3
28;2025-11-18;5;79
28;2025-11-18;6;249
28;2025-11-18;7;757
28;2025-11-18;8;1174
28;2025-11-18;9;852
28;2025-11-18;10;612
28;2025-11-18;11;532
28;2025-11-18;12;617
28;2025-11-18;13;673
28;2025-11-18;14;621
28;2025-11-18;15;638
28;2025-11-18;16;770
28;2025-11-18;17;929
28;2025-11-18;18;913
28;2025-11-18;19;711
28;2025-11-18;20;489
28;2025-11-18;21;290
28;2025-11-18;22;138
28;2025-11-18;23;22
28;2025-11-19;0;0
28;2025-11-19;1;0
28;2025-11-19;2;0
28;2025-11-19;3;0
28;2025-11-19;4;3
28;2025-11-19;5;79
28;2025-11-19;6;266
28;2025-11-19;7;759
28;2025-11-19;8;1186
28;2025-11-19;9;787
28;2025-11-19;10;576
28;2025-11-19;11;534
28;2025-11-19;12;608
28;2025-11-19;13;670
28;2025-11-19;14;597
28;2025-11-19;15;649
28;2025-11-19;16;812
28;2025-11-19;17;936
28;2025-11-19;18;908
28;2025-11-19;19;676
28;2025-11-19;20;458
28;2025-11-19;21;275
28;2025-11-19;22;139
28;2025-11-19;23;17
28;2025-11-20;0;0
28;2025-11-20;1;0
28;2025-11-20;2;0
28;2025-11-20;3;0
28;2025-11-20;4;1
28;2025-11-20;5;72
28;2025-11-20;6;263
28;2025-11-20;7;790
28;2025-11-20;8;1177
28;2025-11-20;9;850
28;2025-11-20;10;592
28;2025-11-20;11;528
28;2025-11-20;12;641
28;2025-11-20;13;678
28;2025-11-20;14;612
28;2025-11-20;15;633
28;2025-11-20;16;832
28;2025-11-20;17;982
28;2025-11-20;18;964
28;2025-11-20;19;687
28;2025-11-20;20;478
28;2025-11-20;21;304
28;2025-11-20;22;135
28;2025-11-20;23;16
28;2025-11-21;0;0
28;2025-11-21;1;0
28;2025-11-21;2;0
28;2025-11-21;3;0
28;2025-11-21;4;2
28;2025-11-21;5;72
28;2025-11-21;6;241
28;2025-11-21;7;761
28;2025-11-21;8;1106
28;2025-11-21;9;780
28;2025-11-21;10;549
28;2025-11-21;11;508
28;2025-11-21;12;616
28;2025-11-21;13;665
28;2025-11-21;14;619
28;2025-11-21;15;662
28;2025-11-21;16;880
28;2025-11-21;17;903
28;2025-11-21;18;777
28;2025-11-21;19;572
28;2025-11-21;20;416
28;2025-11-21;21;271
28;2025-11-21;22;134
28;2025-11-21;23;19
28;2025-11-22;0;0
28;2025-11-22;1;0
28;2025-11-22;2;0
28;2025-11-22;3;0
28;2025-11-22;4;2
28;2025-11-22;5;31
28;2025-11-22;6;91
28;2025-11-22;7;192
28;2025-11-22;8;294
28;2025-11-22;9;400
28;2025-11-22;10;414
28;2025-11-22;11;415
28;2025-11-22;12;492
28;2025-11-22;13;529
28;2025-11-22;14;527
28;2025-11-22;15;512
28;2025-11-22;16;486
28;2025-11-22;17;496
28;2025-11-22;18;426
28;2025-11-22;19;352
28;2025-11-22;20;277
28;2025-11-22;21;251
28;2025-11-22;22;119
28;2025-11-22;23;23
28;2025-11-23;0;1
28;2025-11-23;1;0
28;2025-11-23;2;0
28;2025-11-23;3;0
28;2025-11-23;4;0
28;2025-11-23;5;27
28;2025-11-23;6;79
28;2025-11-23;7;135
28;2025-11-23;8;228
28;2025-11-23;9;282
28;2025-11-23;10;326
28;2025-11-23;11;358
28;2025-11-23;12;416
28;2025-11-23;13;486
28;2025-11-23;14;468
28;2025-11-23;15;469
28;2025-11-23;16;438
28;2025-11-23;17;429
28;2025-11-23;18;353
28;2025-11-23;19;303
28;2025-11-23;20;243
28;2025-11-23;21;206
28;2025-11-23;22;99
28;2025-11-23;23;12
28;2025-11-24;0;0
28;2025-11-24;1;0
28;2025-11-24;2;0
28;2025-11-24;3;0
28;2025-11-24;4;3
28;2025-11-24;5;78
28;2025-11-24;6;256
28;2025-11-24;7;753
28;2025-11-24;8;1168
28;2025-11-24;9;863
28;2025-11-24;10;582
28;2025-11-24;11;492
28;2025-11-24;12;622
28;2025-11-24;13;671
28;2025-11-24;14;604
28;2025-11-24;15;636
28;2025-11-24;16;824
28;2025-11-24;17;934
28;2025-11-24;18;905
28;2025-11-24;19;709
28;2025-11-24;20;454
28;2025-11-24;21;280
28;2025-11-24;22;122
28;2025-11-24;23;16
28;2025-11-25;0;2
28;2025-11-25;1;0
28;2025-11-25;2;0
28;2025-11-25;3;0
28;2025-11-25;4;2
28;2025-11-25;5;71
28;2025-11-25;6;252
28;2025-11-25;7;774
28;2025-11-25;8;1177
28;2025-11-25;9;850
28;2025-11-25;10;629
28;2025-11-25;11;527
28;2025-11-25;12;632
28;2025-11-25;13;684
28;2025-11-25;14;617
28;2025-11-25;15;639
28;2025-11-25;16;792
28;2025-11-25;17;948
28;2025-11-25;18;913
28;2025-11-25;19;708
28;2025-11-25;20;478
28;2025-11-25;21;277
28;2025-11-25;22;131
28;2025-11-25;23;22
28;2025-11-26;0;1
28;2025-11-26;1;0
28;2025-11-26;2;3
28;2025-11-26;3;0
28;2025-11-26;4;7
28;2025-11-26;5;84
28;2025-11-26;6;265
28;2025-11-26;7;769
28;2025-11-26;8;1165
28;2025-11-26;9;813
28;2025-11-26;10;606
28;2025-11-26;11;545
28;2025-11-26;12;640
28;2025-11-26;13;695
28;2025-11-26;14;636
28;2025-11-26;15;675
28;2025-11-26;16;820
28;2025-11-26;17;951
28;2025-11-26;18;900
28;2025-11-26;19;705
28;2025-11-26;20;460
28;2025-11-26;21;286
28;2025-11-26;22;145
28;2025-11-26;23;27
28;2025-11-27;0;1
28;2025-11-27;1;4
28;2025-11-27;2;3
28;2025-11-27;3;0
28;2025-11-27;4;5
28;2025-11-27;5;80
28;2025-11-27;6;273
28;2025-11-27;7;804
28;2025-11-27;8;1201
28;2025-11-27;9;853
28;2025-11-27;10;631
28;2025-11-27;11;548
28;2025-11-27;12;684
28;2025-11-27;13;720
28;2025-11-27;14;662
28;2025-11-27;15;676
28;2025-11-27;16;858
28;2025-11-27;17;1028
28;2025-11-27;18;1003
28;2025-11-27;19;729
28;2025-11-27;20;510
28;2025-11-27;21;329
28;2025-11-27;22;145
28;2025-11-27;23;25
28;2025-11-28;0;2
28;2025-11-28;1;4
28;2025-11-28;2;3
28;2025-11-28;3;0
28;2025-11-28;4;6
28;2025-11-28;5;80
28;2025-11-28;6;257
28;2025-11-28;7;775
28;2025-11-28;8;1135
28;2025-11-28;9;817
28;2025-11-28;10;590
28;2025-11-28;11;548
28;2025-11-28;12;680
28;2025-11-28;13;720
28;2025-11-28;14;682
28;2025-11-28;15;720
28;2025-11-28;16;927
28;2025-11-28;17;956
28;2025-11-28;18;834
28;2025-11-28;19;627
28;2025-11-28;20;451
28;2025-11-28;21;301
28;2025-11-28;22;154
28;2025-11-28;23;31
28;2025-11-29;0;2
28;2025-11-29;1;5
28;2025-11-29;2;0
28;2025-11-29;3;0
28;2025-11-29;4;4
28;2025-11-29;5;40
28;2025-11-29;6;108
28;2025-11-29;7;221
28;2025-11-29;8;345
28;2025-11-29;9;442
28;2025-11-29;10;450
28;2025-11-29;11;457
28;2025-11-29;12;528
28;2025-11-29;13;567
28;2025-11-29;14;568
28;2025-11-29;15;552
28;2025-11-29;16;519
28;2025-11-29;17;529
28;2025-11-29;18;450
28;2025-11-29;19;377
28;2025-11-29;20;290
28;2025-11-29;21;268
28;2025-11-29;22;128
28;2025-11-29;23;27
28;2025-11-30;0;3
28;2025-11-30;1;5
28;2025-11-30;2;0
28;2025-11-30;3;0
28;2025-11-30;4;3
28;2025-11-30;5;37
28;2025-11-30;6;87
28;2025-11-30;7;160
28;2025-11-30;8;255
28;2025-11-30;9;330
28;2025-11-30;10;366
28;2025-11-30;11;397
28;2025-11-30;12;441
28;2025-11-30;13;497
28;2025-11-30;14;480
28;2025-11-30;15;488
28;2025-11-30;16;462
28;2025-11-30;17;449
28;2025-11-30;18;399
28;2025-11-30;19;349
28;2025-11-30;20;285
28;2025-11-30;21;244
28;2025-11-30;22;110
28;2025-11-30;23;20
28;2025-12-01;0;2
28;2025-12-01;1;3
28;2025-12-01;2;3
28;2025-12-01;3;0
28;2025-12-01;4;6
28;2025-12-01;5;87
28;2025-12-01;6;281
28;2025-12-01;7;792
28;2025-12-01;8;1183
28;2025-12-01;9;866
28;2025-12-01;10;606
28;2025-12-01;11;544
28;2025-12-01;12;664
28;2025-12-01;13;708
28;2025-12-01;14;656
28;2025-12-01;15;664
28;2025-12-01;16;855
28;2025-12-01;17;967
28;2025-12-01;18;965
28;2025-12-01;19;758
28;2025-12-01;20;487
28;2025-12-01;21;302
28;2025-12-01;22;131
28;2025-12-01;23;27
28;2025-12-02;0;2
28;2025-12-02;1;4
28;2025-12-02;2;3
28;2025-12-02;3;0
28;2025-12-02;4;6
28;2025-12-02;5;86
28;2025-12-02;6;282
28;2025-12-02;7;802
28;2025-12-02;8;1201
28;2025-12-02;9;863
28;2025-12-02;10;668
28;2025-12-02;11;579
28;2025-12-02;12;678
28;2025-12-02;13;732
28;2025-12-02;14;667
28;2025-12-02;15;670
28;2025-12-02;16;810
28;2025-12-02;17;954
28;2025-12-02;18;924
28;2025-12-02;19;747
28;2025-12-02;20;525
28;2025-12-02;21;324
28;2025-12-02;22;142
28;2025-12-02;23;36
28;2025-12-03;0;2
28;2025-12-03;1;0
28;2025-12-03;2;3
28;2025-12-03;3;0
28;2025-12-03;4;5
28;2025-12-03;5;88
28;2025-12-03;6;283
28;2025-12-03;7;775
28;2025-12-03;8;1186
28;2025-12-03;9;816
28;2025-12-03;10;626
28;2025-12-03;11;582
28;2025-12-03;12;678
28;2025-12-03;13;732
28;2025-12-03;14;663
28;2025-12-03;15;707
28;2025-12-03;16;865
28;2025-12-03;17;992
28;2025-12-03;18;953
28;2025-12-03;19;724
28;2025-12-03;20;504
28;2025-12-03;21;318
28;2025-12-03;22;152
28;2025-12-03;23;32
28;2025-12-04;0;2
28;2025-12-04;1;1
28;2025-12-04;2;0
28;2025-12-04;3;0
28;2025-12-04;4;4
28;2025-12-04;5;88
28;2025-12-04;6;281
28;2025-12-04;7;799
28;2025-12-04;8;1185
28;2025-12-04;9;852
28;2025-12-04;10;637
28;2025-12-04;11;563
28;2025-12-04;12;682
28;2025-12-04;13;718
28;2025-12-04;14;657
28;2025-12-04;15;667
28;2025-12-04;16;842
28;2025-12-04;17;1026
28;2025-12-04;18;1018
28;2025-12-04;19;740
28;2025-12-04;20;519
28;2025-12-04;21;338
28;2025-12-04;22;148
28;2025-12-04;23;27
28;2025-12-05;0;1
28;2025-12-05;1;0
28;2025-12-05;2;0
28;2025-12-05;3;0
28;2025-12-05;4;5
28;2025-12-05;5;86
28;2025-12-05;6;261
28;2025-12-05;7;761
28;2025-12-05;8;1100
28;2025-12-05;9;792
28;2025-12-05;10;585
28;2025-12-05;11;548
28;2025-12-05;12;658
28;2025-12-05;13;708
28;2025-12-05;14;666
28;2025-12-05;15;697
28;2025-12-05;16;900
28;2025-12-05;17;939
28;2025-12-05;18;818
28;2025-12-05;19;631
28;2025-12-05;20;471
28;2025-12-05;21;308
28;2025-12-05;22;147
28;2025-12-05;23;29
28;2025-12-06;0;1
28;2025-12-06;1;1
28;2025-12-06;2;0
28;2025-12-06;3;0
28;2025-12-06;4;4
28;2025-12-06;5;42
28;2025-12-06;6;108
28;2025-12-06;7;222
28;2025-12-06;8;351
28;2025-12-06;9;446
28;2025-12-06;10;459
28;2025-12-06;11;466
28;2025-12-06;12;529
28;2025-12-06;13;569
28;2025-12-06;14;564
28;2025-12-06;15;546
28;2025-12-06;16;516
28;2025-12-06;17;515
28;2025-12-06;18;453
28;2025-12-06;19;382
28;2025-12-06;20;304
28;2025-12-06;21;275
28;2025-12-06;22;134
28;2025-12-06;23;29
28;2025-12-07;0;2
28;2025-12-07;1;0
28;2025-12-07;2;0
28;2025-12-07;3;0
28;2025-12-07;4;2
28;2025-12-07;5;33
28;2025-12-07;6;84
28;2025-12-07;7;139
28;2025-12-07;8;240
28;2025-12-07;9;316
28;2025-12-07;10;351
28;2025-12-07;11;383
28;2025-12-07;12;425
28;2025-12-07;13;483
28;2025-12-07;14;468
28;2025-12-07;15;471
28;2025-12-07;16;444
28;2025-12-07;17;444
28;2025-12-07;18;382
28;2025-12-07;19;336
28;2025-12-07;20;278
28;2025-12-07;21;234
28;2025-12-07;22;105
28;2025-12-07;23;15
28;2025-12-08;0;0
28;2025-12-08;1;0
28;2025-12-08;2;0
28;2025-12-08;3;0
28;2025-12-08;4;2
28;2025-12-08;5;77
28;2025-12-08;6;275
28;2025-12-08;7;759
28;2025-12-08;8;1177
28;2025-12-08;9;854
28;2025-12-08;10;592
28;2025-12-08;11;522
28;2025-12-08;12;642
28;2025-12-08;13;678
28;2025-12-08;14;620
28;2025-12-08;15;636
28;2025-12-08;16;829
28;2025-12-08;17;941
28;2025-12-08;18;936
28;2025-12-08;19;732
28;2025-12-08;20;468
28;2025-12-08;21;286
28;2025-12-08;22;122
28;2025-12-08;23;13
28;2025-12-09;0;0
28;2025-12-09;1;0
28;2025-12-09;2;0
28;2025-12-09;3;0
28;2025-12-09;4;3
28;2025-12-09;5;76
28;2025-12-09;6;279
28;2025-12-09;7;788
28;2025-12-09;8;1209
28;2025-12-09;9;871
28;2025-12-09;10;663
28;2025-12-09;11;565
28;2025-12-09;12;675
28;2025-12-09;13;709
28;2025-12-09;14;652
28;2025-12-09;15;664
28;2025-12-09;16;786
28;2025-12-09;17;946
28;2025-12-09;18;937
28;2025-12-09;19;740
28;2025-12-09;20;505
28;2025-12-09;21;301
28;2025-12-09;22;136
28;2025-12-09;23;20
28;2025-12-10;0;1
28;2025-12-10;1;0
28;2025-12-10;2;0
28;2025-12-10;3;0
28;2025-12-10;4;3
28;2025-12-10;5;86
28;2025-12-10;6;274
28;2025-12-10;7;761
28;2025-12-10;8;1185
28;2025-12-10;9;820
28;2025-12-10;10;602
28;2025-12-10;11;547
28;2025-12-10;12;646
28;2025-12-10;13;701
28;2025-12-10;14;628
28;2025-12-10;15;683
28;2025-12-10;16;829
28;2025-12-10;17;960
28;2025-12-10;18;929
28;2025-12-10;19;713
28;2025-12-10;20;476
28;2025-12-10;21;293
28;2025-12-10;22;140
28;2025-12-10;23;16
28;2025-12-11;0;0
28;2025-12-11;1;0
28;2025-12-11;2;0
28;2025-12-11;3;0
28;2025-12-11;4;0
28;2025-12-11;5;74
28;2025-12-11;6;263
28;2025-12-11;7;776
28;2025-12-11;8;1161
28;2025-12-11;9;848
28;2025-12-11;10;631
28;2025-12-11;11;535
28;2025-12-11;12;666
28;2025-12-11;13;700
28;2025-12-11;14;637
28;2025-12-11;15;647
28;2025-12-11;16;805
28;2025-12-11;17;974
28;2025-12-11;18;961
28;2025-12-11;19;715
28;2025-12-11;20;496
28;2025-12-11;21;331
28;2025-12-11;22;136
28;2025-12-11;23;13
28;2025-12-12;0;0
28;2025-12-12;1;0
28;2025-12-12;2;0
28;2025-12-12;3;0
28;2025-12-12;4;0
28;2025-12-12;5;77
28;2025-12-12;6;245
28;2025-12-12;7;750
28;2025-12-12;8;1103
28;2025-12-12;9;783
28;2025-12-12;10;570
28;2025-12-12;11;530
28;2025-12-12;12;649
28;2025-12-12;13;688
28;2025-12-12;14;646
28;2025-12-12;15;667
28;2025-12-12;16;876
28;2025-12-12;17;926
28;2025-12-12;18;818
28;2025-12-12;19;632
28;2025-12-12;20;435
28;2025-12-12;21;290
28;2025-12-12;22;149
28;2025-12-12;23;23
28;2025-12-13;0;2
28;2025-12-13;1;4
28;2025-12-13;2;0
28;2025-12-13;3;0
28;2025-12-13;4;0
28;2025-12-13;5;39
28;2025-12-13;6;113
28;2025-12-13;7;218
28;2025-12-13;8;354
28;2025-12-13;9;459
28;2025-12-13;10;461
28;2025-12-13;11;448
28;2025-12-13;12;533
28;2025-12-13;13;570
28;2025-12-13;14;562
28;2025-12-13;15;541
28;2025-12-13;16;510
28;2025-12-13;17;525
28;2025-12-13;18;444
28;2025-12-13;19;387
28;2025-12-13;20;292
28;2025-12-13;21;261
28;2025-12-13;22;127
28;2025-12-13;23;21
28;2025-12-14;0;4
28;2025-12-14;1;1
28;2025-12-14;2;0
28;2025-12-14;3;0
28;2025-12-14;4;0
28;2025-12-14;5;26
28;2025-12-14;6;70
28;2025-12-14;7;129
28;2025-12-14;8;226
28;2025-12-14;9;307
28;2025-12-14;10;338
28;2025-12-14;11;357
28;2025-12-14;12;405
28;2025-12-14;13;462
28;2025-12-14;14;452
28;2025-12-14;15;444
28;2025-12-14;16;418
28;2025-12-14;17;418
28;2025-12-14;18;363
28;2025-12-14;19;329
28;2025-12-14;20;262
28;2025-12-14;21;217
28;2025-12-14;22;100
28;2025-12-14;23;11
28;2025-12-15;0;1
28;2025-12-15;1;0
28;2025-12-15;2;0
28;2025-12-15;3;0
28;2025-12-15;4;1
28;2025-12-15;5;71
28;2025-12-15;6;259
28;2025-12-15;7;742
28;2025-12-15;8;1136
28;2025-12-15;9;852
28;2025-12-15;10;587
28;2025-12-15;11;506
28;2025-12-15;12;627
28;2025-12-15;13;658
28;2025-12-15;14;605
28;2025-12-15;15;625
28;2025-12-15;16;807
28;2025-12-15;17;919
28;2025-12-15;18;912
28;2025-12-15;19;708
28;2025-12-15;20;450
28;2025-12-15;21;277
28;2025-12-15;22;115
28;2025-12-15;23;13
28;2025-12-16;0;0
28;2025-12-16;1;1
28;2025-12-16;2;0
28;2025-12-16;3;0
28;2025-12-16;4;1
28;2025-12-16;5;67
28;2025-12-16;6;250
28;2025-12-16;7;749
28;2025-12-16;8;1145
28;2025-12-16;9;833
28;2025-12-16;10;643
28;2025-12-16;11;538
28;2025-12-16;12;648
28;2025-12-16;13;695
28;2025-12-16;14;636
28;2025-12-16;15;649
28;2025-12-16;16;769
28;2025-12-16;17;915
28;2025-12-16;18;897
28;2025-12-16;19;718
28;2025-12-16;20;492
28;2025-12-16;21;285
28;2025-12-16;22;129
28;2025-12-16;23;15
28;2025-12-17;0;0
28;2025-12-17;1;0
28;2025-12-17;2;0
28;2025-12-17;3;0
28;2025-12-17;4;0
28;2025-12-17;5;80
28;2025-12-17;6;257
28;2025-12-17;7;734
28;2025-12-17;8;1160
28;2025-12-17;9;793
28;2025-12-17;10;592
28;2025-12-17;11;542
28;2025-12-17;12;630
28;2025-12-17;13;684
28;2025-12-17;14;619
28;2025-12-17;15;665
28;2025-12-17;16;806
28;2025-12-17;17;929
28;2025-12-17;18;897
28;2025-12-17;19;694
28;2025-12-17;20;469
28;2025-12-17;21;285
28;2025-12-17;22;133
28;2025-12-17;23;14
28;2025-12-18;0;0
28;2025-12-18;1;0
28;2025-12-18;2;0
28;2025-12-18;3;0
28;2025-12-18;4;0
28;2025-12-18;5;71
28;2025-12-18;6;255
28;2025-12-18;7;762
28;2025-12-18;8;1158
28;2025-12-18;9;829
28;2025-12-18;10;618
28;2025-12-18;11;533
28;2025-12-18;12;669
28;2025-12-18;13;695
28;2025-12-18;14;625
28;2025-12-18;15;644
28;2025-12-18;16;805
28;2025-12-18;17;981
28;2025-12-18;18;979
28;2025-12-18;19;712
28;2025-12-18;20;490
28;2025-12-18;21;311
28;2025-12-18;22;132
28;2025-12-18;23;12
28;2025-12-19;0;0
28;2025-12-19;1;0
28;2025-12-19;2;0
28;2025-12-19;3;0
28;2025-12-19;4;1
28;2025-12-19;5;75
28;2025-12-19;6;244
28;2025-12-19;7;741
28;2025-12-19;8;1072
28;2025-12-19;9;775
28;2025-12-19;10;565
28;2025-12-19;11;524
28;2025-12-19;12;653
28;2025-12-19;13;692
28;2025-12-19;14;646
28;2025-12-19;15;676
28;2025-12-19;16;877
28;2025-12-19;17;908
28;2025-12-19;18;794
28;2025-12-19;19;600
28;2025-12-19;20;426
28;2025-12-19;21;281
28;2025-12-19;22;133
28;2025-12-19;23;19
28;2025-12-20;0;0
28;2025-12-20;1;0
28;2025-12-20;2;0
28;2025-12-20;3;0
28;2025-12-20;4;1
28;2025-12-20;5;34
28;2025-12-20;6;100
28;2025-12-20;7;212
28;2025-12-20;8;344
28;2025-12-20;9;438
28;2025-12-20;10;445
28;2025-12-20;11;448
28;2025-12-20;12;519
28;2025-12-20;13;555
28;2025-12-20;14;545
28;2025-12-20;15;531
28;2025-12-20;16;498
28;2025-12-20;17;504
28;2025-12-20;18;430
28;2025-12-20;19;367
28;2025-12-20;20;284
28;2025-12-20;21;265
28;2025-12-20;22;119
28;2025-12-20;23;18
28;2025-12-21;0;1
28;2025-12-21;1;0
28;2025-12-21;2;0
28;2025-12-21;3;0
28;2025-12-21;4;0
28;2025-12-21;5;28
28;2025-12-21;6;79
28;2025-12-21;7;140
28;2025-12-21;8;238
28;2025-12-21;9;295
28;2025-12-21;10;330
28;2025-12-21;11;355
28;2025-12-21;12;396
28;2025-12-21;13;454
28;2025-12-21;14;434
28;2025-12-21;15;456
28;2025-12-21;16;425
28;2025-12-21;17;430
28;2025-12-21;18;371
28;2025-12-21;19;325
28;2025-12-21;20;261
28;2025-12-21;21;216
28;2025-12-21;22;96
28;2025-12-21;23;11
28;2025-12-22;0;0
28;2025-12-22;1;0
28;2025-12-22;2;0
28;2025-12-22;3;0
28;2025-12-22;4;2
28;2025-12-22;5;76
28;2025-12-22;6;264
28;2025-12-22;7;746
28;2025-12-22;8;1164
28;2025-12-22;9;845
28;2025-12-22;10;594
28;2025-12-22;11;511
28;2025-12-22;12;633
28;2025-12-22;13;667
28;2025-12-22;14;612
28;2025-12-22;15;644
28;2025-12-22;16;834
28;2025-12-22;17;930
28;2025-12-22;18;936
28;2025-12-22;19;721
28;2025-12-22;20;448
28;2025-12-22;21;272
28;2025-12-22;22;120
28;2025-12-22;23;17
28;2025-12-23;0;3
28;2025-12-23;1;0
28;2025-12-23;2;0
28;2025-12-23;3;0
28;2025-12-23;4;2
28;2025-12-23;5;70
28;2025-12-23;6;276
28;2025-12-23;7;770
28;2025-12-23;8;1175
28;2025-12-23;9;844
28;2025-12-23;10;641
28;2025-12-23;11;551
28;2025-12-23;12;652
28;2025-12-23;13;686
28;2025-12-23;14;619
28;2025-12-23;15;641
28;2025-12-23;16;754
28;2025-12-23;17;918
28;2025-12-23;18;912
28;2025-12-23;19;711
28;2025-12-23;20;484
28;2025-12-23;21;280
28;2025-12-23;22;123
28;2025-12-23;23;19
28;2025-12-24;0;2
28;2025-12-24;1;0
28;2025-12-24;2;0
28;2025-12-24;3;0
28;2025-12-24;4;2
28;2025-12-24;5;78
28;2025-12-24;6;262
28;2025-12-24;7;736
28;2025-12-24;8;1140
28;2025-12-24;9;800
28;2025-12-24;10;599
28;2025-12-24;11;553
28;2025-12-24;12;648
28;2025-12-24;13;692
28;2025-12-24;14;618
28;2025-12-24;15;672
28;2025-12-24;16;807
28;2025-12-24;17;936
28;2025-12-24;18;919
28;2025-12-24;19;709
28;2025-12-24;20;461
28;2025-12-24;21;282
28;2025-12-24;22;136
28;2025-12-24;23;17
28;2025-12-25;0;0
28;2025-12-25;1;0
28;2025-12-25;2;0
28;2025-12-25;3;0
28;2025-12-25;4;0
28;2025-12-25;5;71
28;2025-12-25;6;255
28;2025-12-25;7;747
28;2025-12-25;8;1146
28;2025-12-25;9;834
28;2025-12-25;10;613
28;2025-12-25;11;521
28;2025-12-25;12;650
28;2025-12-25;13;685
28;2025-12-25;14;623
28;2025-12-25;15;632
28;2025-12-25;16;812
28;2025-12-25;17;982
28;2025-12-25;18;978
28;2025-12-25;19;710
28;2025-12-25;20;477
28;2025-12-25;21;312
28;2025-12-25;22;135
28;2025-12-25;23;17
28;2025-12-26;0;2
28;2025-12-26;1;1
28;2025-12-26;2;0
28;2025-12-26;3;0
28;2025-12-26;4;1
28;2025-12-26;5;83
28;2025-12-26;6;260
28;2025-12-26;7;750
28;2025-12-26;8;1104
28;2025-12-26;9;822
28;2025-12-26;10;607
28;2025-12-26;11;537
28;2025-12-26;12;672
28;2025-12-26;13;710
28;2025-12-26;14;669
28;2025-12-26;15;689
28;2025-12-26;16;894
28;2025-12-26;17;923
28;2025-12-26;18;803
28;2025-12-26;19;618
28;2025-12-26;20;433
28;2025-12-26;21;295
28;2025-12-26;22;152
28;2025-12-26;23;18
28;2025-12-27;0;3
28;2025-12-27;1;2
28;2025-12-27;2;0
28;2025-12-27;3;0
28;2025-12-27;4;3
28;2025-12-27;5;44
28;2025-12-27;6;109
28;2025-12-27;7;210
28;2025-12-27;8;337
28;2025-12-27;9;437
28;2025-12-27;10;450
28;2025-12-27;11;442
28;2025-12-27;12;516
28;2025-12-27;13;550
28;2025-12-27;14;533
28;2025-12-27;15;525
28;2025-12-27;16;494
28;2025-12-27;17;501
28;2025-12-27;18;426
28;2025-12-27;19;366
28;2025-12-27;20;281
28;2025-12-27;21;261
28;2025-12-27;22;125
28;2025-12-27;23;20
28;2025-12-28;0;3
28;2025-12-28;1;1
28;2025-12-28;2;0
28;2025-12-28;3;0
28;2025-12-28;4;1
28;2025-12-28;5;28
28;2025-12-28;6;78
28;2025-12-28;7;142
28;2025-12-28;8;237
28;2025-12-28;9;316
28;2025-12-28;10;352
28;2025-12-28;11;368
28;2025-12-28;12;412
28;2025-12-28;13;474
28;2025-12-28;14;448
28;2025-12-28;15;455
28;2025-12-28;16;429
28;2025-12-28;17;424
28;2025-12-28;18;370
28;2025-12-28;19;333
28;2025-12-28;20;267
28;2025-12-28;21;230
28;2025-12-28;22;101
28;2025-12-28;23;12
28;2025-12-29;0;1
28;2025-12-29;1;0
28;2025-12-29;2;0
28;2025-12-29;3;0
28;2025-12-29;4;1
28;2025-12-29;5;76
28;2025-12-29;6;255
28;2025-12-29;7;696
28;2025-12-29;8;1084
28;2025-12-29;9;825
28;2025-12-29;10;587
28;2025-12-29;11;499
28;2025-12-29;12;622
28;2025-12-29;13;653
28;2025-12-29;14;602
28;2025-12-29;15;619
28;2025-12-29;16;793
28;2025-12-29;17;904
28;2025-12-29;18;885
28;2025-12-29;19;708
28;2025-12-29;20;457
28;2025-12-29;21;284
28;2025-12-29;22;118
28;2025-12-29;23;16
28;2025-12-30;0;1
28;2025-12-30;1;0
28;2025-12-30;2;0
28;2025-12-30;3;0
28;2025-12-30;4;0
28;2025-12-30;5;75
28;2025-12-30;6;241
28;2025-12-30;7;699
28;2025-12-30;8;1076
28;2025-12-30;9;823
28;2025-12-30;10;636
28;2025-12-30;11;540
28;2025-12-30;12;639
28;2025-12-30;13;699
28;2025-12-30;14;636
28;2025-12-30;15;654
28;2025-12-30;16;742
28;2025-12-30;17;907
28;2025-12-30;18;873
28;2025-12-30;19;697
28;2025-12-30;20;480
28;2025-12-30;21;290
28;2025-12-30;22;127
28;2025-12-30;23;13
28;2025-12-31;0;0
28;2025-12-31;1;0
28;2025-12-31;2;0
28;2025-12-31;3;0
28;2025-12-31;4;0
28;2025-12-31;5;24
28;2025-12-31;6;82
28;2025-12-31;7;136
28;2025-12-31;8;234
28;2025-12-31;9;212
28;2025-12-31;10;296
28;2025-12-31;11;304
28;2025-12-31;12;298
28;2025-12-31;13;327
28;2025-12-31;14;322
28;2025-12-31;15;372
28;2025-12-31;16;328
28;2025-12-31;17;362
28;2025-12-31;18;303
28;2025-12-31;19;265
28;2025-12-31;20;302
28;2025-12-31;21;199
28;2025-12-31;22;109
28;2025-12-31;23;11
50;2025-11-01;0;34
50;2025-11-01;1;3
50;2025-11-01;2;0
50;2025-11-01;3;0
50;2025-11-01;4;1
50;2025-11-01;5;0
50;2025-11-01;6;18
50;2025-11-01;7;106
50;2025-11-01;8;208
50;2025-11-01;9;80
50;2025-11-01;10;76
50;2025-11-01;11;112
50;2025-11-01;12;167
50;2025-11-01;13;284
50;2025-11-01;14;295
50;2025-11-01;15;184
50;2025-11-01;16;107
50;2025-11-01;17;148
50;2025-11-01;18;17
50;2025-11-01;19;27
50;2025-11-01;20;205
50;2025-11-01;21;141
50;2025-11-01;22;19
50;2025-11-01;23;21
50;2025-11-02;0;49
50;2025-11-02;1;7
50;2025-11-02;2;0
50;2025-11-02;3;0
50;2025-11-02;4;3
50;2025-11-02;5;25
50;2025-11-02;6;133
50;2025-11-02;7;222
50;2025-11-02;8;342
50;2025-11-02;9;398
50;2025-11-02;10;408
50;2025-11-02;11;559
50;2025-11-02;12;646
50;2025-11-02;13;682
50;2025-11-02;14;751
50;2025-11-02;15;685
50;2025-11-02;16;703
50;2025-11-02;17;683
50;2025-11-02;18;606
50;2025-11-02;19;482
50;2025-11-02;20;396
50;2025-11-02;21;331
50;2025-11-02;22;195
50;2025-11-02;23;107
50;2025-11-03;0;30
50;2025-11-03;1;3
50;2025-11-03;2;0
50;2025-11-03;3;0
50;2025-11-03;4;1
50;2025-11-03;5;45
50;2025-11-03;6;317
50;2025-11-03;7;398
50;2025-11-03;8;488
50;2025-11-03;9;443
50;2025-11-03;10;504
50;2025-11-03;11;551
50;2025-11-03;12;551
50;2025-11-03;13;574
50;2025-11-03;14;558
50;2025-11-03;15;520
50;2025-11-03;16;565
50;2025-11-03;17;648
50;2025-11-03;18;631
50;2025-11-03;19;636
50;2025-11-03;20;438
50;2025-11-03;21;357
50;2025-11-03;22;208
50;2025-11-03;23;119
50;2025-11-04;0;31
50;2025-11-04;1;4
50;2025-11-04;2;0
50;2025-11-04;3;0
50;2025-11-04;4;2
50;2025-11-04;5;42
50;2025-11-04;6;316
50;2025-11-04;7;386
50;2025-11-04;8;450
50;2025-11-04;9;439
50;2025-11-04;10;490
50;2025-11-04;11;514
50;2025-11-04;12;534
50;2025-11-04;13;561
50;2025-11-04;14;645
50;2025-11-04;15;604
50;2025-11-04;16;592
50;2025-11-04;17;628
50;2025-11-04;18;615
50;2025-11-04;19;629
50;2025-11-04;20;492
50;2025-11-04;21;400
50;2025-11-04;22;220
50;2025-11-04;23;138
50;2025-11-05;0;36
50;2025-11-05;1;6
50;2025-11-05;2;0
50;2025-11-05;3;0
50;2025-11-05;4;2
50;2025-11-05;5;67
50;2025-11-05;6;506
50;2025-11-05;7;1701
50;2025-11-05;8;2608
50;2025-11-05;9;2056
50;2025-11-05;10;1564
50;2025-11-05;11;1481
50;2025-11-05;12;1424
50;2025-11-05;13;1400
50;2025-11-05;14;1353
50;2025-11-05;15;1561
50;2025-11-05;16;1676
50;2025-11-05;17;2287
50;2025-11-05;18;2401
50;2025-11-05;19;1459
50;2025-11-05;20;809
50;2025-11-05;21;520
50;2025-11-05;22;292
50;2025-11-05;23;133
50;2025-11-06;0;36
50;2025-11-06;1;3
50;2025-11-06;2;0
50;2025-11-06;3;0
50;2025-11-06;4;2
50;2025-11-06;5;68
50;2025-11-06;6;510
50;2025-11-06;7;1695
50;2025-11-06;8;2558
50;2025-11-06;9;2026
50;2025-11-06;10;1533
50;2025-11-06;11;1428
50;2025-11-06;12;1362
50;2025-11-06;13;1328
50;2025-11-06;14;1295
50;2025-11-06;15;1498
50;2025-11-06;16;1615
50;2025-11-06;17;2228
50;2025-11-06;18;2433
50;2025-11-06;19;1384
50;2025-11-06;20;871
50;2025-11-06;21;611
50;2025-11-06;22;292
50;2025-11-06;23;139
50;2025-11-07;0;43
50;2025-11-07;1;6
50;2025-11-07;2;0
50;2025-11-07;3;0
50;2025-11-07;4;3
50;2025-11-07;5;64
50;2025-11-07;6;511
50;2025-11-07;7;1670
50;2025-11-07;8;2619
50;2025-11-07;9;1973
50;2025-11-07;10;1461
50;2025-11-07;11;1455
50;2025-11-07;12;1428
50;2025-11-07;13;1385
50;2025-11-07;14;1379
50;2025-11-07;15;1645
50;2025-11-07;16;2023
50;2025-11-07;17;2151
50;2025-11-07;18;1730
50;2025-11-07;19;1161
50;2025-11-07;20;756
50;2025-11-07;21;514
50;2025-11-07;22;299
50;2025-11-07;23;154
50;2025-11-08;0;59
50;2025-11-08;1;6
50;2025-11-08;2;0
50;2025-11-08;3;0
50;2025-11-08;4;0
50;2025-11-08;5;39
50;2025-11-08;6;159
50;2025-11-08;7;350
50;2025-11-08;8;524
50;2025-11-08;9;555
50;2025-11-08;10;555
50;2025-11-08;11;696
50;2025-11-08;12;694
50;2025-11-08;13;745
50;2025-11-08;14;774
50;2025-11-08;15;744
50;2025-11-08;16;713
50;2025-11-08;17;693
50;2025-11-08;18;644
50;2025-11-08;19;553
50;2025-11-08;20;436
50;2025-11-08;21;357
50;2025-11-08;22;215
50;2025-11-08;23;133
50;2025-11-09;0;51
50;2025-11-09;1;8
50;2025-11-09;2;0
50;2025-11-09;3;0
50;2025-11-09;4;2
50;2025-11-09;5;33
50;2025-11-09;6;131
50;2025-11-09;7;224
50;2025-11-09;8;349
50;2025-11-09;9;413
50;2025-11-09;10;441
50;2025-11-09;11;569
50;2025-11-09;12;646
50;2025-11-09;13;702
50;2025-11-09;14;726
50;2025-11-09;15;662
50;2025-11-09;16;678
50;2025-11-09;17;669
50;2025-11-09;18;610
50;2025-11-09;19;507
50;2025-11-09;20;411
50;2025-11-09;21;337
50;2025-11-09;22;197
50;2025-11-09;23;111
50;2025-11-10;0;36
50;2025-11-10;1;4
50;2025-11-10;2;0
50;2025-11-10;3;0
50;2025-11-10;4;4
50;2025-11-10;5;69
50;2025-11-10;6;536
50;2025-11-10;7;1747
50;2025-11-10;8;2734
50;2025-11-10;9;2150
50;2025-11-10;10;1581
50;2025-11-10;11;1490
50;2025-11-10;12;1396
50;2025-11-10;13;1407
50;2025-11-10;14;1383
50;2025-11-10;15;1598
50;2025-11-10;16;1644
50;2025-11-10;17;2317
50;2025-11-10;18;2560
50;2025-11-10;19;1461
50;2025-11-10;20;867
50;2025-11-10;21;577
50;2025-11-10;22;272
50;2025-11-10;23;132
50;2025-11-11;0;39
50;2025-11-11;1;3
50;2025-11-11;2;0
50;2025-11-11;3;0
50;2025-11-11;4;4
50;2025-11-11;5;74
50;2025-11-11;6;580
50;2025-11-11;7;1830
50;2025-11-11;8;2820
50;2025-11-11;9;2189
50;2025-11-11;10;1645
50;2025-11-11;11;1536
50;2025-11-11;12;1459
50;2025-11-11;13;1450
50;2025-11-11;14;1411
50;2025-11-11;15;1627
50;2025-11-11;16;1660
50;2025-11-11;17;2423
50;2025-11-11;18;2601
50;2025-11-11;19;1492
50;2025-11-11;20;919
50;2025-11-11;21;608
50;2025-11-11;22;283
50;2025-11-11;23;145
50;2025-11-12;0;38
50;2025-11-12;1;5
50;2025-11-12;2;0
50;2025-11-12;3;0
50;2025-11-12;4;1
50;2025-11-12;5;76
50;2025-11-12;6;552
50;2025-11-12;7;1754
50;2025-11-12;8;2725
50;2025-11-12;9;2157
50;2025-11-12;10;1644
50;2025-11-12;11;1534
50;2025-11-12;12;1475
50;2025-11-12;13;1452
50;2025-11-12;14;1423
50;2025-11-12;15;1578
50;2025-11-12;16;1707
50;2025-11-12;17;2356
50;2025-11-12;18;2499
50;2025-11-12;19;1481
50;2025-11-12;20;866
50;2025-11-12;21;605
50;2025-11-12;22;311
50;2025-11-12;23;147
50;2025-11-13;0;42
50;2025-11-13;1;2
50;2025-11-13;2;0
50;2025-11-13;3;0
50;2025-11-13;4;4
50;2025-11-13;5;74
50;2025-11-13;6;551
50;2025-11-13;7;1789
50;2025-11-13;8;2705
50;2025-11-13;9;2148
50;2025-11-13;10;1642
50;2025-11-13;11;1533
50;2025-11-13;12;1463
50;2025-11-13;13;1422
50;2025-11-13;14;1382
50;2025-11-13;15;1596
50;2025-11-13;16;1717
50;2025-11-13;17;2363
50;2025-11-13;18;2567
50;2025-11-13;19;1463
50;2025-11-13;20;930
50;2025-11-13;21;636
50;2025-11-13;22;307
50;2025-11-13;23;149
50;2025-11-14;0;47
50;2025-11-14;1;2
50;2025-11-14;2;0
50;2025-11-14;3;0
50;2025-11-14;4;2
50;2025-11-14;5;69
50;2025-11-14;6;558
50;2025-11-14;7;1740
50;2025-11-14;8;2665
50;2025-11-14;9;2045
50;2025-11-14;10;1554
50;2025-11-14;11;1560
50;2025-11-14;12;1522
50;2025-11-14;13;1463
50;2025-11-14;14;1458
50;2025-11-14;15;1725
50;2025-11-14;16;2071
50;2025-11-14;17;2199
50;2025-11-14;18;1812
50;2025-11-14;19;1228
50;2025-11-14;20;806
50;2025-11-14;21;547
50;2025-11-14;22;306
50;2025-11-14;23;158
50;2025-11-15;0;56
50;2025-11-15;1;8
50;2025-11-15;2;0
50;2025-11-15;3;1
50;2025-11-15;4;0
50;2025-11-15;5;38
50;2025-11-15;6;170
50;2025-11-15;7;348
50;2025-11-15;8;527
50;2025-11-15;9;580
50;2025-11-15;10;582
50;2025-11-15;11;736
50;2025-11-15;12;770
50;2025-11-15;13;806
50;2025-11-15;14;830
50;2025-11-15;15;808
50;2025-11-15;16;765
50;2025-11-15;17;735
50;2025-11-15;18;665
50;2025-11-15;19;603
50;2025-11-15;20;454
50;2025-11-15;21;349
50;2025-11-15;22;208
50;2025-11-15;23;130
50;2025-11-16;0;47
50;2025-11-16;1;5
50;2025-11-16;2;0
50;2025-11-16;3;0
50;2025-11-16;4;0
50;2025-11-16;5;23
50;2025-11-16;6;117
50;2025-11-16;7;209
50;2025-11-16;8;325
50;2025-11-16;9;423
50;2025-11-16;10;460
50;2025-11-16;11;615
50;2025-11-16;12;697
50;2025-11-16;13;745
50;2025-11-16;14;746
50;2025-11-16;15;679
50;2025-11-16;16;682
50;2025-11-16;17;649
50;2025-11-16;18;592
50;2025-11-16;19;489
50;2025-11-16;20;385
50;2025-11-16;21;315
50;2025-11-16;22;179
50;2025-11-16;23;100
50;2025-11-17;0;28
50;2025-11-17;1;2
50;2025-11-17;2;0
50;2025-11-17;3;0
50;2025-11-17;4;0
50;2025-11-17;5;58
50;2025-11-17;6;499
50;2025-11-17;7;1668
50;2025-11-17;8;2619
50;2025-11-17;9;2045
50;2025-11-17;10;1518
50;2025-11-17;11;1433
50;2025-11-17;12;1344
50;2025-11-17;13;1322
50;2025-11-17;14;1315
50;2025-11-17;15;1515
50;2025-11-17;16;1542
50;2025-11-17;17;2281
50;2025-11-17;18;2526
50;2025-11-17;19;1410
50;2025-11-17;20;808
50;2025-11-17;21;547
50;2025-11-17;22;240
50;2025-11-17;23;115
50;2025-11-18;0;34
50;2025-11-18;1;2
50;2025-11-18;2;1
50;2025-11-18;3;1
50;2025-11-18;4;3
50;2025-11-18;5;69
50;2025-11-18;6;563
50;2025-11-18;7;1795
50;2025-11-18;8;2746
50;2025-11-18;9;2165
50;2025-11-18;10;1595
50;2025-11-18;11;1490
50;2025-11-18;12;1422
50;2025-11-18;13;1410
50;2025-11-18;14;1371
50;2025-11-18;15;1596
50;2025-11-18;16;1617
50;2025-11-18;17;2373
50;2025-11-18;18;2569
50;2025-11-18;19;1476
50;2025-11-18;20;897
50;2025-11-18;21;576
50;2025-11-18;22;270
50;2025-11-18;23;134
50;2025-11-19;0;35
50;2025-11-19;1;8
50;2025-11-19;2;0
50;2025-11-19;3;0
50;2025-11-19;4;1
50;2025-11-19;5;72
50;2025-11-19;6;549
50;2025-11-19;7;1764
50;2025-11-19;8;2720
50;2025-11-19;9;2129
50;2025-11-19;10;1632
50;2025-11-19;11;1553
50;2025-11-19;12;1478
50;2025-11-19;13;1472
50;2025-11-19;14;1426
50;2025-11-19;15;1620
50;2025-11-19;16;1729
50;2025-11-19;17;2372
50;2025-11-19;18;2514
50;2025-11-19;19;1500
50;2025-11-19;20;854
50;2025-11-19;21;587
50;2025-11-19;22;289
50;2025-11-19;23;134
50;2025-11-20;0;39
50;2025-11-20;1;4
50;2025-11-20;2;0
50;2025-11-20;3;0
50;2025-11-20;4;1
50;2025-11-20;5;67
50;2025-11-20;6;554
50;2025-11-20;7;1788
50;2025-11-20;8;2679
50;2025-11-20;9;2142
50;2025-11-20;10;1638
50;2025-11-20;11;1557
50;2025-11-20;12;1476
50;2025-11-20;13;1432
50;2025-11-20;14;1396
50;2025-11-20;15;1609
50;2025-11-20;16;1732
50;2025-11-20;17;2358
50;2025-11-20;18;2569
50;2025-11-20;19;1454
50;2025-11-20;20;908
50;2025-11-20;21;612
50;2025-11-20;22;298
50;2025-11-20;23;143
50;2025-11-21;0;43
50;2025-11-21;1;3
50;2025-11-21;2;0
50;2025-11-21;3;0
50;2025-11-21;4;3
50;2025-11-21;5;64
50;2025-11-21;6;537
50;2025-11-21;7;1740
50;2025-11-21;8;2665
50;2025-11-21;9;2022
50;2025-11-21;10;1522
50;2025-11-21;11;1533
50;2025-11-21;12;1492
50;2025-11-21;13;1444
50;2025-11-21;14;1419
50;2025-11-21;15;1705
50;2025-11-21;16;2070
50;2025-11-21;17;2210
50;2025-11-21;18;1814
50;2025-11-21;19;1180
50;2025-11-21;20;769
50;2025-11-21;21;528
50;2025-11-21;22;293
50;2025-11-21;23;155
50;2025-11-22;0;57
50;2025-11-22;1;6
50;2025-11-22;2;0
50;2025-11-22;3;0
50;2025-11-22;4;1
50;2025-11-22;5;34
50;2025-11-22;6;159
50;2025-11-22;7;345
50;2025-11-22;8;505
50;2025-11-22;9;579
50;2025-11-22;10;587
50;2025-11-22;11;749
50;2025-11-22;12;770
50;2025-11-22;13;802
50;2025-11-22;14;808
50;2025-11-22;15;780
50;2025-11-22;16;740
50;2025-11-22;17;735
50;2025-11-22;18;669
50;2025-11-22;19;576
50;2025-11-22;20;445
50;2025-11-22;21;347
50;2025-11-22;22;200
50;2025-11-22;23;130
50;2025-11-23;0;45
50;2025-11-23;1;6
50;2025-11-23;2;0
50;2025-11-23;3;0
50;2025-11-23;4;1
50;2025-11-23;5;24
50;2025-11-23;6;130
50;2025-11-23;7;220
50;2025-11-23;8;336
50;2025-11-23;9;411
50;2025-11-23;10;455
50;2025-11-23;11;607
50;2025-11-23;12;684
50;2025-11-23;13;768
50;2025-11-23;14;785
50;2025-11-23;15;717
50;2025-11-23;16;720
50;2025-11-23;17;675
50;2025-11-23;18;608
50;2025-11-23;19;505
50;2025-11-23;20;397
50;2025-11-23;21;314
50;2025-11-23;22;185
50;2025-11-23;23;103
50;2025-11-24;0;26
50;2025-11-24;1;5
50;2025-11-24;2;1
50;2025-11-24;3;0
50;2025-11-24;4;2
50;2025-11-24;5;64
50;2025-11-24;6;526
50;2025-11-24;7;1695
50;2025-11-24;8;2659
50;2025-11-24;9;2104
50;2025-11-24;10;1534
50;2025-11-24;11;1424
50;2025-11-24;12;1348
50;2025-11-24;13;1363
50;2025-11-24;14;1331
50;2025-11-24;15;1524
50;2025-11-24;16;1564
50;2025-11-24;17;2245
50;2025-11-24;18;2497
50;2025-11-24;19;1412
50;2025-11-24;20;833
50;2025-11-24;21;558
50;2025-11-24;22;252
50;2025-11-24;23;119
50;2025-11-25;0;31
50;2025-11-25;1;3
50;2025-11-25;2;0
50;2025-11-25;3;0
50;2025-11-25;4;4
50;2025-11-25;5;65
50;2025-11-25;6;574
50;2025-11-25;7;1764
50;2025-11-25;8;2747
50;2025-11-25;9;2130
50;2025-11-25;10;1580
50;2025-11-25;11;1500
50;2025-11-25;12;1426
50;2025-11-25;13;1412
50;2025-11-25;14;1360
50;2025-11-25;15;1578
50;2025-11-25;16;1601
50;2025-11-25;17;2381
50;2025-11-25;18;2557
50;2025-11-25;19;1449
50;2025-11-25;20;864
50;2025-11-25;21;571
50;2025-11-25;22;256
50;2025-11-25;23;138
50;2025-11-26;0;34
50;2025-11-26;1;4
50;2025-11-26;2;0
50;2025-11-26;3;0
50;2025-11-26;4;2
50;2025-11-26;5;73
50;2025-11-26;6;542
50;2025-11-26;7;1691
50;2025-11-26;8;2554
50;2025-11-26;9;2005
50;2025-11-26;10;1553
50;2025-11-26;11;1455
50;2025-11-26;12;1394
50;2025-11-26;13;1390
50;2025-11-26;14;1355
50;2025-11-26;15;1506
50;2025-11-26;16;1624
50;2025-11-26;17;2192
50;2025-11-26;18;2309
50;2025-11-26;19;1422
50;2025-11-26;20;823
50;2025-11-26;21;578
50;2025-11-26;22;279
50;2025-11-26;23;137
50;2025-11-27;0;35
50;2025-11-27;1;2
50;2025-11-27;2;0
50;2025-11-27;3;0
50;2025-11-27;4;3
50;2025-11-27;5;67
50;2025-11-27;6;549
50;2025-11-27;7;1710
50;2025-11-27;8;2434
50;2025-11-27;9;1971
50;2025-11-27;10;1547
50;2025-11-27;11;1468
50;2025-11-27;12;1405
50;2025-11-27;13;1375
50;2025-11-27;14;1326
50;2025-11-27;15;1515
50;2025-11-27;16;1635
50;2025-11-27;17;2205
50;2025-11-27;18;2371
50;2025-11-27;19;1415
50;2025-11-27;20;908
50;2025-11-27;21;620
50;2025-11-27;22;296
50;2025-11-27;23;149
50;2025-11-28;0;44
50;2025-11-28;1;7
50;2025-11-28;2;0
50;2025-11-28;3;3
50;2025-11-28;4;2
50;2025-11-28;5;63
50;2025-11-28;6;538
50;2025-11-28;7;1661
50;2025-11-28;8;2437
50;2025-11-28;9;1873
50;2025-11-28;10;1477
50;2025-11-28;11;1491
50;2025-11-28;12;1452
50;2025-11-28;13;1404
50;2025-11-28;14;1378
50;2025-11-28;15;1637
50;2025-11-28;16;1939
50;2025-11-28;17;2052
50;2025-11-28;18;1731
50;2025-11-28;19;1173
50;2025-11-28;20;779
50;2025-11-28;21;534
50;2025-11-28;22;300
50;2025-11-28;23;157
50;2025-11-29;0;57
50;2025-11-29;1;6
50;2025-11-29;2;0
50;2025-11-29;3;0
50;2025-11-29;4;2
50;2025-11-29;5;36
50;2025-11-29;6;168
50;2025-11-29;7;345
50;2025-11-29;8;468
50;2025-11-29;9;586
50;2025-11-29;10;599
50;2025-11-29;11;766
50;2025-11-29;12;782
50;2025-11-29;13;824
50;2025-11-29;14;840
50;2025-11-29;15;800
50;2025-11-29;16;767
50;2025-11-29;17;771
50;2025-11-29;18;678
50;2025-11-29;19;582
50;2025-11-29;20;443
50;2025-11-29;21;355
50;2025-11-29;22;211
50;2025-11-29;23;131
50;2025-11-30;0;47
50;2025-11-30;1;5
50;2025-11-30;2;0
50;2025-11-30;3;4
50;2025-11-30;4;1
50;2025-11-30;5;28
50;2025-11-30;6;129
50;2025-11-30;7;201
50;2025-11-30;8;286
50;2025-11-30;9;404
50;2025-11-30;10;444
50;2025-11-30;11;592
50;2025-11-30;12;662
50;2025-11-30;13;726
50;2025-11-30;14;742
50;2025-11-30;15;671
50;2025-11-30;16;689
50;2025-11-30;17;676
50;2025-11-30;18;600
50;2025-11-30;19;477
50;2025-11-30;20;413
50;2025-11-30;21;333
50;2025-11-30;22;185
50;2025-11-30;23;106
50;2025-12-01;0;32
50;2025-12-01;1;4
50;2025-12-01;2;0
50;2025-12-01;3;0
50;2025-12-01;4;3
50;2025-12-01;5;65
50;2025-12-01;6;517
50;2025-12-01;7;1612
50;2025-12-01;8;2390
50;2025-12-01;9;1872
50;2025-12-01;10;1428
50;2025-12-01;11;1389
50;2025-12-01;12;1292
50;2025-12-01;13;1327
50;2025-12-01;14;1289
50;2025-12-01;15;1445
50;2025-12-01;16;1505
50;2025-12-01;17;2065
50;2025-12-01;18;2307
50;2025-12-01;19;1354
50;2025-12-01;20;821
50;2025-12-01;21;549
50;2025-12-01;22;251
50;2025-12-01;23;122
50;2025-12-02;0;34
50;2025-12-02;1;4
50;2025-12-02;2;0
50;2025-12-02;3;1
50;2025-12-02;4;2
50;2025-12-02;5;70
50;2025-12-02;6;564
50;2025-12-02;7;1695
50;2025-12-02;8;2505
50;2025-12-02;9;1944
50;2025-12-02;10;1505
50;2025-12-02;11;1423
50;2025-12-02;12;1370
50;2025-12-02;13;1365
50;2025-12-02;14;1315
50;2025-12-02;15;1488
50;2025-12-02;16;1540
50;2025-12-02;17;2174
50;2025-12-02;18;2356
50;2025-12-02;19;1381
50;2025-12-02;20;850
50;2025-12-02;21;578
50;2025-12-02;22;263
50;2025-12-02;23;134
50;2025-12-03;0;33
50;2025-12-03;1;3
50;2025-12-03;2;0
50;2025-12-03;3;0
50;2025-12-03;4;0
50;2025-12-03;5;70
50;2025-12-03;6;537
50;2025-12-03;7;1650
50;2025-12-03;8;2530
50;2025-12-03;9;1966
50;2025-12-03;10;1532
50;2025-12-03;11;1443
50;2025-12-03;12;1381
50;2025-12-03;13;1381
50;2025-12-03;14;1356
50;2025-12-03;15;1504
50;2025-12-03;16;1629
50;2025-12-03;17;2200
50;2025-12-03;18;2324
50;2025-12-03;19;1397
50;2025-12-03;20;837
50;2025-12-03;21;582
50;2025-12-03;22;295
50;2025-12-03;23;139
50;2025-12-04;0;36
50;2025-12-04;1;2
50;2025-12-04;2;0
50;2025-12-04;3;0
50;2025-12-04;4;2
50;2025-12-04;5;71
50;2025-12-04;6;542
50;2025-12-04;7;1722
50;2025-12-04;8;2523
50;2025-12-04;9;2006
50;2025-12-04;10;1557
50;2025-12-04;11;1477
50;2025-12-04;12;1390
50;2025-12-04;13;1360
50;2025-12-04;14;1335
50;2025-12-04;15;1535
50;2025-12-04;16;1649
50;2025-12-04;17;2245
50;2025-12-04;18;2419
50;2025-12-04;19;1412
50;2025-12-04;20;908
50;2025-12-04;21;619
50;2025-12-04;22;296
50;2025-12-04;23;146
50;2025-12-05;0;43
50;2025-12-05;1;2
50;2025-12-05;2;0
50;2025-12-05;3;0
50;2025-12-05;4;2
50;2025-12-05;5;67
50;2025-12-05;6;545
50;2025-12-05;7;1688
50;2025-12-05;8;2538
50;2025-12-05;9;1939
50;2025-12-05;10;1500
50;2025-12-05;11;1502
50;2025-12-05;12;1455
50;2025-12-05;13;1420
50;2025-12-05;14;1404
50;2025-12-05;15;1657
50;2025-12-05;16;2010
50;2025-12-05;17;2129
50;2025-12-05;18;1756
50;2025-12-05;19;1207
50;2025-12-05;20;796
50;2025-12-05;21;554
50;2025-12-05;22;303
50;2025-12-05;23;155
50;2025-12-06;0;60
50;2025-12-06;1;5
50;2025-12-06;2;0
50;2025-12-06;3;0
50;2025-12-06;4;1
50;2025-12-06;5;45
50;2025-12-06;6;186
50;2025-12-06;7;378
50;2025-12-06;8;523
50;2025-12-06;9;611
50;2025-12-06;10;627
50;2025-12-06;11;782
50;2025-12-06;12;790
50;2025-12-06;13;825
50;2025-12-06;14;828
50;2025-12-06;15;811
50;2025-12-06;16;770
50;2025-12-06;17;777
50;2025-12-06;18;707
50;2025-12-06;19;608
50;2025-12-06;20;463
50;2025-12-06;21;371
50;2025-12-06;22;222
50;2025-12-06;23;141
50;2025-12-07;0;48
50;2025-12-07;1;5
50;2025-12-07;2;0
50;2025-12-07;3;0
50;2025-12-07;4;0
50;2025-12-07;5;29
50;2025-12-07;6;140
50;2025-12-07;7;228
50;2025-12-07;8;350
50;2025-12-07;9;431
50;2025-12-07;10;459
50;2025-12-07;11;603
50;2025-12-07;12;677
50;2025-12-07;13;740
50;2025-12-07;14;756
50;2025-12-07;15;689
50;2025-12-07;16;699
50;2025-12-07;17;703
50;2025-12-07;18;626
50;2025-12-07;19;505
50;2025-12-07;20;425
50;2025-12-07;21;348
50;2025-12-07;22;193
50;2025-12-07;23;108
50;2025-12-08;0;33
50;2025-12-08;1;4
50;2025-12-08;2;0
50;2025-12-08;3;0
50;2025-12-08;4;4
50;2025-12-08;5;66
50;2025-12-08;6;539
50;2025-12-08;7;1751
50;2025-12-08;8;2667
50;2025-12-08;9;2096
50;2025-12-08;10;1570
50;2025-12-08;11;1477
50;2025-12-08;12;1370
50;2025-12-08;13;1387
50;2025-12-08;14;1355
50;2025-12-08;15;1559
50;2025-12-08;16;1627
50;2025-12-08;17;2261
50;2025-12-08;18;2493
50;2025-12-08;19;1449
50;2025-12-08;20;870
50;2025-12-08;21;577
50;2025-12-08;22;266
50;2025-12-08;23;126
50;2025-12-09;0;34
50;2025-12-09;1;3
50;2025-12-09;2;0
50;2025-12-09;3;0
50;2025-12-09;4;2
50;2025-12-09;5;71
50;2025-12-09;6;587
50;2025-12-09;7;1823
50;2025-12-09;8;2747
50;2025-12-09;9;2165
50;2025-12-09;10;1649
50;2025-12-09;11;1524
50;2025-12-09;12;1455
50;2025-12-09;13;1428
50;2025-12-09;14;1383
50;2025-12-09;15;1608
50;2025-12-09;16;1653
50;2025-12-09;17;2370
50;2025-12-09;18;2535
50;2025-12-09;19;1502
50;2025-12-09;20;914
50;2025-12-09;21;594
50;2025-12-09;22;275
50;2025-12-09;23;140
50;2025-12-10;0;34
50;2025-12-10;1;4
50;2025-12-10;2;0
50;2025-12-10;3;0
50;2025-12-10;4;0
50;2025-12-10;5;73
50;2025-12-10;6;551
50;2025-12-10;7;1760
50;2025-12-10;8;2715
50;2025-12-10;9;2149
50;2025-12-10;10;1638
50;2025-12-10;11;1528
50;2025-12-10;12;1456
50;2025-12-10;13;1439
50;2025-12-10;14;1399
50;2025-12-10;15;1589
50;2025-12-10;16;1720
50;2025-12-10;17;2358
50;2025-12-10;18;2452
50;2025-12-10;19;1480
50;2025-12-10;20;875
50;2025-12-10;21;593
50;2025-12-10;22;299
50;2025-12-10;23;144
50;2025-12-11;0;39
50;2025-12-11;1;2
50;2025-12-11;2;0
50;2025-12-11;3;0
50;2025-12-11;4;1
50;2025-12-11;5;68
50;2025-12-11;6;551
50;2025-12-11;7;1771
50;2025-12-11;8;2633
50;2025-12-11;9;2118
50;2025-12-11;10;1612
50;2025-12-11;11;1496
50;2025-12-11;12;1418
50;2025-12-11;13;1369
50;2025-12-11;14;1339
50;2025-12-11;15;1543
50;2025-12-11;16;1687
50;2025-12-11;17;2308
50;2025-12-11;18;2474
50;2025-12-11;19;1435
50;2025-12-11;20;908
50;2025-12-11;21;632
50;2025-12-11;22;309
50;2025-12-11;23;140
50;2025-12-12;0;39
50;2025-12-12;1;1
50;2025-12-12;2;0
50;2025-12-12;3;0
50;2025-12-12;4;0
50;2025-12-12;5;69
50;2025-12-12;6;544
50;2025-12-12;7;1730
50;2025-12-12;8;2655
50;2025-12-12;9;2026
50;2025-12-12;10;1522
50;2025-12-12;11;1526
50;2025-12-12;12;1475
50;2025-12-12;13;1414
50;2025-12-12;14;1394
50;2025-12-12;15;1647
50;2025-12-12;16;2021
50;2025-12-12;17;2183
50;2025-12-12;18;1803
50;2025-12-12;19;1218
50;2025-12-12;20;781
50;2025-12-12;21;555
50;2025-12-12;22;314
50;2025-12-12;23;152
50;2025-12-13;0;59
50;2025-12-13;1;6
50;2025-12-13;2;0
50;2025-12-13;3;1
50;2025-12-13;4;0
50;2025-12-13;5;42
50;2025-12-13;6;195
50;2025-12-13;7;399
50;2025-12-13;8;603
50;2025-12-13;9;667
50;2025-12-13;10;666
50;2025-12-13;11;788
50;2025-12-13;12;804
50;2025-12-13;13;837
50;2025-12-13;14;835
50;2025-12-13;15;816
50;2025-12-13;16;772
50;2025-12-13;17;793
50;2025-12-13;18;717
50;2025-12-13;19;655
50;2025-12-13;20;470
50;2025-12-13;21;371
50;2025-12-13;22;217
50;2025-12-13;23;138
50;2025-12-14;0;47
50;2025-12-14;1;4
50;2025-12-14;2;0
50;2025-12-14;3;0
50;2025-12-14;4;0
50;2025-12-14;5;24
50;2025-12-14;6;127
50;2025-12-14;7;222
50;2025-12-14;8;356
50;2025-12-14;9;433
50;2025-12-14;10;455
50;2025-12-14;11;599
50;2025-12-14;12;660
50;2025-12-14;13;708
50;2025-12-14;14;722
50;2025-12-14;15;665
50;2025-12-14;16;683
50;2025-12-14;17;684
50;2025-12-14;18;633
50;2025-12-14;19;518
50;2025-12-14;20;409
50;2025-12-14;21;330
50;2025-12-14;22;195
50;2025-12-14;23;106
50;2025-12-15;0;35
50;2025-12-15;1;4
50;2025-12-15;2;0
50;2025-12-15;3;0
50;2025-12-15;4;1
50;2025-12-15;5;62
50;2025-12-15;6;523
50;2025-12-15;7;1744
50;2025-12-15;8;2703
50;2025-12-15;9;2124
50;2025-12-15;10;1550
50;2025-12-15;11;1471
50;2025-12-15;12;1342
50;2025-12-15;13;1363
50;2025-12-15;14;1310
50;2025-12-15;15;1547
50;2025-12-15;16;1601
50;2025-12-15;17;2275
50;2025-12-15;18;2505
50;2025-12-15;19;1423
50;2025-12-15;20;850
50;2025-12-15;21;561
50;2025-12-15;22;256
50;2025-12-15;23;126
50;2025-12-16;0;36
50;2025-12-16;1;1
50;2025-12-16;2;0
50;2025-12-16;3;0
50;2025-12-16;4;2
50;2025-12-16;5;68
50;2025-12-16;6;564
50;2025-12-16;7;1799
50;2025-12-16;8;2779
50;2025-12-16;9;2169
50;2025-12-16;10;1635
50;2025-12-16;11;1517
50;2025-12-16;12;1439
50;2025-12-16;13;1414
50;2025-12-16;14;1384
50;2025-12-16;15;1614
50;2025-12-16;16;1644
50;2025-12-16;17;2393
50;2025-12-16;18;2531
50;2025-12-16;19;1492
50;2025-12-16;20;895
50;2025-12-16;21;589
50;2025-12-16;22;262
50;2025-12-16;23;143
50;2025-12-17;0;32
50;2025-12-17;1;4
50;2025-12-17;2;0
50;2025-12-17;3;0
50;2025-12-17;4;1
50;2025-12-17;5;68
50;2025-12-17;6;539
50;2025-12-17;7;1745
50;2025-12-17;8;2700
50;2025-12-17;9;2133
50;2025-12-17;10;1624
50;2025-12-17;11;1518
50;2025-12-17;12;1434
50;2025-12-17;13;1428
50;2025-12-17;14;1386
50;2025-12-17;15;1571
50;2025-12-17;16;1702
50;2025-12-17;17;2345
50;2025-12-17;18;2422
50;2025-12-17;19;1452
50;2025-12-17;20;842
50;2025-12-17;21;580
50;2025-12-17;22;281
50;2025-12-17;23;138
50;2025-12-18;0;36
50;2025-12-18;1;2
50;2025-12-18;2;0
50;2025-12-18;3;0
50;2025-12-18;4;1
50;2025-12-18;5;66
50;2025-12-18;6;537
50;2025-12-18;7;1751
50;2025-12-18;8;2644
50;2025-12-18;9;2111
50;2025-12-18;10;1602
50;2025-12-18;11;1500
50;2025-12-18;12;1425
50;2025-12-18;13;1371
50;2025-12-18;14;1342
50;2025-12-18;15;1557
50;2025-12-18;16;1694
50;2025-12-18;17;2340
50;2025-12-18;18;2495
50;2025-12-18;19;1430
50;2025-12-18;20;909
50;2025-12-18;21;620
50;2025-12-18;22;285
50;2025-12-18;23;146
50;2025-12-19;0;47
50;2025-12-19;1;3
50;2025-12-19;2;0
50;2025-12-19;3;0
50;2025-12-19;4;2
50;2025-12-19;5;74
50;2025-12-19;6;545
50;2025-12-19;7;1722
50;2025-12-19;8;2661
50;2025-12-19;9;2023
50;2025-12-19;10;1515
50;2025-12-19;11;1523
50;2025-12-19;12;1475
50;2025-12-19;13;1421
50;2025-12-19;14;1406
50;2025-12-19;15;1677
50;2025-12-19;16;2038
50;2025-12-19;17;2199
50;2025-12-19;18;1786
50;2025-12-19;19;1197
50;2025-12-19;20;784
50;2025-12-19;21;545
50;2025-12-19;22;292
50;2025-12-19;23;163
50;2025-12-20;0;61
50;2025-12-20;1;6
50;2025-12-20;2;0
50;2025-12-20;3;1
50;2025-12-20;4;1
50;2025-12-20;5;47
50;2025-12-20;6;189
50;2025-12-20;7;396
50;2025-12-20;8;564
50;2025-12-20;9;629
50;2025-12-20;10;628
50;2025-12-20;11;780
50;2025-12-20;12;786
50;2025-12-20;13;824
50;2025-12-20;14;826
50;2025-12-20;15;812
50;2025-12-20;16;768
50;2025-12-20;17;771
50;2025-12-20;18;692
50;2025-12-20;19;608
50;2025-12-20;20;453
50;2025-12-20;21;368
50;2025-12-20;22;216
50;2025-12-20;23;142
50;2025-12-21;0;48
50;2025-12-21;1;5
50;2025-12-21;2;0
50;2025-12-21;3;0
50;2025-12-21;4;1
50;2025-12-21;5;32
50;2025-12-21;6;143
50;2025-12-21;7;244
50;2025-12-21;8;368
50;2025-12-21;9;433
50;2025-12-21;10;453
50;2025-12-21;11;598
50;2025-12-21;12;652
50;2025-12-21;13;714
50;2025-12-21;14;732
50;2025-12-21;15;684
50;2025-12-21;16;688
50;2025-12-21;17;689
50;2025-12-21;18;616
50;2025-12-21;19;495
50;2025-12-21;20;415
50;2025-12-21;21;336
50;2025-12-21;22;189
50;2025-12-21;23;109
50;2025-12-22;0;36
50;2025-12-22;1;7
50;2025-12-22;2;1
50;2025-12-22;3;0
50;2025-12-22;4;3
50;2025-12-22;5;72
50;2025-12-22;6;532
50;2025-12-22;7;1739
50;2025-12-22;8;2696
50;2025-12-22;9;2122
50;2025-12-22;10;1585
50;2025-12-22;11;1465
50;2025-12-22;12;1356
50;2025-12-22;13;1373
50;2025-12-22;14;1338
50;2025-12-22;15;1551
50;2025-12-22;16;1627
50;2025-12-22;17;2260
50;2025-12-22;18;2483
50;2025-12-22;19;1433
50;2025-12-22;20;853
50;2025-12-22;21;563
50;2025-12-22;22;249
50;2025-12-22;23;118
50;2025-12-23;0;32
50;2025-12-23;1;2
50;2025-12-23;2;0
50;2025-12-23;3;0
50;2025-12-23;4;3
50;2025-12-23;5;68
50;2025-12-23;6;587
50;2025-12-23;7;1790
50;2025-12-23;8;2724
50;2025-12-23;9;2164
50;2025-12-23;10;1607
50;2025-12-23;11;1510
50;2025-12-23;12;1417
50;2025-12-23;13;1392
50;2025-12-23;14;1330
50;2025-12-23;15;1580
50;2025-12-23;16;1612
50;2025-12-23;17;2381
50;2025-12-23;18;2524
50;2025-12-23;19;1480
50;2025-12-23;20;914
50;2025-12-23;21;593
50;2025-12-23;22;262
50;2025-12-23;23;140
50;2025-12-24;0;39
50;2025-12-24;1;7
50;2025-12-24;2;0
50;2025-12-24;3;0
50;2025-12-24;4;3
50;2025-12-24;5;73
50;2025-12-24;6;547
50;2025-12-24;7;1727
50;2025-12-24;8;2701
50;2025-12-24;9;2126
50;2025-12-24;10;1599
50;2025-12-24;11;1511
50;2025-12-24;12;1436
50;2025-12-24;13;1410
50;2025-12-24;14;1344
50;2025-12-24;15;1547
50;2025-12-24;16;1681
50;2025-12-24;17;2335
50;2025-12-24;18;2431
50;2025-12-24;19;1447
50;2025-12-24;20;844
50;2025-12-24;21;572
50;2025-12-24;22;282
50;2025-12-24;23;143
50;2025-12-25;0;36
50;2025-12-25;1;4
50;2025-12-25;2;1
50;2025-12-25;3;0
50;2025-12-25;4;2
50;2025-12-25;5;68
50;2025-12-25;6;533
50;2025-12-25;7;1730
50;2025-12-25;8;2651
50;2025-12-25;9;2123
50;2025-12-25;10;1600
50;2025-12-25;11;1498
50;2025-12-25;12;1407
50;2025-12-25;13;1358
50;2025-12-25;14;1331
50;2025-12-25;15;1545
50;2025-12-25;16;1685
50;2025-12-25;17;2318
50;2025-12-25;18;2464
50;2025-12-25;19;1428
50;2025-12-25;20;902
50;2025-12-25;21;612
50;2025-12-25;22;281
50;2025-12-25;23;141
50;2025-12-26;0;39
50;2025-12-26;1;5
50;2025-12-26;2;0
50;2025-12-26;3;0
50;2025-12-26;4;0
50;2025-12-26;5;70
50;2025-12-26;6;542
50;2025-12-26;7;1709
50;2025-12-26;8;2610
50;2025-12-26;9;2046
50;2025-12-26;10;1555
50;2025-12-26;11;1508
50;2025-12-26;12;1470
50;2025-12-26;13;1438
50;2025-12-26;14;1431
50;2025-12-26;15;1683
50;2025-12-26;16;2049
50;2025-12-26;17;2174
50;2025-12-26;18;1786
50;2025-12-26;19;1217
50;2025-12-26;20;792
50;2025-12-26;21;552
50;2025-12-26;22;300
50;2025-12-26;23;154
50;2025-12-27;0;53
50;2025-12-27;1;7
50;2025-12-27;2;0
50;2025-12-27;3;1
50;2025-12-27;4;3
50;2025-12-27;5;31
50;2025-12-27;6;167
50;2025-12-27;7;360
50;2025-12-27;8;550
50;2025-12-27;9;606
50;2025-12-27;10;603
50;2025-12-27;11;725
50;2025-12-27;12;737
50;2025-12-27;13;769
50;2025-12-27;14;776
50;2025-12-27;15;752
50;2025-12-27;16;702
50;2025-12-27;17;728
50;2025-12-27;18;645
50;2025-12-27;19;576
50;2025-12-27;20;437
50;2025-12-27;21;345
50;2025-12-27;22;194
50;2025-12-27;23;128
50;2025-12-28;0;43
50;2025-12-28;1;7
50;2025-12-28;2;0
50;2025-12-28;3;0
50;2025-12-28;4;3
50;2025-12-28;5;20
50;2025-12-28;6;126
50;2025-12-28;7;229
50;2025-12-28;8;353
50;2025-12-28;9;432
50;2025-12-28;10;460
50;2025-12-28;11;564
50;2025-12-28;12;598
50;2025-12-28;13;653
50;2025-12-28;14;672
50;2025-12-28;15;620
50;2025-12-28;16;612
50;2025-12-28;17;620
50;2025-12-28;18;571
50;2025-12-28;19;495
50;2025-12-28;20;401
50;2025-12-28;21;331
50;2025-12-28;22;174
50;2025-12-28;23;104
50;2025-12-29;0;28
50;2025-12-29;1;5
50;2025-12-29;2;0
50;2025-12-29;3;0
50;2025-12-29;4;1
50;2025-12-29;5;69
50;2025-12-29;6;523
50;2025-12-29;7;1695
50;2025-12-29;8;2621
50;2025-12-29;9;2113
50;2025-12-29;10;1572
50;2025-12-29;11;1455
50;2025-12-29;12;1356
50;2025-12-29;13;1385
50;2025-12-29;14;1340
50;2025-12-29;15;1530
50;2025-12-29;16;1608
50;2025-12-29;17;2236
50;2025-12-29;18;2442
50;2025-12-29;19;1446
50;2025-12-29;20;860
50;2025-12-29;21;564
50;2025-12-29;22;254
50;2025-12-29;23;132
50;2025-12-30;0;35
50;2025-12-30;1;4
50;2025-12-30;2;0
50;2025-12-30;3;0
50;2025-12-30;4;0
50;2025-12-30;5;78
50;2025-12-30;6;553
50;2025-12-30;7;1760
50;2025-12-30;8;2652
50;2025-12-30;9;2165
50;2025-12-30;10;1646
50;2025-12-30;11;1500
50;2025-12-30;12;1421
50;2025-12-30;13;1418
50;2025-12-30;14;1371
50;2025-12-30;15;1575
50;2025-12-30;16;1630
50;2025-12-30;17;2324
50;2025-12-30;18;2452
50;2025-12-30;19;1460
50;2025-12-30;20;902
50;2025-12-30;21;570
50;2025-12-30;22;260
50;2025-12-30;23;145
50;2025-12-31;0;13
50;2025-12-31;1;0
50;2025-12-31;2;0
50;2025-12-31;3;0
50;2025-12-31;4;0
50;2025-12-31;5;22
50;2025-12-31;6;241
50;2025-12-31;7;207
50;2025-12-31;8;304
50;2025-12-31;9;299
50;2025-12-31;10;367
50;2025-12-31;11;483
50;2025-12-31;12;552
50;2025-12-31;13;513
50;2025-12-31;14;526
50;2025-12-31;15;557
50;2025-12-31;16;554
50;2025-12-31;17;582
50;2025-12-31;18;486
50;2025-12-31;19;457
50;2025-12-31;20;340
50;2025-12-31;21;281
50;2025-12-31;22;220
50;2025-12-31;23;116
