route;date;hour;prediction
1;2025-11-01;0;3
1;2025-11-01;1;0
1;2025-11-01;2;0
1;2025-11-01;3;0
1;2025-11-01;4;0
1;2025-11-01;5;29
1;2025-11-01;6;142
1;2025-11-01;7;310
1;2025-11-01;8;434
1;2025-11-01;9;713
1;2025-11-01;10;842
1;2025-11-01;11;775
1;2025-11-01;12;987
1;2025-11-01;13;1030
1;2025-11-01;14;969
1;2025-11-01;15;824
1;2025-11-01;16;789
1;2025-11-01;17;712
1;2025-11-01;18;588
1;2025-11-01;19;527
1;2025-11-01;20;387
1;2025-11-01;21;286
1;2025-11-01;22;98
1;2025-11-01;23;16
1;2025-11-02;0;1
1;2025-11-02;1;0
1;2025-11-02;2;0
1;2025-11-02;3;0
1;2025-11-02;4;1
1;2025-11-02;5;26
1;2025-11-02;6;128
1;2025-11-02;7;223
1;2025-11-02;8;324
1;2025-11-02;9;482
1;2025-11-02;10;591
1;2025-11-02;11;555
1;2025-11-02;12;724
1;2025-11-02;13;740
1;2025-11-02;14;751
1;2025-11-02;15;687
1;2025-11-02;16;606
1;2025-11-02;17;534
1;2025-11-02;18;456
1;2025-11-02;19;386
1;2025-11-02;20;325
1;2025-11-02;21;241
1;2025-11-02;22;114
1;2025-11-02;23;30
1;2025-11-03;0;0
1;2025-11-03;1;0
1;2025-11-03;2;0
1;2025-11-03;3;0
1;2025-11-03;4;2
1;2025-11-03;5;89
1;2025-11-03;6;318
1;2025-11-03;7;403
1;2025-11-03;8;416
1;2025-11-03;9;510
1;2025-11-03;10;585
1;2025-11-03;11;539
1;2025-11-03;12;548
1;2025-11-03;13;551
1;2025-11-03;14;541
1;2025-11-03;15;524
1;2025-11-03;16;563
1;2025-11-03;17;574
1;2025-11-03;18;536
1;2025-11-03;19;601
1;2025-11-03;20;426
1;2025-11-03;21;342
1;2025-11-03;22;187
1;2025-11-03;23;33
1;2025-11-04;0;1
1;2025-11-04;1;0
1;2025-11-04;2;0
1;2025-11-04;3;0
1;2025-11-04;4;7
1;2025-11-04;5;87
1;2025-11-04;6;313
1;2025-11-04;7;365
1;2025-11-04;8;395
1;2025-11-04;9;476
1;2025-11-04;10;552
1;2025-11-04;11;505
1;2025-11-04;12;531
1;2025-11-04;13;561
1;2025-11-04;14;632
1;2025-11-04;15;612
1;2025-11-04;16;579
1;2025-11-04;17;515
1;2025-11-04;18;481
1;2025-11-04;19;593
1;2025-11-04;20;466
1;2025-11-04;21;368
1;2025-11-04;22;187
1;2025-11-04;23;39
1;2025-11-05;0;5
1;2025-11-05;1;0
1;2025-11-05;2;0
1;2025-11-05;3;0
1;2025-11-05;4;5
1;2025-11-05;5;126
1;2025-11-05;6;512
1;2025-11-05;7;1444
1;2025-11-05;8;1864
1;2025-11-05;9;1422
1;2025-11-05;10;1252
1;2025-11-05;11;1299
1;2025-11-05;12;1333
1;2025-11-05;13;1385
1;2025-11-05;14;1336
1;2025-11-05;15;1499
1;2025-11-05;16;1474
1;2025-11-05;17;1775
1;2025-11-05;18;1815
1;2025-11-05;19;1387
1;2025-11-05;20;852
1;2025-11-05;21;432
1;2025-11-05;22;250
1;2025-11-05;23;42
1;2025-11-06;0;4
1;2025-11-06;1;0
1;2025-11-06;2;0
1;2025-11-06;3;0
1;2025-11-06;4;6
1;2025-11-06;5;126
1;2025-11-06;6;505
1;2025-11-06;7;1457
1;2025-11-06;8;1873
1;2025-11-06;9;1414
1;2025-11-06;10;1287
1;2025-11-06;11;1282
1;2025-11-06;12;1348
1;2025-11-06;13;1362
1;2025-11-06;14;1326
1;2025-11-06;15;1455
1;2025-11-06;16;1471
1;2025-11-06;17;1734
1;2025-11-06;18;1764
1;2025-11-06;19;1321
1;2025-11-06;20;840
1;2025-11-06;21;462
1;2025-11-06;22;247
1;2025-11-06;23;49
1;2025-11-07;0;3
1;2025-11-07;1;0
1;2025-11-07;2;0
1;2025-11-07;3;0
1;2025-11-07;4;2
1;2025-11-07;5;127
1;2025-11-07;6;490
1;2025-11-07;7;1465
1;2025-11-07;8;1829
1;2025-11-07;9;1417
1;2025-11-07;10;1232
1;2025-11-07;11;1331
1;2025-11-07;12;1336
1;2025-11-07;13;1366
1;2025-11-07;14;1326
1;2025-11-07;15;1511
1;2025-11-07;16;1558
1;2025-11-07;17;1725
1;2025-11-07;18;1520
1;2025-11-07;19;1163
1;2025-11-07;20;769
1;2025-11-07;21;454
1;2025-11-07;22;249
1;2025-11-07;23;55
1;2025-11-08;0;5
1;2025-11-08;1;0
1;2025-11-08;2;0
1;2025-11-08;3;0
1;2025-11-08;4;0
1;2025-11-08;5;39
1;2025-11-08;6;178
1;2025-11-08;7;331
1;2025-11-08;8;444
1;2025-11-08;9;712
1;2025-11-08;10;795
1;2025-11-08;11;734
1;2025-11-08;12;934
1;2025-11-08;13;980
1;2025-11-08;14;913
1;2025-11-08;15;784
1;2025-11-08;16;750
1;2025-11-08;17;683
1;2025-11-08;18;596
1;2025-11-08;19;527
1;2025-11-08;20;393
1;2025-11-08;21;305
1;2025-11-08;22;143
1;2025-11-08;23;39
1;2025-11-09;0;1
1;2025-11-09;1;0
1;2025-11-09;2;0
1;2025-11-09;3;0
1;2025-11-09;4;0
1;2025-11-09;5;30
1;2025-11-09;6;137
1;2025-11-09;7;258
1;2025-11-09;8;350
1;2025-11-09;9;576
1;2025-11-09;10;699
1;2025-11-09;11;671
1;2025-11-09;12;852
1;2025-11-09;13;863
1;2025-11-09;14;752
1;2025-11-09;15;707
1;2025-11-09;16;639
1;2025-11-09;17;588
1;2025-11-09;18;525
1;2025-11-09;19;456
1;2025-11-09;20;363
1;2025-11-09;21;268
1;2025-11-09;22;123
1;2025-11-09;23;36
1;2025-11-10;0;0
1;2025-11-10;1;0
1;2025-11-10;2;0
1;2025-11-10;3;0
1;2025-11-10;4;9
1;2025-11-10;5;135
1;2025-11-10;6;558
1;2025-11-10;7;1502
1;2025-11-10;8;1889
1;2025-11-10;9;1403
1;2025-11-10;10;1219
1;2025-11-10;11;1310
1;2025-11-10;12;1354
1;2025-11-10;13;1344
1;2025-11-10;14;1317
1;2025-11-10;15;1481
1;2025-11-10;16;1511
1;2025-11-10;17;1767
1;2025-11-10;18;1848
1;2025-11-10;19;1383
1;2025-11-10;20;869
1;2025-11-10;21;473
1;2025-11-10;22;237
1;2025-11-10;23;46
1;2025-11-11;0;3
1;2025-11-11;1;0
1;2025-11-11;2;0
1;2025-11-11;3;0
1;2025-11-11;4;7
1;2025-11-11;5;138
1;2025-11-11;6;575
1;2025-11-11;7;1563
1;2025-11-11;8;1932
1;2025-11-11;9;1497
1;2025-11-11;10;1333
1;2025-11-11;11;1361
1;2025-11-11;12;1380
1;2025-11-11;13;1411
1;2025-11-11;14;1350
1;2025-11-11;15;1504
1;2025-11-11;16;1498
1;2025-11-11;17;1765
1;2025-11-11;18;1803
1;2025-11-11;19;1403
1;2025-11-11;20;905
1;2025-11-11;21;499
1;2025-11-11;22;247
1;2025-11-11;23;52
1;2025-11-12;0;4
1;2025-11-12;1;0
1;2025-11-12;2;0
1;2025-11-12;3;0
1;2025-11-12;4;7
1;2025-11-12;5;137
1;2025-11-12;6;571
1;2025-11-12;7;1514
1;2025-11-12;8;1914
1;2025-11-12;9;1480
1;2025-11-12;10;1339
1;2025-11-12;11;1350
1;2025-11-12;12;1364
1;2025-11-12;13;1404
1;2025-11-12;14;1382
1;2025-11-12;15;1498
1;2025-11-12;16;1480
1;2025-11-12;17;1778
1;2025-11-12;18;1797
1;2025-11-12;19;1371
1;2025-11-12;20;896
1;2025-11-12;21;479
1;2025-11-12;22;260
1;2025-11-12;23;49
1;2025-11-13;0;5
1;2025-11-13;1;0
1;2025-11-13;2;0
1;2025-11-13;3;0
1;2025-11-13;4;6
1;2025-11-13;5;130
1;2025-11-13;6;545
1;2025-11-13;7;1536
1;2025-11-13;8;1956
1;2025-11-13;9;1477
1;2025-11-13;10;1337
1;2025-11-13;11;1372
1;2025-11-13;12;1414
1;2025-11-13;13;1421
1;2025-11-13;14;1391
1;2025-11-13;15;1543
1;2025-11-13;16;1558
1;2025-11-13;17;1817
1;2025-11-13;18;1825
1;2025-11-13;19;1373
1;2025-11-13;20;889
1;2025-11-13;21;496
1;2025-11-13;22;263
1;2025-11-13;23;62
1;2025-11-14;0;5
1;2025-11-14;1;0
1;2025-11-14;2;0
1;2025-11-14;3;0
1;2025-11-14;4;1
1;2025-11-14;5;138
1;2025-11-14;6;543
1;2025-11-14;7;1525
1;2025-11-14;8;1885
1;2025-11-14;9;1471
1;2025-11-14;10;1319
1;2025-11-14;11;1402
1;2025-11-14;12;1407
1;2025-11-14;13;1413
1;2025-11-14;14;1383
1;2025-11-14;15;1563
1;2025-11-14;16;1599
1;2025-11-14;17;1774
1;2025-11-14;18;1568
1;2025-11-14;19;1214
1;2025-11-14;20;835
1;2025-11-14;21;486
1;2025-11-14;22;257
1;2025-11-14;23;63
1;2025-11-15;0;1
1;2025-11-15;1;0
1;2025-11-15;2;0
1;2025-11-15;3;0
1;2025-11-15;4;0
1;2025-11-15;5;37
1;2025-11-15;6;181
1;2025-11-15;7;293
1;2025-11-15;8;401
1;2025-11-15;9;690
1;2025-11-15;10;741
1;2025-11-15;11;733
1;2025-11-15;12;922
1;2025-11-15;13;996
1;2025-11-15;14;945
1;2025-11-15;15;821
1;2025-11-15;16;776
1;2025-11-15;17;691
1;2025-11-15;18;583
1;2025-11-15;19;543
1;2025-11-15;20;386
1;2025-11-15;21;286
1;2025-11-15;22;142
1;2025-11-15;23;40
1;2025-11-16;0;0
1;2025-11-16;1;0
1;2025-11-16;2;0
1;2025-11-16;3;0
1;2025-11-16;4;0
1;2025-11-16;5;21
1;2025-11-16;6;121
1;2025-11-16;7;225
1;2025-11-16;8;313
1;2025-11-16;9;557
1;2025-11-16;10;724
1;2025-11-16;11;698
1;2025-11-16;12;878
1;2025-11-16;13;891
1;2025-11-16;14;765
1;2025-11-16;15;693
1;2025-11-16;16;604
1;2025-11-16;17;543
1;2025-11-16;18;471
1;2025-11-16;19;408
1;2025-11-16;20;319
1;2025-11-16;21;237
1;2025-11-16;22;108
1;2025-11-16;23;34
1;2025-11-17;0;0
1;2025-11-17;1;0
1;2025-11-17;2;0
1;2025-11-17;3;1
1;2025-11-17;4;9
1;2025-11-17;5;125
1;2025-11-17;6;529
1;2025-11-17;7;1428
1;2025-11-17;8;1773
1;2025-11-17;9;1325
1;2025-11-17;10;1142
1;2025-11-17;11;1243
1;2025-11-17;12;1271
1;2025-11-17;13;1228
1;2025-11-17;14;1229
1;2025-11-17;15;1375
1;2025-11-17;16;1425
1;2025-11-17;17;1707
1;2025-11-17;18;1768
1;2025-11-17;19;1298
1;2025-11-17;20;809
1;2025-11-17;21;440
1;2025-11-17;22;214
1;2025-11-17;23;40
1;2025-11-18;0;3
1;2025-11-18;1;0
1;2025-11-18;2;0
1;2025-11-18;3;0
1;2025-11-18;4;1
1;2025-11-18;5;131
1;2025-11-18;6;550
1;2025-11-18;7;1539
1;2025-11-18;8;1928
1;2025-11-18;9;1524
1;2025-11-18;10;1285
1;2025-11-18;11;1320
1;2025-11-18;12;1344
1;2025-11-18;13;1350
1;2025-11-18;14;1279
1;2025-11-18;15;1460
1;2025-11-18;16;1463
1;2025-11-18;17;1745
1;2025-11-18;18;1773
1;2025-11-18;19;1370
1;2025-11-18;20;901
1;2025-11-18;21;482
1;2025-11-18;22;246
1;2025-11-18;23;48
1;2025-11-19;0;5
1;2025-11-19;1;0
1;2025-11-19;2;0
1;2025-11-19;3;0
1;2025-11-19;4;6
1;2025-11-19;5;132
1;2025-11-19;6;571
1;2025-11-19;7;1525
1;2025-11-19;8;1906
1;2025-11-19;9;1457
1;2025-11-19;10;1304
1;2025-11-19;11;1353
1;2025-11-19;12;1359
1;2025-11-19;13;1419
1;2025-11-19;14;1376
1;2025-11-19;15;1503
1;2025-11-19;16;1468
1;2025-11-19;17;1749
1;2025-11-19;18;1778
1;2025-11-19;19;1348
1;2025-11-19;20;875
1;2025-11-19;21;472
1;2025-11-19;22;245
1;2025-11-19;23;46
1;2025-11-20;0;7
1;2025-11-20;1;0
1;2025-11-20;2;0
1;2025-11-20;3;0
1;2025-11-20;4;7
1;2025-11-20;5;127
1;2025-11-20;6;553
1;2025-11-20;7;1541
1;2025-11-20;8;1924
1;2025-11-20;9;1475
1;2025-11-20;10;1347
1;2025-11-20;11;1392
1;2025-11-20;12;1420
1;2025-11-20;13;1429
1;2025-11-20;14;1411
1;2025-11-20;15;1543
1;2025-11-20;16;1544
1;2025-11-20;17;1788
1;2025-11-20;18;1812
1;2025-11-20;19;1345
1;2025-11-20;20;871
1;2025-11-20;21;480
1;2025-11-20;22;253
1;2025-11-20;23;57
1;2025-11-21;0;4
1;2025-11-21;1;0
1;2025-11-21;2;0
1;2025-11-21;3;0
1;2025-11-21;4;9
1;2025-11-21;5;132
1;2025-11-21;6;519
1;2025-11-21;7;1530
1;2025-11-21;8;1846
1;2025-11-21;9;1435
1;2025-11-21;10;1273
1;2025-11-21;11;1373
1;2025-11-21;12;1368
1;2025-11-21;13;1398
1;2025-11-21;14;1354
1;2025-11-21;15;1550
1;2025-11-21;16;1569
1;2025-11-21;17;1746
1;2025-11-21;18;1550
1;2025-11-21;19;1135
1;2025-11-21;20;784
1;2025-11-21;21;481
1;2025-11-21;22;243
1;2025-11-21;23;59
1;2025-11-22;0;6
1;2025-11-22;1;0
1;2025-11-22;2;0
1;2025-11-22;3;0
1;2025-11-22;4;0
1;2025-11-22;5;33
1;2025-11-22;6;171
1;2025-11-22;7;304
1;2025-11-22;8;395
1;2025-11-22;9;702
1;2025-11-22;10;767
1;2025-11-22;11;745
1;2025-11-22;12;939
1;2025-11-22;13;984
1;2025-11-22;14;901
1;2025-11-22;15;765
1;2025-11-22;16;722
1;2025-11-22;17;673
1;2025-11-22;18;577
1;2025-11-22;19;509
1;2025-11-22;20;385
1;2025-11-22;21;285
1;2025-11-22;22;132
1;2025-11-22;23;39
1;2025-11-23;0;0
1;2025-11-23;1;0
1;2025-11-23;2;0
1;2025-11-23;3;0
1;2025-11-23;4;0
1;2025-11-23;5;25
1;2025-11-23;6;135
1;2025-11-23;7;246
1;2025-11-23;8;335
1;2025-11-23;9;559
1;2025-11-23;10;709
1;2025-11-23;11;698
1;2025-11-23;12;902
1;2025-11-23;13;932
1;2025-11-23;14;823
1;2025-11-23;15;773
1;2025-11-23;16;668
1;2025-11-23;17;587
1;2025-11-23;18;513
1;2025-11-23;19;436
1;2025-11-23;20;337
1;2025-11-23;21;241
1;2025-11-23;22;115
1;2025-11-23;23;35
1;2025-11-24;0;0
1;2025-11-24;1;0
1;2025-11-24;2;0
1;2025-11-24;3;0
1;2025-11-24;4;5
1;2025-11-24;5;128
1;2025-11-24;6;549
1;2025-11-24;7;1455
1;2025-11-24;8;1827
1;2025-11-24;9;1401
1;2025-11-24;10;1156
1;2025-11-24;11;1238
1;2025-11-24;12;1297
1;2025-11-24;13;1312
1;2025-11-24;14;1270
1;2025-11-24;15;1406
1;2025-11-24;16;1455
1;2025-11-24;17;1721
1;2025-11-24;18;1772
1;2025-11-24;19;1313
1;2025-11-24;20;849
1;2025-11-24;21;467
1;2025-11-24;22;228
1;2025-11-24;23;42
1;2025-11-25;0;3
1;2025-11-25;1;0
1;2025-11-25;2;0
1;2025-11-25;3;0
1;2025-11-25;4;8
1;2025-11-25;5;132
1;2025-11-25;6;573
1;2025-11-25;7;1519
1;2025-11-25;8;1849
1;2025-11-25;9;1473
1;2025-11-25;10;1301
1;2025-11-25;11;1336
1;2025-11-25;12;1343
1;2025-11-25;13;1375
1;2025-11-25;14;1312
1;2025-11-25;15;1452
1;2025-11-25;16;1437
1;2025-11-25;17;1688
1;2025-11-25;18;1730
1;2025-11-25;19;1333
1;2025-11-25;20;868
1;2025-11-25;21;469
1;2025-11-25;22;233
1;2025-11-25;23;48
1;2025-11-26;0;7
1;2025-11-26;1;0
1;2025-11-26;2;0
1;2025-11-26;3;0
1;2025-11-26;4;5
1;2025-11-26;5;130
1;2025-11-26;6;567
1;2025-11-26;7;1452
1;2025-11-26;8;1847
1;2025-11-26;9;1435
1;2025-11-26;10;1263
1;2025-11-26;11;1309
1;2025-11-26;12;1319
1;2025-11-26;13;1366
1;2025-11-26;14;1313
1;2025-11-26;15;1429
1;2025-11-26;16;1395
1;2025-11-26;17;1664
1;2025-11-26;18;1703
1;2025-11-26;19;1302
1;2025-11-26;20;842
1;2025-11-26;21;456
1;2025-11-26;22;237
1;2025-11-26;23;51
1;2025-11-27;0;7
1;2025-11-27;1;0
1;2025-11-27;2;0
1;2025-11-27;3;0
1;2025-11-27;4;8
1;2025-11-27;5;124
1;2025-11-27;6;551
1;2025-11-27;7;1478
1;2025-11-27;8;1868
1;2025-11-27;9;1434
1;2025-11-27;10;1274
1;2025-11-27;11;1329
1;2025-11-27;12;1348
1;2025-11-27;13;1368
1;2025-11-27;14;1324
1;2025-11-27;15;1463
1;2025-11-27;16;1480
1;2025-11-27;17;1735
1;2025-11-27;18;1746
1;2025-11-27;19;1321
1;2025-11-27;20;865
1;2025-11-27;21;482
1;2025-11-27;22;240
1;2025-11-27;23;57
1;2025-11-28;0;6
1;2025-11-28;1;0
1;2025-11-28;2;0
1;2025-11-28;3;0
1;2025-11-28;4;7
1;2025-11-28;5;126
1;2025-11-28;6;529
1;2025-11-28;7;1463
1;2025-11-28;8;1802
1;2025-11-28;9;1415
1;2025-11-28;10;1274
1;2025-11-28;11;1365
1;2025-11-28;12;1347
1;2025-11-28;13;1367
1;2025-11-28;14;1338
1;2025-11-28;15;1503
1;2025-11-28;16;1536
1;2025-11-28;17;1707
1;2025-11-28;18;1513
1;2025-11-28;19;1161
1;2025-11-28;20;815
1;2025-11-28;21;493
1;2025-11-28;22;265
1;2025-11-28;23;60
1;2025-11-29;0;9
1;2025-11-29;1;0
1;2025-11-29;2;0
1;2025-11-29;3;0
1;2025-11-29;4;1
1;2025-11-29;5;41
1;2025-11-29;6;178
1;2025-11-29;7;331
1;2025-11-29;8;454
1;2025-11-29;9;713
1;2025-11-29;10;781
1;2025-11-29;11;759
1;2025-11-29;12;939
1;2025-11-29;13;968
1;2025-11-29;14;913
1;2025-11-29;15;779
1;2025-11-29;16;742
1;2025-11-29;17;703
1;2025-11-29;18;600
1;2025-11-29;19;516
1;2025-11-29;20;399
1;2025-11-29;21;301
1;2025-11-29;22;142
1;2025-11-29;23;46
1;2025-11-30;0;1
1;2025-11-30;1;0
1;2025-11-30;2;0
1;2025-11-30;3;0
1;2025-11-30;4;1
1;2025-11-30;5;30
1;2025-11-30;6;130
1;2025-11-30;7;257
1;2025-11-30;8;354
1;2025-11-30;9;559
1;2025-11-30;10;689
1;2025-11-30;11;669
1;2025-11-30;12;839
1;2025-11-30;13;847
1;2025-11-30;14;746
1;2025-11-30;15;699
1;2025-11-30;16;614
1;2025-11-30;17;559
1;2025-11-30;18;489
1;2025-11-30;19;430
1;2025-11-30;20;365
1;2025-11-30;21;275
1;2025-11-30;22;120
1;2025-11-30;23;41
1;2025-12-01;0;1
1;2025-12-01;1;0
1;2025-12-01;2;0
1;2025-12-01;3;0
1;2025-12-01;4;0
1;2025-12-01;5;127
1;2025-12-01;6;539
1;2025-12-01;7;1393
1;2025-12-01;8;1745
1;2025-12-01;9;1302
1;2025-12-01;10;1090
1;2025-12-01;11;1195
1;2025-12-01;12;1239
1;2025-12-01;13;1239
1;2025-12-01;14;1210
1;2025-12-01;15;1348
1;2025-12-01;16;1376
1;2025-12-01;17;1642
1;2025-12-01;18;1725
1;2025-12-01;19;1273
1;2025-12-01;20;824
1;2025-12-01;21;455
1;2025-12-01;22;231
1;2025-12-01;23;47
1;2025-12-02;0;5
1;2025-12-02;1;0
1;2025-12-02;2;0
1;2025-12-02;3;0
1;2025-12-02;4;0
1;2025-12-02;5;130
1;2025-12-02;6;555
1;2025-12-02;7;1445
1;2025-12-02;8;1800
1;2025-12-02;9;1388
1;2025-12-02;10;1230
1;2025-12-02;11;1263
1;2025-12-02;12;1268
1;2025-12-02;13;1286
1;2025-12-02;14;1232
1;2025-12-02;15;1356
1;2025-12-02;16;1357
1;2025-12-02;17;1617
1;2025-12-02;18;1661
1;2025-12-02;19;1287
1;2025-12-02;20;833
1;2025-12-02;21;489
1;2025-12-02;22;238
1;2025-12-02;23;47
1;2025-12-03;0;6
1;2025-12-03;1;0
1;2025-12-03;2;0
1;2025-12-03;3;0
1;2025-12-03;4;3
1;2025-12-03;5;131
1;2025-12-03;6;568
1;2025-12-03;7;1443
1;2025-12-03;8;1836
1;2025-12-03;9;1413
1;2025-12-03;10;1293
1;2025-12-03;11;1338
1;2025-12-03;12;1337
1;2025-12-03;13;1358
1;2025-12-03;14;1335
1;2025-12-03;15;1442
1;2025-12-03;16;1410
1;2025-12-03;17;1697
1;2025-12-03;18;1746
1;2025-12-03;19;1331
1;2025-12-03;20;882
1;2025-12-03;21;488
1;2025-12-03;22;261
1;2025-12-03;23;52
1;2025-12-04;0;7
1;2025-12-04;1;0
1;2025-12-04;2;0
1;2025-12-04;3;0
1;2025-12-04;4;5
1;2025-12-04;5;132
1;2025-12-04;6;551
1;2025-12-04;7;1495
1;2025-12-04;8;1884
1;2025-12-04;9;1439
1;2025-12-04;10;1303
1;2025-12-04;11;1344
1;2025-12-04;12;1362
1;2025-12-04;13;1368
1;2025-12-04;14;1352
1;2025-12-04;15;1487
1;2025-12-04;16;1489
1;2025-12-04;17;1748
1;2025-12-04;18;1765
1;2025-12-04;19;1346
1;2025-12-04;20;884
1;2025-12-04;21;497
1;2025-12-04;22;258
1;2025-12-04;23;59
1;2025-12-05;0;6
1;2025-12-05;1;0
1;2025-12-05;2;0
1;2025-12-05;3;0
1;2025-12-05;4;6
1;2025-12-05;5;136
1;2025-12-05;6;532
1;2025-12-05;7;1505
1;2025-12-05;8;1829
1;2025-12-05;9;1432
1;2025-12-05;10;1277
1;2025-12-05;11;1379
1;2025-12-05;12;1365
1;2025-12-05;13;1389
1;2025-12-05;14;1357
1;2025-12-05;15;1536
1;2025-12-05;16;1584
1;2025-12-05;17;1743
1;2025-12-05;18;1560
1;2025-12-05;19;1213
1;2025-12-05;20;837
1;2025-12-05;21;511
1;2025-12-05;22;264
1;2025-12-05;23;62
1;2025-12-06;0;8
1;2025-12-06;1;0
1;2025-12-06;2;0
1;2025-12-06;3;0
1;2025-12-06;4;0
1;2025-12-06;5;39
1;2025-12-06;6;181
1;2025-12-06;7;335
1;2025-12-06;8;462
1;2025-12-06;9;721
1;2025-12-06;10;802
1;2025-12-06;11;764
1;2025-12-06;12;949
1;2025-12-06;13;982
1;2025-12-06;14;899
1;2025-12-06;15;775
1;2025-12-06;16;737
1;2025-12-06;17;699
1;2025-12-06;18;615
1;2025-12-06;19;524
1;2025-12-06;20;410
1;2025-12-06;21;304
1;2025-12-06;22;145
1;2025-12-06;23;44
1;2025-12-07;0;0
1;2025-12-07;1;0
1;2025-12-07;2;0
1;2025-12-07;3;0
1;2025-12-07;4;0
1;2025-12-07;5;29
1;2025-12-07;6;133
1;2025-12-07;7;259
1;2025-12-07;8;370
1;2025-12-07;9;580
1;2025-12-07;10;710
1;2025-12-07;11;687
1;2025-12-07;12;863
1;2025-12-07;13;884
1;2025-12-07;14;768
1;2025-12-07;15;716
1;2025-12-07;16;628
1;2025-12-07;17;582
1;2025-12-07;18;518
1;2025-12-07;19;452
1;2025-12-07;20;372
1;2025-12-07;21;270
1;2025-12-07;22;117
1;2025-12-07;23;35
1;2025-12-08;0;0
1;2025-12-08;1;0
1;2025-12-08;2;0
1;2025-12-08;3;0
1;2025-12-08;4;11
1;2025-12-08;5;134
1;2025-12-08;6;551
1;2025-12-08;7;1502
1;2025-12-08;8;1901
1;2025-12-08;9;1416
1;2025-12-08;10;1254
1;2025-12-08;11;1341
1;2025-12-08;12;1375
1;2025-12-08;13;1367
1;2025-12-08;14;1326
1;2025-12-08;15;1479
1;2025-12-08;16;1532
1;2025-12-08;17;1783
1;2025-12-08;18;1875
1;2025-12-08;19;1406
1;2025-12-08;20;878
1;2025-12-08;21;468
1;2025-12-08;22;237
1;2025-12-08;23;41
1;2025-12-09;0;3
1;2025-12-09;1;0
1;2025-12-09;2;0
1;2025-12-09;3;0
1;2025-12-09;4;10
1;2025-12-09;5;138
1;2025-12-09;6;565
1;2025-12-09;7;1578
1;2025-12-09;8;1974
1;2025-12-09;9;1545
1;2025-12-09;10;1391
1;2025-12-09;11;1401
1;2025-12-09;12;1407
1;2025-12-09;13;1441
1;2025-12-09;14;1365
1;2025-12-09;15;1510
1;2025-12-09;16;1518
1;2025-12-09;17;1789
1;2025-12-09;18;1839
1;2025-12-09;19;1440
1;2025-12-09;20;916
1;2025-12-09;21;490
1;2025-12-09;22;249
1;2025-12-09;23;49
1;2025-12-10;0;4
1;2025-12-10;1;0
1;2025-12-10;2;0
1;2025-12-10;3;0
1;2025-12-10;4;10
1;2025-12-10;5;139
1;2025-12-10;6;566
1;2025-12-10;7;1519
1;2025-12-10;8;1957
1;2025-12-10;9;1499
1;2025-12-10;10;1353
1;2025-12-10;11;1381
1;2025-12-10;12;1384
1;2025-12-10;13;1434
1;2025-12-10;14;1388
1;2025-12-10;15;1516
1;2025-12-10;16;1496
1;2025-12-10;17;1782
1;2025-12-10;18;1809
1;2025-12-10;19;1378
1;2025-12-10;20;899
1;2025-12-10;21;477
1;2025-12-10;22;253
1;2025-12-10;23;47
1;2025-12-11;0;6
1;2025-12-11;1;0
1;2025-12-11;2;0
1;2025-12-11;3;0
1;2025-12-11;4;8
1;2025-12-11;5;128
1;2025-12-11;6;547
1;2025-12-11;7;1527
1;2025-12-11;8;1967
1;2025-12-11;9;1491
1;2025-12-11;10;1321
1;2025-12-11;11;1373
1;2025-12-11;12;1407
1;2025-12-11;13;1412
1;2025-12-11;14;1372
1;2025-12-11;15;1515
1;2025-12-11;16;1533
1;2025-12-11;17;1801
1;2025-12-11;18;1823
1;2025-12-11;19;1343
1;2025-12-11;20;873
1;2025-12-11;21;502
1;2025-12-11;22;252
1;2025-12-11;23;51
1;2025-12-12;0;3
1;2025-12-12;1;0
1;2025-12-12;2;0
1;2025-12-12;3;1
1;2025-12-12;4;6
1;2025-12-12;5;134
1;2025-12-12;6;519
1;2025-12-12;7;1513
1;2025-12-12;8;1901
1;2025-12-12;9;1455
1;2025-12-12;10;1306
1;2025-12-12;11;1400
1;2025-12-12;12;1374
1;2025-12-12;13;1381
1;2025-12-12;14;1333
1;2025-12-12;15;1512
1;2025-12-12;16;1591
1;2025-12-12;17;1782
1;2025-12-12;18;1604
1;2025-12-12;19;1227
1;2025-12-12;20;820
1;2025-12-12;21;493
1;2025-12-12;22;262
1;2025-12-12;23;53
1;2025-12-13;0;9
1;2025-12-13;1;0
1;2025-12-13;2;0
1;2025-12-13;3;0
1;2025-12-13;4;0
1;2025-12-13;5;41
1;2025-12-13;6;183
1;2025-12-13;7;345
1;2025-12-13;8;468
1;2025-12-13;9;763
1;2025-12-13;10;826
1;2025-12-13;11;775
1;2025-12-13;12;963
1;2025-12-13;13;981
1;2025-12-13;14;892
1;2025-12-13;15;768
1;2025-12-13;16;746
1;2025-12-13;17;721
1;2025-12-13;18;646
1;2025-12-13;19;583
1;2025-12-13;20;415
1;2025-12-13;21;297
1;2025-12-13;22;145
1;2025-12-13;23;43
1;2025-12-14;0;1
1;2025-12-14;1;0
1;2025-12-14;2;0
1;2025-12-14;3;0
1;2025-12-14;4;0
1;2025-12-14;5;26
1;2025-12-14;6;125
1;2025-12-14;7;249
1;2025-12-14;8;353
1;2025-12-14;9;576
1;2025-12-14;10;698
1;2025-12-14;11;674
1;2025-12-14;12;834
1;2025-12-14;13;851
1;2025-12-14;14;731
1;2025-12-14;15;690
1;2025-12-14;16;629
1;2025-12-14;17;574
1;2025-12-14;18;519
1;2025-12-14;19;460
1;2025-12-14;20;356
1;2025-12-14;21;252
1;2025-12-14;22;117
1;2025-12-14;23;36
1;2025-12-15;0;1
1;2025-12-15;1;0
1;2025-12-15;2;0
1;2025-12-15;3;0
1;2025-12-15;4;8
1;2025-12-15;5;129
1;2025-12-15;6;545
1;2025-12-15;7;1457
1;2025-12-15;8;1832
1;2025-12-15;9;1361
1;2025-12-15;10;1184
1;2025-12-15;11;1296
1;2025-12-15;12;1309
1;2025-12-15;13;1305
1;2025-12-15;14;1250
1;2025-12-15;15;1421
1;2025-12-15;16;1468
1;2025-12-15;17;1709
1;2025-12-15;18;1803
1;2025-12-15;19;1350
1;2025-12-15;20;835
1;2025-12-15;21;466
1;2025-12-15;22;221
1;2025-12-15;23;41
1;2025-12-16;0;2
1;2025-12-16;1;0
1;2025-12-16;2;0
1;2025-12-16;3;0
1;2025-12-16;4;7
1;2025-12-16;5;126
1;2025-12-16;6;546
1;2025-12-16;7;1516
1;2025-12-16;8;1906
1;2025-12-16;9;1489
1;2025-12-16;10;1355
1;2025-12-16;11;1375
1;2025-12-16;12;1381
1;2025-12-16;13;1408
1;2025-12-16;14;1361
1;2025-12-16;15;1514
1;2025-12-16;16;1522
1;2025-12-16;17;1790
1;2025-12-16;18;1831
1;2025-12-16;19;1410
1;2025-12-16;20;901
1;2025-12-16;21;483
1;2025-12-16;22;236
1;2025-12-16;23;47
1;2025-12-17;0;4
1;2025-12-17;1;0
1;2025-12-17;2;0
1;2025-12-17;3;0
1;2025-12-17;4;7
1;2025-12-17;5;133
1;2025-12-17;6;560
1;2025-12-17;7;1505
1;2025-12-17;8;1951
1;2025-12-17;9;1486
1;2025-12-17;10;1309
1;2025-12-17;11;1350
1;2025-12-17;12;1362
1;2025-12-17;13;1422
1;2025-12-17;14;1359
1;2025-12-17;15;1496
1;2025-12-17;16;1486
1;2025-12-17;17;1773
1;2025-12-17;18;1794
1;2025-12-17;19;1353
1;2025-12-17;20;870
1;2025-12-17;21;470
1;2025-12-17;22;243
1;2025-12-17;23;46
1;2025-12-18;0;6
1;2025-12-18;1;0
1;2025-12-18;2;0
1;2025-12-18;3;0
1;2025-12-18;4;7
1;2025-12-18;5;124
1;2025-12-18;6;537
1;2025-12-18;7;1516
1;2025-12-18;8;1957
1;2025-12-18;9;1471
1;2025-12-18;10;1328
1;2025-12-18;11;1372
1;2025-12-18;12;1422
1;2025-12-18;13;1417
1;2025-12-18;14;1385
1;2025-12-18;15;1525
1;2025-12-18;16;1545
1;2025-12-18;17;1816
1;2025-12-18;18;1831
1;2025-12-18;19;1362
1;2025-12-18;20;883
1;2025-12-18;21;485
1;2025-12-18;22;242
1;2025-12-18;23;53
1;2025-12-19;0;6
1;2025-12-19;1;0
1;2025-12-19;2;0
1;2025-12-19;3;0
1;2025-12-19;4;8
1;2025-12-19;5;137
1;2025-12-19;6;521
1;2025-12-19;7;1511
1;2025-12-19;8;1879
1;2025-12-19;9;1441
1;2025-12-19;10;1280
1;2025-12-19;11;1404
1;2025-12-19;12;1392
1;2025-12-19;13;1405
1;2025-12-19;14;1361
1;2025-12-19;15;1537
1;2025-12-19;16;1604
1;2025-12-19;17;1784
1;2025-12-19;18;1580
1;2025-12-19;19;1189
1;2025-12-19;20;819
1;2025-12-19;21;486
1;2025-12-19;22;248
1;2025-12-19;23;59
1;2025-12-20;0;7
1;2025-12-20;1;0
1;2025-12-20;2;0
1;2025-12-20;3;0
1;2025-12-20;4;0
1;2025-12-20;5;36
1;2025-12-20;6;174
1;2025-12-20;7;352
1;2025-12-20;8;481
1;2025-12-20;9;736
1;2025-12-20;10;802
1;2025-12-20;11;765
1;2025-12-20;12;965
1;2025-12-20;13;989
1;2025-12-20;14;912
1;2025-12-20;15;785
1;2025-12-20;16;742
1;2025-12-20;17;697
1;2025-12-20;18;613
1;2025-12-20;19;523
1;2025-12-20;20;403
1;2025-12-20;21;295
1;2025-12-20;22;134
1;2025-12-20;23;40
1;2025-12-21;0;0
1;2025-12-21;1;0
1;2025-12-21;2;0
1;2025-12-21;3;0
1;2025-12-21;4;0
1;2025-12-21;5;25
1;2025-12-21;6;128
1;2025-12-21;7;274
1;2025-12-21;8;383
1;2025-12-21;9;574
1;2025-12-21;10;692
1;2025-12-21;11;664
1;2025-12-21;12;833
1;2025-12-21;13;861
1;2025-12-21;14;734
1;2025-12-21;15;703
1;2025-12-21;16;625
1;2025-12-21;17;572
1;2025-12-21;18;511
1;2025-12-21;19;440
1;2025-12-21;20;360
1;2025-12-21;21;250
1;2025-12-21;22;112
1;2025-12-21;23;31
1;2025-12-22;0;1
1;2025-12-22;1;0
1;2025-12-22;2;0
1;2025-12-22;3;0
1;2025-12-22;4;11
1;2025-12-22;5;136
1;2025-12-22;6;542
1;2025-12-22;7;1502
1;2025-12-22;8;1916
1;2025-12-22;9;1419
1;2025-12-22;10;1221
1;2025-12-22;11;1304
1;2025-12-22;12;1358
1;2025-12-22;13;1342
1;2025-12-22;14;1308
1;2025-12-22;15;1469
1;2025-12-22;16;1525
1;2025-12-22;17;1759
1;2025-12-22;18;1870
1;2025-12-22;19;1387
1;2025-12-22;20;867
1;2025-12-22;21;462
1;2025-12-22;22;223
1;2025-12-22;23;35
1;2025-12-23;0;7
1;2025-12-23;1;0
1;2025-12-23;2;0
1;2025-12-23;3;0
1;2025-12-23;4;6
1;2025-12-23;5;133
1;2025-12-23;6;576
1;2025-12-23;7;1523
1;2025-12-23;8;1911
1;2025-12-23;9;1476
1;2025-12-23;10;1311
1;2025-12-23;11;1330
1;2025-12-23;12;1345
1;2025-12-23;13;1358
1;2025-12-23;14;1271
1;2025-12-23;15;1432
1;2025-12-23;16;1442
1;2025-12-23;17;1716
1;2025-12-23;18;1777
1;2025-12-23;19;1386
1;2025-12-23;20;890
1;2025-12-23;21;467
1;2025-12-23;22;231
1;2025-12-23;23;46
1;2025-12-24;0;7
1;2025-12-24;1;0
1;2025-12-24;2;0
1;2025-12-24;3;0
1;2025-12-24;4;6
1;2025-12-24;5;134
1;2025-12-24;6;561
1;2025-12-24;7;1461
1;2025-12-24;8;1868
1;2025-12-24;9;1451
1;2025-12-24;10;1296
1;2025-12-24;11;1347
1;2025-12-24;12;1363
1;2025-12-24;13;1389
1;2025-12-24;14;1322
1;2025-12-24;15;1460
1;2025-12-24;16;1447
1;2025-12-24;17;1724
1;2025-12-24;18;1771
1;2025-12-24;19;1348
1;2025-12-24;20;866
1;2025-12-24;21;463
1;2025-12-24;22;242
1;2025-12-24;23;47
1;2025-12-25;0;5
1;2025-12-25;1;0
1;2025-12-25;2;0
1;2025-12-25;3;0
1;2025-12-25;4;5
1;2025-12-25;5;124
1;2025-12-25;6;527
1;2025-12-25;7;1494
1;2025-12-25;8;1925
1;2025-12-25;9;1469
1;2025-12-25;10;1333
1;2025-12-25;11;1376
1;2025-12-25;12;1402
1;2025-12-25;13;1393
1;2025-12-25;14;1367
1;2025-12-25;15;1498
1;2025-12-25;16;1529
1;2025-12-25;17;1777
1;2025-12-25;18;1803
1;2025-12-25;19;1349
1;2025-12-25;20;861
1;2025-12-25;21;474
1;2025-12-25;22;234
1;2025-12-25;23;44
1;2025-12-26;0;1
1;2025-12-26;1;0
1;2025-12-26;2;0
1;2025-12-26;3;0
1;2025-12-26;4;1
1;2025-12-26;5;139
1;2025-12-26;6;523
1;2025-12-26;7;1493
1;2025-12-26;8;1876
1;2025-12-26;9;1508
1;2025-12-26;10;1344
1;2025-12-26;11;1401
1;2025-12-26;12;1389
1;2025-12-26;13;1426
1;2025-12-26;14;1380
1;2025-12-26;15;1539
1;2025-12-26;16;1602
1;2025-12-26;17;1780
1;2025-12-26;18;1590
1;2025-12-26;19;1213
1;2025-12-26;20;836
1;2025-12-26;21;499
1;2025-12-26;22;258
1;2025-12-26;23;53
1;2025-12-27;0;10
1;2025-12-27;1;0
1;2025-12-27;2;0
1;2025-12-27;3;0
1;2025-12-27;4;0
1;2025-12-27;5;45
1;2025-12-27;6;185
1;2025-12-27;7;355
1;2025-12-27;8;485
1;2025-12-27;9;762
1;2025-12-27;10;839
1;2025-12-27;11;782
1;2025-12-27;12;981
1;2025-12-27;13;1004
1;2025-12-27;14;909
1;2025-12-27;15;786
1;2025-12-27;16;752
1;2025-12-27;17;706
1;2025-12-27;18;616
1;2025-12-27;19;532
1;2025-12-27;20;396
1;2025-12-27;21;299
1;2025-12-27;22;141
1;2025-12-27;23;37
1;2025-12-28;0;0
1;2025-12-28;1;0
1;2025-12-28;2;0
1;2025-12-28;3;0
1;2025-12-28;4;0
1;2025-12-28;5;27
1;2025-12-28;6;137
1;2025-12-28;7;279
1;2025-12-28;8;384
1;2025-12-28;9;602
1;2025-12-28;10;718
1;2025-12-28;11;670
1;2025-12-28;12;843
1;2025-12-28;13;884
1;2025-12-28;14;743
1;2025-12-28;15;715
1;2025-12-28;16;629
1;2025-12-28;17;582
1;2025-12-28;18;517
1;2025-12-28;19;454
1;2025-12-28;20;365
1;2025-12-28;21;271
1;2025-12-28;22;115
1;2025-12-28;23;34
1;2025-12-29;0;2
1;2025-12-29;1;0
1;2025-12-29;2;0
1;2025-12-29;3;0
1;2025-12-29;4;8
1;2025-12-29;5;137
1;2025-12-29;6;542
1;2025-12-29;7;1455
1;2025-12-29;8;1849
1;2025-12-29;9;1406
1;2025-12-29;10;1251
1;2025-12-29;11;1330
1;2025-12-29;12;1368
1;2025-12-29;13;1379
1;2025-12-29;14;1322
1;2025-12-29;15;1454
1;2025-12-29;16;1493
1;2025-12-29;17;1726
1;2025-12-29;18;1830
1;2025-12-29;19;1396
1;2025-12-29;20;878
1;2025-12-29;21;474
1;2025-12-29;22;229
1;2025-12-29;23;46
1;2025-12-30;0;4
1;2025-12-30;1;0
1;2025-12-30;2;0
1;2025-12-30;3;1
1;2025-12-30;4;6
1;2025-12-30;5;139
1;2025-12-30;6;535
1;2025-12-30;7;1486
1;2025-12-30;8;1872
1;2025-12-30;9;1514
1;2025-12-30;10;1384
1;2025-12-30;11;1397
1;2025-12-30;12;1408
1;2025-12-30;13;1437
1;2025-12-30;14;1354
1;2025-12-30;15;1480
1;2025-12-30;16;1482
1;2025-12-30;17;1759
1;2025-12-30;18;1790
1;2025-12-30;19;1401
1;2025-12-30;20;922
1;2025-12-30;21;477
1;2025-12-30;22;241
1;2025-12-30;23;43
1;2025-12-31;0;0
1;2025-12-31;1;0
1;2025-12-31;2;0
1;2025-12-31;3;0
1;2025-12-31;4;0
1;2025-12-31;5;37
1;2025-12-31;6;189
1;2025-12-31;7;174
1;2025-12-31;8;147
1;2025-12-31;9;274
1;2025-12-31;10;330
1;2025-12-31;11;348
1;2025-12-31;12;446
1;2025-12-31;13;437
1;2025-12-31;14;427
1;2025-12-31;15;439
1;2025-12-31;16;421
1;2025-12-31;17;386
1;2025-12-31;18;261
1;2025-12-31;19;315
1;2025-12-31;20;260
1;2025-12-31;21;250
1;2025-12-31;22;130
1;2025-12-31;23;22
5;2025-11-01;0;0
5;2025-11-01;1;0
5;2025-11-01;2;0
5;2025-11-01;3;0
5;2025-11-01;4;0
5;2025-11-01;5;0
5;2025-11-01;6;0
5;2025-11-01;7;0
5;2025-11-01;8;0
5;2025-11-01;9;0
5;2025-11-01;10;0
5;2025-11-01;11;0
5;2025-11-01;12;0
5;2025-11-01;13;0
5;2025-11-01;14;0
5;2025-11-01;15;0
5;2025-11-01;16;0
5;2025-11-01;17;0
5;2025-11-01;18;0
5;2025-11-01;19;0
5;2025-11-01;20;0
5;2025-11-01;21;0
5;2025-11-01;22;0
5;2025-11-01;23;0
5;2025-11-02;0;0
5;2025-11-02;1;0
5;2025-11-02;2;0
5;2025-11-02;3;0
5;2025-11-02;4;0
5;2025-11-02;5;0
5;2025-11-02;6;0
5;2025-11-02;7;0
5;2025-11-02;8;0
5;2025-11-02;9;0
5;2025-11-02;10;0
5;2025-11-02;11;0
5;2025-11-02;12;0
5;2025-11-02;13;0
5;2025-11-02;14;0
5;2025-11-02;15;0
5;2025-11-02;16;0
5;2025-11-02;17;0
5;2025-11-02;18;0
5;2025-11-02;19;0
5;2025-11-02;20;0
5;2025-11-02;21;0
5;2025-11-02;22;0
5;2025-11-02;23;0
5;2025-11-03;0;0
5;2025-11-03;1;0
5;2025-11-03;2;0
5;2025-11-03;3;0
5;2025-11-03;4;0
5;2025-11-03;5;0
5;2025-11-03;6;0
5;2025-11-03;7;0
5;2025-11-03;8;0
5;2025-11-03;9;0
5;2025-11-03;10;0
5;2025-11-03;11;0
5;2025-11-03;12;0
5;2025-11-03;13;0
5;2025-11-03;14;0
5;2025-11-03;15;0
5;2025-11-03;16;0
5;2025-11-03;17;0
5;2025-11-03;18;0
5;2025-11-03;19;0
5;2025-11-03;20;0
5;2025-11-03;21;0
5;2025-11-03;22;0
5;2025-11-03;23;0
5;2025-11-04;0;0
5;2025-11-04;1;0
5;2025-11-04;2;0
5;2025-11-04;3;0
5;2025-11-04;4;0
5;2025-11-04;5;0
5;2025-11-04;6;0
5;2025-11-04;7;0
5;2025-11-04;8;0
5;2025-11-04;9;0
5;2025-11-04;10;0
5;2025-11-04;11;0
5;2025-11-04;12;0
5;2025-11-04;13;0
5;2025-11-04;14;0
5;2025-11-04;15;0
5;2025-11-04;16;0
5;2025-11-04;17;0
5;2025-11-04;18;0
5;2025-11-04;19;0
5;2025-11-04;20;0
5;2025-11-04;21;0
5;2025-11-04;22;0
5;2025-11-04;23;0
5;2025-11-05;0;0
5;2025-11-05;1;0
5;2025-11-05;2;0
5;2025-11-05;3;0
5;2025-11-05;4;0
5;2025-11-05;5;0
5;2025-11-05;6;0
5;2025-11-05;7;0
5;2025-11-05;8;0
5;2025-11-05;9;0
5;2025-11-05;10;0
5;2025-11-05;11;0
5;2025-11-05;12;0
5;2025-11-05;13;0
5;2025-11-05;14;0
5;2025-11-05;15;0
5;2025-11-05;16;0
5;2025-11-05;17;0
5;2025-11-05;18;0
5;2025-11-05;19;0
5;2025-11-05;20;0
5;2025-11-05;21;0
5;2025-11-05;22;0
5;2025-11-05;23;0
5;2025-11-06;0;0
5;2025-11-06;1;0
5;2025-11-06;2;0
5;2025-11-06;3;0
5;2025-11-06;4;0
5;2025-11-06;5;0
5;2025-11-06;6;0
5;2025-11-06;7;0
5;2025-11-06;8;0
5;2025-11-06;9;0
5;2025-11-06;10;0
5;2025-11-06;11;0
5;2025-11-06;12;0
5;2025-11-06;13;0
5;2025-11-06;14;0
5;2025-11-06;15;0
5;2025-11-06;16;0
5;2025-11-06;17;0
5;2025-11-06;18;0
5;2025-11-06;19;0
5;2025-11-06;20;0
5;2025-11-06;21;0
5;2025-11-06;22;0
5;2025-11-06;23;0
5;2025-11-07;0;0
5;2025-11-07;1;0
5;2025-11-07;2;0
5;2025-11-07;3;0
5;2025-11-07;4;0
5;2025-11-07;5;0
5;2025-11-07;6;0
5;2025-11-07;7;0
5;2025-11-07;8;0
5;2025-11-07;9;0
5;2025-11-07;10;0
5;2025-11-07;11;0
5;2025-11-07;12;0
5;2025-11-07;13;0
5;2025-11-07;14;0
5;2025-11-07;15;0
5;2025-11-07;16;0
5;2025-11-07;17;0
5;2025-11-07;18;0
5;2025-11-07;19;0
5;2025-11-07;20;0
5;2025-11-07;21;0
5;2025-11-07;22;0
5;2025-11-07;23;0
5;2025-11-08;0;0
5;2025-11-08;1;0
5;2025-11-08;2;0
5;2025-11-08;3;0
5;2025-11-08;4;0
5;2025-11-08;5;0
5;2025-11-08;6;0
5;2025-11-08;7;0
5;2025-11-08;8;0
5;2025-11-08;9;0
5;2025-11-08;10;0
5;2025-11-08;11;0
5;2025-11-08;12;0
5;2025-11-08;13;0
5;2025-11-08;14;0
5;2025-11-08;15;0
5;2025-11-08;16;0
5;2025-11-08;17;0
5;2025-11-08;18;0
5;2025-11-08;19;0
5;2025-11-08;20;0
5;2025-11-08;21;0
5;2025-11-08;22;0
5;2025-11-08;23;0
5;2025-11-09;0;0
5;2025-11-09;1;0
5;2025-11-09;2;0
5;2025-11-09;3;0
5;2025-11-09;4;0
5;2025-11-09;5;0
5;2025-11-09;6;0
5;2025-11-09;7;0
5;2025-11-09;8;0
5;2025-11-09;9;0
5;2025-11-09;10;0
5;2025-11-09;11;0
5;2025-11-09;12;0
5;2025-11-09;13;0
5;2025-11-09;14;0
5;2025-11-09;15;0
5;2025-11-09;16;0
5;2025-11-09;17;0
5;2025-11-09;18;0
5;2025-11-09;19;0
5;2025-11-09;20;0
5;2025-11-09;21;0
5;2025-11-09;22;0
5;2025-11-09;23;0
5;2025-11-10;0;0
5;2025-11-10;1;0
5;2025-11-10;2;0
5;2025-11-10;3;0
5;2025-11-10;4;0
5;2025-11-10;5;0
5;2025-11-10;6;0
5;2025-11-10;7;0
5;2025-11-10;8;0
5;2025-11-10;9;0
5;2025-11-10;10;0
5;2025-11-10;11;0
5;2025-11-10;12;0
5;2025-11-10;13;0
5;2025-11-10;14;0
5;2025-11-10;15;0
5;2025-11-10;16;0
5;2025-11-10;17;0
5;2025-11-10;18;0
5;2025-11-10;19;0
5;2025-11-10;20;0
5;2025-11-10;21;0
5;2025-11-10;22;0
5;2025-11-10;23;0
5;2025-11-11;0;0
5;2025-11-11;1;0
5;2025-11-11;2;0
5;2025-11-11;3;0
5;2025-11-11;4;0
5;2025-11-11;5;0
5;2025-11-11;6;0
5;2025-11-11;7;0
5;2025-11-11;8;0
5;2025-11-11;9;0
5;2025-11-11;10;0
5;2025-11-11;11;0
5;2025-11-11;12;0
5;2025-11-11;13;0
5;2025-11-11;14;0
5;2025-11-11;15;0
5;2025-11-11;16;0
5;2025-11-11;17;0
5;2025-11-11;18;0
5;2025-11-11;19;0
5;2025-11-11;20;0
5;2025-11-11;21;0
5;2025-11-11;22;0
5;2025-11-11;23;0
5;2025-11-12;0;0
5;2025-11-12;1;0
5;2025-11-12;2;0
5;2025-11-12;3;0
5;2025-11-12;4;0
5;2025-11-12;5;0
5;2025-11-12;6;0
5;2025-11-12;7;0
5;2025-11-12;8;0
5;2025-11-12;9;0
5;2025-11-12;10;0
5;2025-11-12;11;0
5;2025-11-12;12;0
5;2025-11-12;13;0
5;2025-11-12;14;0
5;2025-11-12;15;0
5;2025-11-12;16;0
5;2025-11-12;17;0
5;2025-11-12;18;0
5;2025-11-12;19;0
5;2025-11-12;20;0
5;2025-11-12;21;0
5;2025-11-12;22;0
5;2025-11-12;23;0
5;2025-11-13;0;0
5;2025-11-13;1;0
5;2025-11-13;2;0
5;2025-11-13;3;0
5;2025-11-13;4;0
5;2025-11-13;5;0
5;2025-11-13;6;0
5;2025-11-13;7;0
5;2025-11-13;8;0
5;2025-11-13;9;0
5;2025-11-13;10;0
5;2025-11-13;11;0
5;2025-11-13;12;0
5;2025-11-13;13;0
5;2025-11-13;14;0
5;2025-11-13;15;0
5;2025-11-13;16;0
5;2025-11-13;17;0
5;2025-11-13;18;0
5;2025-11-13;19;0
5;2025-11-13;20;0
5;2025-11-13;21;0
5;2025-11-13;22;0
5;2025-11-13;23;0
5;2025-11-14;0;0
5;2025-11-14;1;0
5;2025-11-14;2;0
5;2025-11-14;3;0
5;2025-11-14;4;0
5;2025-11-14;5;0
5;2025-11-14;6;0
5;2025-11-14;7;0
5;2025-11-14;8;0
5;2025-11-14;9;0
5;2025-11-14;10;0
5;2025-11-14;11;0
5;2025-11-14;12;0
5;2025-11-14;13;0
5;2025-11-14;14;0
5;2025-11-14;15;0
5;2025-11-14;16;0
5;2025-11-14;17;0
5;2025-11-14;18;0
5;2025-11-14;19;0
5;2025-11-14;20;0
5;2025-11-14;21;0
5;2025-11-14;22;0
5;2025-11-14;23;0
5;2025-11-15;0;0
5;2025-11-15;1;0
5;2025-11-15;2;0
5;2025-11-15;3;0
5;2025-11-15;4;0
5;2025-11-15;5;0
5;2025-11-15;6;0
5;2025-11-15;7;0
5;2025-11-15;8;0
5;2025-11-15;9;0
5;2025-11-15;10;0
5;2025-11-15;11;0
5;2025-11-15;12;0
5;2025-11-15;13;0
5;2025-11-15;14;0
5;2025-11-15;15;0
5;2025-11-15;16;0
5;2025-11-15;17;0
5;2025-11-15;18;0
5;2025-11-15;19;0
5;2025-11-15;20;0
5;2025-11-15;21;0
5;2025-11-15;22;0
5;2025-11-15;23;0
5;2025-11-16;0;0
5;2025-11-16;1;0
5;2025-11-16;2;0
5;2025-11-16;3;0
5;2025-11-16;4;0
5;2025-11-16;5;0
5;2025-11-16;6;0
5;2025-11-16;7;0
5;2025-11-16;8;0
5;2025-11-16;9;0
5;2025-11-16;10;0
5;2025-11-16;11;0
5;2025-11-16;12;0
5;2025-11-16;13;0
5;2025-11-16;14;0
5;2025-11-16;15;0
5;2025-11-16;16;0
5;2025-11-16;17;0
5;2025-11-16;18;0
5;2025-11-16;19;0
5;2025-11-16;20;0
5;2025-11-16;21;0
5;2025-11-16;22;0
5;2025-11-16;23;0
5;2025-11-17;0;0
5;2025-11-17;1;0
5;2025-11-17;2;0
5;2025-11-17;3;0
5;2025-11-17;4;0
5;2025-11-17;5;0
5;2025-11-17;6;0
5;2025-11-17;7;0
5;2025-11-17;8;0
5;2025-11-17;9;0
5;2025-11-17;10;0
5;2025-11-17;11;0
5;2025-11-17;12;0
5;2025-11-17;13;0
5;2025-11-17;14;0
5;2025-11-17;15;0
5;2025-11-17;16;0
5;2025-11-17;17;0
5;2025-11-17;18;0
5;2025-11-17;19;0
5;2025-11-17;20;0
5;2025-11-17;21;0
5;2025-11-17;22;0
5;2025-11-17;23;0
5;2025-11-18;0;0
5;2025-11-18;1;0
5;2025-11-18;2;0
5;2025-11-18;3;0
5;2025-11-18;4;0
5;2025-11-18;5;0
5;2025-11-18;6;0
5;2025-11-18;7;0
5;2025-11-18;8;0
5;2025-11-18;9;0
5;2025-11-18;10;0
5;2025-11-18;11;0
5;2025-11-18;12;0
5;2025-11-18;13;0
5;2025-11-18;14;0
5;2025-11-18;15;0
5;2025-11-18;16;0
5;2025-11-18;17;0
5;2025-11-18;18;0
5;2025-11-18;19;0
5;2025-11-18;20;0
5;2025-11-18;21;0
5;2025-11-18;22;0
5;2025-11-18;23;0
5;2025-11-19;0;0
5;2025-11-19;1;0
5;2025-11-19;2;0
5;2025-11-19;3;0
5;2025-11-19;4;0
5;2025-11-19;5;0
5;2025-11-19;6;0
5;2025-11-19;7;0
5;2025-11-19;8;0
5;2025-11-19;9;0
5;2025-11-19;10;0
5;2025-11-19;11;0
5;2025-11-19;12;0
5;2025-11-19;13;0
5;2025-11-19;14;0
5;2025-11-19;15;0
5;2025-11-19;16;0
5;2025-11-19;17;0
5;2025-11-19;18;0
5;2025-11-19;19;0
5;2025-11-19;20;0
5;2025-11-19;21;0
5;2025-11-19;22;0
5;2025-11-19;23;0
5;2025-11-20;0;0
5;2025-11-20;1;0
5;2025-11-20;2;0
5;2025-11-20;3;0
5;2025-11-20;4;0
5;2025-11-20;5;0
5;2025-11-20;6;0
5;2025-11-20;7;0
5;2025-11-20;8;0
5;2025-11-20;9;0
5;2025-11-20;10;0
5;2025-11-20;11;0
5;2025-11-20;12;0
5;2025-11-20;13;0
5;2025-11-20;14;0
5;2025-11-20;15;0
5;2025-11-20;16;0
5;2025-11-20;17;0
5;2025-11-20;18;0
5;2025-11-20;19;0
5;2025-11-20;20;0
5;2025-11-20;21;0
5;2025-11-20;22;0
5;2025-11-20;23;0
5;2025-11-21;0;0
5;2025-11-21;1;0
5;2025-11-21;2;0
5;2025-11-21;3;0
5;2025-11-21;4;0
5;2025-11-21;5;0
5;2025-11-21;6;0
5;2025-11-21;7;0
5;2025-11-21;8;0
5;2025-11-21;9;0
5;2025-11-21;10;0
5;2025-11-21;11;0
5;2025-11-21;12;0
5;2025-11-21;13;0
5;2025-11-21;14;0
5;2025-11-21;15;0
5;2025-11-21;16;0
5;2025-11-21;17;0
5;2025-11-21;18;0
5;2025-11-21;19;0
5;2025-11-21;20;0
5;2025-11-21;21;0
5;2025-11-21;22;0
5;2025-11-21;23;0
5;2025-11-22;0;0
5;2025-11-22;1;0
5;2025-11-22;2;0
5;2025-11-22;3;0
5;2025-11-22;4;0
5;2025-11-22;5;0
5;2025-11-22;6;0
5;2025-11-22;7;0
5;2025-11-22;8;0
5;2025-11-22;9;0
5;2025-11-22;10;0
5;2025-11-22;11;0
5;2025-11-22;12;0
5;2025-11-22;13;0
5;2025-11-22;14;0
5;2025-11-22;15;0
5;2025-11-22;16;0
5;2025-11-22;17;0
5;2025-11-22;18;0
5;2025-11-22;19;0
5;2025-11-22;20;0
5;2025-11-22;21;0
5;2025-11-22;22;0
5;2025-11-22;23;0
5;2025-11-23;0;0
5;2025-11-23;1;0
5;2025-11-23;2;0
5;2025-11-23;3;0
5;2025-11-23;4;0
5;2025-11-23;5;0
5;2025-11-23;6;0
5;2025-11-23;7;0
5;2025-11-23;8;0
5;2025-11-23;9;0
5;2025-11-23;10;0
5;2025-11-23;11;0
5;2025-11-23;12;0
5;2025-11-23;13;0
5;2025-11-23;14;0
5;2025-11-23;15;0
5;2025-11-23;16;0
5;2025-11-23;17;0
5;2025-11-23;18;0
5;2025-11-23;19;0
5;2025-11-23;20;0
5;2025-11-23;21;0
5;2025-11-23;22;0
5;2025-11-23;23;0
5;2025-11-24;0;0
5;2025-11-24;1;0
5;2025-11-24;2;0
5;2025-11-24;3;0
5;2025-11-24;4;0
5;2025-11-24;5;0
5;2025-11-24;6;0
5;2025-11-24;7;0
5;2025-11-24;8;0
5;2025-11-24;9;0
5;2025-11-24;10;0
5;2025-11-24;11;0
5;2025-11-24;12;0
5;2025-11-24;13;0
5;2025-11-24;14;0
5;2025-11-24;15;0
5;2025-11-24;16;0
5;2025-11-24;17;0
5;2025-11-24;18;0
5;2025-11-24;19;0
5;2025-11-24;20;0
5;2025-11-24;21;0
5;2025-11-24;22;0
5;2025-11-24;23;0
5;2025-11-25;0;0
5;2025-11-25;1;0
5;2025-11-25;2;0
5;2025-11-25;3;0
5;2025-11-25;4;0
5;2025-11-25;5;0
5;2025-11-25;6;0
5;2025-11-25;7;0
5;2025-11-25;8;0
5;2025-11-25;9;0
5;2025-11-25;10;0
5;2025-11-25;11;0
5;2025-11-25;12;0
5;2025-11-25;13;0
5;2025-11-25;14;0
5;2025-11-25;15;0
5;2025-11-25;16;0
5;2025-11-25;17;0
5;2025-11-25;18;0
5;2025-11-25;19;0
5;2025-11-25;20;0
5;2025-11-25;21;0
5;2025-11-25;22;0
5;2025-11-25;23;0
5;2025-11-26;0;0
5;2025-11-26;1;0
5;2025-11-26;2;0
5;2025-11-26;3;0
5;2025-11-26;4;0
5;2025-11-26;5;0
5;2025-11-26;6;0
5;2025-11-26;7;0
5;2025-11-26;8;0
5;2025-11-26;9;0
5;2025-11-26;10;0
5;2025-11-26;11;0
5;2025-11-26;12;0
5;2025-11-26;13;0
5;2025-11-26;14;0
5;2025-11-26;15;0
5;2025-11-26;16;0
5;2025-11-26;17;0
5;2025-11-26;18;0
5;2025-11-26;19;0
5;2025-11-26;20;0
5;2025-11-26;21;0
5;2025-11-26;22;0
5;2025-11-26;23;0
5;2025-11-27;0;0
5;2025-11-27;1;0
5;2025-11-27;2;0
5;2025-11-27;3;0
5;2025-11-27;4;0
5;2025-11-27;5;0
5;2025-11-27;6;0
5;2025-11-27;7;0
5;2025-11-27;8;0
5;2025-11-27;9;0
5;2025-11-27;10;0
5;2025-11-27;11;0
5;2025-11-27;12;0
5;2025-11-27;13;0
5;2025-11-27;14;0
5;2025-11-27;15;0
5;2025-11-27;16;0
5;2025-11-27;17;0
5;2025-11-27;18;0
5;2025-11-27;19;0
5;2025-11-27;20;0
5;2025-11-27;21;0
5;2025-11-27;22;0
5;2025-11-27;23;0
5;2025-11-28;0;0
5;2025-11-28;1;0
5;2025-11-28;2;0
5;2025-11-28;3;0
5;2025-11-28;4;0
5;2025-11-28;5;0
5;2025-11-28;6;0
5;2025-11-28;7;0
5;2025-11-28;8;0
5;2025-11-28;9;0
5;2025-11-28;10;0
5;2025-11-28;11;0
5;2025-11-28;12;0
5;2025-11-28;13;0
5;2025-11-28;14;0
5;2025-11-28;15;0
5;2025-11-28;16;0
5;2025-11-28;17;0
5;2025-11-28;18;0
5;2025-11-28;19;0
5;2025-11-28;20;0
5;2025-11-28;21;0
5;2025-11-28;22;0
5;2025-11-28;23;0
5;2025-11-29;0;0
5;2025-11-29;1;0
5;2025-11-29;2;0
5;2025-11-29;3;0
5;2025-11-29;4;0
5;2025-11-29;5;0
5;2025-11-29;6;0
5;2025-11-29;7;0
5;2025-11-29;8;0
5;2025-11-29;9;0
5;2025-11-29;10;0
5;2025-11-29;11;0
5;2025-11-29;12;0
5;2025-11-29;13;0
5;2025-11-29;14;0
5;2025-11-29;15;0
5;2025-11-29;16;0
5;2025-11-29;17;0
5;2025-11-29;18;0
5;2025-11-29;19;0
5;2025-11-29;20;0
5;2025-11-29;21;0
5;2025-11-29;22;0
5;2025-11-29;23;0
5;2025-11-30;0;0
5;2025-11-30;1;0
5;2025-11-30;2;0
5;2025-11-30;3;0
5;2025-11-30;4;0
5;2025-11-30;5;0
5;2025-11-30;6;0
5;2025-11-30;7;0
5;2025-11-30;8;0
5;2025-11-30;9;0
5;2025-11-30;10;0
5;2025-11-30;11;0
5;2025-11-30;12;0
5;2025-11-30;13;0
5;2025-11-30;14;0
5;2025-11-30;15;0
5;2025-11-30;16;0
5;2025-11-30;17;0
5;2025-11-30;18;0
5;2025-11-30;19;0
5;2025-11-30;20;0
5;2025-11-30;21;0
5;2025-11-30;22;0
5;2025-11-30;23;0
5;2025-12-01;0;0
5;2025-12-01;1;0
5;2025-12-01;2;0
5;2025-12-01;3;0
5;2025-12-01;4;0
5;2025-12-01;5;0
5;2025-12-01;6;0
5;2025-12-01;7;0
5;2025-12-01;8;0
5;2025-12-01;9;0
5;2025-12-01;10;0
5;2025-12-01;11;0
5;2025-12-01;12;0
5;2025-12-01;13;0
5;2025-12-01;14;0
5;2025-12-01;15;0
5;2025-12-01;16;0
5;2025-12-01;17;0
5;2025-12-01;18;0
5;2025-12-01;19;0
5;2025-12-01;20;0
5;2025-12-01;21;0
5;2025-12-01;22;0
5;2025-12-01;23;0
5;2025-12-02;0;0
5;2025-12-02;1;0
5;2025-12-02;2;0
5;2025-12-02;3;0
5;2025-12-02;4;0
5;2025-12-02;5;0
5;2025-12-02;6;0
5;2025-12-02;7;0
5;2025-12-02;8;0
5;2025-12-02;9;0
5;2025-12-02;10;0
5;2025-12-02;11;0
5;2025-12-02;12;0
5;2025-12-02;13;0
5;2025-12-02;14;0
5;2025-12-02;15;0
5;2025-12-02;16;0
5;2025-12-02;17;0
5;2025-12-02;18;0
5;2025-12-02;19;0
5;2025-12-02;20;0
5;2025-12-02;21;0
5;2025-12-02;22;0
5;2025-12-02;23;0
5;2025-12-03;0;0
5;2025-12-03;1;0
5;2025-12-03;2;0
5;2025-12-03;3;0
5;2025-12-03;4;0
5;2025-12-03;5;0
5;2025-12-03;6;0
5;2025-12-03;7;0
5;2025-12-03;8;0
5;2025-12-03;9;0
5;2025-12-03;10;0
5;2025-12-03;11;0
5;2025-12-03;12;0
5;2025-12-03;13;0
5;2025-12-03;14;0
5;2025-12-03;15;0
5;2025-12-03;16;0
5;2025-12-03;17;0
5;2025-12-03;18;0
5;2025-12-03;19;0
5;2025-12-03;20;0
5;2025-12-03;21;0
5;2025-12-03;22;0
5;2025-12-03;23;0
5;2025-12-04;0;0
5;2025-12-04;1;0
5;2025-12-04;2;0
5;2025-12-04;3;0
5;2025-12-04;4;0
5;2025-12-04;5;0
5;2025-12-04;6;0
5;2025-12-04;7;0
5;2025-12-04;8;0
5;2025-12-04;9;0
5;2025-12-04;10;0
5;2025-12-04;11;0
5;2025-12-04;12;0
5;2025-12-04;13;0
5;2025-12-04;14;0
5;2025-12-04;15;0
5;2025-12-04;16;0
5;2025-12-04;17;0
5;2025-12-04;18;0
5;2025-12-04;19;0
5;2025-12-04;20;0
5;2025-12-04;21;0
5;2025-12-04;22;0
5;2025-12-04;23;0
5;2025-12-05;0;0
5;2025-12-05;1;0
5;2025-12-05;2;0
5;2025-12-05;3;0
5;2025-12-05;4;0
5;2025-12-05;5;0
5;2025-12-05;6;0
5;2025-12-05;7;0
5;2025-12-05;8;0
5;2025-12-05;9;0
5;2025-12-05;10;0
5;2025-12-05;11;0
5;2025-12-05;12;0
5;2025-12-05;13;0
5;2025-12-05;14;0
5;2025-12-05;15;0
5;2025-12-05;16;0
5;2025-12-05;17;0
5;2025-12-05;18;0
5;2025-12-05;19;0
5;2025-12-05;20;0
5;2025-12-05;21;0
5;2025-12-05;22;0
5;2025-12-05;23;0
5;2025-12-06;0;0
5;2025-12-06;1;0
5;2025-12-06;2;0
5;2025-12-06;3;0
5;2025-12-06;4;0
5;2025-12-06;5;0
5;2025-12-06;6;0
5;2025-12-06;7;0
5;2025-12-06;8;0
5;2025-12-06;9;0
5;2025-12-06;10;0
5;2025-12-06;11;0
5;2025-12-06;12;0
5;2025-12-06;13;0
5;2025-12-06;14;0
5;2025-12-06;15;0
5;2025-12-06;16;0
5;2025-12-06;17;0
5;2025-12-06;18;0
5;2025-12-06;19;0
5;2025-12-06;20;0
5;2025-12-06;21;0
5;2025-12-06;22;0
5;2025-12-06;23;0
5;2025-12-07;0;0
5;2025-12-07;1;0
5;2025-12-07;2;0
5;2025-12-07;3;0
5;2025-12-07;4;0
5;2025-12-07;5;0
5;2025-12-07;6;0
5;2025-12-07;7;0
5;2025-12-07;8;0
5;2025-12-07;9;0
5;2025-12-07;10;0
5;2025-12-07;11;0
5;2025-12-07;12;0
5;2025-12-07;13;0
5;2025-12-07;14;0
5;2025-12-07;15;0
5;2025-12-07;16;0
5;2025-12-07;17;0
5;2025-12-07;18;0
5;2025-12-07;19;0
5;2025-12-07;20;0
5;2025-12-07;21;0
5;2025-12-07;22;0
5;2025-12-07;23;0
5;2025-12-08;0;0
5;2025-12-08;1;0
5;2025-12-08;2;0
5;2025-12-08;3;0
5;2025-12-08;4;0
5;2025-12-08;5;0
5;2025-12-08;6;0
5;2025-12-08;7;0
5;2025-12-08;8;0
5;2025-12-08;9;0
5;2025-12-08;10;0
5;2025-12-08;11;0
5;2025-12-08;12;0
5;2025-12-08;13;0
5;2025-12-08;14;0
5;2025-12-08;15;0
5;2025-12-08;16;0
5;2025-12-08;17;0
5;2025-12-08;18;0
5;2025-12-08;19;0
5;2025-12-08;20;0
5;2025-12-08;21;0
5;2025-12-08;22;0
5;2025-12-08;23;0
5;2025-12-09;0;0
5;2025-12-09;1;0
5;2025-12-09;2;0
5;2025-12-09;3;0
5;2025-12-09;4;0
5;2025-12-09;5;0
5;2025-12-09;6;0
5;2025-12-09;7;0
5;2025-12-09;8;0
5;2025-12-09;9;0
5;2025-12-09;10;0
5;2025-12-09;11;0
5;2025-12-09;12;0
5;2025-12-09;13;0
5;2025-12-09;14;0
5;2025-12-09;15;0
5;2025-12-09;16;0
5;2025-12-09;17;0
5;2025-12-09;18;0
5;2025-12-09;19;0
5;2025-12-09;20;0
5;2025-12-09;21;0
5;2025-12-09;22;0
5;2025-12-09;23;0
5;2025-12-10;0;0
5;2025-12-10;1;0
5;2025-12-10;2;0
5;2025-12-10;3;0
5;2025-12-10;4;0
5;2025-12-10;5;0
5;2025-12-10;6;0
5;2025-12-10;7;0
5;2025-12-10;8;0
5;2025-12-10;9;0
5;2025-12-10;10;0
5;2025-12-10;11;0
5;2025-12-10;12;0
5;2025-12-10;13;0
5;2025-12-10;14;0
5;2025-12-10;15;0
5;2025-12-10;16;0
5;2025-12-10;17;0
5;2025-12-10;18;0
5;2025-12-10;19;0
5;2025-12-10;20;0
5;2025-12-10;21;0
5;2025-12-10;22;0
5;2025-12-10;23;0
5;2025-12-11;0;0
5;2025-12-11;1;0
5;2025-12-11;2;0
5;2025-12-11;3;0
5;2025-12-11;4;0
5;2025-12-11;5;0
5;2025-12-11;6;0
5;2025-12-11;7;0
5;2025-12-11;8;0
5;2025-12-11;9;0
5;2025-12-11;10;0
5;2025-12-11;11;0
5;2025-12-11;12;0
5;2025-12-11;13;0
5;2025-12-11;14;0
5;2025-12-11;15;0
5;2025-12-11;16;0
5;2025-12-11;17;0
5;2025-12-11;18;0
5;2025-12-11;19;0
5;2025-12-11;20;0
5;2025-12-11;21;0
5;2025-12-11;22;0
5;2025-12-11;23;0
5;2025-12-12;0;0
5;2025-12-12;1;0
5;2025-12-12;2;0
5;2025-12-12;3;0
5;2025-12-12;4;0
5;2025-12-12;5;0
5;2025-12-12;6;0
5;2025-12-12;7;0
5;2025-12-12;8;0
5;2025-12-12;9;0
5;2025-12-12;10;0
5;2025-12-12;11;0
5;2025-12-12;12;0
5;2025-12-12;13;0
5;2025-12-12;14;0
5;2025-12-12;15;0
5;2025-12-12;16;0
5;2025-12-12;17;0
5;2025-12-12;18;0
5;2025-12-12;19;0
5;2025-12-12;20;0
5;2025-12-12;21;0
5;2025-12-12;22;0
5;2025-12-12;23;0
5;2025-12-13;0;0
5;2025-12-13;1;0
5;2025-12-13;2;0
5;2025-12-13;3;0
5;2025-12-13;4;0
5;2025-12-13;5;0
5;2025-12-13;6;0
5;2025-12-13;7;0
5;2025-12-13;8;0
5;2025-12-13;9;0
5;2025-12-13;10;0
5;2025-12-13;11;0
5;2025-12-13;12;0
5;2025-12-13;13;0
5;2025-12-13;14;0
5;2025-12-13;15;0
5;2025-12-13;16;0
5;2025-12-13;17;0
5;2025-12-13;18;0
5;2025-12-13;19;0
5;2025-12-13;20;0
5;2025-12-13;21;0
5;2025-12-13;22;0
5;2025-12-13;23;0
5;2025-12-14;0;0
5;2025-12-14;1;0
5;2025-12-14;2;0
5;2025-12-14;3;0
5;2025-12-14;4;0
5;2025-12-14;5;0
5;2025-12-14;6;0
5;2025-12-14;7;0
5;2025-12-14;8;0
5;2025-12-14;9;0
5;2025-12-14;10;0
5;2025-12-14;11;0
5;2025-12-14;12;0
5;2025-12-14;13;0
5;2025-12-14;14;0
5;2025-12-14;15;0
5;2025-12-14;16;0
5;2025-12-14;17;0
5;2025-12-14;18;0
5;2025-12-14;19;0
5;2025-12-14;20;0
5;2025-12-14;21;0
5;2025-12-14;22;0
5;2025-12-14;23;0
5;2025-12-15;0;0
5;2025-12-15;1;0
5;2025-12-15;2;0
5;2025-12-15;3;0
5;2025-12-15;4;0
5;2025-12-15;5;0
5;2025-12-15;6;0
5;2025-12-15;7;0
5;2025-12-15;8;0
5;2025-12-15;9;0
5;2025-12-15;10;0
5;2025-12-15;11;0
5;2025-12-15;12;0
5;2025-12-15;13;0
5;2025-12-15;14;0
5;2025-12-15;15;0
5;2025-12-15;16;0
5;2025-12-15;17;0
5;2025-12-15;18;0
5;2025-12-15;19;0
5;2025-12-15;20;0
5;2025-12-15;21;0
5;2025-12-15;22;0
5;2025-12-15;23;0
5;2025-12-16;0;0
5;2025-12-16;1;0
5;2025-12-16;2;0
5;2025-12-16;3;0
5;2025-12-16;4;0
5;2025-12-16;5;0
5;2025-12-16;6;0
5;2025-12-16;7;0
5;2025-12-16;8;0
5;2025-12-16;9;0
5;2025-12-16;10;0
5;2025-12-16;11;0
5;2025-12-16;12;0
5;2025-12-16;13;0
5;2025-12-16;14;0
5;2025-12-16;15;0
5;2025-12-16;16;0
5;2025-12-16;17;0
5;2025-12-16;18;0
5;2025-12-16;19;0
5;2025-12-16;20;0
5;2025-12-16;21;0
5;2025-12-16;22;0
5;2025-12-16;23;0
5;2025-12-17;0;0
5;2025-12-17;1;0
5;2025-12-17;2;0
5;2025-12-17;3;0
5;2025-12-17;4;0
5;2025-12-17;5;0
5;2025-12-17;6;0
5;2025-12-17;7;0
5;2025-12-17;8;0
5;2025-12-17;9;0
5;2025-12-17;10;0
5;2025-12-17;11;0
5;2025-12-17;12;0
5;2025-12-17;13;0
5;2025-12-17;14;0
5;2025-12-17;15;0
5;2025-12-17;16;0
5;2025-12-17;17;0
5;2025-12-17;18;0
5;2025-12-17;19;0
5;2025-12-17;20;0
5;2025-12-17;21;0
5;2025-12-17;22;0
5;2025-12-17;23;0
5;2025-12-18;0;0
5;2025-12-18;1;0
5;2025-12-18;2;0
5;2025-12-18;3;0
5;2025-12-18;4;0
5;2025-12-18;5;0
5;2025-12-18;6;0
5;2025-12-18;7;0
5;2025-12-18;8;0
5;2025-12-18;9;0
5;2025-12-18;10;0
5;2025-12-18;11;0
5;2025-12-18;12;0
5;2025-12-18;13;0
5;2025-12-18;14;0
5;2025-12-18;15;0
5;2025-12-18;16;0
5;2025-12-18;17;0
5;2025-12-18;18;0
5;2025-12-18;19;0
5;2025-12-18;20;0
5;2025-12-18;21;0
5;2025-12-18;22;0
5;2025-12-18;23;0
5;2025-12-19;0;0
5;2025-12-19;1;0
5;2025-12-19;2;0
5;2025-12-19;3;0
5;2025-12-19;4;0
5;2025-12-19;5;0
5;2025-12-19;6;0
5;2025-12-19;7;0
5;2025-12-19;8;0
5;2025-12-19;9;0
5;2025-12-19;10;0
5;2025-12-19;11;0
5;2025-12-19;12;0
5;2025-12-19;13;0
5;2025-12-19;14;0
5;2025-12-19;15;0
5;2025-12-19;16;0
5;2025-12-19;17;0
5;2025-12-19;18;0
5;2025-12-19;19;0
5;2025-12-19;20;0
5;2025-12-19;21;0
5;2025-12-19;22;0
5;2025-12-19;23;0
5;2025-12-20;0;0
5;2025-12-20;1;0
5;2025-12-20;2;0
5;2025-12-20;3;0
5;2025-12-20;4;0
5;2025-12-20;5;0
5;2025-12-20;6;0
5;2025-12-20;7;0
5;2025-12-20;8;0
5;2025-12-20;9;0
5;2025-12-20;10;0
5;2025-12-20;11;0
5;2025-12-20;12;0
5;2025-12-20;13;0
5;2025-12-20;14;0
5;2025-12-20;15;0
5;2025-12-20;16;0
5;2025-12-20;17;0
5;2025-12-20;18;0
5;2025-12-20;19;0
5;2025-12-20;20;0
5;2025-12-20;21;0
5;2025-12-20;22;0
5;2025-12-20;23;0
5;2025-12-21;0;0
5;2025-12-21;1;0
5;2025-12-21;2;0
5;2025-12-21;3;0
5;2025-12-21;4;0
5;2025-12-21;5;0
5;2025-12-21;6;0
5;2025-12-21;7;0
5;2025-12-21;8;0
5;2025-12-21;9;0
5;2025-12-21;10;0
5;2025-12-21;11;0
5;2025-12-21;12;0
5;2025-12-21;13;0
5;2025-12-21;14;0
5;2025-12-21;15;0
5;2025-12-21;16;0
5;2025-12-21;17;0
5;2025-12-21;18;0
5;2025-12-21;19;0
5;2025-12-21;20;0
5;2025-12-21;21;0
5;2025-12-21;22;0
5;2025-12-21;23;0
5;2025-12-22;0;0
5;2025-12-22;1;0
5;2025-12-22;2;0
5;2025-12-22;3;0
5;2025-12-22;4;0
5;2025-12-22;5;0
5;2025-12-22;6;0
5;2025-12-22;7;0
5;2025-12-22;8;0
5;2025-12-22;9;0
5;2025-12-22;10;0
5;2025-12-22;11;0
5;2025-12-22;12;0
5;2025-12-22;13;0
5;2025-12-22;14;0
5;2025-12-22;15;0
5;2025-12-22;16;0
5;2025-12-22;17;0
5;2025-12-22;18;0
5;2025-12-22;19;0
5;2025-12-22;20;0
5;2025-12-22;21;0
5;2025-12-22;22;0
5;2025-12-22;23;0
5;2025-12-23;0;0
5;2025-12-23;1;0
5;2025-12-23;2;0
5;2025-12-23;3;0
5;2025-12-23;4;0
5;2025-12-23;5;0
5;2025-12-23;6;0
5;2025-12-23;7;0
5;2025-12-23;8;0
5;2025-12-23;9;0
5;2025-12-23;10;0
5;2025-12-23;11;0
5;2025-12-23;12;0
5;2025-12-23;13;0
5;2025-12-23;14;0
5;2025-12-23;15;0
5;2025-12-23;16;0
5;2025-12-23;17;0
5;2025-12-23;18;0
5;2025-12-23;19;0
5;2025-12-23;20;0
5;2025-12-23;21;0
5;2025-12-23;22;0
5;2025-12-23;23;0
5;2025-12-24;0;0
5;2025-12-24;1;0
5;2025-12-24;2;0
5;2025-12-24;3;0
5;2025-12-24;4;0
5;2025-12-24;5;0
5;2025-12-24;6;0
5;2025-12-24;7;0
5;2025-12-24;8;0
5;2025-12-24;9;0
5;2025-12-24;10;0
5;2025-12-24;11;0
5;2025-12-24;12;0
5;2025-12-24;13;0
5;2025-12-24;14;0
5;2025-12-24;15;0
5;2025-12-24;16;0
5;2025-12-24;17;0
5;2025-12-24;18;0
5;2025-12-24;19;0
5;2025-12-24;20;0
5;2025-12-24;21;0
5;2025-12-24;22;0
5;2025-12-24;23;0
5;2025-12-25;0;0
5;2025-12-25;1;0
5;2025-12-25;2;0
5;2025-12-25;3;0
5;2025-12-25;4;0
5;2025-12-25;5;0
5;2025-12-25;6;0
5;2025-12-25;7;0
5;2025-12-25;8;0
5;2025-12-25;9;0
5;2025-12-25;10;0
5;2025-12-25;11;0
5;2025-12-25;12;0
5;2025-12-25;13;0
5;2025-12-25;14;0
5;2025-12-25;15;0
5;2025-12-25;16;0
5;2025-12-25;17;0
5;2025-12-25;18;0
5;2025-12-25;19;0
5;2025-12-25;20;0
5;2025-12-25;21;0
5;2025-12-25;22;0
5;2025-12-25;23;0
5;2025-12-26;0;0
5;2025-12-26;1;0
5;2025-12-26;2;0
5;2025-12-26;3;0
5;2025-12-26;4;0
5;2025-12-26;5;0
5;2025-12-26;6;0
5;2025-12-26;7;0
5;2025-12-26;8;0
5;2025-12-26;9;0
5;2025-12-26;10;0
5;2025-12-26;11;0
5;2025-12-26;12;0
5;2025-12-26;13;0
5;2025-12-26;14;0
5;2025-12-26;15;0
5;2025-12-26;16;0
5;2025-12-26;17;0
5;2025-12-26;18;0
5;2025-12-26;19;0
5;2025-12-26;20;0
5;2025-12-26;21;0
5;2025-12-26;22;0
5;2025-12-26;23;0
5;2025-12-27;0;0
5;2025-12-27;1;0
5;2025-12-27;2;0
5;2025-12-27;3;0
5;2025-12-27;4;0
5;2025-12-27;5;0
5;2025-12-27;6;0
5;2025-12-27;7;0
5;2025-12-27;8;0
5;2025-12-27;9;0
5;2025-12-27;10;0
5;2025-12-27;11;0
5;2025-12-27;12;0
5;2025-12-27;13;0
5;2025-12-27;14;0
5;2025-12-27;15;0
5;2025-12-27;16;0
5;2025-12-27;17;0
5;2025-12-27;18;0
5;2025-12-27;19;0
5;2025-12-27;20;0
5;2025-12-27;21;0
5;2025-12-27;22;0
5;2025-12-27;23;0
5;2025-12-28;0;0
5;2025-12-28;1;0
5;2025-12-28;2;0
5;2025-12-28;3;0
5;2025-12-28;4;0
5;2025-12-28;5;0
5;2025-12-28;6;0
5;2025-12-28;7;0
5;2025-12-28;8;0
5;2025-12-28;9;0
5;2025-12-28;10;0
5;2025-12-28;11;0
5;2025-12-28;12;0
5;2025-12-28;13;0
5;2025-12-28;14;0
5;2025-12-28;15;0
5;2025-12-28;16;0
5;2025-12-28;17;0
5;2025-12-28;18;0
5;2025-12-28;19;0
5;2025-12-28;20;0
5;2025-12-28;21;0
5;2025-12-28;22;0
5;2025-12-28;23;0
5;2025-12-29;0;0
5;2025-12-29;1;0
5;2025-12-29;2;0
5;2025-12-29;3;0
5;2025-12-29;4;0
5;2025-12-29;5;0
5;2025-12-29;6;0
5;2025-12-29;7;0
5;2025-12-29;8;0
5;2025-12-29;9;0
5;2025-12-29;10;0
5;2025-12-29;11;0
5;2025-12-29;12;0
5;2025-12-29;13;0
5;2025-12-29;14;0
5;2025-12-29;15;0
5;2025-12-29;16;0
5;2025-12-29;17;0
5;2025-12-29;18;0
5;2025-12-29;19;0
5;2025-12-29;20;0
5;2025-12-29;21;0
5;2025-12-29;22;0
5;2025-12-29;23;0
5;2025-12-30;0;0
5;2025-12-30;1;0
5;2025-12-30;2;0
5;2025-12-30;3;0
5;2025-12-30;4;0
5;2025-12-30;5;0
5;2025-12-30;6;0
5;2025-12-30;7;0
5;2025-12-30;8;0
5;2025-12-30;9;0
5;2025-12-30;10;0
5;2025-12-30;11;0
5;2025-12-30;12;0
5;2025-12-30;13;0
5;2025-12-30;14;0
5;2025-12-30;15;0
5;2025-12-30;16;0
5;2025-12-30;17;0
5;2025-12-30;18;0
5;2025-12-30;19;0
5;2025-12-30;20;0
5;2025-12-30;21;0
5;2025-12-30;22;0
5;2025-12-30;23;0
5;2025-12-31;0;0
5;2025-12-31;1;0
5;2025-12-31;2;0
5;2025-12-31;3;0
5;2025-12-31;4;0
5;2025-12-31;5;0
5;2025-12-31;6;0
5;2025-12-31;7;0
5;2025-12-31;8;0
5;2025-12-31;9;0
5;2025-12-31;10;0
5;2025-12-31;11;0
5;2025-12-31;12;0
5;2025-12-31;13;0
5;2025-12-31;14;0
5;2025-12-31;15;0
5;2025-12-31;16;0
5;2025-12-31;17;0
5;2025-12-31;18;0
5;2025-12-31;19;0
5;2025-12-31;20;0
5;2025-12-31;21;0
5;2025-12-31;22;0
5;2025-12-31;23;0
7;2025-11-01;0;85
7;2025-11-01;1;12
7;2025-11-01;2;1
7;2025-11-01;3;1
7;2025-11-01;4;2
7;2025-11-01;5;45
7;2025-11-01;6;240
7;2025-11-01;7;370
7;2025-11-01;8;658
7;2025-11-01;9;586
7;2025-11-01;10;660
7;2025-11-01;11;791
7;2025-11-01;12;1001
7;2025-11-01;13;928
7;2025-11-01;14;950
7;2025-11-01;15;980
7;2025-11-01;16;877
7;2025-11-01;17;816
7;2025-11-01;18;747
7;2025-11-01;19;683
7;2025-11-01;20;492
7;2025-11-01;21;420
7;2025-11-01;22;230
7;2025-11-01;23;164
7;2025-11-02;0;109
7;2025-11-02;1;24
7;2025-11-02;2;0
7;2025-11-02;3;0
7;2025-11-02;4;2
7;2025-11-02;5;38
7;2025-11-02;6;207
7;2025-11-02;7;318
7;2025-11-02;8;523
7;2025-11-02;9;594
7;2025-11-02;10;680
7;2025-11-02;11;876
7;2025-11-02;12;988
7;2025-11-02;13;1078
7;2025-11-02;14;1179
7;2025-11-02;15;1158
7;2025-11-02;16;1062
7;2025-11-02;17;1087
7;2025-11-02;18;953
7;2025-11-02;19;844
7;2025-11-02;20;652
7;2025-11-02;21;502
7;2025-11-02;22;296
7;2025-11-02;23;177
7;2025-11-03;0;74
7;2025-11-03;1;10
7;2025-11-03;2;1
7;2025-11-03;3;0
7;2025-11-03;4;2
7;2025-11-03;5;141
7;2025-11-03;6;367
7;2025-11-03;7;542
7;2025-11-03;8;690
7;2025-11-03;9;781
7;2025-11-03;10;770
7;2025-11-03;11;800
7;2025-11-03;12;833
7;2025-11-03;13;842
7;2025-11-03;14;836
7;2025-11-03;15;814
7;2025-11-03;16;910
7;2025-11-03;17;995
7;2025-11-03;18;945
7;2025-11-03;19;1015
7;2025-11-03;20;742
7;2025-11-03;21;479
7;2025-11-03;22;279
7;2025-11-03;23;176
7;2025-11-04;0;65
7;2025-11-04;1;17
7;2025-11-04;2;1
7;2025-11-04;3;0
7;2025-11-04;4;3
7;2025-11-04;5;155
7;2025-11-04;6;341
7;2025-11-04;7;524
7;2025-11-04;8;646
7;2025-11-04;9;771
7;2025-11-04;10;750
7;2025-11-04;11;706
7;2025-11-04;12;827
7;2025-11-04;13;861
7;2025-11-04;14;1008
7;2025-11-04;15;970
7;2025-11-04;16;943
7;2025-11-04;17;972
7;2025-11-04;18;937
7;2025-11-04;19;997
7;2025-11-04;20;757
7;2025-11-04;21;516
7;2025-11-04;22;321
7;2025-11-04;23;180
7;2025-11-05;0;58
7;2025-11-05;1;11
7;2025-11-05;2;0
7;2025-11-05;3;0
7;2025-11-05;4;1
7;2025-11-05;5;201
7;2025-11-05;6;658
7;2025-11-05;7;1625
7;2025-11-05;8;2629
7;2025-11-05;9;1998
7;2025-11-05;10;1646
7;2025-11-05;11;1460
7;2025-11-05;12;1569
7;2025-11-05;13;1575
7;2025-11-05;14;1648
7;2025-11-05;15;1843
7;2025-11-05;16;1897
7;2025-11-05;17;2471
7;2025-11-05;18;2667
7;2025-11-05;19;1798
7;2025-11-05;20;1042
7;2025-11-05;21;559
7;2025-11-05;22;342
7;2025-11-05;23;178
7;2025-11-06;0;55
7;2025-11-06;1;11
7;2025-11-06;2;0
7;2025-11-06;3;0
7;2025-11-06;4;1
7;2025-11-06;5;187
7;2025-11-06;6;705
7;2025-11-06;7;1605
7;2025-11-06;8;2489
7;2025-11-06;9;1824
7;2025-11-06;10;1492
7;2025-11-06;11;1346
7;2025-11-06;12;1445
7;2025-11-06;13;1511
7;2025-11-06;14;1590
7;2025-11-06;15;1638
7;2025-11-06;16;1743
7;2025-11-06;17;2264
7;2025-11-06;18;2649
7;2025-11-06;19;1667
7;2025-11-06;20;989
7;2025-11-06;21;622
7;2025-11-06;22;320
7;2025-11-06;23;180
7;2025-11-07;0;57
7;2025-11-07;1;11
7;2025-11-07;2;0
7;2025-11-07;3;0
7;2025-11-07;4;1
7;2025-11-07;5;180
7;2025-11-07;6;637
7;2025-11-07;7;1576
7;2025-11-07;8;2434
7;2025-11-07;9;1809
7;2025-11-07;10;1539
7;2025-11-07;11;1421
7;2025-11-07;12;1544
7;2025-11-07;13;1633
7;2025-11-07;14;1664
7;2025-11-07;15;1817
7;2025-11-07;16;2095
7;2025-11-07;17;2304
7;2025-11-07;18;2125
7;2025-11-07;19;1471
7;2025-11-07;20;969
7;2025-11-07;21;620
7;2025-11-07;22;348
7;2025-11-07;23;226
7;2025-11-08;0;91
7;2025-11-08;1;22
7;2025-11-08;2;0
7;2025-11-08;3;0
7;2025-11-08;4;0
7;2025-11-08;5;60
7;2025-11-08;6;301
7;2025-11-08;7;500
7;2025-11-08;8;753
7;2025-11-08;9;820
7;2025-11-08;10;852
7;2025-11-08;11;992
7;2025-11-08;12;1113
7;2025-11-08;13;1135
7;2025-11-08;14;1186
7;2025-11-08;15;1177
7;2025-11-08;16;1141
7;2025-11-08;17;1052
7;2025-11-08;18;1022
7;2025-11-08;19;978
7;2025-11-08;20;739
7;2025-11-08;21;610
7;2025-11-08;22;334
7;2025-11-08;23;213
7;2025-11-09;0;106
7;2025-11-09;1;24
7;2025-11-09;2;0
7;2025-11-09;3;0
7;2025-11-09;4;1
7;2025-11-09;5;40
7;2025-11-09;6;215
7;2025-11-09;7;332
7;2025-11-09;8;552
7;2025-11-09;9;661
7;2025-11-09;10;713
7;2025-11-09;11;902
7;2025-11-09;12;971
7;2025-11-09;13;1045
7;2025-11-09;14;1071
7;2025-11-09;15;1066
7;2025-11-09;16;1016
7;2025-11-09;17;1041
7;2025-11-09;18;900
7;2025-11-09;19;785
7;2025-11-09;20;646
7;2025-11-09;21;523
7;2025-11-09;22;289
7;2025-11-09;23;168
7;2025-11-10;0;69
7;2025-11-10;1;11
7;2025-11-10;2;0
7;2025-11-10;3;0
7;2025-11-10;4;1
7;2025-11-10;5;200
7;2025-11-10;6;786
7;2025-11-10;7;1665
7;2025-11-10;8;2564
7;2025-11-10;9;1911
7;2025-11-10;10;1525
7;2025-11-10;11;1349
7;2025-11-10;12;1463
7;2025-11-10;13;1451
7;2025-11-10;14;1523
7;2025-11-10;15;1696
7;2025-11-10;16;1844
7;2025-11-10;17;2386
7;2025-11-10;18;2670
7;2025-11-10;19;1769
7;2025-11-10;20;1068
7;2025-11-10;21;597
7;2025-11-10;22;293
7;2025-11-10;23;179
7;2025-11-11;0;54
7;2025-11-11;1;13
7;2025-11-11;2;0
7;2025-11-11;3;0
7;2025-11-11;4;2
7;2025-11-11;5;215
7;2025-11-11;6;787
7;2025-11-11;7;1774
7;2025-11-11;8;2621
7;2025-11-11;9;1920
7;2025-11-11;10;1592
7;2025-11-11;11;1488
7;2025-11-11;12;1556
7;2025-11-11;13;1571
7;2025-11-11;14;1620
7;2025-11-11;15;1786
7;2025-11-11;16;1866
7;2025-11-11;17;2422
7;2025-11-11;18;2732
7;2025-11-11;19;1874
7;2025-11-11;20;1087
7;2025-11-11;21;671
7;2025-11-11;22;336
7;2025-11-11;23;180
7;2025-11-12;0;58
7;2025-11-12;1;9
7;2025-11-12;2;0
7;2025-11-12;3;0
7;2025-11-12;4;1
7;2025-11-12;5;199
7;2025-11-12;6;771
7;2025-11-12;7;1665
7;2025-11-12;8;2704
7;2025-11-12;9;2053
7;2025-11-12;10;1673
7;2025-11-12;11;1450
7;2025-11-12;12;1522
7;2025-11-12;13;1523
7;2025-11-12;14;1597
7;2025-11-12;15;1781
7;2025-11-12;16;1858
7;2025-11-12;17;2473
7;2025-11-12;18;2692
7;2025-11-12;19;1770
7;2025-11-12;20;1074
7;2025-11-12;21;647
7;2025-11-12;22;348
7;2025-11-12;23;197
7;2025-11-13;0;66
7;2025-11-13;1;13
7;2025-11-13;2;0
7;2025-11-13;3;0
7;2025-11-13;4;1
7;2025-11-13;5;194
7;2025-11-13;6;774
7;2025-11-13;7;1699
7;2025-11-13;8;2642
7;2025-11-13;9;1939
7;2025-11-13;10;1581
7;2025-11-13;11;1423
7;2025-11-13;12;1520
7;2025-11-13;13;1583
7;2025-11-13;14;1685
7;2025-11-13;15;1733
7;2025-11-13;16;1858
7;2025-11-13;17;2401
7;2025-11-13;18;2774
7;2025-11-13;19;1733
7;2025-11-13;20;1055
7;2025-11-13;21;653
7;2025-11-13;22;338
7;2025-11-13;23;191
7;2025-11-14;0;60
7;2025-11-14;1;6
7;2025-11-14;2;0
7;2025-11-14;3;0
7;2025-11-14;4;0
7;2025-11-14;5;192
7;2025-11-14;6;696
7;2025-11-14;7;1643
7;2025-11-14;8;2508
7;2025-11-14;9;1877
7;2025-11-14;10;1591
7;2025-11-14;11;1484
7;2025-11-14;12;1613
7;2025-11-14;13;1695
7;2025-11-14;14;1742
7;2025-11-14;15;1883
7;2025-11-14;16;2147
7;2025-11-14;17;2349
7;2025-11-14;18;2198
7;2025-11-14;19;1522
7;2025-11-14;20;996
7;2025-11-14;21;638
7;2025-11-14;22;350
7;2025-11-14;23;224
7;2025-11-15;0;83
7;2025-11-15;1;12
7;2025-11-15;2;0
7;2025-11-15;3;0
7;2025-11-15;4;1
7;2025-11-15;5;61
7;2025-11-15;6;293
7;2025-11-15;7;477
7;2025-11-15;8;731
7;2025-11-15;9;830
7;2025-11-15;10;855
7;2025-11-15;11;1022
7;2025-11-15;12;1131
7;2025-11-15;13;1182
7;2025-11-15;14;1287
7;2025-11-15;15;1263
7;2025-11-15;16;1218
7;2025-11-15;17;1099
7;2025-11-15;18;1028
7;2025-11-15;19;1026
7;2025-11-15;20;810
7;2025-11-15;21;621
7;2025-11-15;22;320
7;2025-11-15;23;194
7;2025-11-16;0;96
7;2025-11-16;1;16
7;2025-11-16;2;1
7;2025-11-16;3;0
7;2025-11-16;4;0
7;2025-11-16;5;32
7;2025-11-16;6;196
7;2025-11-16;7;298
7;2025-11-16;8;516
7;2025-11-16;9;663
7;2025-11-16;10;762
7;2025-11-16;11;967
7;2025-11-16;12;1025
7;2025-11-16;13;1101
7;2025-11-16;14;1113
7;2025-11-16;15;1067
7;2025-11-16;16;1003
7;2025-11-16;17;1011
7;2025-11-16;18;835
7;2025-11-16;19;740
7;2025-11-16;20;600
7;2025-11-16;21;482
7;2025-11-16;22;251
7;2025-11-16;23;140
7;2025-11-17;0;54
7;2025-11-17;1;7
7;2025-11-17;2;0
7;2025-11-17;3;0
7;2025-11-17;4;0
7;2025-11-17;5;177
7;2025-11-17;6;738
7;2025-11-17;7;1561
7;2025-11-17;8;2433
7;2025-11-17;9;1785
7;2025-11-17;10;1414
7;2025-11-17;11;1255
7;2025-11-17;12;1341
7;2025-11-17;13;1332
7;2025-11-17;14;1403
7;2025-11-17;15;1567
7;2025-11-17;16;1696
7;2025-11-17;17;2301
7;2025-11-17;18;2572
7;2025-11-17;19;1670
7;2025-11-17;20;971
7;2025-11-17;21;553
7;2025-11-17;22;257
7;2025-11-17;23;151
7;2025-11-18;0;44
7;2025-11-18;1;8
7;2025-11-18;2;0
7;2025-11-18;3;0
7;2025-11-18;4;0
7;2025-11-18;5;196
7;2025-11-18;6;747
7;2025-11-18;7;1737
7;2025-11-18;8;2572
7;2025-11-18;9;1902
7;2025-11-18;10;1555
7;2025-11-18;11;1472
7;2025-11-18;12;1558
7;2025-11-18;13;1567
7;2025-11-18;14;1597
7;2025-11-18;15;1746
7;2025-11-18;16;1801
7;2025-11-18;17;2359
7;2025-11-18;18;2668
7;2025-11-18;19;1825
7;2025-11-18;20;1065
7;2025-11-18;21;638
7;2025-11-18;22;325
7;2025-11-18;23;163
7;2025-11-19;0;46
7;2025-11-19;1;7
7;2025-11-19;2;0
7;2025-11-19;3;0
7;2025-11-19;4;1
7;2025-11-19;5;190
7;2025-11-19;6;761
7;2025-11-19;7;1674
7;2025-11-19;8;2705
7;2025-11-19;9;2003
7;2025-11-19;10;1623
7;2025-11-19;11;1436
7;2025-11-19;12;1503
7;2025-11-19;13;1535
7;2025-11-19;14;1587
7;2025-11-19;15;1804
7;2025-11-19;16;1883
7;2025-11-19;17;2477
7;2025-11-19;18;2663
7;2025-11-19;19;1777
7;2025-11-19;20;1073
7;2025-11-19;21;634
7;2025-11-19;22;323
7;2025-11-19;23;164
7;2025-11-20;0;57
7;2025-11-20;1;8
7;2025-11-20;2;0
7;2025-11-20;3;0
7;2025-11-20;4;1
7;2025-11-20;5;190
7;2025-11-20;6;770
7;2025-11-20;7;1699
7;2025-11-20;8;2633
7;2025-11-20;9;1944
7;2025-11-20;10;1579
7;2025-11-20;11;1453
7;2025-11-20;12;1537
7;2025-11-20;13;1602
7;2025-11-20;14;1698
7;2025-11-20;15;1743
7;2025-11-20;16;1870
7;2025-11-20;17;2377
7;2025-11-20;18;2758
7;2025-11-20;19;1748
7;2025-11-20;20;1047
7;2025-11-20;21;628
7;2025-11-20;22;325
7;2025-11-20;23;183
7;2025-11-21;0;57
7;2025-11-21;1;3
7;2025-11-21;2;0
7;2025-11-21;3;0
7;2025-11-21;4;0
7;2025-11-21;5;179
7;2025-11-21;6;686
7;2025-11-21;7;1654
7;2025-11-21;8;2493
7;2025-11-21;9;1856
7;2025-11-21;10;1576
7;2025-11-21;11;1460
7;2025-11-21;12;1578
7;2025-11-21;13;1701
7;2025-11-21;14;1718
7;2025-11-21;15;1883
7;2025-11-21;16;2151
7;2025-11-21;17;2338
7;2025-11-21;18;2186
7;2025-11-21;19;1533
7;2025-11-21;20;990
7;2025-11-21;21;635
7;2025-11-21;22;340
7;2025-11-21;23;214
7;2025-11-22;0;92
7;2025-11-22;1;24
7;2025-11-22;2;0
7;2025-11-22;3;0
7;2025-11-22;4;1
7;2025-11-22;5;55
7;2025-11-22;6;287
7;2025-11-22;7;478
7;2025-11-22;8;745
7;2025-11-22;9;861
7;2025-11-22;10;908
7;2025-11-22;11;1096
7;2025-11-22;12;1200
7;2025-11-22;13;1217
7;2025-11-22;14;1263
7;2025-11-22;15;1246
7;2025-11-22;16;1199
7;2025-11-22;17;1107
7;2025-11-22;18;1089
7;2025-11-22;19;1040
7;2025-11-22;20;786
7;2025-11-22;21;617
7;2025-11-22;22;315
7;2025-11-22;23;189
7;2025-11-23;0;99
7;2025-11-23;1;20
7;2025-11-23;2;0
7;2025-11-23;3;0
7;2025-11-23;4;0
7;2025-11-23;5;38
7;2025-11-23;6;224
7;2025-11-23;7;323
7;2025-11-23;8;537
7;2025-11-23;9;663
7;2025-11-23;10;763
7;2025-11-23;11;1004
7;2025-11-23;12;1100
7;2025-11-23;13;1216
7;2025-11-23;14;1255
7;2025-11-23;15;1216
7;2025-11-23;16;1121
7;2025-11-23;17;1141
7;2025-11-23;18;957
7;2025-11-23;19;831
7;2025-11-23;20;670
7;2025-11-23;21;492
7;2025-11-23;22;272
7;2025-11-23;23;148
7;2025-11-24;0;54
7;2025-11-24;1;0
7;2025-11-24;2;0
7;2025-11-24;3;0
7;2025-11-24;4;0
7;2025-11-24;5;183
7;2025-11-24;6;765
7;2025-11-24;7;1631
7;2025-11-24;8;2484
7;2025-11-24;9;1893
7;2025-11-24;10;1524
7;2025-11-24;11;1327
7;2025-11-24;12;1433
7;2025-11-24;13;1435
7;2025-11-24;14;1490
7;2025-11-24;15;1656
7;2025-11-24;16;1793
7;2025-11-24;17;2336
7;2025-11-24;18;2593
7;2025-11-24;19;1731
7;2025-11-24;20;1066
7;2025-11-24;21;603
7;2025-11-24;22;289
7;2025-11-24;23;165
7;2025-11-25;0;45
7;2025-11-25;1;6
7;2025-11-25;2;0
7;2025-11-25;3;0
7;2025-11-25;4;0
7;2025-11-25;5;205
7;2025-11-25;6;795
7;2025-11-25;7;1739
7;2025-11-25;8;2536
7;2025-11-25;9;1860
7;2025-11-25;10;1538
7;2025-11-25;11;1456
7;2025-11-25;12;1517
7;2025-11-25;13;1541
7;2025-11-25;14;1573
7;2025-11-25;15;1751
7;2025-11-25;16;1829
7;2025-11-25;17;2364
7;2025-11-25;18;2665
7;2025-11-25;19;1807
7;2025-11-25;20;1073
7;2025-11-25;21;650
7;2025-11-25;22;313
7;2025-11-25;23;160
7;2025-11-26;0;50
7;2025-11-26;1;6
7;2025-11-26;2;0
7;2025-11-26;3;0
7;2025-11-26;4;2
7;2025-11-26;5;188
7;2025-11-26;6;797
7;2025-11-26;7;1668
7;2025-11-26;8;2567
7;2025-11-26;9;1979
7;2025-11-26;10;1646
7;2025-11-26;11;1454
7;2025-11-26;12;1509
7;2025-11-26;13;1519
7;2025-11-26;14;1573
7;2025-11-26;15;1760
7;2025-11-26;16;1844
7;2025-11-26;17;2331
7;2025-11-26;18;2514
7;2025-11-26;19;1745
7;2025-11-26;20;1073
7;2025-11-26;21;672
7;2025-11-26;22;327
7;2025-11-26;23;175
7;2025-11-27;0;57
7;2025-11-27;1;10
7;2025-11-27;2;0
7;2025-11-27;3;0
7;2025-11-27;4;4
7;2025-11-27;5;198
7;2025-11-27;6;820
7;2025-11-27;7;1687
7;2025-11-27;8;2420
7;2025-11-27;9;1897
7;2025-11-27;10;1566
7;2025-11-27;11;1448
7;2025-11-27;12;1518
7;2025-11-27;13;1576
7;2025-11-27;14;1660
7;2025-11-27;15;1729
7;2025-11-27;16;1837
7;2025-11-27;17;2268
7;2025-11-27;18;2578
7;2025-11-27;19;1756
7;2025-11-27;20;1121
7;2025-11-27;21;711
7;2025-11-27;22;344
7;2025-11-27;23;201
7;2025-11-28;0;70
7;2025-11-28;1;16
7;2025-11-28;2;0
7;2025-11-28;3;0
7;2025-11-28;4;2
7;2025-11-28;5;190
7;2025-11-28;6;725
7;2025-11-28;7;1651
7;2025-11-28;8;2338
7;2025-11-28;9;1861
7;2025-11-28;10;1622
7;2025-11-28;11;1523
7;2025-11-28;12;1611
7;2025-11-28;13;1725
7;2025-11-28;14;1749
7;2025-11-28;15;1903
7;2025-11-28;16;2066
7;2025-11-28;17;2230
7;2025-11-28;18;2063
7;2025-11-28;19;1567
7;2025-11-28;20;1081
7;2025-11-28;21;689
7;2025-11-28;22;380
7;2025-11-28;23;240
7;2025-11-29;0;102
7;2025-11-29;1;32
7;2025-11-29;2;0
7;2025-11-29;3;1
7;2025-11-29;4;3
7;2025-11-29;5;66
7;2025-11-29;6;341
7;2025-11-29;7;524
7;2025-11-29;8;813
7;2025-11-29;9;903
7;2025-11-29;10;951
7;2025-11-29;11;1139
7;2025-11-29;12;1247
7;2025-11-29;13;1255
7;2025-11-29;14;1302
7;2025-11-29;15;1275
7;2025-11-29;16;1236
7;2025-11-29;17;1151
7;2025-11-29;18;1115
7;2025-11-29;19;1050
7;2025-11-29;20;825
7;2025-11-29;21;671
7;2025-11-29;22;357
7;2025-11-29;23;218
7;2025-11-30;0;101
7;2025-11-30;1;25
7;2025-11-30;2;0
7;2025-11-30;3;0
7;2025-11-30;4;3
7;2025-11-30;5;52
7;2025-11-30;6;258
7;2025-11-30;7;372
7;2025-11-30;8;581
7;2025-11-30;9;724
7;2025-11-30;10;819
7;2025-11-30;11;997
7;2025-11-30;12;1058
7;2025-11-30;13;1128
7;2025-11-30;14;1161
7;2025-11-30;15;1138
7;2025-11-30;16;1076
7;2025-11-30;17;1086
7;2025-11-30;18;953
7;2025-11-30;19;838
7;2025-11-30;20;741
7;2025-11-30;21;572
7;2025-11-30;22;324
7;2025-11-30;23;186
7;2025-12-01;0;64
7;2025-12-01;1;0
7;2025-12-01;2;0
7;2025-12-01;3;0
7;2025-12-01;4;3
7;2025-12-01;5;217
7;2025-12-01;6;850
7;2025-12-01;7;1683
7;2025-12-01;8;2376
7;2025-12-01;9;1885
7;2025-12-01;10;1536
7;2025-12-01;11;1404
7;2025-12-01;12;1498
7;2025-12-01;13;1511
7;2025-12-01;14;1567
7;2025-12-01;15;1699
7;2025-12-01;16;1855
7;2025-12-01;17;2255
7;2025-12-01;18;2524
7;2025-12-01;19;1787
7;2025-12-01;20;1151
7;2025-12-01;21;642
7;2025-12-01;22;333
7;2025-12-01;23;185
7;2025-12-02;0;45
7;2025-12-02;1;4
7;2025-12-02;2;0
7;2025-12-02;3;0
7;2025-12-02;4;5
7;2025-12-02;5;237
7;2025-12-02;6;841
7;2025-12-02;7;1782
7;2025-12-02;8;2447
7;2025-12-02;9;1886
7;2025-12-02;10;1589
7;2025-12-02;11;1520
7;2025-12-02;12;1571
7;2025-12-02;13;1590
7;2025-12-02;14;1631
7;2025-12-02;15;1775
7;2025-12-02;16;1849
7;2025-12-02;17;2275
7;2025-12-02;18;2576
7;2025-12-02;19;1855
7;2025-12-02;20;1127
7;2025-12-02;21;722
7;2025-12-02;22;372
7;2025-12-02;23;187
7;2025-12-03;0;55
7;2025-12-03;1;7
7;2025-12-03;2;0
7;2025-12-03;3;0
7;2025-12-03;4;5
7;2025-12-03;5;218
7;2025-12-03;6;820
7;2025-12-03;7;1688
7;2025-12-03;8;2632
7;2025-12-03;9;2013
7;2025-12-03;10;1696
7;2025-12-03;11;1542
7;2025-12-03;12;1597
7;2025-12-03;13;1595
7;2025-12-03;14;1648
7;2025-12-03;15;1837
7;2025-12-03;16;1924
7;2025-12-03;17;2416
7;2025-12-03;18;2620
7;2025-12-03;19;1812
7;2025-12-03;20;1166
7;2025-12-03;21;717
7;2025-12-03;22;387
7;2025-12-03;23;213
7;2025-12-04;0;62
7;2025-12-04;1;0
7;2025-12-04;2;0
7;2025-12-04;3;0
7;2025-12-04;4;5
7;2025-12-04;5;224
7;2025-12-04;6;821
7;2025-12-04;7;1710
7;2025-12-04;8;2530
7;2025-12-04;9;1898
7;2025-12-04;10;1590
7;2025-12-04;11;1481
7;2025-12-04;12;1557
7;2025-12-04;13;1602
7;2025-12-04;14;1678
7;2025-12-04;15;1739
7;2025-12-04;16;1862
7;2025-12-04;17;2331
7;2025-12-04;18;2676
7;2025-12-04;19;1768
7;2025-12-04;20;1166
7;2025-12-04;21;736
7;2025-12-04;22;370
7;2025-12-04;23;221
7;2025-12-05;0;72
7;2025-12-05;1;0
7;2025-12-05;2;0
7;2025-12-05;3;0
7;2025-12-05;4;4
7;2025-12-05;5;219
7;2025-12-05;6;722
7;2025-12-05;7;1658
7;2025-12-05;8;2429
7;2025-12-05;9;1845
7;2025-12-05;10;1614
7;2025-12-05;11;1517
7;2025-12-05;12;1609
7;2025-12-05;13;1692
7;2025-12-05;14;1727
7;2025-12-05;15;1882
7;2025-12-05;16;2112
7;2025-12-05;17;2288
7;2025-12-05;18;2147
7;2025-12-05;19;1582
7;2025-12-05;20;1102
7;2025-12-05;21;710
7;2025-12-05;22;393
7;2025-12-05;23;262
7;2025-12-06;0;96
7;2025-12-06;1;7
7;2025-12-06;2;0
7;2025-12-06;3;1
7;2025-12-06;4;4
7;2025-12-06;5;74
7;2025-12-06;6;338
7;2025-12-06;7;527
7;2025-12-06;8;799
7;2025-12-06;9;885
7;2025-12-06;10;926
7;2025-12-06;11;1103
7;2025-12-06;12;1234
7;2025-12-06;13;1231
7;2025-12-06;14;1266
7;2025-12-06;15;1257
7;2025-12-06;16;1204
7;2025-12-06;17;1112
7;2025-12-06;18;1099
7;2025-12-06;19;1038
7;2025-12-06;20;825
7;2025-12-06;21;665
7;2025-12-06;22;368
7;2025-12-06;23;234
7;2025-12-07;0;112
7;2025-12-07;1;27
7;2025-12-07;2;0
7;2025-12-07;3;1
7;2025-12-07;4;3
7;2025-12-07;5;46
7;2025-12-07;6;230
7;2025-12-07;7;341
7;2025-12-07;8;567
7;2025-12-07;9;696
7;2025-12-07;10;786
7;2025-12-07;11;958
7;2025-12-07;12;1028
7;2025-12-07;13;1111
7;2025-12-07;14;1141
7;2025-12-07;15;1126
7;2025-12-07;16;1033
7;2025-12-07;17;1069
7;2025-12-07;18;918
7;2025-12-07;19;814
7;2025-12-07;20;704
7;2025-12-07;21;535
7;2025-12-07;22;298
7;2025-12-07;23;172
7;2025-12-08;0;73
7;2025-12-08;1;16
7;2025-12-08;2;0
7;2025-12-08;3;0
7;2025-12-08;4;3
7;2025-12-08;5;216
7;2025-12-08;6;807
7;2025-12-08;7;1673
7;2025-12-08;8;2504
7;2025-12-08;9;1898
7;2025-12-08;10;1578
7;2025-12-08;11;1427
7;2025-12-08;12;1535
7;2025-12-08;13;1514
7;2025-12-08;14;1565
7;2025-12-08;15;1729
7;2025-12-08;16;1862
7;2025-12-08;17;2356
7;2025-12-08;18;2626
7;2025-12-08;19;1792
7;2025-12-08;20;1129
7;2025-12-08;21;614
7;2025-12-08;22;306
7;2025-12-08;23;189
7;2025-12-09;0;57
7;2025-12-09;1;14
7;2025-12-09;2;0
7;2025-12-09;3;0
7;2025-12-09;4;4
7;2025-12-09;5;231
7;2025-12-09;6;806
7;2025-12-09;7;1792
7;2025-12-09;8;2579
7;2025-12-09;9;1921
7;2025-12-09;10;1632
7;2025-12-09;11;1552
7;2025-12-09;12;1620
7;2025-12-09;13;1614
7;2025-12-09;14;1662
7;2025-12-09;15;1829
7;2025-12-09;16;1899
7;2025-12-09;17;2387
7;2025-12-09;18;2679
7;2025-12-09;19;1889
7;2025-12-09;20;1146
7;2025-12-09;21;694
7;2025-12-09;22;350
7;2025-12-09;23;186
7;2025-12-10;0;60
7;2025-12-10;1;11
7;2025-12-10;2;0
7;2025-12-10;3;0
7;2025-12-10;4;2
7;2025-12-10;5;214
7;2025-12-10;6;797
7;2025-12-10;7;1690
7;2025-12-10;8;2702
7;2025-12-10;9;2059
7;2025-12-10;10;1715
7;2025-12-10;11;1537
7;2025-12-10;12;1589
7;2025-12-10;13;1587
7;2025-12-10;14;1651
7;2025-12-10;15;1857
7;2025-12-10;16;1920
7;2025-12-10;17;2505
7;2025-12-10;18;2654
7;2025-12-10;19;1808
7;2025-12-10;20;1133
7;2025-12-10;21;667
7;2025-12-10;22;353
7;2025-12-10;23;198
7;2025-12-11;0;69
7;2025-12-11;1;17
7;2025-12-11;2;0
7;2025-12-11;3;0
7;2025-12-11;4;2
7;2025-12-11;5;206
7;2025-12-11;6;800
7;2025-12-11;7;1696
7;2025-12-11;8;2566
7;2025-12-11;9;1925
7;2025-12-11;10;1599
7;2025-12-11;11;1486
7;2025-12-11;12;1546
7;2025-12-11;13;1590
7;2025-12-11;14;1706
7;2025-12-11;15;1743
7;2025-12-11;16;1850
7;2025-12-11;17;2342
7;2025-12-11;18;2671
7;2025-12-11;19;1746
7;2025-12-11;20;1093
7;2025-12-11;21;703
7;2025-12-11;22;351
7;2025-12-11;23;209
7;2025-12-12;0;69
7;2025-12-12;1;0
7;2025-12-12;2;0
7;2025-12-12;3;0
7;2025-12-12;4;3
7;2025-12-12;5;209
7;2025-12-12;6;699
7;2025-12-12;7;1643
7;2025-12-12;8;2477
7;2025-12-12;9;1871
7;2025-12-12;10;1637
7;2025-12-12;11;1529
7;2025-12-12;12;1621
7;2025-12-12;13;1699
7;2025-12-12;14;1726
7;2025-12-12;15;1862
7;2025-12-12;16;2126
7;2025-12-12;17;2350
7;2025-12-12;18;2184
7;2025-12-12;19;1619
7;2025-12-12;20;1071
7;2025-12-12;21;707
7;2025-12-12;22;383
7;2025-12-12;23;230
7;2025-12-13;0;101
7;2025-12-13;1;12
7;2025-12-13;2;0
7;2025-12-13;3;1
7;2025-12-13;4;0
7;2025-12-13;5;68
7;2025-12-13;6;335
7;2025-12-13;7;516
7;2025-12-13;8;833
7;2025-12-13;9;934
7;2025-12-13;10;995
7;2025-12-13;11;1162
7;2025-12-13;12;1272
7;2025-12-13;13;1268
7;2025-12-13;14;1299
7;2025-12-13;15;1271
7;2025-12-13;16;1236
7;2025-12-13;17;1174
7;2025-12-13;18;1158
7;2025-12-13;19;1132
7;2025-12-13;20;873
7;2025-12-13;21;685
7;2025-12-13;22;347
7;2025-12-13;23;207
7;2025-12-14;0;95
7;2025-12-14;1;17
7;2025-12-14;2;1
7;2025-12-14;3;0
7;2025-12-14;4;0
7;2025-12-14;5;40
7;2025-12-14;6;216
7;2025-12-14;7;324
7;2025-12-14;8;544
7;2025-12-14;9;696
7;2025-12-14;10;765
7;2025-12-14;11;936
7;2025-12-14;12;1013
7;2025-12-14;13;1106
7;2025-12-14;14;1134
7;2025-12-14;15;1107
7;2025-12-14;16;1036
7;2025-12-14;17;1090
7;2025-12-14;18;951
7;2025-12-14;19;843
7;2025-12-14;20;702
7;2025-12-14;21;509
7;2025-12-14;22;286
7;2025-12-14;23;160
7;2025-12-15;0;68
7;2025-12-15;1;12
7;2025-12-15;2;0
7;2025-12-15;3;0
7;2025-12-15;4;0
7;2025-12-15;5;202
7;2025-12-15;6;794
7;2025-12-15;7;1646
7;2025-12-15;8;2496
7;2025-12-15;9;1896
7;2025-12-15;10;1527
7;2025-12-15;11;1389
7;2025-12-15;12;1474
7;2025-12-15;13;1466
7;2025-12-15;14;1536
7;2025-12-15;15;1710
7;2025-12-15;16;1851
7;2025-12-15;17;2371
7;2025-12-15;18;2612
7;2025-12-15;19;1761
7;2025-12-15;20;1076
7;2025-12-15;21;602
7;2025-12-15;22;287
7;2025-12-15;23;173
7;2025-12-16;0;49
7;2025-12-16;1;10
7;2025-12-16;2;0
7;2025-12-16;3;0
7;2025-12-16;4;2
7;2025-12-16;5;213
7;2025-12-16;6;782
7;2025-12-16;7;1751
7;2025-12-16;8;2562
7;2025-12-16;9;1902
7;2025-12-16;10;1613
7;2025-12-16;11;1531
7;2025-12-16;12;1593
7;2025-12-16;13;1594
7;2025-12-16;14;1652
7;2025-12-16;15;1838
7;2025-12-16;16;1884
7;2025-12-16;17;2400
7;2025-12-16;18;2683
7;2025-12-16;19;1872
7;2025-12-16;20;1105
7;2025-12-16;21;678
7;2025-12-16;22;336
7;2025-12-16;23;177
7;2025-12-17;0;57
7;2025-12-17;1;0
7;2025-12-17;2;0
7;2025-12-17;3;0
7;2025-12-17;4;1
7;2025-12-17;5;209
7;2025-12-17;6;777
7;2025-12-17;7;1673
7;2025-12-17;8;2682
7;2025-12-17;9;2050
7;2025-12-17;10;1716
7;2025-12-17;11;1537
7;2025-12-17;12;1594
7;2025-12-17;13;1593
7;2025-12-17;14;1658
7;2025-12-17;15;1856
7;2025-12-17;16;1916
7;2025-12-17;17;2508
7;2025-12-17;18;2642
7;2025-12-17;19;1789
7;2025-12-17;20;1102
7;2025-12-17;21;660
7;2025-12-17;22;339
7;2025-12-17;23;190
7;2025-12-18;0;59
7;2025-12-18;1;13
7;2025-12-18;2;0
7;2025-12-18;3;0
7;2025-12-18;4;1
7;2025-12-18;5;200
7;2025-12-18;6;789
7;2025-12-18;7;1685
7;2025-12-18;8;2573
7;2025-12-18;9;1912
7;2025-12-18;10;1591
7;2025-12-18;11;1483
7;2025-12-18;12;1555
7;2025-12-18;13;1586
7;2025-12-18;14;1694
7;2025-12-18;15;1764
7;2025-12-18;16;1869
7;2025-12-18;17;2386
7;2025-12-18;18;2719
7;2025-12-18;19;1750
7;2025-12-18;20;1101
7;2025-12-18;21;690
7;2025-12-18;22;330
7;2025-12-18;23;201
7;2025-12-19;0;71
7;2025-12-19;1;2
7;2025-12-19;2;0
7;2025-12-19;3;0
7;2025-12-19;4;3
7;2025-12-19;5;212
7;2025-12-19;6;701
7;2025-12-19;7;1640
7;2025-12-19;8;2476
7;2025-12-19;9;1873
7;2025-12-19;10;1624
7;2025-12-19;11;1531
7;2025-12-19;12;1635
7;2025-12-19;13;1707
7;2025-12-19;14;1751
7;2025-12-19;15;1914
7;2025-12-19;16;2160
7;2025-12-19;17;2374
7;2025-12-19;18;2168
7;2025-12-19;19;1542
7;2025-12-19;20;1047
7;2025-12-19;21;670
7;2025-12-19;22;355
7;2025-12-19;23;233
7;2025-12-20;0;97
7;2025-12-20;1;24
7;2025-12-20;2;0
7;2025-12-20;3;0
7;2025-12-20;4;1
7;2025-12-20;5;65
7;2025-12-20;6;326
7;2025-12-20;7;518
7;2025-12-20;8;793
7;2025-12-20;9;889
7;2025-12-20;10;915
7;2025-12-20;11;1094
7;2025-12-20;12;1225
7;2025-12-20;13;1210
7;2025-12-20;14;1256
7;2025-12-20;15;1245
7;2025-12-20;16;1178
7;2025-12-20;17;1094
7;2025-12-20;18;1046
7;2025-12-20;19;1002
7;2025-12-20;20;795
7;2025-12-20;21;646
7;2025-12-20;22;343
7;2025-12-20;23;214
7;2025-12-21;0;93
7;2025-12-21;1;20
7;2025-12-21;2;0
7;2025-12-21;3;0
7;2025-12-21;4;1
7;2025-12-21;5;42
7;2025-12-21;6;215
7;2025-12-21;7;342
7;2025-12-21;8;551
7;2025-12-21;9;682
7;2025-12-21;10;753
7;2025-12-21;11;922
7;2025-12-21;12;986
7;2025-12-21;13;1072
7;2025-12-21;14;1095
7;2025-12-21;15;1090
7;2025-12-21;16;998
7;2025-12-21;17;1027
7;2025-12-21;18;870
7;2025-12-21;19;782
7;2025-12-21;20;673
7;2025-12-21;21;504
7;2025-12-21;22;274
7;2025-12-21;23;161
7;2025-12-22;0;72
7;2025-12-22;1;11
7;2025-12-22;2;0
7;2025-12-22;3;0
7;2025-12-22;4;2
7;2025-12-22;5;215
7;2025-12-22;6;786
7;2025-12-22;7;1663
7;2025-12-22;8;2513
7;2025-12-22;9;1912
7;2025-12-22;10;1591
7;2025-12-22;11;1409
7;2025-12-22;12;1512
7;2025-12-22;13;1493
7;2025-12-22;14;1552
7;2025-12-22;15;1727
7;2025-12-22;16;1871
7;2025-12-22;17;2370
7;2025-12-22;18;2626
7;2025-12-22;19;1816
7;2025-12-22;20;1135
7;2025-12-22;21;625
7;2025-12-22;22;286
7;2025-12-22;23;163
7;2025-12-23;0;49
7;2025-12-23;1;4
7;2025-12-23;2;0
7;2025-12-23;3;0
7;2025-12-23;4;0
7;2025-12-23;5;219
7;2025-12-23;6;787
7;2025-12-23;7;1770
7;2025-12-23;8;2545
7;2025-12-23;9;1915
7;2025-12-23;10;1598
7;2025-12-23;11;1517
7;2025-12-23;12;1584
7;2025-12-23;13;1564
7;2025-12-23;14;1624
7;2025-12-23;15;1811
7;2025-12-23;16;1868
7;2025-12-23;17;2390
7;2025-12-23;18;2674
7;2025-12-23;19;1889
7;2025-12-23;20;1131
7;2025-12-23;21;683
7;2025-12-23;22;324
7;2025-12-23;23;167
7;2025-12-24;0;53
7;2025-12-24;1;6
7;2025-12-24;2;0
7;2025-12-24;3;0
7;2025-12-24;4;1
7;2025-12-24;5;203
7;2025-12-24;6;777
7;2025-12-24;7;1658
7;2025-12-24;8;2654
7;2025-12-24;9;2035
7;2025-12-24;10;1688
7;2025-12-24;11;1517
7;2025-12-24;12;1583
7;2025-12-24;13;1571
7;2025-12-24;14;1628
7;2025-12-24;15;1840
7;2025-12-24;16;1898
7;2025-12-24;17;2486
7;2025-12-24;18;2638
7;2025-12-24;19;1795
7;2025-12-24;20;1098
7;2025-12-24;21;655
7;2025-12-24;22;338
7;2025-12-24;23;188
7;2025-12-25;0;56
7;2025-12-25;1;13
7;2025-12-25;2;0
7;2025-12-25;3;0
7;2025-12-25;4;0
7;2025-12-25;5;193
7;2025-12-25;6;771
7;2025-12-25;7;1648
7;2025-12-25;8;2542
7;2025-12-25;9;1907
7;2025-12-25;10;1580
7;2025-12-25;11;1463
7;2025-12-25;12;1526
7;2025-12-25;13;1555
7;2025-12-25;14;1669
7;2025-12-25;15;1729
7;2025-12-25;16;1846
7;2025-12-25;17;2347
7;2025-12-25;18;2633
7;2025-12-25;19;1719
7;2025-12-25;20;1057
7;2025-12-25;21;669
7;2025-12-25;22;326
7;2025-12-25;23;184
7;2025-12-26;0;56
7;2025-12-26;1;5
7;2025-12-26;2;0
7;2025-12-26;3;0
7;2025-12-26;4;1
7;2025-12-26;5;214
7;2025-12-26;6;699
7;2025-12-26;7;1634
7;2025-12-26;8;2442
7;2025-12-26;9;1900
7;2025-12-26;10;1674
7;2025-12-26;11;1525
7;2025-12-26;12;1624
7;2025-12-26;13;1716
7;2025-12-26;14;1749
7;2025-12-26;15;1897
7;2025-12-26;16;2130
7;2025-12-26;17;2321
7;2025-12-26;18;2144
7;2025-12-26;19;1551
7;2025-12-26;20;1061
7;2025-12-26;21;684
7;2025-12-26;22;382
7;2025-12-26;23;242
7;2025-12-27;0;103
7;2025-12-27;1;19
7;2025-12-27;2;0
7;2025-12-27;3;1
7;2025-12-27;4;3
7;2025-12-27;5;71
7;2025-12-27;6;321
7;2025-12-27;7;509
7;2025-12-27;8;802
7;2025-12-27;9;870
7;2025-12-27;10;917
7;2025-12-27;11;1083
7;2025-12-27;12;1201
7;2025-12-27;13;1174
7;2025-12-27;14;1210
7;2025-12-27;15;1223
7;2025-12-27;16;1152
7;2025-12-27;17;1078
7;2025-12-27;18;1027
7;2025-12-27;19;996
7;2025-12-27;20;775
7;2025-12-27;21;640
7;2025-12-27;22;337
7;2025-12-27;23;208
7;2025-12-28;0;102
7;2025-12-28;1;24
7;2025-12-28;2;0
7;2025-12-28;3;0
7;2025-12-28;4;1
7;2025-12-28;5;42
7;2025-12-28;6;214
7;2025-12-28;7;339
7;2025-12-28;8;548
7;2025-12-28;9;676
7;2025-12-28;10;746
7;2025-12-28;11;889
7;2025-12-28;12;957
7;2025-12-28;13;1049
7;2025-12-28;14;1057
7;2025-12-28;15;1068
7;2025-12-28;16;979
7;2025-12-28;17;1027
7;2025-12-28;18;865
7;2025-12-28;19;776
7;2025-12-28;20;659
7;2025-12-28;21;524
7;2025-12-28;22;287
7;2025-12-28;23;171
7;2025-12-29;0;78
7;2025-12-29;1;17
7;2025-12-29;2;0
7;2025-12-29;3;0
7;2025-12-29;4;2
7;2025-12-29;5;211
7;2025-12-29;6;773
7;2025-12-29;7;1624
7;2025-12-29;8;2447
7;2025-12-29;9;1908
7;2025-12-29;10;1594
7;2025-12-29;11;1425
7;2025-12-29;12;1529
7;2025-12-29;13;1523
7;2025-12-29;14;1579
7;2025-12-29;15;1731
7;2025-12-29;16;1865
7;2025-12-29;17;2345
7;2025-12-29;18;2572
7;2025-12-29;19;1806
7;2025-12-29;20;1134
7;2025-12-29;21;627
7;2025-12-29;22;310
7;2025-12-29;23;189
7;2025-12-30;0;61
7;2025-12-30;1;16
7;2025-12-30;2;0
7;2025-12-30;3;0
7;2025-12-30;4;2
7;2025-12-30;5;220
7;2025-12-30;6;761
7;2025-12-30;7;1720
7;2025-12-30;8;2457
7;2025-12-30;9;1904
7;2025-12-30;10;1640
7;2025-12-30;11;1546
7;2025-12-30;12;1619
7;2025-12-30;13;1620
7;2025-12-30;14;1681
7;2025-12-30;15;1825
7;2025-12-30;16;1874
7;2025-12-30;17;2337
7;2025-12-30;18;2599
7;2025-12-30;19;1872
7;2025-12-30;20;1125
7;2025-12-30;21;677
7;2025-12-30;22;351
7;2025-12-30;23;193
7;2025-12-31;0;33
7;2025-12-31;1;0
7;2025-12-31;2;2
7;2025-12-31;3;0
7;2025-12-31;4;0
7;2025-12-31;5;70
7;2025-12-31;6;203
7;2025-12-31;7;287
7;2025-12-31;8;404
7;2025-12-31;9;492
7;2025-12-31;10;497
7;2025-12-31;11;527
7;2025-12-31;12;711
7;2025-12-31;13;669
7;2025-12-31;14;740
7;2025-12-31;15;766
7;2025-12-31;16;735
7;2025-12-31;17;772
7;2025-12-31;18;644
7;2025-12-31;19;622
7;2025-12-31;20;492
7;2025-12-31;21;325
7;2025-12-31;22;246
7;2025-12-31;23;134
11;2025-11-01;0;97
11;2025-11-01;1;1
11;2025-11-01;2;0
11;2025-11-01;3;0
11;2025-11-01;4;0
11;2025-11-01;5;178
11;2025-11-01;6;807
11;2025-11-01;7;686
11;2025-11-01;8;983
11;2025-11-01;9;1155
11;2025-11-01;10;1316
11;2025-11-01;11;1686
11;2025-11-01;12;1954
11;2025-11-01;13;1839
11;2025-11-01;14;1920
11;2025-11-01;15;1832
11;2025-11-01;16;1853
11;2025-11-01;17;1848
11;2025-11-01;18;1479
11;2025-11-01;19;1431
11;2025-11-01;20;1024
11;2025-11-01;21;743
11;2025-11-01;22;405
11;2025-11-01;23;308
11;2025-11-02;0;113
11;2025-11-02;1;15
11;2025-11-02;2;0
11;2025-11-02;3;0
11;2025-11-02;4;6
11;2025-11-02;5;137
11;2025-11-02;6;468
11;2025-11-02;7;486
11;2025-11-02;8;612
11;2025-11-02;9;803
11;2025-11-02;10;852
11;2025-11-02;11;1250
11;2025-11-02;12;1364
11;2025-11-02;13;1381
11;2025-11-02;14;1531
11;2025-11-02;15;1578
11;2025-11-02;16;1527
11;2025-11-02;17;1579
11;2025-11-02;18;1304
11;2025-11-02;19;1002
11;2025-11-02;20;910
11;2025-11-02;21;642
11;2025-11-02;22;362
11;2025-11-02;23;252
11;2025-11-03;0;74
11;2025-11-03;1;3
11;2025-11-03;2;0
11;2025-11-03;3;0
11;2025-11-03;4;0
11;2025-11-03;5;230
11;2025-11-03;6;709
11;2025-11-03;7;703
11;2025-11-03;8;910
11;2025-11-03;9;887
11;2025-11-03;10;821
11;2025-11-03;11;1019
11;2025-11-03;12;930
11;2025-11-03;13;1049
11;2025-11-03;14;1055
11;2025-11-03;15;1081
11;2025-11-03;16;1239
11;2025-11-03;17;1296
11;2025-11-03;18;1338
11;2025-11-03;19;1253
11;2025-11-03;20;1042
11;2025-11-03;21;687
11;2025-11-03;22;380
11;2025-11-03;23;221
11;2025-11-04;0;65
11;2025-11-04;1;1
11;2025-11-04;2;0
11;2025-11-04;3;0
11;2025-11-04;4;1
11;2025-11-04;5;209
11;2025-11-04;6;660
11;2025-11-04;7;682
11;2025-11-04;8;800
11;2025-11-04;9;851
11;2025-11-04;10;773
11;2025-11-04;11;940
11;2025-11-04;12;900
11;2025-11-04;13;1080
11;2025-11-04;14;1310
11;2025-11-04;15;1296
11;2025-11-04;16;1285
11;2025-11-04;17;1364
11;2025-11-04;18;1325
11;2025-11-04;19;1225
11;2025-11-04;20;1043
11;2025-11-04;21;755
11;2025-11-04;22;397
11;2025-11-04;23;232
11;2025-11-05;0;65
11;2025-11-05;1;1
11;2025-11-05;2;0
11;2025-11-05;3;0
11;2025-11-05;4;1
11;2025-11-05;5;293
11;2025-11-05;6;1384
11;2025-11-05;7;2428
11;2025-11-05;8;3186
11;2025-11-05;9;2403
11;2025-11-05;10;1855
11;2025-11-05;11;1860
11;2025-11-05;12;1968
11;2025-11-05;13;2114
11;2025-11-05;14;2090
11;2025-11-05;15;2217
11;2025-11-05;16;2330
11;2025-11-05;17;2889
11;2025-11-05;18;3179
11;2025-11-05;19;2379
11;2025-11-05;20;1545
11;2025-11-05;21;908
11;2025-11-05;22;444
11;2025-11-05;23;239
11;2025-11-06;0;64
11;2025-11-06;1;1
11;2025-11-06;2;0
11;2025-11-06;3;0
11;2025-11-06;4;1
11;2025-11-06;5;290
11;2025-11-06;6;1346
11;2025-11-06;7;2362
11;2025-11-06;8;3009
11;2025-11-06;9;2437
11;2025-11-06;10;1939
11;2025-11-06;11;1735
11;2025-11-06;12;1880
11;2025-11-06;13;2062
11;2025-11-06;14;2041
11;2025-11-06;15;2100
11;2025-11-06;16;2279
11;2025-11-06;17;2831
11;2025-11-06;18;3183
11;2025-11-06;19;2299
11;2025-11-06;20;1454
11;2025-11-06;21;905
11;2025-11-06;22;474
11;2025-11-06;23;234
11;2025-11-07;0;72
11;2025-11-07;1;2
11;2025-11-07;2;0
11;2025-11-07;3;0
11;2025-11-07;4;2
11;2025-11-07;5;278
11;2025-11-07;6;1339
11;2025-11-07;7;2373
11;2025-11-07;8;2995
11;2025-11-07;9;2321
11;2025-11-07;10;1838
11;2025-11-07;11;1802
11;2025-11-07;12;1858
11;2025-11-07;13;1999
11;2025-11-07;14;2076
11;2025-11-07;15;2342
11;2025-11-07;16;2593
11;2025-11-07;17;2966
11;2025-11-07;18;2645
11;2025-11-07;19;2121
11;2025-11-07;20;1441
11;2025-11-07;21;897
11;2025-11-07;22;476
11;2025-11-07;23;295
11;2025-11-08;0;100
11;2025-11-08;1;2
11;2025-11-08;2;0
11;2025-11-08;3;0
11;2025-11-08;4;4
11;2025-11-08;5;207
11;2025-11-08;6;798
11;2025-11-08;7;693
11;2025-11-08;8;988
11;2025-11-08;9;1157
11;2025-11-08;10;1253
11;2025-11-08;11;1644
11;2025-11-08;12;1911
11;2025-11-08;13;1797
11;2025-11-08;14;1864
11;2025-11-08;15;1903
11;2025-11-08;16;1901
11;2025-11-08;17;1913
11;2025-11-08;18;1602
11;2025-11-08;19;1518
11;2025-11-08;20;1092
11;2025-11-08;21;801
11;2025-11-08;22;456
11;2025-11-08;23;324
11;2025-11-09;0;115
11;2025-11-09;1;17
11;2025-11-09;2;0
11;2025-11-09;3;0
11;2025-11-09;4;4
11;2025-11-09;5;131
11;2025-11-09;6;538
11;2025-11-09;7;534
11;2025-11-09;8;657
11;2025-11-09;9;929
11;2025-11-09;10;1026
11;2025-11-09;11;1443
11;2025-11-09;12;1581
11;2025-11-09;13;1522
11;2025-11-09;14;1615
11;2025-11-09;15;1674
11;2025-11-09;16;1610
11;2025-11-09;17;1688
11;2025-11-09;18;1301
11;2025-11-09;19;1064
11;2025-11-09;20;869
11;2025-11-09;21;628
11;2025-11-09;22;392
11;2025-11-09;23;254
11;2025-11-10;0;77
11;2025-11-10;1;8
11;2025-11-10;2;0
11;2025-11-10;3;0
11;2025-11-10;4;4
11;2025-11-10;5;309
11;2025-11-10;6;1396
11;2025-11-10;7;2516
11;2025-11-10;8;3247
11;2025-11-10;9;2512
11;2025-11-10;10;1851
11;2025-11-10;11;1872
11;2025-11-10;12;1797
11;2025-11-10;13;1990
11;2025-11-10;14;1978
11;2025-11-10;15;2204
11;2025-11-10;16;2425
11;2025-11-10;17;2984
11;2025-11-10;18;3292
11;2025-11-10;19;2484
11;2025-11-10;20;1501
11;2025-11-10;21;890
11;2025-11-10;22;463
11;2025-11-10;23;230
11;2025-11-11;0;64
11;2025-11-11;1;2
11;2025-11-11;2;0
11;2025-11-11;3;0
11;2025-11-11;4;4
11;2025-11-11;5;294
11;2025-11-11;6;1420
11;2025-11-11;7;2593
11;2025-11-11;8;3399
11;2025-11-11;9;2600
11;2025-11-11;10;1925
11;2025-11-11;11;1900
11;2025-11-11;12;1905
11;2025-11-11;13;2093
11;2025-11-11;14;2126
11;2025-11-11;15;2237
11;2025-11-11;16;2457
11;2025-11-11;17;3053
11;2025-11-11;18;3271
11;2025-11-11;19;2474
11;2025-11-11;20;1555
11;2025-11-11;21;904
11;2025-11-11;22;466
11;2025-11-11;23;238
11;2025-11-12;0;70
11;2025-11-12;1;2
11;2025-11-12;2;0
11;2025-11-12;3;0
11;2025-11-12;4;4
11;2025-11-12;5;309
11;2025-11-12;6;1363
11;2025-11-12;7;2543
11;2025-11-12;8;3363
11;2025-11-12;9;2502
11;2025-11-12;10;1915
11;2025-11-12;11;1887
11;2025-11-12;12;1981
11;2025-11-12;13;2110
11;2025-11-12;14;2105
11;2025-11-12;15;2236
11;2025-11-12;16;2372
11;2025-11-12;17;2976
11;2025-11-12;18;3282
11;2025-11-12;19;2433
11;2025-11-12;20;1568
11;2025-11-12;21;910
11;2025-11-12;22;472
11;2025-11-12;23;260
11;2025-11-13;0;73
11;2025-11-13;1;2
11;2025-11-13;2;0
11;2025-11-13;3;0
11;2025-11-13;4;3
11;2025-11-13;5;299
11;2025-11-13;6;1408
11;2025-11-13;7;2507
11;2025-11-13;8;3226
11;2025-11-13;9;2594
11;2025-11-13;10;2095
11;2025-11-13;11;1933
11;2025-11-13;12;2024
11;2025-11-13;13;2187
11;2025-11-13;14;2183
11;2025-11-13;15;2269
11;2025-11-13;16;2463
11;2025-11-13;17;3013
11;2025-11-13;18;3383
11;2025-11-13;19;2411
11;2025-11-13;20;1533
11;2025-11-13;21;947
11;2025-11-13;22;512
11;2025-11-13;23;259
11;2025-11-14;0;79
11;2025-11-14;1;5
11;2025-11-14;2;0
11;2025-11-14;3;0
11;2025-11-14;4;4
11;2025-11-14;5;304
11;2025-11-14;6;1357
11;2025-11-14;7;2461
11;2025-11-14;8;3069
11;2025-11-14;9;2437
11;2025-11-14;10;1912
11;2025-11-14;11;1895
11;2025-11-14;12;1981
11;2025-11-14;13;2082
11;2025-11-14;14;2170
11;2025-11-14;15;2413
11;2025-11-14;16;2627
11;2025-11-14;17;3000
11;2025-11-14;18;2725
11;2025-11-14;19;2165
11;2025-11-14;20;1487
11;2025-11-14;21;909
11;2025-11-14;22;492
11;2025-11-14;23;298
11;2025-11-15;0;91
11;2025-11-15;1;5
11;2025-11-15;2;0
11;2025-11-15;3;0
11;2025-11-15;4;4
11;2025-11-15;5;178
11;2025-11-15;6;694
11;2025-11-15;7;622
11;2025-11-15;8;899
11;2025-11-15;9;1062
11;2025-11-15;10;1107
11;2025-11-15;11;1525
11;2025-11-15;12;1767
11;2025-11-15;13;1721
11;2025-11-15;14;1830
11;2025-11-15;15;1830
11;2025-11-15;16;1819
11;2025-11-15;17;1766
11;2025-11-15;18;1429
11;2025-11-15;19;1404
11;2025-11-15;20;1067
11;2025-11-15;21;757
11;2025-11-15;22;429
11;2025-11-15;23;281
11;2025-11-16;0;96
11;2025-11-16;1;7
11;2025-11-16;2;0
11;2025-11-16;3;0
11;2025-11-16;4;0
11;2025-11-16;5;112
11;2025-11-16;6;434
11;2025-11-16;7;472
11;2025-11-16;8;567
11;2025-11-16;9;866
11;2025-11-16;10;978
11;2025-11-16;11;1437
11;2025-11-16;12;1571
11;2025-11-16;13;1519
11;2025-11-16;14;1578
11;2025-11-16;15;1598
11;2025-11-16;16;1493
11;2025-11-16;17;1549
11;2025-11-16;18;1154
11;2025-11-16;19;924
11;2025-11-16;20;765
11;2025-11-16;21;564
11;2025-11-16;22;337
11;2025-11-16;23;205
11;2025-11-17;0;68
11;2025-11-17;1;3
11;2025-11-17;2;0
11;2025-11-17;3;0
11;2025-11-17;4;7
11;2025-11-17;5;294
11;2025-11-17;6;1266
11;2025-11-17;7;2428
11;2025-11-17;8;3148
11;2025-11-17;9;2397
11;2025-11-17;10;1737
11;2025-11-17;11;1743
11;2025-11-17;12;1635
11;2025-11-17;13;1766
11;2025-11-17;14;1788
11;2025-11-17;15;2035
11;2025-11-17;16;2305
11;2025-11-17;17;2932
11;2025-11-17;18;3266
11;2025-11-17;19;2407
11;2025-11-17;20;1439
11;2025-11-17;21;809
11;2025-11-17;22;427
11;2025-11-17;23;199
11;2025-11-18;0;60
11;2025-11-18;1;2
11;2025-11-18;2;1
11;2025-11-18;3;0
11;2025-11-18;4;8
11;2025-11-18;5;264
11;2025-11-18;6;1358
11;2025-11-18;7;2545
11;2025-11-18;8;3298
11;2025-11-18;9;2520
11;2025-11-18;10;1807
11;2025-11-18;11;1802
11;2025-11-18;12;1814
11;2025-11-18;13;1926
11;2025-11-18;14;1948
11;2025-11-18;15;2119
11;2025-11-18;16;2349
11;2025-11-18;17;2981
11;2025-11-18;18;3208
11;2025-11-18;19;2405
11;2025-11-18;20;1548
11;2025-11-18;21;871
11;2025-11-18;22;452
11;2025-11-18;23;221
11;2025-11-19;0;70
11;2025-11-19;1;5
11;2025-11-19;2;0
11;2025-11-19;3;0
11;2025-11-19;4;7
11;2025-11-19;5;306
11;2025-11-19;6;1370
11;2025-11-19;7;2544
11;2025-11-19;8;3361
11;2025-11-19;9;2466
11;2025-11-19;10;1902
11;2025-11-19;11;1902
11;2025-11-19;12;1989
11;2025-11-19;13;2154
11;2025-11-19;14;2106
11;2025-11-19;15;2254
11;2025-11-19;16;2370
11;2025-11-19;17;2987
11;2025-11-19;18;3307
11;2025-11-19;19;2404
11;2025-11-19;20;1564
11;2025-11-19;21;927
11;2025-11-19;22;453
11;2025-11-19;23;230
11;2025-11-20;0;71
11;2025-11-20;1;1
11;2025-11-20;2;0
11;2025-11-20;3;0
11;2025-11-20;4;4
11;2025-11-20;5;298
11;2025-11-20;6;1387
11;2025-11-20;7;2514
11;2025-11-20;8;3223
11;2025-11-20;9;2600
11;2025-11-20;10;2092
11;2025-11-20;11;1930
11;2025-11-20;12;2012
11;2025-11-20;13;2177
11;2025-11-20;14;2186
11;2025-11-20;15;2266
11;2025-11-20;16;2450
11;2025-11-20;17;3021
11;2025-11-20;18;3403
11;2025-11-20;19;2392
11;2025-11-20;20;1525
11;2025-11-20;21;916
11;2025-11-20;22;486
11;2025-11-20;23;246
11;2025-11-21;0;76
11;2025-11-21;1;4
11;2025-11-21;2;0
11;2025-11-21;3;0
11;2025-11-21;4;5
11;2025-11-21;5;284
11;2025-11-21;6;1364
11;2025-11-21;7;2455
11;2025-11-21;8;3123
11;2025-11-21;9;2426
11;2025-11-21;10;1892
11;2025-11-21;11;1867
11;2025-11-21;12;1926
11;2025-11-21;13;2087
11;2025-11-21;14;2168
11;2025-11-21;15;2410
11;2025-11-21;16;2656
11;2025-11-21;17;3044
11;2025-11-21;18;2767
11;2025-11-21;19;2167
11;2025-11-21;20;1487
11;2025-11-21;21;890
11;2025-11-21;22;479
11;2025-11-21;23;282
11;2025-11-22;0;99
11;2025-11-22;1;3
11;2025-11-22;2;0
11;2025-11-22;3;0
11;2025-11-22;4;4
11;2025-11-22;5;168
11;2025-11-22;6;713
11;2025-11-22;7;666
11;2025-11-22;8;918
11;2025-11-22;9;1114
11;2025-11-22;10;1222
11;2025-11-22;11;1677
11;2025-11-22;12;1923
11;2025-11-22;13;1808
11;2025-11-22;14;1871
11;2025-11-22;15;1854
11;2025-11-22;16;1874
11;2025-11-22;17;1864
11;2025-11-22;18;1568
11;2025-11-22;19;1490
11;2025-11-22;20;1065
11;2025-11-22;21;737
11;2025-11-22;22;413
11;2025-11-22;23;286
11;2025-11-23;0;102
11;2025-11-23;1;12
11;2025-11-23;2;0
11;2025-11-23;3;1
11;2025-11-23;4;2
11;2025-11-23;5;122
11;2025-11-23;6;501
11;2025-11-23;7;502
11;2025-11-23;8;634
11;2025-11-23;9;896
11;2025-11-23;10;1026
11;2025-11-23;11;1531
11;2025-11-23;12;1683
11;2025-11-23;13;1650
11;2025-11-23;14;1733
11;2025-11-23;15;1746
11;2025-11-23;16;1670
11;2025-11-23;17;1719
11;2025-11-23;18;1295
11;2025-11-23;19;1064
11;2025-11-23;20;879
11;2025-11-23;21;598
11;2025-11-23;22;362
11;2025-11-23;23;224
11;2025-11-24;0;72
11;2025-11-24;1;4
11;2025-11-24;2;1
11;2025-11-24;3;0
11;2025-11-24;4;5
11;2025-11-24;5;284
11;2025-11-24;6;1311
11;2025-11-24;7;2434
11;2025-11-24;8;3150
11;2025-11-24;9;2411
11;2025-11-24;10;1743
11;2025-11-24;11;1719
11;2025-11-24;12;1674
11;2025-11-24;13;1889
11;2025-11-24;14;1821
11;2025-11-24;15;2024
11;2025-11-24;16;2304
11;2025-11-24;17;2854
11;2025-11-24;18;3183
11;2025-11-24;19;2374
11;2025-11-24;20;1445
11;2025-11-24;21;862
11;2025-11-24;22;439
11;2025-11-24;23;206
11;2025-11-25;0;60
11;2025-11-25;1;2
11;2025-11-25;2;0
11;2025-11-25;3;0
11;2025-11-25;4;8
11;2025-11-25;5;288
11;2025-11-25;6;1346
11;2025-11-25;7;2541
11;2025-11-25;8;3314
11;2025-11-25;9;2525
11;2025-11-25;10;1821
11;2025-11-25;11;1811
11;2025-11-25;12;1820
11;2025-11-25;13;2022
11;2025-11-25;14;2029
11;2025-11-25;15;2145
11;2025-11-25;16;2366
11;2025-11-25;17;2999
11;2025-11-25;18;3233
11;2025-11-25;19;2359
11;2025-11-25;20;1498
11;2025-11-25;21;853
11;2025-11-25;22;437
11;2025-11-25;23;212
11;2025-11-26;0;60
11;2025-11-26;1;5
11;2025-11-26;2;0
11;2025-11-26;3;0
11;2025-11-26;4;5
11;2025-11-26;5;270
11;2025-11-26;6;1304
11;2025-11-26;7;2314
11;2025-11-26;8;3125
11;2025-11-26;9;2310
11;2025-11-26;10;1776
11;2025-11-26;11;1721
11;2025-11-26;12;1752
11;2025-11-26;13;1921
11;2025-11-26;14;1859
11;2025-11-26;15;1997
11;2025-11-26;16;2127
11;2025-11-26;17;2681
11;2025-11-26;18;3048
11;2025-11-26;19;2154
11;2025-11-26;20;1461
11;2025-11-26;21;831
11;2025-11-26;22;415
11;2025-11-26;23;211
11;2025-11-27;0;57
11;2025-11-27;1;0
11;2025-11-27;2;0
11;2025-11-27;3;0
11;2025-11-27;4;3
11;2025-11-27;5;283
11;2025-11-27;6;1358
11;2025-11-27;7;2294
11;2025-11-27;8;2939
11;2025-11-27;9;2338
11;2025-11-27;10;1842
11;2025-11-27;11;1704
11;2025-11-27;12;1740
11;2025-11-27;13;1860
11;2025-11-27;14;1863
11;2025-11-27;15;1976
11;2025-11-27;16;2172
11;2025-11-27;17;2666
11;2025-11-27;18;3045
11;2025-11-27;19;2128
11;2025-11-27;20;1430
11;2025-11-27;21;849
11;2025-11-27;22;449
11;2025-11-27;23;225
11;2025-11-28;0;60
11;2025-11-28;1;0
11;2025-11-28;2;0
11;2025-11-28;3;0
11;2025-11-28;4;4
11;2025-11-28;5;264
11;2025-11-28;6;1306
11;2025-11-28;7;2227
11;2025-11-28;8;2874
11;2025-11-28;9;2179
11;2025-11-28;10;1756
11;2025-11-28;11;1735
11;2025-11-28;12;1741
11;2025-11-28;13;1826
11;2025-11-28;14;1878
11;2025-11-28;15;2162
11;2025-11-28;16;2425
11;2025-11-28;17;2745
11;2025-11-28;18;2467
11;2025-11-28;19;1888
11;2025-11-28;20;1375
11;2025-11-28;21;853
11;2025-11-28;22;470
11;2025-11-28;23;273
11;2025-11-29;0;89
11;2025-11-29;1;4
11;2025-11-29;2;0
11;2025-11-29;3;0
11;2025-11-29;4;5
11;2025-11-29;5;167
11;2025-11-29;6;728
11;2025-11-29;7;626
11;2025-11-29;8;880
11;2025-11-29;9;1035
11;2025-11-29;10;1164
11;2025-11-29;11;1508
11;2025-11-29;12;1703
11;2025-11-29;13;1600
11;2025-11-29;14;1664
11;2025-11-29;15;1659
11;2025-11-29;16;1669
11;2025-11-29;17;1630
11;2025-11-29;18;1358
11;2025-11-29;19;1288
11;2025-11-29;20;972
11;2025-11-29;21;706
11;2025-11-29;22;397
11;2025-11-29;23;280
11;2025-11-30;0;96
11;2025-11-30;1;9
11;2025-11-30;2;0
11;2025-11-30;3;0
11;2025-11-30;4;0
11;2025-11-30;5;110
11;2025-11-30;6;447
11;2025-11-30;7;446
11;2025-11-30;8;515
11;2025-11-30;9;795
11;2025-11-30;10;927
11;2025-11-30;11;1299
11;2025-11-30;12;1388
11;2025-11-30;13;1360
11;2025-11-30;14;1411
11;2025-11-30;15;1489
11;2025-11-30;16;1392
11;2025-11-30;17;1460
11;2025-11-30;18;1127
11;2025-11-30;19;922
11;2025-11-30;20;794
11;2025-11-30;21;605
11;2025-11-30;22;347
11;2025-11-30;23;229
11;2025-12-01;0;61
11;2025-12-01;1;0
11;2025-12-01;2;0
11;2025-12-01;3;0
11;2025-12-01;4;2
11;2025-12-01;5;282
11;2025-12-01;6;1247
11;2025-12-01;7;2100
11;2025-12-01;8;2786
11;2025-12-01;9;2035
11;2025-12-01;10;1583
11;2025-12-01;11;1576
11;2025-12-01;12;1520
11;2025-12-01;13;1587
11;2025-12-01;14;1598
11;2025-12-01;15;1723
11;2025-12-01;16;1955
11;2025-12-01;17;2472
11;2025-12-01;18;2796
11;2025-12-01;19;1997
11;2025-12-01;20;1297
11;2025-12-01;21;782
11;2025-12-01;22;380
11;2025-12-01;23;177
11;2025-12-02;0;44
11;2025-12-02;1;0
11;2025-12-02;2;0
11;2025-12-02;3;0
11;2025-12-02;4;3
11;2025-12-02;5;273
11;2025-12-02;6;1280
11;2025-12-02;7;2196
11;2025-12-02;8;2997
11;2025-12-02;9;2143
11;2025-12-02;10;1626
11;2025-12-02;11;1616
11;2025-12-02;12;1598
11;2025-12-02;13;1667
11;2025-12-02;14;1645
11;2025-12-02;15;1774
11;2025-12-02;16;1982
11;2025-12-02;17;2577
11;2025-12-02;18;2831
11;2025-12-02;19;1999
11;2025-12-02;20;1336
11;2025-12-02;21;787
11;2025-12-02;22;381
11;2025-12-02;23;180
11;2025-12-03;0;50
11;2025-12-03;1;0
11;2025-12-03;2;0
11;2025-12-03;3;0
11;2025-12-03;4;2
11;2025-12-03;5;286
11;2025-12-03;6;1271
11;2025-12-03;7;2272
11;2025-12-03;8;3062
11;2025-12-03;9;2212
11;2025-12-03;10;1731
11;2025-12-03;11;1695
11;2025-12-03;12;1758
11;2025-12-03;13;1872
11;2025-12-03;14;1828
11;2025-12-03;15;1941
11;2025-12-03;16;2080
11;2025-12-03;17;2671
11;2025-12-03;18;2977
11;2025-12-03;19;2092
11;2025-12-03;20;1404
11;2025-12-03;21;844
11;2025-12-03;22;408
11;2025-12-03;23;220
11;2025-12-04;0;53
11;2025-12-04;1;0
11;2025-12-04;2;0
11;2025-12-04;3;0
11;2025-12-04;4;2
11;2025-12-04;5;281
11;2025-12-04;6;1322
11;2025-12-04;7;2297
11;2025-12-04;8;2953
11;2025-12-04;9;2342
11;2025-12-04;10;1904
11;2025-12-04;11;1764
11;2025-12-04;12;1805
11;2025-12-04;13;1939
11;2025-12-04;14;1923
11;2025-12-04;15;2017
11;2025-12-04;16;2204
11;2025-12-04;17;2729
11;2025-12-04;18;3101
11;2025-12-04;19;2124
11;2025-12-04;20;1413
11;2025-12-04;21;869
11;2025-12-04;22;430
11;2025-12-04;23;221
11;2025-12-05;0;62
11;2025-12-05;1;0
11;2025-12-05;2;0
11;2025-12-05;3;0
11;2025-12-05;4;4
11;2025-12-05;5;284
11;2025-12-05;6;1317
11;2025-12-05;7;2285
11;2025-12-05;8;2936
11;2025-12-05;9;2242
11;2025-12-05;10;1798
11;2025-12-05;11;1784
11;2025-12-05;12;1806
11;2025-12-05;13;1925
11;2025-12-05;14;1962
11;2025-12-05;15;2237
11;2025-12-05;16;2460
11;2025-12-05;17;2819
11;2025-12-05;18;2534
11;2025-12-05;19;1968
11;2025-12-05;20;1429
11;2025-12-05;21;879
11;2025-12-05;22;454
11;2025-12-05;23;271
11;2025-12-06;0;86
11;2025-12-06;1;0
11;2025-12-06;2;0
11;2025-12-06;3;0
11;2025-12-06;4;0
11;2025-12-06;5;159
11;2025-12-06;6;729
11;2025-12-06;7;652
11;2025-12-06;8;924
11;2025-12-06;9;1081
11;2025-12-06;10;1208
11;2025-12-06;11;1576
11;2025-12-06;12;1784
11;2025-12-06;13;1686
11;2025-12-06;14;1744
11;2025-12-06;15;1768
11;2025-12-06;16;1751
11;2025-12-06;17;1735
11;2025-12-06;18;1430
11;2025-12-06;19;1355
11;2025-12-06;20;996
11;2025-12-06;21;721
11;2025-12-06;22;407
11;2025-12-06;23;281
11;2025-12-07;0;105
11;2025-12-07;1;13
11;2025-12-07;2;0
11;2025-12-07;3;0
11;2025-12-07;4;2
11;2025-12-07;5;120
11;2025-12-07;6;486
11;2025-12-07;7;502
11;2025-12-07;8;620
11;2025-12-07;9;906
11;2025-12-07;10;1028
11;2025-12-07;11;1447
11;2025-12-07;12;1535
11;2025-12-07;13;1501
11;2025-12-07;14;1559
11;2025-12-07;15;1616
11;2025-12-07;16;1535
11;2025-12-07;17;1625
11;2025-12-07;18;1274
11;2025-12-07;19;1045
11;2025-12-07;20;868
11;2025-12-07;21;637
11;2025-12-07;22;381
11;2025-12-07;23;248
11;2025-12-08;0;75
11;2025-12-08;1;7
11;2025-12-08;2;0
11;2025-12-08;3;0
11;2025-12-08;4;2
11;2025-12-08;5;315
11;2025-12-08;6;1381
11;2025-12-08;7;2398
11;2025-12-08;8;3147
11;2025-12-08;9;2407
11;2025-12-08;10;1836
11;2025-12-08;11;1843
11;2025-12-08;12;1759
11;2025-12-08;13;1896
11;2025-12-08;14;1869
11;2025-12-08;15;2056
11;2025-12-08;16;2295
11;2025-12-08;17;2858
11;2025-12-08;18;3146
11;2025-12-08;19;2358
11;2025-12-08;20;1467
11;2025-12-08;21;847
11;2025-12-08;22;437
11;2025-12-08;23;216
11;2025-12-09;0;58
11;2025-12-09;1;2
11;2025-12-09;2;0
11;2025-12-09;3;0
11;2025-12-09;4;2
11;2025-12-09;5;302
11;2025-12-09;6;1404
11;2025-12-09;7;2508
11;2025-12-09;8;3303
11;2025-12-09;9;2540
11;2025-12-09;10;1896
11;2025-12-09;11;1869
11;2025-12-09;12;1857
11;2025-12-09;13;1987
11;2025-12-09;14;1994
11;2025-12-09;15;2104
11;2025-12-09;16;2320
11;2025-12-09;17;2931
11;2025-12-09;18;3143
11;2025-12-09;19;2385
11;2025-12-09;20;1538
11;2025-12-09;21;870
11;2025-12-09;22;438
11;2025-12-09;23;217
11;2025-12-10;0;62
11;2025-12-10;1;0
11;2025-12-10;2;0
11;2025-12-10;3;0
11;2025-12-10;4;2
11;2025-12-10;5;309
11;2025-12-10;6;1339
11;2025-12-10;7;2457
11;2025-12-10;8;3320
11;2025-12-10;9;2463
11;2025-12-10;10;1897
11;2025-12-10;11;1901
11;2025-12-10;12;1954
11;2025-12-10;13;2090
11;2025-12-10;14;2028
11;2025-12-10;15;2161
11;2025-12-10;16;2308
11;2025-12-10;17;2916
11;2025-12-10;18;3198
11;2025-12-10;19;2355
11;2025-12-10;20;1547
11;2025-12-10;21;894
11;2025-12-10;22;441
11;2025-12-10;23;245
11;2025-12-11;0;68
11;2025-12-11;1;0
11;2025-12-11;2;0
11;2025-12-11;3;0
11;2025-12-11;4;3
11;2025-12-11;5;296
11;2025-12-11;6;1341
11;2025-12-11;7;2432
11;2025-12-11;8;3075
11;2025-12-11;9;2478
11;2025-12-11;10;1974
11;2025-12-11;11;1855
11;2025-12-11;12;1909
11;2025-12-11;13;2076
11;2025-12-11;14;2074
11;2025-12-11;15;2150
11;2025-12-11;16;2342
11;2025-12-11;17;2860
11;2025-12-11;18;3188
11;2025-12-11;19;2268
11;2025-12-11;20;1479
11;2025-12-11;21;886
11;2025-12-11;22;464
11;2025-12-11;23;238
11;2025-12-12;0;67
11;2025-12-12;1;0
11;2025-12-12;2;0
11;2025-12-12;3;0
11;2025-12-12;4;3
11;2025-12-12;5;302
11;2025-12-12;6;1323
11;2025-12-12;7;2392
11;2025-12-12;8;3095
11;2025-12-12;9;2395
11;2025-12-12;10;1885
11;2025-12-12;11;1887
11;2025-12-12;12;1836
11;2025-12-12;13;1940
11;2025-12-12;14;1988
11;2025-12-12;15;2237
11;2025-12-12;16;2539
11;2025-12-12;17;2908
11;2025-12-12;18;2608
11;2025-12-12;19;2131
11;2025-12-12;20;1459
11;2025-12-12;21;914
11;2025-12-12;22;499
11;2025-12-12;23;278
11;2025-12-13;0;99
11;2025-12-13;1;0
11;2025-12-13;2;0
11;2025-12-13;3;0
11;2025-12-13;4;0
11;2025-12-13;5;185
11;2025-12-13;6;776
11;2025-12-13;7;702
11;2025-12-13;8;995
11;2025-12-13;9;1171
11;2025-12-13;10;1269
11;2025-12-13;11;1637
11;2025-12-13;12;1863
11;2025-12-13;13;1743
11;2025-12-13;14;1774
11;2025-12-13;15;1769
11;2025-12-13;16;1793
11;2025-12-13;17;1819
11;2025-12-13;18;1490
11;2025-12-13;19;1468
11;2025-12-13;20;1065
11;2025-12-13;21;751
11;2025-12-13;22;426
11;2025-12-13;23;291
11;2025-12-14;0;98
11;2025-12-14;1;10
11;2025-12-14;2;0
11;2025-12-14;3;0
11;2025-12-14;4;4
11;2025-12-14;5;111
11;2025-12-14;6;498
11;2025-12-14;7;504
11;2025-12-14;8;621
11;2025-12-14;9;892
11;2025-12-14;10;987
11;2025-12-14;11;1425
11;2025-12-14;12;1522
11;2025-12-14;13;1469
11;2025-12-14;14;1539
11;2025-12-14;15;1575
11;2025-12-14;16;1542
11;2025-12-14;17;1636
11;2025-12-14;18;1283
11;2025-12-14;19;1084
11;2025-12-14;20;865
11;2025-12-14;21;615
11;2025-12-14;22;369
11;2025-12-14;23;233
11;2025-12-15;0;79
11;2025-12-15;1;5
11;2025-12-15;2;0
11;2025-12-15;3;0
11;2025-12-15;4;5
11;2025-12-15;5;323
11;2025-12-15;6;1331
11;2025-12-15;7;2442
11;2025-12-15;8;3187
11;2025-12-15;9;2471
11;2025-12-15;10;1831
11;2025-12-15;11;1852
11;2025-12-15;12;1754
11;2025-12-15;13;1944
11;2025-12-15;14;1893
11;2025-12-15;15;2099
11;2025-12-15;16;2366
11;2025-12-15;17;2938
11;2025-12-15;18;3202
11;2025-12-15;19;2404
11;2025-12-15;20;1444
11;2025-12-15;21;855
11;2025-12-15;22;435
11;2025-12-15;23;210
11;2025-12-16;0;59
11;2025-12-16;1;0
11;2025-12-16;2;0
11;2025-12-16;3;0
11;2025-12-16;4;4
11;2025-12-16;5;298
11;2025-12-16;6;1351
11;2025-12-16;7;2530
11;2025-12-16;8;3345
11;2025-12-16;9;2561
11;2025-12-16;10;1897
11;2025-12-16;11;1844
11;2025-12-16;12;1803
11;2025-12-16;13;1960
11;2025-12-16;14;2020
11;2025-12-16;15;2137
11;2025-12-16;16;2363
11;2025-12-16;17;3009
11;2025-12-16;18;3190
11;2025-12-16;19;2413
11;2025-12-16;20;1548
11;2025-12-16;21;872
11;2025-12-16;22;439
11;2025-12-16;23;225
11;2025-12-17;0;66
11;2025-12-17;1;1
11;2025-12-17;2;0
11;2025-12-17;3;0
11;2025-12-17;4;3
11;2025-12-17;5;306
11;2025-12-17;6;1315
11;2025-12-17;7;2460
11;2025-12-17;8;3327
11;2025-12-17;9;2448
11;2025-12-17;10;1884
11;2025-12-17;11;1904
11;2025-12-17;12;1953
11;2025-12-17;13;2098
11;2025-12-17;14;2035
11;2025-12-17;15;2152
11;2025-12-17;16;2304
11;2025-12-17;17;2922
11;2025-12-17;18;3194
11;2025-12-17;19;2342
11;2025-12-17;20;1534
11;2025-12-17;21;874
11;2025-12-17;22;434
11;2025-12-17;23;236
11;2025-12-18;0;62
11;2025-12-18;1;1
11;2025-12-18;2;0
11;2025-12-18;3;0
11;2025-12-18;4;3
11;2025-12-18;5;294
11;2025-12-18;6;1344
11;2025-12-18;7;2439
11;2025-12-18;8;3164
11;2025-12-18;9;2542
11;2025-12-18;10;2030
11;2025-12-18;11;1901
11;2025-12-18;12;1953
11;2025-12-18;13;2097
11;2025-12-18;14;2075
11;2025-12-18;15;2162
11;2025-12-18;16;2397
11;2025-12-18;17;2965
11;2025-12-18;18;3303
11;2025-12-18;19;2341
11;2025-12-18;20;1503
11;2025-12-18;21;903
11;2025-12-18;22;461
11;2025-12-18;23;239
11;2025-12-19;0;75
11;2025-12-19;1;3
11;2025-12-19;2;0
11;2025-12-19;3;0
11;2025-12-19;4;4
11;2025-12-19;5;304
11;2025-12-19;6;1327
11;2025-12-19;7;2417
11;2025-12-19;8;3118
11;2025-12-19;9;2432
11;2025-12-19;10;1898
11;2025-12-19;11;1891
11;2025-12-19;12;1913
11;2025-12-19;13;2022
11;2025-12-19;14;2074
11;2025-12-19;15;2345
11;2025-12-19;16;2623
11;2025-12-19;17;3031
11;2025-12-19;18;2680
11;2025-12-19;19;2136
11;2025-12-19;20;1467
11;2025-12-19;21;894
11;2025-12-19;22;474
11;2025-12-19;23;291
11;2025-12-20;0;101
11;2025-12-20;1;2
11;2025-12-20;2;0
11;2025-12-20;3;0
11;2025-12-20;4;4
11;2025-12-20;5;203
11;2025-12-20;6;785
11;2025-12-20;7;708
11;2025-12-20;8;995
11;2025-12-20;9;1156
11;2025-12-20;10;1237
11;2025-12-20;11;1659
11;2025-12-20;12;1878
11;2025-12-20;13;1756
11;2025-12-20;14;1800
11;2025-12-20;15;1814
11;2025-12-20;16;1814
11;2025-12-20;17;1806
11;2025-12-20;18;1474
11;2025-12-20;19;1421
11;2025-12-20;20;1015
11;2025-12-20;21;728
11;2025-12-20;22;430
11;2025-12-20;23;301
11;2025-12-21;0;99
11;2025-12-21;1;10
11;2025-12-21;2;0
11;2025-12-21;3;1
11;2025-12-21;4;4
11;2025-12-21;5;121
11;2025-12-21;6;476
11;2025-12-21;7;526
11;2025-12-21;8;641
11;2025-12-21;9;905
11;2025-12-21;10;1002
11;2025-12-21;11;1447
11;2025-12-21;12;1547
11;2025-12-21;13;1503
11;2025-12-21;14;1555
11;2025-12-21;15;1634
11;2025-12-21;16;1564
11;2025-12-21;17;1655
11;2025-12-21;18;1281
11;2025-12-21;19;1045
11;2025-12-21;20;841
11;2025-12-21;21;614
11;2025-12-21;22;357
11;2025-12-21;23;236
11;2025-12-22;0;76
11;2025-12-22;1;6
11;2025-12-22;2;0
11;2025-12-22;3;0
11;2025-12-22;4;2
11;2025-12-22;5;312
11;2025-12-22;6;1366
11;2025-12-22;7;2429
11;2025-12-22;8;3183
11;2025-12-22;9;2444
11;2025-12-22;10;1819
11;2025-12-22;11;1833
11;2025-12-22;12;1746
11;2025-12-22;13;1899
11;2025-12-22;14;1864
11;2025-12-22;15;2069
11;2025-12-22;16;2332
11;2025-12-22;17;2889
11;2025-12-22;18;3158
11;2025-12-22;19;2420
11;2025-12-22;20;1480
11;2025-12-22;21;890
11;2025-12-22;22;438
11;2025-12-22;23;195
11;2025-12-23;0;59
11;2025-12-23;1;3
11;2025-12-23;2;0
11;2025-12-23;3;0
11;2025-12-23;4;3
11;2025-12-23;5;298
11;2025-12-23;6;1372
11;2025-12-23;7;2499
11;2025-12-23;8;3291
11;2025-12-23;9;2566
11;2025-12-23;10;1880
11;2025-12-23;11;1867
11;2025-12-23;12;1861
11;2025-12-23;13;2008
11;2025-12-23;14;1997
11;2025-12-23;15;2109
11;2025-12-23;16;2348
11;2025-12-23;17;2991
11;2025-12-23;18;3158
11;2025-12-23;19;2416
11;2025-12-23;20;1536
11;2025-12-23;21;889
11;2025-12-23;22;432
11;2025-12-23;23;211
11;2025-12-24;0;67
11;2025-12-24;1;1
11;2025-12-24;2;0
11;2025-12-24;3;0
11;2025-12-24;4;6
11;2025-12-24;5;319
11;2025-12-24;6;1333
11;2025-12-24;7;2466
11;2025-12-24;8;3320
11;2025-12-24;9;2462
11;2025-12-24;10;1865
11;2025-12-24;11;1900
11;2025-12-24;12;1957
11;2025-12-24;13;2088
11;2025-12-24;14;2000
11;2025-12-24;15;2139
11;2025-12-24;16;2295
11;2025-12-24;17;2930
11;2025-12-24;18;3201
11;2025-12-24;19;2361
11;2025-12-24;20;1528
11;2025-12-24;21;872
11;2025-12-24;22;434
11;2025-12-24;23;237
11;2025-12-25;0;64
11;2025-12-25;1;1
11;2025-12-25;2;0
11;2025-12-25;3;0
11;2025-12-25;4;4
11;2025-12-25;5;300
11;2025-12-25;6;1361
11;2025-12-25;7;2434
11;2025-12-25;8;3136
11;2025-12-25;9;2564
11;2025-12-25;10;2039
11;2025-12-25;11;1911
11;2025-12-25;12;1953
11;2025-12-25;13;2101
11;2025-12-25;14;2070
11;2025-12-25;15;2159
11;2025-12-25;16;2399
11;2025-12-25;17;2919
11;2025-12-25;18;3118
11;2025-12-25;19;2340
11;2025-12-25;20;1491
11;2025-12-25;21;907
11;2025-12-25;22;448
11;2025-12-25;23;227
11;2025-12-26;0;59
11;2025-12-26;1;4
11;2025-12-26;2;0
11;2025-12-26;3;0
11;2025-12-26;4;4
11;2025-12-26;5;307
11;2025-12-26;6;1354
11;2025-12-26;7;2323
11;2025-12-26;8;2976
11;2025-12-26;9;2392
11;2025-12-26;10;1879
11;2025-12-26;11;1826
11;2025-12-26;12;1836
11;2025-12-26;13;1993
11;2025-12-26;14;2044
11;2025-12-26;15;2295
11;2025-12-26;16;2576
11;2025-12-26;17;2878
11;2025-12-26;18;2581
11;2025-12-26;19;2049
11;2025-12-26;20;1462
11;2025-12-26;21;921
11;2025-12-26;22;474
11;2025-12-26;23;289
11;2025-12-27;0;105
11;2025-12-27;1;7
11;2025-12-27;2;0
11;2025-12-27;3;1
11;2025-12-27;4;6
11;2025-12-27;5;205
11;2025-12-27;6;808
11;2025-12-27;7;727
11;2025-12-27;8;1044
11;2025-12-27;9;1190
11;2025-12-27;10;1309
11;2025-12-27;11;1700
11;2025-12-27;12;1906
11;2025-12-27;13;1782
11;2025-12-27;14;1820
11;2025-12-27;15;1834
11;2025-12-27;16;1845
11;2025-12-27;17;1853
11;2025-12-27;18;1513
11;2025-12-27;19;1444
11;2025-12-27;20;1066
11;2025-12-27;21;760
11;2025-12-27;22;426
11;2025-12-27;23;313
11;2025-12-28;0;105
11;2025-12-28;1;14
11;2025-12-28;2;0
11;2025-12-28;3;1
11;2025-12-28;4;3
11;2025-12-28;5;120
11;2025-12-28;6;493
11;2025-12-28;7;495
11;2025-12-28;8;620
11;2025-12-28;9;924
11;2025-12-28;10;1045
11;2025-12-28;11;1445
11;2025-12-28;12;1582
11;2025-12-28;13;1541
11;2025-12-28;14;1581
11;2025-12-28;15;1634
11;2025-12-28;16;1603
11;2025-12-28;17;1679
11;2025-12-28;18;1300
11;2025-12-28;19;1092
11;2025-12-28;20;864
11;2025-12-28;21;634
11;2025-12-28;22;374
11;2025-12-28;23;251
11;2025-12-29;0;80
11;2025-12-29;1;10
11;2025-12-29;2;0
11;2025-12-29;3;0
11;2025-12-29;4;4
11;2025-12-29;5;309
11;2025-12-29;6;1382
11;2025-12-29;7;2388
11;2025-12-29;8;3065
11;2025-12-29;9;2449
11;2025-12-29;10;1868
11;2025-12-29;11;1870
11;2025-12-29;12;1778
11;2025-12-29;13;1951
11;2025-12-29;14;1904
11;2025-12-29;15;2071
11;2025-12-29;16;2366
11;2025-12-29;17;2874
11;2025-12-29;18;3064
11;2025-12-29;19;2405
11;2025-12-29;20;1505
11;2025-12-29;21;868
11;2025-12-29;22;443
11;2025-12-29;23;232
11;2025-12-30;0;63
11;2025-12-30;1;3
11;2025-12-30;2;0
11;2025-12-30;3;0
11;2025-12-30;4;5
11;2025-12-30;5;293
11;2025-12-30;6;1388
11;2025-12-30;7;2467
11;2025-12-30;8;3112
11;2025-12-30;9;2521
11;2025-12-30;10;1881
11;2025-12-30;11;1862
11;2025-12-30;12;1856
11;2025-12-30;13;2012
11;2025-12-30;14;2028
11;2025-12-30;15;2109
11;2025-12-30;16;2370
11;2025-12-30;17;2906
11;2025-12-30;18;3023
11;2025-12-30;19;2347
11;2025-12-30;20;1547
11;2025-12-30;21;873
11;2025-12-30;22;438
11;2025-12-30;23;237
11;2025-12-31;0;38
11;2025-12-31;1;0
11;2025-12-31;2;0
11;2025-12-31;3;0
11;2025-12-31;4;0
11;2025-12-31;5;144
11;2025-12-31;6;360
11;2025-12-31;7;359
11;2025-12-31;8;588
11;2025-12-31;9;554
11;2025-12-31;10;500
11;2025-12-31;11;754
11;2025-12-31;12;906
11;2025-12-31;13;958
11;2025-12-31;14;971
11;2025-12-31;15;1020
11;2025-12-31;16;970
11;2025-12-31;17;1056
11;2025-12-31;18;994
11;2025-12-31;19;793
11;2025-12-31;20;740
11;2025-12-31;21;512
11;2025-12-31;22;302
11;2025-12-31;23;178
12;2025-11-01;0;77
12;2025-11-01;1;3
12;2025-11-01;2;0
12;2025-11-01;3;0
12;2025-11-01;4;4
12;2025-11-01;5;231
12;2025-11-01;6;875
12;2025-11-01;7;901
12;2025-11-01;8;1009
12;2025-11-01;9;1193
12;2025-11-01;10;1411
12;2025-11-01;11;1511
12;2025-11-01;12;1496
12;2025-11-01;13;1768
12;2025-11-01;14;1653
12;2025-11-01;15;1555
12;2025-11-01;16;1653
12;2025-11-01;17;1551
12;2025-11-01;18;1432
12;2025-11-01;19;1371
12;2025-11-01;20;929
12;2025-11-01;21;712
12;2025-11-01;22;402
12;2025-11-01;23;278
12;2025-11-02;0;89
12;2025-11-02;1;8
12;2025-11-02;2;0
12;2025-11-02;3;0
12;2025-11-02;4;5
12;2025-11-02;5;177
12;2025-11-02;6;483
12;2025-11-02;7;577
12;2025-11-02;8;680
12;2025-11-02;9;801
12;2025-11-02;10;952
12;2025-11-02;11;1072
12;2025-11-02;12;1185
12;2025-11-02;13;1385
12;2025-11-02;14;1410
12;2025-11-02;15;1238
12;2025-11-02;16;1409
12;2025-11-02;17;1434
12;2025-11-02;18;1128
12;2025-11-02;19;915
12;2025-11-02;20;769
12;2025-11-02;21;537
12;2025-11-02;22;352
12;2025-11-02;23;217
12;2025-11-03;0;69
12;2025-11-03;1;1
12;2025-11-03;2;0
12;2025-11-03;3;0
12;2025-11-03;4;2
12;2025-11-03;5;262
12;2025-11-03;6;691
12;2025-11-03;7;844
12;2025-11-03;8;932
12;2025-11-03;9;859
12;2025-11-03;10;1043
12;2025-11-03;11;1019
12;2025-11-03;12;1048
12;2025-11-03;13;1052
12;2025-11-03;14;1084
12;2025-11-03;15;1030
12;2025-11-03;16;1272
12;2025-11-03;17;1323
12;2025-11-03;18;1320
12;2025-11-03;19;1203
12;2025-11-03;20;996
12;2025-11-03;21;684
12;2025-11-03;22;403
12;2025-11-03;23;214
12;2025-11-04;0;52
12;2025-11-04;1;0
12;2025-11-04;2;0
12;2025-11-04;3;0
12;2025-11-04;4;3
12;2025-11-04;5;265
12;2025-11-04;6;667
12;2025-11-04;7;844
12;2025-11-04;8;903
12;2025-11-04;9;799
12;2025-11-04;10;968
12;2025-11-04;11;924
12;2025-11-04;12;969
12;2025-11-04;13;1069
12;2025-11-04;14;1273
12;2025-11-04;15;1221
12;2025-11-04;16;1441
12;2025-11-04;17;1380
12;2025-11-04;18;1231
12;2025-11-04;19;1235
12;2025-11-04;20;982
12;2025-11-04;21;729
12;2025-11-04;22;431
12;2025-11-04;23;222
12;2025-11-05;0;62
12;2025-11-05;1;4
12;2025-11-05;2;0
12;2025-11-05;3;0
12;2025-11-05;4;6
12;2025-11-05;5;350
12;2025-11-05;6;1506
12;2025-11-05;7;2775
12;2025-11-05;8;3459
12;2025-11-05;9;2605
12;2025-11-05;10;2203
12;2025-11-05;11;2094
12;2025-11-05;12;2161
12;2025-11-05;13;2124
12;2025-11-05;14;2164
12;2025-11-05;15;2399
12;2025-11-05;16;2867
12;2025-11-05;17;3141
12;2025-11-05;18;3252
12;2025-11-05;19;2604
12;2025-11-05;20;1554
12;2025-11-05;21;983
12;2025-11-05;22;492
12;2025-11-05;23;246
12;2025-11-06;0;50
12;2025-11-06;1;2
12;2025-11-06;2;0
12;2025-11-06;3;0
12;2025-11-06;4;6
12;2025-11-06;5;343
12;2025-11-06;6;1407
12;2025-11-06;7;2750
12;2025-11-06;8;3485
12;2025-11-06;9;2433
12;2025-11-06;10;2063
12;2025-11-06;11;2002
12;2025-11-06;12;2088
12;2025-11-06;13;2090
12;2025-11-06;14;2087
12;2025-11-06;15;2295
12;2025-11-06;16;2745
12;2025-11-06;17;3068
12;2025-11-06;18;3259
12;2025-11-06;19;2564
12;2025-11-06;20;1561
12;2025-11-06;21;933
12;2025-11-06;22;498
12;2025-11-06;23;247
12;2025-11-07;0;56
12;2025-11-07;1;3
12;2025-11-07;2;0
12;2025-11-07;3;0
12;2025-11-07;4;5
12;2025-11-07;5;328
12;2025-11-07;6;1416
12;2025-11-07;7;2736
12;2025-11-07;8;3453
12;2025-11-07;9;2443
12;2025-11-07;10;2032
12;2025-11-07;11;2047
12;2025-11-07;12;2059
12;2025-11-07;13;2139
12;2025-11-07;14;2159
12;2025-11-07;15;2492
12;2025-11-07;16;3080
12;2025-11-07;17;3102
12;2025-11-07;18;2722
12;2025-11-07;19;2322
12;2025-11-07;20;1452
12;2025-11-07;21;981
12;2025-11-07;22;529
12;2025-11-07;23;292
12;2025-11-08;0;79
12;2025-11-08;1;4
12;2025-11-08;2;0
12;2025-11-08;3;0
12;2025-11-08;4;3
12;2025-11-08;5;263
12;2025-11-08;6;858
12;2025-11-08;7;925
12;2025-11-08;8;1021
12;2025-11-08;9;1176
12;2025-11-08;10;1409
12;2025-11-08;11;1498
12;2025-11-08;12;1500
12;2025-11-08;13;1742
12;2025-11-08;14;1674
12;2025-11-08;15;1583
12;2025-11-08;16;1672
12;2025-11-08;17;1600
12;2025-11-08;18;1508
12;2025-11-08;19;1454
12;2025-11-08;20;982
12;2025-11-08;21;687
12;2025-11-08;22;447
12;2025-11-08;23;279
12;2025-11-09;0;91
12;2025-11-09;1;11
12;2025-11-09;2;0
12;2025-11-09;3;0
12;2025-11-09;4;3
12;2025-11-09;5;177
12;2025-11-09;6;547
12;2025-11-09;7;629
12;2025-11-09;8;735
12;2025-11-09;9;930
12;2025-11-09;10;1143
12;2025-11-09;11;1311
12;2025-11-09;12;1378
12;2025-11-09;13;1584
12;2025-11-09;14;1528
12;2025-11-09;15;1413
12;2025-11-09;16;1511
12;2025-11-09;17;1506
12;2025-11-09;18;1268
12;2025-11-09;19;998
12;2025-11-09;20;736
12;2025-11-09;21;590
12;2025-11-09;22;395
12;2025-11-09;23;224
12;2025-11-10;0;72
12;2025-11-10;1;4
12;2025-11-10;2;0
12;2025-11-10;3;0
12;2025-11-10;4;9
12;2025-11-10;5;348
12;2025-11-10;6;1429
12;2025-11-10;7;2842
12;2025-11-10;8;3679
12;2025-11-10;9;2604
12;2025-11-10;10;2120
12;2025-11-10;11;2048
12;2025-11-10;12;2203
12;2025-11-10;13;2125
12;2025-11-10;14;2099
12;2025-11-10;15;2394
12;2025-11-10;16;2840
12;2025-11-10;17;3206
12;2025-11-10;18;3373
12;2025-11-10;19;2617
12;2025-11-10;20;1584
12;2025-11-10;21;932
12;2025-11-10;22;496
12;2025-11-10;23;250
12;2025-11-11;0;56
12;2025-11-11;1;3
12;2025-11-11;2;0
12;2025-11-11;3;0
12;2025-11-11;4;8
12;2025-11-11;5;365
12;2025-11-11;6;1494
12;2025-11-11;7;2929
12;2025-11-11;8;3836
12;2025-11-11;9;2693
12;2025-11-11;10;2277
12;2025-11-11;11;2222
12;2025-11-11;12;2268
12;2025-11-11;13;2244
12;2025-11-11;14;2221
12;2025-11-11;15;2458
12;2025-11-11;16;2929
12;2025-11-11;17;3302
12;2025-11-11;18;3475
12;2025-11-11;19;2686
12;2025-11-11;20;1579
12;2025-11-11;21;966
12;2025-11-11;22;532
12;2025-11-11;23;263
12;2025-11-12;0;65
12;2025-11-12;1;3
12;2025-11-12;2;0
12;2025-11-12;3;0
12;2025-11-12;4;10
12;2025-11-12;5;354
12;2025-11-12;6;1514
12;2025-11-12;7;2894
12;2025-11-12;8;3666
12;2025-11-12;9;2702
12;2025-11-12;10;2298
12;2025-11-12;11;2155
12;2025-11-12;12;2216
12;2025-11-12;13;2158
12;2025-11-12;14;2222
12;2025-11-12;15;2433
12;2025-11-12;16;2934
12;2025-11-12;17;3237
12;2025-11-12;18;3382
12;2025-11-12;19;2660
12;2025-11-12;20;1569
12;2025-11-12;21;957
12;2025-11-12;22;527
12;2025-11-12;23;270
12;2025-11-13;0;60
12;2025-11-13;1;4
12;2025-11-13;2;0
12;2025-11-13;3;0
12;2025-11-13;4;8
12;2025-11-13;5;355
12;2025-11-13;6;1465
12;2025-11-13;7;2911
12;2025-11-13;8;3763
12;2025-11-13;9;2597
12;2025-11-13;10;2213
12;2025-11-13;11;2214
12;2025-11-13;12;2248
12;2025-11-13;13;2227
12;2025-11-13;14;2242
12;2025-11-13;15;2459
12;2025-11-13;16;2946
12;2025-11-13;17;3260
12;2025-11-13;18;3462
12;2025-11-13;19;2699
12;2025-11-13;20;1640
12;2025-11-13;21;967
12;2025-11-13;22;529
12;2025-11-13;23;276
12;2025-11-14;0;62
12;2025-11-14;1;5
12;2025-11-14;2;0
12;2025-11-14;3;0
12;2025-11-14;4;7
12;2025-11-14;5;338
12;2025-11-14;6;1432
12;2025-11-14;7;2811
12;2025-11-14;8;3595
12;2025-11-14;9;2543
12;2025-11-14;10;2130
12;2025-11-14;11;2165
12;2025-11-14;12;2201
12;2025-11-14;13;2236
12;2025-11-14;14;2280
12;2025-11-14;15;2588
12;2025-11-14;16;3133
12;2025-11-14;17;3178
12;2025-11-14;18;2847
12;2025-11-14;19;2382
12;2025-11-14;20;1493
12;2025-11-14;21;999
12;2025-11-14;22;538
12;2025-11-14;23;295
12;2025-11-15;0;73
12;2025-11-15;1;8
12;2025-11-15;2;0
12;2025-11-15;3;0
12;2025-11-15;4;2
12;2025-11-15;5;214
12;2025-11-15;6;755
12;2025-11-15;7;810
12;2025-11-15;8;946
12;2025-11-15;9;1092
12;2025-11-15;10;1309
12;2025-11-15;11;1439
12;2025-11-15;12;1446
12;2025-11-15;13;1738
12;2025-11-15;14;1681
12;2025-11-15;15;1561
12;2025-11-15;16;1635
12;2025-11-15;17;1512
12;2025-11-15;18;1409
12;2025-11-15;19;1381
12;2025-11-15;20;960
12;2025-11-15;21;664
12;2025-11-15;22;409
12;2025-11-15;23;242
12;2025-11-16;0;76
12;2025-11-16;1;4
12;2025-11-16;2;0
12;2025-11-16;3;0
12;2025-11-16;4;0
12;2025-11-16;5;133
12;2025-11-16;6;434
12;2025-11-16;7;538
12;2025-11-16;8;635
12;2025-11-16;9;878
12;2025-11-16;10;1104
12;2025-11-16;11;1320
12;2025-11-16;12;1387
12;2025-11-16;13;1593
12;2025-11-16;14;1510
12;2025-11-16;15;1359
12;2025-11-16;16;1413
12;2025-11-16;17;1381
12;2025-11-16;18;1128
12;2025-11-16;19;878
12;2025-11-16;20;660
12;2025-11-16;21;531
12;2025-11-16;22;339
12;2025-11-16;23;184
12;2025-11-17;0;59
12;2025-11-17;1;0
12;2025-11-17;2;0
12;2025-11-17;3;0
12;2025-11-17;4;4
12;2025-11-17;5;294
12;2025-11-17;6;1279
12;2025-11-17;7;2724
12;2025-11-17;8;3575
12;2025-11-17;9;2462
12;2025-11-17;10;1967
12;2025-11-17;11;1911
12;2025-11-17;12;2021
12;2025-11-17;13;1927
12;2025-11-17;14;1926
12;2025-11-17;15;2255
12;2025-11-17;16;2726
12;2025-11-17;17;3150
12;2025-11-17;18;3369
12;2025-11-17;19;2554
12;2025-11-17;20;1529
12;2025-11-17;21;847
12;2025-11-17;22;453
12;2025-11-17;23;219
12;2025-11-18;0;49
12;2025-11-18;1;2
12;2025-11-18;2;0
12;2025-11-18;3;0
12;2025-11-18;4;7
12;2025-11-18;5;328
12;2025-11-18;6;1456
12;2025-11-18;7;2853
12;2025-11-18;8;3751
12;2025-11-18;9;2618
12;2025-11-18;10;2113
12;2025-11-18;11;2095
12;2025-11-18;12;2147
12;2025-11-18;13;2083
12;2025-11-18;14;2058
12;2025-11-18;15;2353
12;2025-11-18;16;2809
12;2025-11-18;17;3245
12;2025-11-18;18;3425
12;2025-11-18;19;2609
12;2025-11-18;20;1540
12;2025-11-18;21;920
12;2025-11-18;22;508
12;2025-11-18;23;238
12;2025-11-19;0;58
12;2025-11-19;1;6
12;2025-11-19;2;0
12;2025-11-19;3;0
12;2025-11-19;4;7
12;2025-11-19;5;338
12;2025-11-19;6;1509
12;2025-11-19;7;2890
12;2025-11-19;8;3654
12;2025-11-19;9;2640
12;2025-11-19;10;2249
12;2025-11-19;11;2133
12;2025-11-19;12;2206
12;2025-11-19;13;2181
12;2025-11-19;14;2210
12;2025-11-19;15;2423
12;2025-11-19;16;2933
12;2025-11-19;17;3231
12;2025-11-19;18;3378
12;2025-11-19;19;2625
12;2025-11-19;20;1565
12;2025-11-19;21;955
12;2025-11-19;22;506
12;2025-11-19;23;233
12;2025-11-20;0;52
12;2025-11-20;1;3
12;2025-11-20;2;0
12;2025-11-20;3;0
12;2025-11-20;4;6
12;2025-11-20;5;331
12;2025-11-20;6;1436
12;2025-11-20;7;2916
12;2025-11-20;8;3738
12;2025-11-20;9;2569
12;2025-11-20;10;2194
12;2025-11-20;11;2189
12;2025-11-20;12;2221
12;2025-11-20;13;2208
12;2025-11-20;14;2227
12;2025-11-20;15;2437
12;2025-11-20;16;2930
12;2025-11-20;17;3253
12;2025-11-20;18;3457
12;2025-11-20;19;2665
12;2025-11-20;20;1628
12;2025-11-20;21;933
12;2025-11-20;22;503
12;2025-11-20;23;260
12;2025-11-21;0;55
12;2025-11-21;1;3
12;2025-11-21;2;0
12;2025-11-21;3;0
12;2025-11-21;4;6
12;2025-11-21;5;306
12;2025-11-21;6;1426
12;2025-11-21;7;2821
12;2025-11-21;8;3629
12;2025-11-21;9;2504
12;2025-11-21;10;2099
12;2025-11-21;11;2132
12;2025-11-21;12;2150
12;2025-11-21;13;2232
12;2025-11-21;14;2259
12;2025-11-21;15;2560
12;2025-11-21;16;3156
12;2025-11-21;17;3182
12;2025-11-21;18;2851
12;2025-11-21;19;2384
12;2025-11-21;20;1503
12;2025-11-21;21;959
12;2025-11-21;22;519
12;2025-11-21;23;285
12;2025-11-22;0;82
12;2025-11-22;1;7
12;2025-11-22;2;0
12;2025-11-22;3;0
12;2025-11-22;4;2
12;2025-11-22;5;202
12;2025-11-22;6;778
12;2025-11-22;7;874
12;2025-11-22;8;960
12;2025-11-22;9;1140
12;2025-11-22;10;1394
12;2025-11-22;11;1543
12;2025-11-22;12;1543
12;2025-11-22;13;1804
12;2025-11-22;14;1699
12;2025-11-22;15;1561
12;2025-11-22;16;1667
12;2025-11-22;17;1582
12;2025-11-22;18;1498
12;2025-11-22;19;1438
12;2025-11-22;20;967
12;2025-11-22;21;658
12;2025-11-22;22;398
12;2025-11-22;23;251
12;2025-11-23;0;82
12;2025-11-23;1;8
12;2025-11-23;2;0
12;2025-11-23;3;0
12;2025-11-23;4;1
12;2025-11-23;5;155
12;2025-11-23;6;497
12;2025-11-23;7;587
12;2025-11-23;8;712
12;2025-11-23;9;904
12;2025-11-23;10;1137
12;2025-11-23;11;1371
12;2025-11-23;12;1455
12;2025-11-23;13;1710
12;2025-11-23;14;1622
12;2025-11-23;15;1487
12;2025-11-23;16;1551
12;2025-11-23;17;1527
12;2025-11-23;18;1244
12;2025-11-23;19;982
12;2025-11-23;20;736
12;2025-11-23;21;541
12;2025-11-23;22;360
12;2025-11-23;23;198
12;2025-11-24;0;62
12;2025-11-24;1;4
12;2025-11-24;2;0
12;2025-11-24;3;0
12;2025-11-24;4;7
12;2025-11-24;5;309
12;2025-11-24;6;1340
12;2025-11-24;7;2723
12;2025-11-24;8;3613
12;2025-11-24;9;2495
12;2025-11-24;10;1959
12;2025-11-24;11;1870
12;2025-11-24;12;2032
12;2025-11-24;13;2020
12;2025-11-24;14;1941
12;2025-11-24;15;2217
12;2025-11-24;16;2707
12;2025-11-24;17;3066
12;2025-11-24;18;3292
12;2025-11-24;19;2518
12;2025-11-24;20;1512
12;2025-11-24;21;899
12;2025-11-24;22;464
12;2025-11-24;23;224
12;2025-11-25;0;42
12;2025-11-25;1;2
12;2025-11-25;2;0
12;2025-11-25;3;0
12;2025-11-25;4;8
12;2025-11-25;5;324
12;2025-11-25;6;1411
12;2025-11-25;7;2861
12;2025-11-25;8;3764
12;2025-11-25;9;2581
12;2025-11-25;10;2152
12;2025-11-25;11;2090
12;2025-11-25;12;2149
12;2025-11-25;13;2150
12;2025-11-25;14;2099
12;2025-11-25;15;2349
12;2025-11-25;16;2831
12;2025-11-25;17;3213
12;2025-11-25;18;3424
12;2025-11-25;19;2571
12;2025-11-25;20;1505
12;2025-11-25;21;897
12;2025-11-25;22;497
12;2025-11-25;23;232
12;2025-11-26;0;47
12;2025-11-26;1;5
12;2025-11-26;2;0
12;2025-11-26;3;0
12;2025-11-26;4;7
12;2025-11-26;5;293
12;2025-11-26;6;1433
12;2025-11-26;7;2581
12;2025-11-26;8;3399
12;2025-11-26;9;2438
12;2025-11-26;10;2005
12;2025-11-26;11;1881
12;2025-11-26;12;1902
12;2025-11-26;13;1914
12;2025-11-26;14;1906
12;2025-11-26;15;2138
12;2025-11-26;16;2614
12;2025-11-26;17;2899
12;2025-11-26;18;3074
12;2025-11-26;19;2330
12;2025-11-26;20;1451
12;2025-11-26;21;866
12;2025-11-26;22;464
12;2025-11-26;23;223
12;2025-11-27;0;43
12;2025-11-27;1;0
12;2025-11-27;2;0
12;2025-11-27;3;0
12;2025-11-27;4;8
12;2025-11-27;5;324
12;2025-11-27;6;1391
12;2025-11-27;7;2560
12;2025-11-27;8;3409
12;2025-11-27;9;2233
12;2025-11-27;10;1837
12;2025-11-27;11;1841
12;2025-11-27;12;1834
12;2025-11-27;13;1807
12;2025-11-27;14;1865
12;2025-11-27;15;2060
12;2025-11-27;16;2487
12;2025-11-27;17;2810
12;2025-11-27;18;3040
12;2025-11-27;19;2283
12;2025-11-27;20;1509
12;2025-11-27;21;880
12;2025-11-27;22;460
12;2025-11-27;23;246
12;2025-11-28;0;43
12;2025-11-28;1;0
12;2025-11-28;2;0
12;2025-11-28;3;0
12;2025-11-28;4;7
12;2025-11-28;5;294
12;2025-11-28;6;1369
12;2025-11-28;7;2450
12;2025-11-28;8;3270
12;2025-11-28;9;2176
12;2025-11-28;10;1753
12;2025-11-28;11;1792
12;2025-11-28;12;1761
12;2025-11-28;13;1856
12;2025-11-28;14;1865
12;2025-11-28;15;2198
12;2025-11-28;16;2765
12;2025-11-28;17;2816
12;2025-11-28;18;2467
12;2025-11-28;19;1991
12;2025-11-28;20;1366
12;2025-11-28;21;910
12;2025-11-28;22;496
12;2025-11-28;23;274
12;2025-11-29;0;67
12;2025-11-29;1;6
12;2025-11-29;2;0
12;2025-11-29;3;0
12;2025-11-29;4;2
12;2025-11-29;5;214
12;2025-11-29;6;779
12;2025-11-29;7;783
12;2025-11-29;8;884
12;2025-11-29;9;1020
12;2025-11-29;10;1265
12;2025-11-29;11;1390
12;2025-11-29;12;1396
12;2025-11-29;13;1548
12;2025-11-29;14;1483
12;2025-11-29;15;1394
12;2025-11-29;16;1443
12;2025-11-29;17;1360
12;2025-11-29;18;1307
12;2025-11-29;19;1225
12;2025-11-29;20;853
12;2025-11-29;21;602
12;2025-11-29;22;384
12;2025-11-29;23;240
12;2025-11-30;0;71
12;2025-11-30;1;7
12;2025-11-30;2;0
12;2025-11-30;3;0
12;2025-11-30;4;0
12;2025-11-30;5;136
12;2025-11-30;6;442
12;2025-11-30;7;494
12;2025-11-30;8;598
12;2025-11-30;9;794
12;2025-11-30;10;1036
12;2025-11-30;11;1201
12;2025-11-30;12;1253
12;2025-11-30;13;1411
12;2025-11-30;14;1308
12;2025-11-30;15;1303
12;2025-11-30;16;1277
12;2025-11-30;17;1274
12;2025-11-30;18;1110
12;2025-11-30;19;843
12;2025-11-30;20;674
12;2025-11-30;21;540
12;2025-11-30;22;349
12;2025-11-30;23;195
12;2025-12-01;0;50
12;2025-12-01;1;0
12;2025-12-01;2;0
12;2025-12-01;3;0
12;2025-12-01;4;0
12;2025-12-01;5;294
12;2025-12-01;6;1256
12;2025-12-01;7;2247
12;2025-12-01;8;3168
12;2025-12-01;9;2011
12;2025-12-01;10;1530
12;2025-12-01;11;1531
12;2025-12-01;12;1593
12;2025-12-01;13;1559
12;2025-12-01;14;1573
12;2025-12-01;15;1820
12;2025-12-01;16;2230
12;2025-12-01;17;2599
12;2025-12-01;18;2858
12;2025-12-01;19;1996
12;2025-12-01;20;1328
12;2025-12-01;21;800
12;2025-12-01;22;414
12;2025-12-01;23;197
12;2025-12-02;0;30
12;2025-12-02;1;0
12;2025-12-02;2;0
12;2025-12-02;3;0
12;2025-12-02;4;0
12;2025-12-02;5;325
12;2025-12-02;6;1288
12;2025-12-02;7;2397
12;2025-12-02;8;3388
12;2025-12-02;9;2145
12;2025-12-02;10;1761
12;2025-12-02;11;1702
12;2025-12-02;12;1709
12;2025-12-02;13;1728
12;2025-12-02;14;1674
12;2025-12-02;15;1923
12;2025-12-02;16;2346
12;2025-12-02;17;2753
12;2025-12-02;18;3010
12;2025-12-02;19;2117
12;2025-12-02;20;1338
12;2025-12-02;21;825
12;2025-12-02;22;444
12;2025-12-02;23;211
12;2025-12-03;0;47
12;2025-12-03;1;2
12;2025-12-03;2;0
12;2025-12-03;3;0
12;2025-12-03;4;1
12;2025-12-03;5;327
12;2025-12-03;6;1382
12;2025-12-03;7;2525
12;2025-12-03;8;3307
12;2025-12-03;9;2396
12;2025-12-03;10;1960
12;2025-12-03;11;1871
12;2025-12-03;12;1902
12;2025-12-03;13;1872
12;2025-12-03;14;1863
12;2025-12-03;15;2085
12;2025-12-03;16;2602
12;2025-12-03;17;2901
12;2025-12-03;18;3036
12;2025-12-03;19;2267
12;2025-12-03;20;1402
12;2025-12-03;21;884
12;2025-12-03;22;462
12;2025-12-03;23;237
12;2025-12-04;0;43
12;2025-12-04;1;1
12;2025-12-04;2;0
12;2025-12-04;3;0
12;2025-12-04;4;3
12;2025-12-04;5;303
12;2025-12-04;6;1368
12;2025-12-04;7;2571
12;2025-12-04;8;3427
12;2025-12-04;9;2278
12;2025-12-04;10;1890
12;2025-12-04;11;1885
12;2025-12-04;12;1883
12;2025-12-04;13;1893
12;2025-12-04;14;1914
12;2025-12-04;15;2136
12;2025-12-04;16;2554
12;2025-12-04;17;2903
12;2025-12-04;18;3109
12;2025-12-04;19;2310
12;2025-12-04;20;1502
12;2025-12-04;21;882
12;2025-12-04;22;452
12;2025-12-04;23;238
12;2025-12-05;0;47
12;2025-12-05;1;0
12;2025-12-05;2;0
12;2025-12-05;3;0
12;2025-12-05;4;3
12;2025-12-05;5;298
12;2025-12-05;6;1392
12;2025-12-05;7;2552
12;2025-12-05;8;3359
12;2025-12-05;9;2286
12;2025-12-05;10;1875
12;2025-12-05;11;1896
12;2025-12-05;12;1893
12;2025-12-05;13;1991
12;2025-12-05;14;2000
12;2025-12-05;15;2314
12;2025-12-05;16;2867
12;2025-12-05;17;2919
12;2025-12-05;18;2572
12;2025-12-05;19;2129
12;2025-12-05;20;1434
12;2025-12-05;21;952
12;2025-12-05;22;498
12;2025-12-05;23;277
12;2025-12-06;0;69
12;2025-12-06;1;1
12;2025-12-06;2;0
12;2025-12-06;3;0
12;2025-12-06;4;1
12;2025-12-06;5;215
12;2025-12-06;6;788
12;2025-12-06;7;834
12;2025-12-06;8;947
12;2025-12-06;9;1081
12;2025-12-06;10;1334
12;2025-12-06;11;1449
12;2025-12-06;12;1438
12;2025-12-06;13;1644
12;2025-12-06;14;1558
12;2025-12-06;15;1477
12;2025-12-06;16;1541
12;2025-12-06;17;1468
12;2025-12-06;18;1396
12;2025-12-06;19;1313
12;2025-12-06;20;916
12;2025-12-06;21;638
12;2025-12-06;22;406
12;2025-12-06;23;255
12;2025-12-07;0;86
12;2025-12-07;1;8
12;2025-12-07;2;0
12;2025-12-07;3;0
12;2025-12-07;4;3
12;2025-12-07;5;141
12;2025-12-07;6;488
12;2025-12-07;7;581
12;2025-12-07;8;693
12;2025-12-07;9;911
12;2025-12-07;10;1128
12;2025-12-07;11;1317
12;2025-12-07;12;1349
12;2025-12-07;13;1555
12;2025-12-07;14;1481
12;2025-12-07;15;1377
12;2025-12-07;16;1433
12;2025-12-07;17;1453
12;2025-12-07;18;1224
12;2025-12-07;19;972
12;2025-12-07;20;742
12;2025-12-07;21;579
12;2025-12-07;22;389
12;2025-12-07;23;221
12;2025-12-08;0;67
12;2025-12-08;1;5
12;2025-12-08;2;0
12;2025-12-08;3;0
12;2025-12-08;4;6
12;2025-12-08;5;345
12;2025-12-08;6;1421
12;2025-12-08;7;2666
12;2025-12-08;8;3540
12;2025-12-08;9;2470
12;2025-12-08;10;1979
12;2025-12-08;11;1945
12;2025-12-08;12;2047
12;2025-12-08;13;1986
12;2025-12-08;14;1961
12;2025-12-08;15;2231
12;2025-12-08;16;2666
12;2025-12-08;17;3041
12;2025-12-08;18;3227
12;2025-12-08;19;2462
12;2025-12-08;20;1566
12;2025-12-08;21;908
12;2025-12-08;22;483
12;2025-12-08;23;243
12;2025-12-09;0;48
12;2025-12-09;1;2
12;2025-12-09;2;0
12;2025-12-09;3;0
12;2025-12-09;4;7
12;2025-12-09;5;361
12;2025-12-09;6;1466
12;2025-12-09;7;2786
12;2025-12-09;8;3737
12;2025-12-09;9;2604
12;2025-12-09;10;2187
12;2025-12-09;11;2114
12;2025-12-09;12;2129
12;2025-12-09;13;2116
12;2025-12-09;14;2067
12;2025-12-09;15;2309
12;2025-12-09;16;2753
12;2025-12-09;17;3152
12;2025-12-09;18;3337
12;2025-12-09;19;2534
12;2025-12-09;20;1554
12;2025-12-09;21;919
12;2025-12-09;22;503
12;2025-12-09;23;247
12;2025-12-10;0;54
12;2025-12-10;1;4
12;2025-12-10;2;0
12;2025-12-10;3;0
12;2025-12-10;4;6
12;2025-12-10;5;342
12;2025-12-10;6;1497
12;2025-12-10;7;2772
12;2025-12-10;8;3603
12;2025-12-10;9;2638
12;2025-12-10;10;2212
12;2025-12-10;11;2104
12;2025-12-10;12;2141
12;2025-12-10;13;2119
12;2025-12-10;14;2129
12;2025-12-10;15;2349
12;2025-12-10;16;2838
12;2025-12-10;17;3162
12;2025-12-10;18;3264
12;2025-12-10;19;2545
12;2025-12-10;20;1573
12;2025-12-10;21;943
12;2025-12-10;22;509
12;2025-12-10;23;260
12;2025-12-11;0;54
12;2025-12-11;1;3
12;2025-12-11;2;0
12;2025-12-11;3;0
12;2025-12-11;4;6
12;2025-12-11;5;313
12;2025-12-11;6;1413
12;2025-12-11;7;2769
12;2025-12-11;8;3581
12;2025-12-11;9;2484
12;2025-12-11;10;2056
12;2025-12-11;11;2082
12;2025-12-11;12;2091
12;2025-12-11;13;2103
12;2025-12-11;14;2116
12;2025-12-11;15;2336
12;2025-12-11;16;2760
12;2025-12-11;17;3080
12;2025-12-11;18;3248
12;2025-12-11;19;2491
12;2025-12-11;20;1617
12;2025-12-11;21;930
12;2025-12-11;22;499
12;2025-12-11;23;268
12;2025-12-12;0;55
12;2025-12-12;1;2
12;2025-12-12;2;0
12;2025-12-12;3;0
12;2025-12-12;4;5
12;2025-12-12;5;313
12;2025-12-12;6;1409
12;2025-12-12;7;2698
12;2025-12-12;8;3543
12;2025-12-12;9;2470
12;2025-12-12;10;2034
12;2025-12-12;11;2069
12;2025-12-12;12;1998
12;2025-12-12;13;2060
12;2025-12-12;14;2067
12;2025-12-12;15;2365
12;2025-12-12;16;2957
12;2025-12-12;17;3060
12;2025-12-12;18;2666
12;2025-12-12;19;2286
12;2025-12-12;20;1484
12;2025-12-12;21;957
12;2025-12-12;22;540
12;2025-12-12;23;277
12;2025-12-13;0;79
12;2025-12-13;1;0
12;2025-12-13;2;0
12;2025-12-13;3;0
12;2025-12-13;4;0
12;2025-12-13;5;219
12;2025-12-13;6;817
12;2025-12-13;7;880
12;2025-12-13;8;991
12;2025-12-13;9;1161
12;2025-12-13;10;1369
12;2025-12-13;11;1496
12;2025-12-13;12;1472
12;2025-12-13;13;1708
12;2025-12-13;14;1585
12;2025-12-13;15;1474
12;2025-12-13;16;1565
12;2025-12-13;17;1525
12;2025-12-13;18;1432
12;2025-12-13;19;1402
12;2025-12-13;20;974
12;2025-12-13;21;657
12;2025-12-13;22;412
12;2025-12-13;23;249
12;2025-12-14;0;80
12;2025-12-14;1;7
12;2025-12-14;2;0
12;2025-12-14;3;0
12;2025-12-14;4;0
12;2025-12-14;5;143
12;2025-12-14;6;501
12;2025-12-14;7;587
12;2025-12-14;8;686
12;2025-12-14;9;887
12;2025-12-14;10;1100
12;2025-12-14;11;1287
12;2025-12-14;12;1322
12;2025-12-14;13;1534
12;2025-12-14;14;1452
12;2025-12-14;15;1344
12;2025-12-14;16;1449
12;2025-12-14;17;1467
12;2025-12-14;18;1246
12;2025-12-14;19;1014
12;2025-12-14;20;749
12;2025-12-14;21;563
12;2025-12-14;22;370
12;2025-12-14;23;207
12;2025-12-15;0;68
12;2025-12-15;1;2
12;2025-12-15;2;0
12;2025-12-15;3;0
12;2025-12-15;4;1
12;2025-12-15;5;336
12;2025-12-15;6;1333
12;2025-12-15;7;2679
12;2025-12-15;8;3565
12;2025-12-15;9;2495
12;2025-12-15;10;1973
12;2025-12-15;11;1920
12;2025-12-15;12;2026
12;2025-12-15;13;2001
12;2025-12-15;14;1947
12;2025-12-15;15;2247
12;2025-12-15;16;2709
12;2025-12-15;17;3085
12;2025-12-15;18;3249
12;2025-12-15;19;2493
12;2025-12-15;20;1534
12;2025-12-15;21;865
12;2025-12-15;22;458
12;2025-12-15;23;231
12;2025-12-16;0;50
12;2025-12-16;1;0
12;2025-12-16;2;0
12;2025-12-16;3;0
12;2025-12-16;4;5
12;2025-12-16;5;344
12;2025-12-16;6;1416
12;2025-12-16;7;2824
12;2025-12-16;8;3773
12;2025-12-16;9;2614
12;2025-12-16;10;2180
12;2025-12-16;11;2100
12;2025-12-16;12;2088
12;2025-12-16;13;2082
12;2025-12-16;14;2083
12;2025-12-16;15;2356
12;2025-12-16;16;2798
12;2025-12-16;17;3233
12;2025-12-16;18;3399
12;2025-12-16;19;2584
12;2025-12-16;20;1579
12;2025-12-16;21;923
12;2025-12-16;22;506
12;2025-12-16;23;254
12;2025-12-17;0;59
12;2025-12-17;1;3
12;2025-12-17;2;0
12;2025-12-17;3;0
12;2025-12-17;4;8
12;2025-12-17;5;326
12;2025-12-17;6;1496
12;2025-12-17;7;2785
12;2025-12-17;8;3637
12;2025-12-17;9;2642
12;2025-12-17;10;2210
12;2025-12-17;11;2113
12;2025-12-17;12;2140
12;2025-12-17;13;2128
12;2025-12-17;14;2137
12;2025-12-17;15;2346
12;2025-12-17;16;2845
12;2025-12-17;17;3168
12;2025-12-17;18;3265
12;2025-12-17;19;2539
12;2025-12-17;20;1567
12;2025-12-17;21;921
12;2025-12-17;22;500
12;2025-12-17;23;257
12;2025-12-18;0;50
12;2025-12-18;1;4
12;2025-12-18;2;0
12;2025-12-18;3;0
12;2025-12-18;4;5
12;2025-12-18;5;329
12;2025-12-18;6;1415
12;2025-12-18;7;2786
12;2025-12-18;8;3686
12;2025-12-18;9;2510
12;2025-12-18;10;2106
12;2025-12-18;11;2114
12;2025-12-18;12;2124
12;2025-12-18;13;2111
12;2025-12-18;14;2106
12;2025-12-18;15;2341
12;2025-12-18;16;2809
12;2025-12-18;17;3181
12;2025-12-18;18;3346
12;2025-12-18;19;2562
12;2025-12-18;20;1636
12;2025-12-18;21;941
12;2025-12-18;22;494
12;2025-12-18;23;269
12;2025-12-19;0;64
12;2025-12-19;1;3
12;2025-12-19;2;0
12;2025-12-19;3;0
12;2025-12-19;4;6
12;2025-12-19;5;315
12;2025-12-19;6;1411
12;2025-12-19;7;2739
12;2025-12-19;8;3561
12;2025-12-19;9;2501
12;2025-12-19;10;2040
12;2025-12-19;11;2076
12;2025-12-19;12;2068
12;2025-12-19;13;2142
12;2025-12-19;14;2137
12;2025-12-19;15;2464
12;2025-12-19;16;3057
12;2025-12-19;17;3141
12;2025-12-19;18;2723
12;2025-12-19;19;2301
12;2025-12-19;20;1497
12;2025-12-19;21;965
12;2025-12-19;22;523
12;2025-12-19;23;300
12;2025-12-20;0;84
12;2025-12-20;1;5
12;2025-12-20;2;0
12;2025-12-20;3;0
12;2025-12-20;4;3
12;2025-12-20;5;258
12;2025-12-20;6;846
12;2025-12-20;7;914
12;2025-12-20;8;1018
12;2025-12-20;9;1172
12;2025-12-20;10;1385
12;2025-12-20;11;1527
12;2025-12-20;12;1494
12;2025-12-20;13;1738
12;2025-12-20;14;1624
12;2025-12-20;15;1535
12;2025-12-20;16;1619
12;2025-12-20;17;1555
12;2025-12-20;18;1438
12;2025-12-20;19;1373
12;2025-12-20;20;952
12;2025-12-20;21;662
12;2025-12-20;22;429
12;2025-12-20;23;276
12;2025-12-21;0;80
12;2025-12-21;1;6
12;2025-12-21;2;0
12;2025-12-21;3;0
12;2025-12-21;4;2
12;2025-12-21;5;159
12;2025-12-21;6;483
12;2025-12-21;7;618
12;2025-12-21;8;707
12;2025-12-21;9;918
12;2025-12-21;10;1108
12;2025-12-21;11;1299
12;2025-12-21;12;1337
12;2025-12-21;13;1565
12;2025-12-21;14;1473
12;2025-12-21;15;1392
12;2025-12-21;16;1465
12;2025-12-21;17;1489
12;2025-12-21;18;1235
12;2025-12-21;19;987
12;2025-12-21;20;744
12;2025-12-21;21;571
12;2025-12-21;22;367
12;2025-12-21;23;217
12;2025-12-22;0;70
12;2025-12-22;1;6
12;2025-12-22;2;0
12;2025-12-22;3;0
12;2025-12-22;4;5
12;2025-12-22;5;352
12;2025-12-22;6;1418
12;2025-12-22;7;2703
12;2025-12-22;8;3594
12;2025-12-22;9;2515
12;2025-12-22;10;1976
12;2025-12-22;11;1936
12;2025-12-22;12;2058
12;2025-12-22;13;1999
12;2025-12-22;14;1956
12;2025-12-22;15;2267
12;2025-12-22;16;2671
12;2025-12-22;17;3053
12;2025-12-22;18;3217
12;2025-12-22;19;2488
12;2025-12-22;20;1545
12;2025-12-22;21;898
12;2025-12-22;22;466
12;2025-12-22;23;213
12;2025-12-23;0;50
12;2025-12-23;1;0
12;2025-12-23;2;0
12;2025-12-23;3;0
12;2025-12-23;4;2
12;2025-12-23;5;362
12;2025-12-23;6;1416
12;2025-12-23;7;2744
12;2025-12-23;8;3709
12;2025-12-23;9;2583
12;2025-12-23;10;2145
12;2025-12-23;11;2086
12;2025-12-23;12;2103
12;2025-12-23;13;2097
12;2025-12-23;14;2034
12;2025-12-23;15;2299
12;2025-12-23;16;2751
12;2025-12-23;17;3189
12;2025-12-23;18;3327
12;2025-12-23;19;2545
12;2025-12-23;20;1533
12;2025-12-23;21;897
12;2025-12-23;22;499
12;2025-12-23;23;235
12;2025-12-24;0;61
12;2025-12-24;1;2
12;2025-12-24;2;0
12;2025-12-24;3;0
12;2025-12-24;4;5
12;2025-12-24;5;339
12;2025-12-24;6;1463
12;2025-12-24;7;2750
12;2025-12-24;8;3574
12;2025-12-24;9;2611
12;2025-12-24;10;2185
12;2025-12-24;11;2085
12;2025-12-24;12;2110
12;2025-12-24;13;2087
12;2025-12-24;14;2082
12;2025-12-24;15;2320
12;2025-12-24;16;2813
12;2025-12-24;17;3156
12;2025-12-24;18;3250
12;2025-12-24;19;2528
12;2025-12-24;20;1530
12;2025-12-24;21;898
12;2025-12-24;22;488
12;2025-12-24;23;248
12;2025-12-25;0;49
12;2025-12-25;1;2
12;2025-12-25;2;0
12;2025-12-25;3;0
12;2025-12-25;4;7
12;2025-12-25;5;328
12;2025-12-25;6;1412
12;2025-12-25;7;2754
12;2025-12-25;8;3581
12;2025-12-25;9;2520
12;2025-12-25;10;2106
12;2025-12-25;11;2099
12;2025-12-25;12;2108
12;2025-12-25;13;2105
12;2025-12-25;14;2099
12;2025-12-25;15;2337
12;2025-12-25;16;2800
12;2025-12-25;17;3134
12;2025-12-25;18;3179
12;2025-12-25;19;2549
12;2025-12-25;20;1596
12;2025-12-25;21;929
12;2025-12-25;22;472
12;2025-12-25;23;253
12;2025-12-26;0;49
12;2025-12-26;1;4
12;2025-12-26;2;0
12;2025-12-26;3;0
12;2025-12-26;4;1
12;2025-12-26;5;346
12;2025-12-26;6;1431
12;2025-12-26;7;2593
12;2025-12-26;8;3414
12;2025-12-26;9;2490
12;2025-12-26;10;2036
12;2025-12-26;11;2019
12;2025-12-26;12;2001
12;2025-12-26;13;2120
12;2025-12-26;14;2128
12;2025-12-26;15;2445
12;2025-12-26;16;2997
12;2025-12-26;17;3024
12;2025-12-26;18;2653
12;2025-12-26;19;2226
12;2025-12-26;20;1489
12;2025-12-26;21;999
12;2025-12-26;22;534
12;2025-12-26;23;297
12;2025-12-27;0;88
12;2025-12-27;1;8
12;2025-12-27;2;0
12;2025-12-27;3;0
12;2025-12-27;4;4
12;2025-12-27;5;247
12;2025-12-27;6;862
12;2025-12-27;7;924
12;2025-12-27;8;1058
12;2025-12-27;9;1209
12;2025-12-27;10;1424
12;2025-12-27;11;1547
12;2025-12-27;12;1519
12;2025-12-27;13;1741
12;2025-12-27;14;1617
12;2025-12-27;15;1539
12;2025-12-27;16;1624
12;2025-12-27;17;1551
12;2025-12-27;18;1444
12;2025-12-27;19;1393
12;2025-12-27;20;985
12;2025-12-27;21;687
12;2025-12-27;22;422
12;2025-12-27;23;280
12;2025-12-28;0;89
12;2025-12-28;1;10
12;2025-12-28;2;0
12;2025-12-28;3;0
12;2025-12-28;4;3
12;2025-12-28;5;167
12;2025-12-28;6;506
12;2025-12-28;7;586
12;2025-12-28;8;699
12;2025-12-28;9;937
12;2025-12-28;10;1165
12;2025-12-28;11;1320
12;2025-12-28;12;1375
12;2025-12-28;13;1597
12;2025-12-28;14;1491
12;2025-12-28;15;1422
12;2025-12-28;16;1500
12;2025-12-28;17;1502
12;2025-12-28;18;1265
12;2025-12-28;19;1035
12;2025-12-28;20;766
12;2025-12-28;21;589
12;2025-12-28;22;384
12;2025-12-28;23;228
12;2025-12-29;0;75
12;2025-12-29;1;7
12;2025-12-29;2;0
12;2025-12-29;3;0
12;2025-12-29;4;7
12;2025-12-29;5;349
12;2025-12-29;6;1413
12;2025-12-29;7;2630
12;2025-12-29;8;3380
12;2025-12-29;9;2509
12;2025-12-29;10;2025
12;2025-12-29;11;1948
12;2025-12-29;12;2047
12;2025-12-29;13;2026
12;2025-12-29;14;1962
12;2025-12-29;15;2245
12;2025-12-29;16;2716
12;2025-12-29;17;3020
12;2025-12-29;18;3101
12;2025-12-29;19;2498
12;2025-12-29;20;1572
12;2025-12-29;21;920
12;2025-12-29;22;487
12;2025-12-29;23;247
12;2025-12-30;0;55
12;2025-12-30;1;2
12;2025-12-30;2;0
12;2025-12-30;3;0
12;2025-12-30;4;8
12;2025-12-30;5;358
12;2025-12-30;6;1438
12;2025-12-30;7;2733
12;2025-12-30;8;3416
12;2025-12-30;9;2596
12;2025-12-30;10;2156
12;2025-12-30;11;2084
12;2025-12-30;12;2101
12;2025-12-30;13;2121
12;2025-12-30;14;2068
12;2025-12-30;15;2308
12;2025-12-30;16;2781
12;2025-12-30;17;3097
12;2025-12-30;18;3185
12;2025-12-30;19;2490
12;2025-12-30;20;1545
12;2025-12-30;21;927
12;2025-12-30;22;508
12;2025-12-30;23;256
12;2025-12-31;0;27
12;2025-12-31;1;0
12;2025-12-31;2;0
12;2025-12-31;3;0
12;2025-12-31;4;0
12;2025-12-31;5;143
12;2025-12-31;6;383
12;2025-12-31;7;506
12;2025-12-31;8;588
12;2025-12-31;9;484
12;2025-12-31;10;650
12;2025-12-31;11;742
12;2025-12-31;12;896
12;2025-12-31;13;926
12;2025-12-31;14;950
12;2025-12-31;15;954
12;2025-12-31;16;1160
12;2025-12-31;17;1063
12;2025-12-31;18;939
12;2025-12-31;19;782
12;2025-12-31;20;669
12;2025-12-31;21;454
12;2025-12-31;22;303
12;2025-12-31;23;157
17;2025-11-01;0;194
17;2025-11-01;1;28
17;2025-11-01;2;0
17;2025-11-01;3;0
17;2025-11-01;4;4
17;2025-11-01;5;129
17;2025-11-01;6;554
17;2025-11-01;7;1202
17;2025-11-01;8;1718
17;2025-11-01;9;2165
17;2025-11-01;10;2452
17;2025-11-01;11;2940
17;2025-11-01;12;3212
17;2025-11-01;13;3464
17;2025-11-01;14;3528
17;2025-11-01;15;3531
17;2025-11-01;16;3582
17;2025-11-01;17;3436
17;2025-11-01;18;2890
17;2025-11-01;19;2398
17;2025-11-01;20;1906
17;2025-11-01;21;1415
17;2025-11-01;22;825
17;2025-11-01;23;450
17;2025-11-02;0;178
17;2025-11-02;1;27
17;2025-11-02;2;0
17;2025-11-02;3;0
17;2025-11-02;4;5
17;2025-11-02;5;96
17;2025-11-02;6;373
17;2025-11-02;7;697
17;2025-11-02;8;1052
17;2025-11-02;9;1511
17;2025-11-02;10;1654
17;2025-11-02;11;2058
17;2025-11-02;12;2469
17;2025-11-02;13;2603
17;2025-11-02;14;2776
17;2025-11-02;15;2735
17;2025-11-02;16;2746
17;2025-11-02;17;2585
17;2025-11-02;18;2252
17;2025-11-02;19;1837
17;2025-11-02;20;1566
17;2025-11-02;21;1051
17;2025-11-02;22;703
17;2025-11-02;23;318
17;2025-11-03;0;105
17;2025-11-03;1;8
17;2025-11-03;2;0
17;2025-11-03;3;0
17;2025-11-03;4;16
17;2025-11-03;5;207
17;2025-11-03;6;596
17;2025-11-03;7;1697
17;2025-11-03;8;2929
17;2025-11-03;9;1741
17;2025-11-03;10;1856
17;2025-11-03;11;2067
17;2025-11-03;12;2088
17;2025-11-03;13;2005
17;2025-11-03;14;2112
17;2025-11-03;15;2013
17;2025-11-03;16;2080
17;2025-11-03;17;2573
17;2025-11-03;18;2978
17;2025-11-03;19;2208
17;2025-11-03;20;1762
17;2025-11-03;21;1204
17;2025-11-03;22;748
17;2025-11-03;23;317
17;2025-11-04;0;117
17;2025-11-04;1;9
17;2025-11-04;2;0
17;2025-11-04;3;0
17;2025-11-04;4;20
17;2025-11-04;5;202
17;2025-11-04;6;578
17;2025-11-04;7;1777
17;2025-11-04;8;2863
17;2025-11-04;9;1773
17;2025-11-04;10;1687
17;2025-11-04;11;1827
17;2025-11-04;12;1915
17;2025-11-04;13;1946
17;2025-11-04;14;2466
17;2025-11-04;15;2308
17;2025-11-04;16;2139
17;2025-11-04;17;2704
17;2025-11-04;18;3063
17;2025-11-04;19;2198
17;2025-11-04;20;1809
17;2025-11-04;21;1308
17;2025-11-04;22;834
17;2025-11-04;23;340
17;2025-11-05;0;120
17;2025-11-05;1;10
17;2025-11-05;2;0
17;2025-11-05;3;0
17;2025-11-05;4;25
17;2025-11-05;5;298
17;2025-11-05;6;1509
17;2025-11-05;7;3783
17;2025-11-05;8;4947
17;2025-11-05;9;3566
17;2025-11-05;10;2924
17;2025-11-05;11;2837
17;2025-11-05;12;2932
17;2025-11-05;13;3027
17;2025-11-05;14;3118
17;2025-11-05;15;3284
17;2025-11-05;16;3519
17;2025-11-05;17;4224
17;2025-11-05;18;4740
17;2025-11-05;19;3380
17;2025-11-05;20;2341
17;2025-11-05;21;1461
17;2025-11-05;22;849
17;2025-11-05;23;351
17;2025-11-06;0;119
17;2025-11-06;1;8
17;2025-11-06;2;0
17;2025-11-06;3;0
17;2025-11-06;4;24
17;2025-11-06;5;293
17;2025-11-06;6;1467
17;2025-11-06;7;3749
17;2025-11-06;8;5013
17;2025-11-06;9;3571
17;2025-11-06;10;2841
17;2025-11-06;11;2621
17;2025-11-06;12;2905
17;2025-11-06;13;3025
17;2025-11-06;14;3045
17;2025-11-06;15;3134
17;2025-11-06;16;3531
17;2025-11-06;17;4276
17;2025-11-06;18;4839
17;2025-11-06;19;3440
17;2025-11-06;20;2225
17;2025-11-06;21;1469
17;2025-11-06;22;838
17;2025-11-06;23;373
17;2025-11-07;0;138
17;2025-11-07;1;12
17;2025-11-07;2;0
17;2025-11-07;3;0
17;2025-11-07;4;23
17;2025-11-07;5;282
17;2025-11-07;6;1481
17;2025-11-07;7;3822
17;2025-11-07;8;5045
17;2025-11-07;9;3533
17;2025-11-07;10;2862
17;2025-11-07;11;2916
17;2025-11-07;12;2969
17;2025-11-07;13;3083
17;2025-11-07;14;3144
17;2025-11-07;15;3454
17;2025-11-07;16;4090
17;2025-11-07;17;4460
17;2025-11-07;18;4309
17;2025-11-07;19;3260
17;2025-11-07;20;2346
17;2025-11-07;21;1560
17;2025-11-07;22;930
17;2025-11-07;23;450
17;2025-11-08;0;192
17;2025-11-08;1;25
17;2025-11-08;2;0
17;2025-11-08;3;0
17;2025-11-08;4;3
17;2025-11-08;5;127
17;2025-11-08;6;535
17;2025-11-08;7;1140
17;2025-11-08;8;1646
17;2025-11-08;9;2046
17;2025-11-08;10;2321
17;2025-11-08;11;2776
17;2025-11-08;12;3035
17;2025-11-08;13;3282
17;2025-11-08;14;3348
17;2025-11-08;15;3443
17;2025-11-08;16;3457
17;2025-11-08;17;3368
17;2025-11-08;18;3037
17;2025-11-08;19;2495
17;2025-11-08;20;1976
17;2025-11-08;21;1446
17;2025-11-08;22;909
17;2025-11-08;23;443
17;2025-11-09;0;183
17;2025-11-09;1;27
17;2025-11-09;2;1
17;2025-11-09;3;0
17;2025-11-09;4;3
17;2025-11-09;5;108
17;2025-11-09;6;414
17;2025-11-09;7;743
17;2025-11-09;8;1226
17;2025-11-09;9;1640
17;2025-11-09;10;1912
17;2025-11-09;11;2432
17;2025-11-09;12;2806
17;2025-11-09;13;3007
17;2025-11-09;14;3109
17;2025-11-09;15;3128
17;2025-11-09;16;3101
17;2025-11-09;17;2967
17;2025-11-09;18;2629
17;2025-11-09;19;2126
17;2025-11-09;20;1564
17;2025-11-09;21;1136
17;2025-11-09;22;721
17;2025-11-09;23;318
17;2025-11-10;0;99
17;2025-11-10;1;14
17;2025-11-10;2;0
17;2025-11-10;3;0
17;2025-11-10;4;30
17;2025-11-10;5;312
17;2025-11-10;6;1531
17;2025-11-10;7;4004
17;2025-11-10;8;5260
17;2025-11-10;9;3803
17;2025-11-10;10;2907
17;2025-11-10;11;2865
17;2025-11-10;12;2938
17;2025-11-10;13;3006
17;2025-11-10;14;3027
17;2025-11-10;15;3257
17;2025-11-10;16;3602
17;2025-11-10;17;4420
17;2025-11-10;18;4967
17;2025-11-10;19;3476
17;2025-11-10;20;2351
17;2025-11-10;21;1384
17;2025-11-10;22;749
17;2025-11-10;23;331
17;2025-11-11;0;105
17;2025-11-11;1;10
17;2025-11-11;2;0
17;2025-11-11;3;0
17;2025-11-11;4;29
17;2025-11-11;5;315
17;2025-11-11;6;1556
17;2025-11-11;7;4119
17;2025-11-11;8;5264
17;2025-11-11;9;3869
17;2025-11-11;10;3013
17;2025-11-11;11;2940
17;2025-11-11;12;3014
17;2025-11-11;13;3024
17;2025-11-11;14;3147
17;2025-11-11;15;3273
17;2025-11-11;16;3677
17;2025-11-11;17;4544
17;2025-11-11;18;5001
17;2025-11-11;19;3555
17;2025-11-11;20;2415
17;2025-11-11;21;1449
17;2025-11-11;22;804
17;2025-11-11;23;350
17;2025-11-12;0;119
17;2025-11-12;1;12
17;2025-11-12;2;0
17;2025-11-12;3;0
17;2025-11-12;4;29
17;2025-11-12;5;317
17;2025-11-12;6;1539
17;2025-11-12;7;3999
17;2025-11-12;8;5221
17;2025-11-12;9;3782
17;2025-11-12;10;2968
17;2025-11-12;11;2825
17;2025-11-12;12;2911
17;2025-11-12;13;2979
17;2025-11-12;14;3085
17;2025-11-12;15;3259
17;2025-11-12;16;3609
17;2025-11-12;17;4432
17;2025-11-12;18;4940
17;2025-11-12;19;3470
17;2025-11-12;20;2388
17;2025-11-12;21;1490
17;2025-11-12;22;810
17;2025-11-12;23;375
17;2025-11-13;0;129
17;2025-11-13;1;10
17;2025-11-13;2;0
17;2025-11-13;3;0
17;2025-11-13;4;27
17;2025-11-13;5;308
17;2025-11-13;6;1553
17;2025-11-13;7;3992
17;2025-11-13;8;5248
17;2025-11-13;9;3813
17;2025-11-13;10;3031
17;2025-11-13;11;2951
17;2025-11-13;12;3070
17;2025-11-13;13;3137
17;2025-11-13;14;3183
17;2025-11-13;15;3335
17;2025-11-13;16;3765
17;2025-11-13;17;4474
17;2025-11-13;18;4984
17;2025-11-13;19;3550
17;2025-11-13;20;2415
17;2025-11-13;21;1493
17;2025-11-13;22;844
17;2025-11-13;23;392
17;2025-11-14;0;139
17;2025-11-14;1;15
17;2025-11-14;2;0
17;2025-11-14;3;0
17;2025-11-14;4;26
17;2025-11-14;5;313
17;2025-11-14;6;1530
17;2025-11-14;7;3882
17;2025-11-14;8;5158
17;2025-11-14;9;3697
17;2025-11-14;10;2892
17;2025-11-14;11;2946
17;2025-11-14;12;3025
17;2025-11-14;13;3089
17;2025-11-14;14;3164
17;2025-11-14;15;3484
17;2025-11-14;16;4110
17;2025-11-14;17;4529
17;2025-11-14;18;4390
17;2025-11-14;19;3283
17;2025-11-14;20;2333
17;2025-11-14;21;1561
17;2025-11-14;22;911
17;2025-11-14;23;448
17;2025-11-15;0;160
17;2025-11-15;1;15
17;2025-11-15;2;0
17;2025-11-15;3;0
17;2025-11-15;4;0
17;2025-11-15;5;125
17;2025-11-15;6;500
17;2025-11-15;7;981
17;2025-11-15;8;1572
17;2025-11-15;9;1938
17;2025-11-15;10;2209
17;2025-11-15;11;2606
17;2025-11-15;12;2903
17;2025-11-15;13;3286
17;2025-11-15;14;3376
17;2025-11-15;15;3437
17;2025-11-15;16;3444
17;2025-11-15;17;3304
17;2025-11-15;18;2881
17;2025-11-15;19;2357
17;2025-11-15;20;1900
17;2025-11-15;21;1382
17;2025-11-15;22;854
17;2025-11-15;23;403
17;2025-11-16;0;150
17;2025-11-16;1;17
17;2025-11-16;2;0
17;2025-11-16;3;1
17;2025-11-16;4;0
17;2025-11-16;5;95
17;2025-11-16;6;367
17;2025-11-16;7;657
17;2025-11-16;8;1134
17;2025-11-16;9;1555
17;2025-11-16;10;1848
17;2025-11-16;11;2425
17;2025-11-16;12;2797
17;2025-11-16;13;3006
17;2025-11-16;14;3101
17;2025-11-16;15;3132
17;2025-11-16;16;3043
17;2025-11-16;17;2858
17;2025-11-16;18;2509
17;2025-11-16;19;1985
17;2025-11-16;20;1454
17;2025-11-16;21;1041
17;2025-11-16;22;651
17;2025-11-16;23;272
17;2025-11-17;0;87
17;2025-11-17;1;10
17;2025-11-17;2;0
17;2025-11-17;3;0
17;2025-11-17;4;24
17;2025-11-17;5;289
17;2025-11-17;6;1441
17;2025-11-17;7;3923
17;2025-11-17;8;5203
17;2025-11-17;9;3685
17;2025-11-17;10;2708
17;2025-11-17;11;2674
17;2025-11-17;12;2649
17;2025-11-17;13;2684
17;2025-11-17;14;2731
17;2025-11-17;15;3042
17;2025-11-17;16;3479
17;2025-11-17;17;4340
17;2025-11-17;18;4936
17;2025-11-17;19;3421
17;2025-11-17;20;2287
17;2025-11-17;21;1301
17;2025-11-17;22;698
17;2025-11-17;23;298
17;2025-11-18;0;100
17;2025-11-18;1;8
17;2025-11-18;2;1
17;2025-11-18;3;1
17;2025-11-18;4;18
17;2025-11-18;5;287
17;2025-11-18;6;1505
17;2025-11-18;7;4055
17;2025-11-18;8;5197
17;2025-11-18;9;3750
17;2025-11-18;10;2732
17;2025-11-18;11;2755
17;2025-11-18;12;2805
17;2025-11-18;13;2722
17;2025-11-18;14;2871
17;2025-11-18;15;3125
17;2025-11-18;16;3562
17;2025-11-18;17;4499
17;2025-11-18;18;4979
17;2025-11-18;19;3483
17;2025-11-18;20;2338
17;2025-11-18;21;1408
17;2025-11-18;22;761
17;2025-11-18;23;316
17;2025-11-19;0;105
17;2025-11-19;1;12
17;2025-11-19;2;0
17;2025-11-19;3;0
17;2025-11-19;4;24
17;2025-11-19;5;314
17;2025-11-19;6;1543
17;2025-11-19;7;3998
17;2025-11-19;8;5268
17;2025-11-19;9;3773
17;2025-11-19;10;2942
17;2025-11-19;11;2863
17;2025-11-19;12;2979
17;2025-11-19;13;3066
17;2025-11-19;14;3128
17;2025-11-19;15;3293
17;2025-11-19;16;3627
17;2025-11-19;17;4461
17;2025-11-19;18;4972
17;2025-11-19;19;3458
17;2025-11-19;20;2382
17;2025-11-19;21;1495
17;2025-11-19;22;801
17;2025-11-19;23;335
17;2025-11-20;0;123
17;2025-11-20;1;10
17;2025-11-20;2;0
17;2025-11-20;3;0
17;2025-11-20;4;24
17;2025-11-20;5;307
17;2025-11-20;6;1555
17;2025-11-20;7;3974
17;2025-11-20;8;5280
17;2025-11-20;9;3814
17;2025-11-20;10;3041
17;2025-11-20;11;2956
17;2025-11-20;12;3085
17;2025-11-20;13;3147
17;2025-11-20;14;3196
17;2025-11-20;15;3341
17;2025-11-20;16;3783
17;2025-11-20;17;4523
17;2025-11-20;18;5004
17;2025-11-20;19;3568
17;2025-11-20;20;2435
17;2025-11-20;21;1501
17;2025-11-20;22;828
17;2025-11-20;23;376
17;2025-11-21;0;130
17;2025-11-21;1;11
17;2025-11-21;2;0
17;2025-11-21;3;0
17;2025-11-21;4;27
17;2025-11-21;5;291
17;2025-11-21;6;1551
17;2025-11-21;7;3890
17;2025-11-21;8;5201
17;2025-11-21;9;3730
17;2025-11-21;10;2957
17;2025-11-21;11;3001
17;2025-11-21;12;3037
17;2025-11-21;13;3150
17;2025-11-21;14;3210
17;2025-11-21;15;3532
17;2025-11-21;16;4163
17;2025-11-21;17;4571
17;2025-11-21;18;4435
17;2025-11-21;19;3320
17;2025-11-21;20;2370
17;2025-11-21;21;1580
17;2025-11-21;22;885
17;2025-11-21;23;439
17;2025-11-22;0;169
17;2025-11-22;1;23
17;2025-11-22;2;0
17;2025-11-22;3;0
17;2025-11-22;4;0
17;2025-11-22;5;114
17;2025-11-22;6;507
17;2025-11-22;7;1084
17;2025-11-22;8;1636
17;2025-11-22;9;2044
17;2025-11-22;10;2369
17;2025-11-22;11;2834
17;2025-11-22;12;3129
17;2025-11-22;13;3354
17;2025-11-22;14;3391
17;2025-11-22;15;3437
17;2025-11-22;16;3457
17;2025-11-22;17;3351
17;2025-11-22;18;3019
17;2025-11-22;19;2449
17;2025-11-22;20;1940
17;2025-11-22;21;1354
17;2025-11-22;22;816
17;2025-11-22;23;381
17;2025-11-23;0;149
17;2025-11-23;1;19
17;2025-11-23;2;0
17;2025-11-23;3;0
17;2025-11-23;4;1
17;2025-11-23;5;102
17;2025-11-23;6;404
17;2025-11-23;7;712
17;2025-11-23;8;1195
17;2025-11-23;9;1615
17;2025-11-23;10;1935
17;2025-11-23;11;2485
17;2025-11-23;12;2896
17;2025-11-23;13;3072
17;2025-11-23;14;3172
17;2025-11-23;15;3178
17;2025-11-23;16;3129
17;2025-11-23;17;3003
17;2025-11-23;18;2649
17;2025-11-23;19;2133
17;2025-11-23;20;1571
17;2025-11-23;21;1100
17;2025-11-23;22;692
17;2025-11-23;23;283
17;2025-11-24;0;83
17;2025-11-24;1;0
17;2025-11-24;2;0
17;2025-11-24;3;0
17;2025-11-24;4;23
17;2025-11-24;5;284
17;2025-11-24;6;1452
17;2025-11-24;7;3919
17;2025-11-24;8;5269
17;2025-11-24;9;3681
17;2025-11-24;10;2663
17;2025-11-24;11;2581
17;2025-11-24;12;2670
17;2025-11-24;13;2835
17;2025-11-24;14;2825
17;2025-11-24;15;3007
17;2025-11-24;16;3456
17;2025-11-24;17;4360
17;2025-11-24;18;4931
17;2025-11-24;19;3393
17;2025-11-24;20;2247
17;2025-11-24;21;1347
17;2025-11-24;22;704
17;2025-11-24;23;299
17;2025-11-25;0;92
17;2025-11-25;1;0
17;2025-11-25;2;0
17;2025-11-25;3;0
17;2025-11-25;4;29
17;2025-11-25;5;308
17;2025-11-25;6;1519
17;2025-11-25;7;4091
17;2025-11-25;8;5313
17;2025-11-25;9;3829
17;2025-11-25;10;2919
17;2025-11-25;11;2868
17;2025-11-25;12;2956
17;2025-11-25;13;2971
17;2025-11-25;14;3087
17;2025-11-25;15;3223
17;2025-11-25;16;3639
17;2025-11-25;17;4544
17;2025-11-25;18;5052
17;2025-11-25;19;3518
17;2025-11-25;20;2354
17;2025-11-25;21;1431
17;2025-11-25;22;794
17;2025-11-25;23;328
17;2025-11-26;0;106
17;2025-11-26;1;8
17;2025-11-26;2;0
17;2025-11-26;3;0
17;2025-11-26;4;22
17;2025-11-26;5;287
17;2025-11-26;6;1439
17;2025-11-26;7;3802
17;2025-11-26;8;5171
17;2025-11-26;9;3594
17;2025-11-26;10;2688
17;2025-11-26;11;2592
17;2025-11-26;12;2690
17;2025-11-26;13;2823
17;2025-11-26;14;2860
17;2025-11-26;15;3081
17;2025-11-26;16;3388
17;2025-11-26;17;4248
17;2025-11-26;18;4835
17;2025-11-26;19;3238
17;2025-11-26;20;2139
17;2025-11-26;21;1388
17;2025-11-26;22;748
17;2025-11-26;23;337
17;2025-11-27;0;117
17;2025-11-27;1;4
17;2025-11-27;2;0
17;2025-11-27;3;0
17;2025-11-27;4;26
17;2025-11-27;5;306
17;2025-11-27;6;1470
17;2025-11-27;7;3758
17;2025-11-27;8;5151
17;2025-11-27;9;3557
17;2025-11-27;10;2676
17;2025-11-27;11;2499
17;2025-11-27;12;2579
17;2025-11-27;13;2724
17;2025-11-27;14;2702
17;2025-11-27;15;2955
17;2025-11-27;16;3423
17;2025-11-27;17;4170
17;2025-11-27;18;4765
17;2025-11-27;19;3207
17;2025-11-27;20;2080
17;2025-11-27;21;1388
17;2025-11-27;22;748
17;2025-11-27;23;367
17;2025-11-28;0;127
17;2025-11-28;1;5
17;2025-11-28;2;0
17;2025-11-28;3;0
17;2025-11-28;4;25
17;2025-11-28;5;287
17;2025-11-28;6;1447
17;2025-11-28;7;3699
17;2025-11-28;8;5064
17;2025-11-28;9;3457
17;2025-11-28;10;2604
17;2025-11-28;11;2675
17;2025-11-28;12;2695
17;2025-11-28;13;2835
17;2025-11-28;14;2893
17;2025-11-28;15;3227
17;2025-11-28;16;3912
17;2025-11-28;17;4313
17;2025-11-28;18;4187
17;2025-11-28;19;3015
17;2025-11-28;20;2078
17;2025-11-28;21;1475
17;2025-11-28;22;899
17;2025-11-28;23;446
17;2025-11-29;0;169
17;2025-11-29;1;11
17;2025-11-29;2;0
17;2025-11-29;3;0
17;2025-11-29;4;8
17;2025-11-29;5;115
17;2025-11-29;6;508
17;2025-11-29;7;1031
17;2025-11-29;8;1523
17;2025-11-29;9;1765
17;2025-11-29;10;2007
17;2025-11-29;11;2456
17;2025-11-29;12;2742
17;2025-11-29;13;2965
17;2025-11-29;14;3003
17;2025-11-29;15;3063
17;2025-11-29;16;3086
17;2025-11-29;17;2975
17;2025-11-29;18;2614
17;2025-11-29;19;2113
17;2025-11-29;20;1661
17;2025-11-29;21;1310
17;2025-11-29;22;839
17;2025-11-29;23;392
17;2025-11-30;0;135
17;2025-11-30;1;6
17;2025-11-30;2;0
17;2025-11-30;3;0
17;2025-11-30;4;5
17;2025-11-30;5;95
17;2025-11-30;6;371
17;2025-11-30;7;611
17;2025-11-30;8;1064
17;2025-11-30;9;1382
17;2025-11-30;10;1631
17;2025-11-30;11;2104
17;2025-11-30;12;2405
17;2025-11-30;13;2655
17;2025-11-30;14;2756
17;2025-11-30;15;2787
17;2025-11-30;16;2717
17;2025-11-30;17;2586
17;2025-11-30;18;2292
17;2025-11-30;19;1781
17;2025-11-30;20;1362
17;2025-11-30;21;1050
17;2025-11-30;22;668
17;2025-11-30;23;278
17;2025-12-01;0;74
17;2025-12-01;1;0
17;2025-12-01;2;0
17;2025-12-01;3;0
17;2025-12-01;4;5
17;2025-12-01;5;311
17;2025-12-01;6;1347
17;2025-12-01;7;3675
17;2025-12-01;8;5102
17;2025-12-01;9;3405
17;2025-12-01;10;2377
17;2025-12-01;11;2345
17;2025-12-01;12;2364
17;2025-12-01;13;2483
17;2025-12-01;14;2471
17;2025-12-01;15;2813
17;2025-12-01;16;3175
17;2025-12-01;17;4071
17;2025-12-01;18;4703
17;2025-12-01;19;3050
17;2025-12-01;20;1930
17;2025-12-01;21;1232
17;2025-12-01;22;700
17;2025-12-01;23;302
17;2025-12-02;0;97
17;2025-12-02;1;0
17;2025-12-02;2;0
17;2025-12-02;3;0
17;2025-12-02;4;24
17;2025-12-02;5;316
17;2025-12-02;6;1386
17;2025-12-02;7;3837
17;2025-12-02;8;5131
17;2025-12-02;9;3539
17;2025-12-02;10;2547
17;2025-12-02;11;2492
17;2025-12-02;12;2521
17;2025-12-02;13;2569
17;2025-12-02;14;2707
17;2025-12-02;15;2887
17;2025-12-02;16;3307
17;2025-12-02;17;4237
17;2025-12-02;18;4826
17;2025-12-02;19;3197
17;2025-12-02;20;2010
17;2025-12-02;21;1280
17;2025-12-02;22;733
17;2025-12-02;23;309
17;2025-12-03;0;93
17;2025-12-03;1;11
17;2025-12-03;2;0
17;2025-12-03;3;0
17;2025-12-03;4;24
17;2025-12-03;5;312
17;2025-12-03;6;1423
17;2025-12-03;7;3814
17;2025-12-03;8;5164
17;2025-12-03;9;3584
17;2025-12-03;10;2774
17;2025-12-03;11;2718
17;2025-12-03;12;2761
17;2025-12-03;13;2844
17;2025-12-03;14;2856
17;2025-12-03;15;3070
17;2025-12-03;16;3415
17;2025-12-03;17;4262
17;2025-12-03;18;4780
17;2025-12-03;19;3218
17;2025-12-03;20;2114
17;2025-12-03;21;1358
17;2025-12-03;22;774
17;2025-12-03;23;349
17;2025-12-04;0;101
17;2025-12-04;1;0
17;2025-12-04;2;0
17;2025-12-04;3;0
17;2025-12-04;4;8
17;2025-12-04;5;308
17;2025-12-04;6;1479
17;2025-12-04;7;3746
17;2025-12-04;8;5137
17;2025-12-04;9;3573
17;2025-12-04;10;2794
17;2025-12-04;11;2715
17;2025-12-04;12;2807
17;2025-12-04;13;2885
17;2025-12-04;14;2900
17;2025-12-04;15;3098
17;2025-12-04;16;3515
17;2025-12-04;17;4243
17;2025-12-04;18;4804
17;2025-12-04;19;3290
17;2025-12-04;20;2203
17;2025-12-04;21;1379
17;2025-12-04;22;795
17;2025-12-04;23;358
17;2025-12-05;0;114
17;2025-12-05;1;0
17;2025-12-05;2;0
17;2025-12-05;3;0
17;2025-12-05;4;9
17;2025-12-05;5;312
17;2025-12-05;6;1499
17;2025-12-05;7;3763
17;2025-12-05;8;5123
17;2025-12-05;9;3548
17;2025-12-05;10;2759
17;2025-12-05;11;2824
17;2025-12-05;12;2840
17;2025-12-05;13;2956
17;2025-12-05;14;3014
17;2025-12-05;15;3322
17;2025-12-05;16;3966
17;2025-12-05;17;4378
17;2025-12-05;18;4244
17;2025-12-05;19;3126
17;2025-12-05;20;2190
17;2025-12-05;21;1498
17;2025-12-05;22;864
17;2025-12-05;23;432
17;2025-12-06;0;158
17;2025-12-06;1;8
17;2025-12-06;2;0
17;2025-12-06;3;0
17;2025-12-06;4;0
17;2025-12-06;5;118
17;2025-12-06;6;530
17;2025-12-06;7;1062
17;2025-12-06;8;1592
17;2025-12-06;9;1895
17;2025-12-06;10;2181
17;2025-12-06;11;2604
17;2025-12-06;12;2875
17;2025-12-06;13;3103
17;2025-12-06;14;3134
17;2025-12-06;15;3209
17;2025-12-06;16;3201
17;2025-12-06;17;3102
17;2025-12-06;18;2747
17;2025-12-06;19;2220
17;2025-12-06;20;1758
17;2025-12-06;21;1306
17;2025-12-06;22;820
17;2025-12-06;23;393
17;2025-12-07;0;149
17;2025-12-07;1;6
17;2025-12-07;2;0
17;2025-12-07;3;0
17;2025-12-07;4;3
17;2025-12-07;5;99
17;2025-12-07;6;409
17;2025-12-07;7;696
17;2025-12-07;8;1179
17;2025-12-07;9;1566
17;2025-12-07;10;1814
17;2025-12-07;11;2341
17;2025-12-07;12;2683
17;2025-12-07;13;2857
17;2025-12-07;14;2969
17;2025-12-07;15;2989
17;2025-12-07;16;2947
17;2025-12-07;17;2821
17;2025-12-07;18;2515
17;2025-12-07;19;2002
17;2025-12-07;20;1508
17;2025-12-07;21;1115
17;2025-12-07;22;721
17;2025-12-07;23;313
17;2025-12-08;0;100
17;2025-12-08;1;15
17;2025-12-08;2;0
17;2025-12-08;3;0
17;2025-12-08;4;30
17;2025-12-08;5;325
17;2025-12-08;6;1513
17;2025-12-08;7;3937
17;2025-12-08;8;5292
17;2025-12-08;9;3746
17;2025-12-08;10;2828
17;2025-12-08;11;2789
17;2025-12-08;12;2816
17;2025-12-08;13;2894
17;2025-12-08;14;2910
17;2025-12-08;15;3163
17;2025-12-08;16;3520
17;2025-12-08;17;4356
17;2025-12-08;18;4900
17;2025-12-08;19;3401
17;2025-12-08;20;2295
17;2025-12-08;21;1355
17;2025-12-08;22;736
17;2025-12-08;23;327
17;2025-12-09;0;105
17;2025-12-09;1;13
17;2025-12-09;2;1
17;2025-12-09;3;0
17;2025-12-09;4;32
17;2025-12-09;5;330
17;2025-12-09;6;1549
17;2025-12-09;7;4035
17;2025-12-09;8;5301
17;2025-12-09;9;3846
17;2025-12-09;10;2943
17;2025-12-09;11;2855
17;2025-12-09;12;2872
17;2025-12-09;13;2885
17;2025-12-09;14;3009
17;2025-12-09;15;3178
17;2025-12-09;16;3604
17;2025-12-09;17;4498
17;2025-12-09;18;5000
17;2025-12-09;19;3495
17;2025-12-09;20;2322
17;2025-12-09;21;1439
17;2025-12-09;22;767
17;2025-12-09;23;333
17;2025-12-10;0;106
17;2025-12-10;1;9
17;2025-12-10;2;0
17;2025-12-10;3;0
17;2025-12-10;4;26
17;2025-12-10;5;321
17;2025-12-10;6;1515
17;2025-12-10;7;3979
17;2025-12-10;8;5309
17;2025-12-10;9;3831
17;2025-12-10;10;3011
17;2025-12-10;11;2937
17;2025-12-10;12;3011
17;2025-12-10;13;3086
17;2025-12-10;14;3122
17;2025-12-10;15;3304
17;2025-12-10;16;3670
17;2025-12-10;17;4500
17;2025-12-10;18;4938
17;2025-12-10;19;3481
17;2025-12-10;20;2385
17;2025-12-10;21;1500
17;2025-12-10;22;825
17;2025-12-10;23;372
17;2025-12-11;0;126
17;2025-12-11;1;12
17;2025-12-11;2;0
17;2025-12-11;3;0
17;2025-12-11;4;10
17;2025-12-11;5;306
17;2025-12-11;6;1510
17;2025-12-11;7;3903
17;2025-12-11;8;5219
17;2025-12-11;9;3706
17;2025-12-11;10;2832
17;2025-12-11;11;2827
17;2025-12-11;12;2932
17;2025-12-11;13;3042
17;2025-12-11;14;3087
17;2025-12-11;15;3268
17;2025-12-11;16;3708
17;2025-12-11;17;4403
17;2025-12-11;18;4887
17;2025-12-11;19;3406
17;2025-12-11;20;2271
17;2025-12-11;21;1445
17;2025-12-11;22;776
17;2025-12-11;23;365
17;2025-12-12;0;112
17;2025-12-12;1;0
17;2025-12-12;2;0
17;2025-12-12;3;0
17;2025-12-12;4;5
17;2025-12-12;5;309
17;2025-12-12;6;1495
17;2025-12-12;7;3876
17;2025-12-12;8;5212
17;2025-12-12;9;3711
17;2025-12-12;10;2914
17;2025-12-12;11;3000
17;2025-12-12;12;2852
17;2025-12-12;13;2941
17;2025-12-12;14;2996
17;2025-12-12;15;3294
17;2025-12-12;16;4041
17;2025-12-12;17;4506
17;2025-12-12;18;4344
17;2025-12-12;19;3231
17;2025-12-12;20;2261
17;2025-12-12;21;1515
17;2025-12-12;22;858
17;2025-12-12;23;409
17;2025-12-13;0;150
17;2025-12-13;1;0
17;2025-12-13;2;0
17;2025-12-13;3;0
17;2025-12-13;4;0
17;2025-12-13;5;96
17;2025-12-13;6;522
17;2025-12-13;7;1025
17;2025-12-13;8;1581
17;2025-12-13;9;1932
17;2025-12-13;10;2183
17;2025-12-13;11;2594
17;2025-12-13;12;2889
17;2025-12-13;13;3116
17;2025-12-13;14;3153
17;2025-12-13;15;3183
17;2025-12-13;16;3226
17;2025-12-13;17;3136
17;2025-12-13;18;2765
17;2025-12-13;19;2298
17;2025-12-13;20;1799
17;2025-12-13;21;1291
17;2025-12-13;22;825
17;2025-12-13;23;372
17;2025-12-14;0;123
17;2025-12-14;1;5
17;2025-12-14;2;0
17;2025-12-14;3;0
17;2025-12-14;4;0
17;2025-12-14;5;80
17;2025-12-14;6;389
17;2025-12-14;7;715
17;2025-12-14;8;1136
17;2025-12-14;9;1529
17;2025-12-14;10;1802
17;2025-12-14;11;2345
17;2025-12-14;12;2656
17;2025-12-14;13;2823
17;2025-12-14;14;2952
17;2025-12-14;15;2964
17;2025-12-14;16;2987
17;2025-12-14;17;2852
17;2025-12-14;18;2530
17;2025-12-14;19;2069
17;2025-12-14;20;1542
17;2025-12-14;21;1109
17;2025-12-14;22;716
17;2025-12-14;23;305
17;2025-12-15;0;98
17;2025-12-15;1;11
17;2025-12-15;2;0
17;2025-12-15;3;0
17;2025-12-15;4;27
17;2025-12-15;5;313
17;2025-12-15;6;1484
17;2025-12-15;7;4004
17;2025-12-15;8;5351
17;2025-12-15;9;3827
17;2025-12-15;10;2888
17;2025-12-15;11;2858
17;2025-12-15;12;2893
17;2025-12-15;13;2976
17;2025-12-15;14;3002
17;2025-12-15;15;3245
17;2025-12-15;16;3621
17;2025-12-15;17;4449
17;2025-12-15;18;4962
17;2025-12-15;19;3439
17;2025-12-15;20;2329
17;2025-12-15;21;1343
17;2025-12-15;22;747
17;2025-12-15;23;326
17;2025-12-16;0;100
17;2025-12-16;1;7
17;2025-12-16;2;0
17;2025-12-16;3;0
17;2025-12-16;4;29
17;2025-12-16;5;311
17;2025-12-16;6;1522
17;2025-12-16;7;4119
17;2025-12-16;8;5368
17;2025-12-16;9;3905
17;2025-12-16;10;3000
17;2025-12-16;11;2903
17;2025-12-16;12;2867
17;2025-12-16;13;2851
17;2025-12-16;14;3128
17;2025-12-16;15;3272
17;2025-12-16;16;3686
17;2025-12-16;17;4558
17;2025-12-16;18;5028
17;2025-12-16;19;3532
17;2025-12-16;20;2361
17;2025-12-16;21;1448
17;2025-12-16;22;770
17;2025-12-16;23;330
17;2025-12-17;0;94
17;2025-12-17;1;0
17;2025-12-17;2;0
17;2025-12-17;3;0
17;2025-12-17;4;9
17;2025-12-17;5;309
17;2025-12-17;6;1514
17;2025-12-17;7;4006
17;2025-12-17;8;5334
17;2025-12-17;9;3852
17;2025-12-17;10;3018
17;2025-12-17;11;2984
17;2025-12-17;12;3018
17;2025-12-17;13;3096
17;2025-12-17;14;3149
17;2025-12-17;15;3330
17;2025-12-17;16;3695
17;2025-12-17;17;4517
17;2025-12-17;18;4925
17;2025-12-17;19;3476
17;2025-12-17;20;2371
17;2025-12-17;21;1481
17;2025-12-17;22;800
17;2025-12-17;23;363
17;2025-12-18;0;115
17;2025-12-18;1;8
17;2025-12-18;2;0
17;2025-12-18;3;0
17;2025-12-18;4;23
17;2025-12-18;5;301
17;2025-12-18;6;1514
17;2025-12-18;7;3962
17;2025-12-18;8;5313
17;2025-12-18;9;3811
17;2025-12-18;10;2982
17;2025-12-18;11;2931
17;2025-12-18;12;3034
17;2025-12-18;13;3113
17;2025-12-18;14;3141
17;2025-12-18;15;3301
17;2025-12-18;16;3780
17;2025-12-18;17;4505
17;2025-12-18;18;4935
17;2025-12-18;19;3506
17;2025-12-18;20;2370
17;2025-12-18;21;1462
17;2025-12-18;22;802
17;2025-12-18;23;365
17;2025-12-19;0;114
17;2025-12-19;1;0
17;2025-12-19;2;0
17;2025-12-19;3;0
17;2025-12-19;4;10
17;2025-12-19;5;310
17;2025-12-19;6;1504
17;2025-12-19;7;3948
17;2025-12-19;8;5264
17;2025-12-19;9;3768
17;2025-12-19;10;2943
17;2025-12-19;11;3023
17;2025-12-19;12;3053
17;2025-12-19;13;3134
17;2025-12-19;14;3212
17;2025-12-19;15;3513
17;2025-12-19;16;4184
17;2025-12-19;17;4582
17;2025-12-19;18;4384
17;2025-12-19;19;3300
17;2025-12-19;20;2335
17;2025-12-19;21;1552
17;2025-12-19;22;886
17;2025-12-19;23;446
17;2025-12-20;0;175
17;2025-12-20;1;21
17;2025-12-20;2;0
17;2025-12-20;3;0
17;2025-12-20;4;3
17;2025-12-20;5;123
17;2025-12-20;6;536
17;2025-12-20;7;1115
17;2025-12-20;8;1664
17;2025-12-20;9;1992
17;2025-12-20;10;2259
17;2025-12-20;11;2748
17;2025-12-20;12;3023
17;2025-12-20;13;3234
17;2025-12-20;14;3283
17;2025-12-20;15;3331
17;2025-12-20;16;3326
17;2025-12-20;17;3212
17;2025-12-20;18;2812
17;2025-12-20;19;2284
17;2025-12-20;20;1803
17;2025-12-20;21;1313
17;2025-12-20;22;811
17;2025-12-20;23;408
17;2025-12-21;0;146
17;2025-12-21;1;13
17;2025-12-21;2;0
17;2025-12-21;3;0
17;2025-12-21;4;1
17;2025-12-21;5;97
17;2025-12-21;6;394
17;2025-12-21;7;721
17;2025-12-21;8;1181
17;2025-12-21;9;1572
17;2025-12-21;10;1841
17;2025-12-21;11;2374
17;2025-12-21;12;2714
17;2025-12-21;13;2922
17;2025-12-21;14;3043
17;2025-12-21;15;3044
17;2025-12-21;16;2992
17;2025-12-21;17;2858
17;2025-12-21;18;2526
17;2025-12-21;19;2022
17;2025-12-21;20;1516
17;2025-12-21;21;1080
17;2025-12-21;22;666
17;2025-12-21;23;286
17;2025-12-22;0;94
17;2025-12-22;1;7
17;2025-12-22;2;0
17;2025-12-22;3;0
17;2025-12-22;4;27
17;2025-12-22;5;317
17;2025-12-22;6;1496
17;2025-12-22;7;3945
17;2025-12-22;8;5292
17;2025-12-22;9;3767
17;2025-12-22;10;2750
17;2025-12-22;11;2793
17;2025-12-22;12;2804
17;2025-12-22;13;2853
17;2025-12-22;14;2871
17;2025-12-22;15;3140
17;2025-12-22;16;3543
17;2025-12-22;17;4402
17;2025-12-22;18;4877
17;2025-12-22;19;3390
17;2025-12-22;20;2248
17;2025-12-22;21;1316
17;2025-12-22;22;714
17;2025-12-22;23;280
17;2025-12-23;0;86
17;2025-12-23;1;0
17;2025-12-23;2;0
17;2025-12-23;3;0
17;2025-12-23;4;14
17;2025-12-23;5;316
17;2025-12-23;6;1504
17;2025-12-23;7;4014
17;2025-12-23;8;5278
17;2025-12-23;9;3850
17;2025-12-23;10;2923
17;2025-12-23;11;2882
17;2025-12-23;12;2916
17;2025-12-23;13;2906
17;2025-12-23;14;3047
17;2025-12-23;15;3196
17;2025-12-23;16;3616
17;2025-12-23;17;4527
17;2025-12-23;18;4973
17;2025-12-23;19;3496
17;2025-12-23;20;2364
17;2025-12-23;21;1422
17;2025-12-23;22;796
17;2025-12-23;23;331
17;2025-12-24;0;108
17;2025-12-24;1;6
17;2025-12-24;2;0
17;2025-12-24;3;0
17;2025-12-24;4;27
17;2025-12-24;5;316
17;2025-12-24;6;1499
17;2025-12-24;7;3973
17;2025-12-24;8;5284
17;2025-12-24;9;3799
17;2025-12-24;10;2958
17;2025-12-24;11;2914
17;2025-12-24;12;2957
17;2025-12-24;13;2996
17;2025-12-24;14;3031
17;2025-12-24;15;3238
17;2025-12-24;16;3616
17;2025-12-24;17;4465
17;2025-12-24;18;4856
17;2025-12-24;19;3413
17;2025-12-24;20;2308
17;2025-12-24;21;1448
17;2025-12-24;22;772
17;2025-12-24;23;350
17;2025-12-25;0;115
17;2025-12-25;1;5
17;2025-12-25;2;0
17;2025-12-25;3;0
17;2025-12-25;4;22
17;2025-12-25;5;298
17;2025-12-25;6;1510
17;2025-12-25;7;3838
17;2025-12-25;8;5200
17;2025-12-25;9;3758
17;2025-12-25;10;2980
17;2025-12-25;11;2922
17;2025-12-25;12;3018
17;2025-12-25;13;3082
17;2025-12-25;14;3092
17;2025-12-25;15;3250
17;2025-12-25;16;3721
17;2025-12-25;17;4387
17;2025-12-25;18;4802
17;2025-12-25;19;3429
17;2025-12-25;20;2244
17;2025-12-25;21;1437
17;2025-12-25;22;754
17;2025-12-25;23;340
17;2025-12-26;0;106
17;2025-12-26;1;2
17;2025-12-26;2;0
17;2025-12-26;3;0
17;2025-12-26;4;11
17;2025-12-26;5;306
17;2025-12-26;6;1485
17;2025-12-26;7;3683
17;2025-12-26;8;5085
17;2025-12-26;9;3592
17;2025-12-26;10;2756
17;2025-12-26;11;2785
17;2025-12-26;12;2809
17;2025-12-26;13;3029
17;2025-12-26;14;3081
17;2025-12-26;15;3381
17;2025-12-26;16;4089
17;2025-12-26;17;4425
17;2025-12-26;18;4249
17;2025-12-26;19;3071
17;2025-12-26;20;2204
17;2025-12-26;21;1531
17;2025-12-26;22;872
17;2025-12-26;23;439
17;2025-12-27;0;175
17;2025-12-27;1;19
17;2025-12-27;2;0
17;2025-12-27;3;0
17;2025-12-27;4;0
17;2025-12-27;5;119
17;2025-12-27;6;545
17;2025-12-27;7;1111
17;2025-12-27;8;1650
17;2025-12-27;9;2017
17;2025-12-27;10;2274
17;2025-12-27;11;2740
17;2025-12-27;12;3014
17;2025-12-27;13;3219
17;2025-12-27;14;3259
17;2025-12-27;15;3337
17;2025-12-27;16;3364
17;2025-12-27;17;3262
17;2025-12-27;18;2860
17;2025-12-27;19;2339
17;2025-12-27;20;1868
17;2025-12-27;21;1360
17;2025-12-27;22;815
17;2025-12-27;23;414
17;2025-12-28;0;165
17;2025-12-28;1;19
17;2025-12-28;2;0
17;2025-12-28;3;0
17;2025-12-28;4;0
17;2025-12-28;5;93
17;2025-12-28;6;389
17;2025-12-28;7;678
17;2025-12-28;8;1128
17;2025-12-28;9;1565
17;2025-12-28;10;1870
17;2025-12-28;11;2343
17;2025-12-28;12;2740
17;2025-12-28;13;2936
17;2025-12-28;14;3027
17;2025-12-28;15;3063
17;2025-12-28;16;3044
17;2025-12-28;17;2888
17;2025-12-28;18;2560
17;2025-12-28;19;2080
17;2025-12-28;20;1552
17;2025-12-28;21;1144
17;2025-12-28;22;721
17;2025-12-28;23;328
17;2025-12-29;0;108
17;2025-12-29;1;10
17;2025-12-29;2;0
17;2025-12-29;3;0
17;2025-12-29;4;23
17;2025-12-29;5;299
17;2025-12-29;6;1483
17;2025-12-29;7;3735
17;2025-12-29;8;5014
17;2025-12-29;9;3709
17;2025-12-29;10;2871
17;2025-12-29;11;2829
17;2025-12-29;12;2873
17;2025-12-29;13;2965
17;2025-12-29;14;2989
17;2025-12-29;15;3210
17;2025-12-29;16;3589
17;2025-12-29;17;4228
17;2025-12-29;18;4662
17;2025-12-29;19;3346
17;2025-12-29;20;2328
17;2025-12-29;21;1401
17;2025-12-29;22;756
17;2025-12-29;23;342
17;2025-12-30;0;119
17;2025-12-30;1;7
17;2025-12-30;2;0
17;2025-12-30;3;0
17;2025-12-30;4;25
17;2025-12-30;5;301
17;2025-12-30;6;1503
17;2025-12-30;7;3758
17;2025-12-30;8;4890
17;2025-12-30;9;3627
17;2025-12-30;10;2895
17;2025-12-30;11;2811
17;2025-12-30;12;2935
17;2025-12-30;13;2949
17;2025-12-30;14;3152
17;2025-12-30;15;3286
17;2025-12-30;16;3621
17;2025-12-30;17;4223
17;2025-12-30;18;4653
17;2025-12-30;19;3303
17;2025-12-30;20;2307
17;2025-12-30;21;1488
17;2025-12-30;22;812
17;2025-12-30;23;364
17;2025-12-31;0;76
17;2025-12-31;1;0
17;2025-12-31;2;0
17;2025-12-31;3;0
17;2025-12-31;4;0
17;2025-12-31;5;119
17;2025-12-31;6;325
17;2025-12-31;7;1218
17;2025-12-31;8;2278
17;2025-12-31;9;1315
17;2025-12-31;10;1304
17;2025-12-31;11;1580
17;2025-12-31;12;1777
17;2025-12-31;13;1762
17;2025-12-31;14;1927
17;2025-12-31;15;1878
17;2025-12-31;16;1755
17;2025-12-31;17;2097
17;2025-12-31;18;2358
17;2025-12-31;19;1582
17;2025-12-31;20;1330
17;2025-12-31;21;954
17;2025-12-31;22;620
17;2025-12-31;23;279
25;2025-11-01;0;0
25;2025-11-01;1;1
25;2025-11-01;2;0
25;2025-11-01;3;0
25;2025-11-01;4;0
25;2025-11-01;5;18
25;2025-11-01;6;95
25;2025-11-01;7;119
25;2025-11-01;8;295
25;2025-11-01;9;279
25;2025-11-01;10;289
25;2025-11-01;11;395
25;2025-11-01;12;393
25;2025-11-01;13;588
25;2025-11-01;14;594
25;2025-11-01;15;688
25;2025-11-01;16;603
25;2025-11-01;17;528
25;2025-11-01;18;472
25;2025-11-01;19;425
25;2025-11-01;20;262
25;2025-11-01;21;223
25;2025-11-01;22;113
25;2025-11-01;23;49
25;2025-11-02;0;19
25;2025-11-02;1;0
25;2025-11-02;2;0
25;2025-11-02;3;0
25;2025-11-02;4;0
25;2025-11-02;5;2
25;2025-11-02;6;41
25;2025-11-02;7;79
25;2025-11-02;8;165
25;2025-11-02;9;140
25;2025-11-02;10;161
25;2025-11-02;11;204
25;2025-11-02;12;281
25;2025-11-02;13;311
25;2025-11-02;14;391
25;2025-11-02;15;440
25;2025-11-02;16;374
25;2025-11-02;17;336
25;2025-11-02;18;316
25;2025-11-02;19;239
25;2025-11-02;20;191
25;2025-11-02;21;154
25;2025-11-02;22;106
25;2025-11-02;23;33
25;2025-11-03;0;6
25;2025-11-03;1;0
25;2025-11-03;2;0
25;2025-11-03;3;0
25;2025-11-03;4;0
25;2025-11-03;5;2
25;2025-11-03;6;98
25;2025-11-03;7;253
25;2025-11-03;8;245
25;2025-11-03;9;240
25;2025-11-03;10;186
25;2025-11-03;11;185
25;2025-11-03;12;201
25;2025-11-03;13;294
25;2025-11-03;14;247
25;2025-11-03;15;303
25;2025-11-03;16;365
25;2025-11-03;17;333
25;2025-11-03;18;311
25;2025-11-03;19;316
25;2025-11-03;20;213
25;2025-11-03;21;139
25;2025-11-03;22;92
25;2025-11-03;23;11
25;2025-11-04;0;2
25;2025-11-04;1;0
25;2025-11-04;2;0
25;2025-11-04;3;0
25;2025-11-04;4;0
25;2025-11-04;5;0
25;2025-11-04;6;102
25;2025-11-04;7;272
25;2025-11-04;8;265
25;2025-11-04;9;255
25;2025-11-04;10;213
25;2025-11-04;11;223
25;2025-11-04;12;191
25;2025-11-04;13;284
25;2025-11-04;14;311
25;2025-11-04;15;383
25;2025-11-04;16;408
25;2025-11-04;17;333
25;2025-11-04;18;305
25;2025-11-04;19;332
25;2025-11-04;20;255
25;2025-11-04;21;168
25;2025-11-04;22;108
25;2025-11-04;23;13
25;2025-11-05;0;0
25;2025-11-05;1;0
25;2025-11-05;2;0
25;2025-11-05;3;0
25;2025-11-05;4;0
25;2025-11-05;5;3
25;2025-11-05;6;141
25;2025-11-05;7;454
25;2025-11-05;8;749
25;2025-11-05;9;404
25;2025-11-05;10;309
25;2025-11-05;11;345
25;2025-11-05;12;357
25;2025-11-05;13;445
25;2025-11-05;14;383
25;2025-11-05;15;460
25;2025-11-05;16;541
25;2025-11-05;17;623
25;2025-11-05;18;674
25;2025-11-05;19;422
25;2025-11-05;20;296
25;2025-11-05;21;192
25;2025-11-05;22;112
25;2025-11-05;23;5
25;2025-11-06;0;0
25;2025-11-06;1;0
25;2025-11-06;2;0
25;2025-11-06;3;0
25;2025-11-06;4;0
25;2025-11-06;5;6
25;2025-11-06;6;131
25;2025-11-06;7;458
25;2025-11-06;8;788
25;2025-11-06;9;395
25;2025-11-06;10;315
25;2025-11-06;11;308
25;2025-11-06;12;339
25;2025-11-06;13;394
25;2025-11-06;14;379
25;2025-11-06;15;435
25;2025-11-06;16;538
25;2025-11-06;17;631
25;2025-11-06;18;703
25;2025-11-06;19;426
25;2025-11-06;20;274
25;2025-11-06;21;189
25;2025-11-06;22;118
25;2025-11-06;23;8
25;2025-11-07;0;1
25;2025-11-07;1;0
25;2025-11-07;2;0
25;2025-11-07;3;0
25;2025-11-07;4;0
25;2025-11-07;5;4
25;2025-11-07;6;136
25;2025-11-07;7;461
25;2025-11-07;8;746
25;2025-11-07;9;369
25;2025-11-07;10;298
25;2025-11-07;11;340
25;2025-11-07;12;338
25;2025-11-07;13;414
25;2025-11-07;14;407
25;2025-11-07;15;503
25;2025-11-07;16;658
25;2025-11-07;17;665
25;2025-11-07;18;547
25;2025-11-07;19;380
25;2025-11-07;20;265
25;2025-11-07;21;190
25;2025-11-07;22;119
25;2025-11-07;23;12
25;2025-11-08;0;0
25;2025-11-08;1;0
25;2025-11-08;2;0
25;2025-11-08;3;0
25;2025-11-08;4;0
25;2025-11-08;5;1
25;2025-11-08;6;44
25;2025-11-08;7;121
25;2025-11-08;8;254
25;2025-11-08;9;245
25;2025-11-08;10;238
25;2025-11-08;11;308
25;2025-11-08;12;327
25;2025-11-08;13;452
25;2025-11-08;14;472
25;2025-11-08;15;589
25;2025-11-08;16;516
25;2025-11-08;17;426
25;2025-11-08;18;420
25;2025-11-08;19;350
25;2025-11-08;20;246
25;2025-11-08;21;218
25;2025-11-08;22;127
25;2025-11-08;23;55
25;2025-11-09;0;18
25;2025-11-09;1;0
25;2025-11-09;2;0
25;2025-11-09;3;0
25;2025-11-09;4;0
25;2025-11-09;5;2
25;2025-11-09;6;43
25;2025-11-09;7;94
25;2025-11-09;8;178
25;2025-11-09;9;181
25;2025-11-09;10;190
25;2025-11-09;11;244
25;2025-11-09;12;298
25;2025-11-09;13;356
25;2025-11-09;14;402
25;2025-11-09;15;508
25;2025-11-09;16;418
25;2025-11-09;17;374
25;2025-11-09;18;350
25;2025-11-09;19;268
25;2025-11-09;20;206
25;2025-11-09;21;162
25;2025-11-09;22;111
25;2025-11-09;23;35
25;2025-11-10;0;10
25;2025-11-10;1;0
25;2025-11-10;2;0
25;2025-11-10;3;0
25;2025-11-10;4;0
25;2025-11-10;5;4
25;2025-11-10;6;153
25;2025-11-10;7;512
25;2025-11-10;8;862
25;2025-11-10;9;420
25;2025-11-10;10;295
25;2025-11-10;11;320
25;2025-11-10;12;342
25;2025-11-10;13;441
25;2025-11-10;14;351
25;2025-11-10;15;439
25;2025-11-10;16;623
25;2025-11-10;17;696
25;2025-11-10;18;757
25;2025-11-10;19;420
25;2025-11-10;20;274
25;2025-11-10;21;185
25;2025-11-10;22;104
25;2025-11-10;23;9
25;2025-11-11;0;0
25;2025-11-11;1;0
25;2025-11-11;2;0
25;2025-11-11;3;0
25;2025-11-11;4;0
25;2025-11-11;5;4
25;2025-11-11;6;148
25;2025-11-11;7;524
25;2025-11-11;8;883
25;2025-11-11;9;449
25;2025-11-11;10;338
25;2025-11-11;11;371
25;2025-11-11;12;338
25;2025-11-11;13;408
25;2025-11-11;14;375
25;2025-11-11;15;465
25;2025-11-11;16;599
25;2025-11-11;17;654
25;2025-11-11;18;733
25;2025-11-11;19;457
25;2025-11-11;20;293
25;2025-11-11;21;188
25;2025-11-11;22;112
25;2025-11-11;23;10
25;2025-11-12;0;0
25;2025-11-12;1;0
25;2025-11-12;2;0
25;2025-11-12;3;0
25;2025-11-12;4;0
25;2025-11-12;5;3
25;2025-11-12;6;145
25;2025-11-12;7;508
25;2025-11-12;8;873
25;2025-11-12;9;434
25;2025-11-12;10;324
25;2025-11-12;11;346
25;2025-11-12;12;337
25;2025-11-12;13;428
25;2025-11-12;14;368
25;2025-11-12;15;454
25;2025-11-12;16;606
25;2025-11-12;17;713
25;2025-11-12;18;751
25;2025-11-12;19;443
25;2025-11-12;20;309
25;2025-11-12;21;204
25;2025-11-12;22;119
25;2025-11-12;23;7
25;2025-11-13;0;1
25;2025-11-13;1;0
25;2025-11-13;2;0
25;2025-11-13;3;0
25;2025-11-13;4;0
25;2025-11-13;5;5
25;2025-11-13;6;140
25;2025-11-13;7;500
25;2025-11-13;8;873
25;2025-11-13;9;429
25;2025-11-13;10;341
25;2025-11-13;11;349
25;2025-11-13;12;352
25;2025-11-13;13;403
25;2025-11-13;14;390
25;2025-11-13;15;476
25;2025-11-13;16;589
25;2025-11-13;17;689
25;2025-11-13;18;745
25;2025-11-13;19;449
25;2025-11-13;20;293
25;2025-11-13;21;194
25;2025-11-13;22;128
25;2025-11-13;23;9
25;2025-11-14;0;0
25;2025-11-14;1;0
25;2025-11-14;2;0
25;2025-11-14;3;0
25;2025-11-14;4;0
25;2025-11-14;5;4
25;2025-11-14;6;157
25;2025-11-14;7;513
25;2025-11-14;8;823
25;2025-11-14;9;421
25;2025-11-14;10;334
25;2025-11-14;11;371
25;2025-11-14;12;360
25;2025-11-14;13;452
25;2025-11-14;14;435
25;2025-11-14;15;555
25;2025-11-14;16;694
25;2025-11-14;17;693
25;2025-11-14;18;592
25;2025-11-14;19;400
25;2025-11-14;20;275
25;2025-11-14;21;192
25;2025-11-14;22;133
25;2025-11-14;23;13
25;2025-11-15;0;0
25;2025-11-15;1;0
25;2025-11-15;2;0
25;2025-11-15;3;0
25;2025-11-15;4;0
25;2025-11-15;5;1
25;2025-11-15;6;43
25;2025-11-15;7;106
25;2025-11-15;8;218
25;2025-11-15;9;209
25;2025-11-15;10;200
25;2025-11-15;11;250
25;2025-11-15;12;273
25;2025-11-15;13;387
25;2025-11-15;14;441
25;2025-11-15;15;543
25;2025-11-15;16;477
25;2025-11-15;17;380
25;2025-11-15;18;350
25;2025-11-15;19;305
25;2025-11-15;20;209
25;2025-11-15;21;179
25;2025-11-15;22;114
25;2025-11-15;23;42
25;2025-11-16;0;12
25;2025-11-16;1;0
25;2025-11-16;2;0
25;2025-11-16;3;0
25;2025-11-16;4;0
25;2025-11-16;5;0
25;2025-11-16;6;31
25;2025-11-16;7;75
25;2025-11-16;8;140
25;2025-11-16;9;152
25;2025-11-16;10;170
25;2025-11-16;11;223
25;2025-11-16;12;284
25;2025-11-16;13;324
25;2025-11-16;14;365
25;2025-11-16;15;468
25;2025-11-16;16;350
25;2025-11-16;17;306
25;2025-11-16;18;279
25;2025-11-16;19;213
25;2025-11-16;20;160
25;2025-11-16;21;124
25;2025-11-16;22;91
25;2025-11-16;23;24
25;2025-11-17;0;9
25;2025-11-17;1;0
25;2025-11-17;2;0
25;2025-11-17;3;0
25;2025-11-17;4;0
25;2025-11-17;5;1
25;2025-11-17;6;139
25;2025-11-17;7;487
25;2025-11-17;8;808
25;2025-11-17;9;369
25;2025-11-17;10;247
25;2025-11-17;11;264
25;2025-11-17;12;281
25;2025-11-17;13;344
25;2025-11-17;14;283
25;2025-11-17;15;368
25;2025-11-17;16;545
25;2025-11-17;17;625
25;2025-11-17;18;682
25;2025-11-17;19;360
25;2025-11-17;20;225
25;2025-11-17;21;147
25;2025-11-17;22;90
25;2025-11-17;23;4
25;2025-11-18;0;0
25;2025-11-18;1;0
25;2025-11-18;2;0
25;2025-11-18;3;0
25;2025-11-18;4;0
25;2025-11-18;5;2
25;2025-11-18;6;141
25;2025-11-18;7;499
25;2025-11-18;8;855
25;2025-11-18;9;416
25;2025-11-18;10;306
25;2025-11-18;11;332
25;2025-11-18;12;304
25;2025-11-18;13;369
25;2025-11-18;14;341
25;2025-11-18;15;429
25;2025-11-18;16;559
25;2025-11-18;17;620
25;2025-11-18;18;718
25;2025-11-18;19;430
25;2025-11-18;20;280
25;2025-11-18;21;178
25;2025-11-18;22;111
25;2025-11-18;23;5
25;2025-11-19;0;0
25;2025-11-19;1;1
25;2025-11-19;2;0
25;2025-11-19;3;0
25;2025-11-19;4;0
25;2025-11-19;5;1
25;2025-11-19;6;148
25;2025-11-19;7;509
25;2025-11-19;8;876
25;2025-11-19;9;409
25;2025-11-19;10;302
25;2025-11-19;11;330
25;2025-11-19;12;324
25;2025-11-19;13;423
25;2025-11-19;14;351
25;2025-11-19;15;442
25;2025-11-19;16;605
25;2025-11-19;17;718
25;2025-11-19;18;743
25;2025-11-19;19;414
25;2025-11-19;20;285
25;2025-11-19;21;185
25;2025-11-19;22;112
25;2025-11-19;23;3
25;2025-11-20;0;0
25;2025-11-20;1;0
25;2025-11-20;2;0
25;2025-11-20;3;0
25;2025-11-20;4;0
25;2025-11-20;5;2
25;2025-11-20;6;142
25;2025-11-20;7;502
25;2025-11-20;8;875
25;2025-11-20;9;422
25;2025-11-20;10;335
25;2025-11-20;11;337
25;2025-11-20;12;353
25;2025-11-20;13;404
25;2025-11-20;14;394
25;2025-11-20;15;485
25;2025-11-20;16;589
25;2025-11-20;17;687
25;2025-11-20;18;750
25;2025-11-20;19;434
25;2025-11-20;20;276
25;2025-11-20;21;182
25;2025-11-20;22;118
25;2025-11-20;23;6
25;2025-11-21;0;0
25;2025-11-21;1;0
25;2025-11-21;2;0
25;2025-11-21;3;0
25;2025-11-21;4;0
25;2025-11-21;5;1
25;2025-11-21;6;149
25;2025-11-21;7;502
25;2025-11-21;8;806
25;2025-11-21;9;377
25;2025-11-21;10;292
25;2025-11-21;11;325
25;2025-11-21;12;318
25;2025-11-21;13;399
25;2025-11-21;14;386
25;2025-11-21;15;492
25;2025-11-21;16;651
25;2025-11-21;17;671
25;2025-11-21;18;553
25;2025-11-21;19;351
25;2025-11-21;20;248
25;2025-11-21;21;182
25;2025-11-21;22;120
25;2025-11-21;23;9
25;2025-11-22;0;0
25;2025-11-22;1;0
25;2025-11-22;2;0
25;2025-11-22;3;0
25;2025-11-22;4;0
25;2025-11-22;5;1
25;2025-11-22;6;44
25;2025-11-22;7;114
25;2025-11-22;8;213
25;2025-11-22;9;219
25;2025-11-22;10;217
25;2025-11-22;11;278
25;2025-11-22;12;291
25;2025-11-22;13;403
25;2025-11-22;14;431
25;2025-11-22;15;529
25;2025-11-22;16;467
25;2025-11-22;17;400
25;2025-11-22;18;387
25;2025-11-22;19;327
25;2025-11-22;20;226
25;2025-11-22;21;192
25;2025-11-22;22;115
25;2025-11-22;23;46
25;2025-11-23;0;14
25;2025-11-23;1;0
25;2025-11-23;2;0
25;2025-11-23;3;0
25;2025-11-23;4;0
25;2025-11-23;5;0
25;2025-11-23;6;40
25;2025-11-23;7;84
25;2025-11-23;8;167
25;2025-11-23;9;166
25;2025-11-23;10;191
25;2025-11-23;11;247
25;2025-11-23;12;310
25;2025-11-23;13;360
25;2025-11-23;14;408
25;2025-11-23;15;525
25;2025-11-23;16;398
25;2025-11-23;17;358
25;2025-11-23;18;320
25;2025-11-23;19;238
25;2025-11-23;20;179
25;2025-11-23;21;133
25;2025-11-23;22;100
25;2025-11-23;23;28
25;2025-11-24;0;8
25;2025-11-24;1;0
25;2025-11-24;2;0
25;2025-11-24;3;0
25;2025-11-24;4;0
25;2025-11-24;5;2
25;2025-11-24;6;149
25;2025-11-24;7;483
25;2025-11-24;8;817
25;2025-11-24;9;403
25;2025-11-24;10;291
25;2025-11-24;11;289
25;2025-11-24;12;315
25;2025-11-24;13;414
25;2025-11-24;14;326
25;2025-11-24;15;408
25;2025-11-24;16;586
25;2025-11-24;17;654
25;2025-11-24;18;709
25;2025-11-24;19;395
25;2025-11-24;20;261
25;2025-11-24;21;177
25;2025-11-24;22;96
25;2025-11-24;23;7
25;2025-11-25;0;1
25;2025-11-25;1;0
25;2025-11-25;2;0
25;2025-11-25;3;0
25;2025-11-25;4;0
25;2025-11-25;5;0
25;2025-11-25;6;146
25;2025-11-25;7;510
25;2025-11-25;8;840
25;2025-11-25;9;420
25;2025-11-25;10;306
25;2025-11-25;11;327
25;2025-11-25;12;305
25;2025-11-25;13;376
25;2025-11-25;14;341
25;2025-11-25;15;434
25;2025-11-25;16;583
25;2025-11-25;17;641
25;2025-11-25;18;709
25;2025-11-25;19;416
25;2025-11-25;20;257
25;2025-11-25;21;155
25;2025-11-25;22;100
25;2025-11-25;23;4
25;2025-11-26;0;1
25;2025-11-26;1;0
25;2025-11-26;2;0
25;2025-11-26;3;0
25;2025-11-26;4;0
25;2025-11-26;5;5
25;2025-11-26;6;154
25;2025-11-26;7;492
25;2025-11-26;8;842
25;2025-11-26;9;415
25;2025-11-26;10;307
25;2025-11-26;11;327
25;2025-11-26;12;327
25;2025-11-26;13;400
25;2025-11-26;14;350
25;2025-11-26;15;421
25;2025-11-26;16;591
25;2025-11-26;17;698
25;2025-11-26;18;711
25;2025-11-26;19;416
25;2025-11-26;20;293
25;2025-11-26;21;192
25;2025-11-26;22;118
25;2025-11-26;23;9
25;2025-11-27;0;1
25;2025-11-27;1;0
25;2025-11-27;2;0
25;2025-11-27;3;0
25;2025-11-27;4;0
25;2025-11-27;5;5
25;2025-11-27;6;145
25;2025-11-27;7;498
25;2025-11-27;8;841
25;2025-11-27;9;388
25;2025-11-27;10;306
25;2025-11-27;11;333
25;2025-11-27;12;345
25;2025-11-27;13;389
25;2025-11-27;14;383
25;2025-11-27;15;469
25;2025-11-27;16;569
25;2025-11-27;17;684
25;2025-11-27;18;712
25;2025-11-27;19;447
25;2025-11-27;20;296
25;2025-11-27;21;195
25;2025-11-27;22;118
25;2025-11-27;23;11
25;2025-11-28;0;2
25;2025-11-28;1;0
25;2025-11-28;2;0
25;2025-11-28;3;0
25;2025-11-28;4;0
25;2025-11-28;5;3
25;2025-11-28;6;153
25;2025-11-28;7;498
25;2025-11-28;8;792
25;2025-11-28;9;417
25;2025-11-28;10;338
25;2025-11-28;11;376
25;2025-11-28;12;370
25;2025-11-28;13;451
25;2025-11-28;14;432
25;2025-11-28;15;541
25;2025-11-28;16;693
25;2025-11-28;17;719
25;2025-11-28;18;589
25;2025-11-28;19;406
25;2025-11-28;20;283
25;2025-11-28;21;202
25;2025-11-28;22;130
25;2025-11-28;23;14
25;2025-11-29;0;0
25;2025-11-29;1;0
25;2025-11-29;2;0
25;2025-11-29;3;0
25;2025-11-29;4;0
25;2025-11-29;5;3
25;2025-11-29;6;54
25;2025-11-29;7;122
25;2025-11-29;8;258
25;2025-11-29;9;252
25;2025-11-29;10;251
25;2025-11-29;11;310
25;2025-11-29;12;323
25;2025-11-29;13;444
25;2025-11-29;14;455
25;2025-11-29;15;548
25;2025-11-29;16;486
25;2025-11-29;17;420
25;2025-11-29;18;391
25;2025-11-29;19;333
25;2025-11-29;20;234
25;2025-11-29;21;198
25;2025-11-29;22;120
25;2025-11-29;23;48
25;2025-11-30;0;16
25;2025-11-30;1;0
25;2025-11-30;2;0
25;2025-11-30;3;0
25;2025-11-30;4;0
25;2025-11-30;5;4
25;2025-11-30;6;53
25;2025-11-30;7;92
25;2025-11-30;8;168
25;2025-11-30;9;201
25;2025-11-30;10;211
25;2025-11-30;11;263
25;2025-11-30;12;309
25;2025-11-30;13;348
25;2025-11-30;14;408
25;2025-11-30;15;487
25;2025-11-30;16;402
25;2025-11-30;17;366
25;2025-11-30;18;342
25;2025-11-30;19;270
25;2025-11-30;20;215
25;2025-11-30;21;176
25;2025-11-30;22;109
25;2025-11-30;23;38
25;2025-12-01;0;10
25;2025-12-01;1;0
25;2025-12-01;2;0
25;2025-12-01;3;0
25;2025-12-01;4;0
25;2025-12-01;5;3
25;2025-12-01;6;159
25;2025-12-01;7;508
25;2025-12-01;8;821
25;2025-12-01;9;426
25;2025-12-01;10;312
25;2025-12-01;11;333
25;2025-12-01;12;354
25;2025-12-01;13;448
25;2025-12-01;14;364
25;2025-12-01;15;441
25;2025-12-01;16;584
25;2025-12-01;17;666
25;2025-12-01;18;727
25;2025-12-01;19;427
25;2025-12-01;20;275
25;2025-12-01;21;175
25;2025-12-01;22;96
25;2025-12-01;23;10
25;2025-12-02;0;1
25;2025-12-02;1;0
25;2025-12-02;2;0
25;2025-12-02;3;0
25;2025-12-02;4;0
25;2025-12-02;5;3
25;2025-12-02;6;160
25;2025-12-02;7;512
25;2025-12-02;8;851
25;2025-12-02;9;463
25;2025-12-02;10;351
25;2025-12-02;11;378
25;2025-12-02;12;349
25;2025-12-02;13;410
25;2025-12-02;14;381
25;2025-12-02;15;458
25;2025-12-02;16;566
25;2025-12-02;17;634
25;2025-12-02;18;699
25;2025-12-02;19;452
25;2025-12-02;20;297
25;2025-12-02;21;193
25;2025-12-02;22;108
25;2025-12-02;23;10
25;2025-12-03;0;1
25;2025-12-03;1;0
25;2025-12-03;2;0
25;2025-12-03;3;0
25;2025-12-03;4;0
25;2025-12-03;5;2
25;2025-12-03;6;159
25;2025-12-03;7;518
25;2025-12-03;8;862
25;2025-12-03;9;463
25;2025-12-03;10;350
25;2025-12-03;11;390
25;2025-12-03;12;387
25;2025-12-03;13;473
25;2025-12-03;14;419
25;2025-12-03;15;493
25;2025-12-03;16;621
25;2025-12-03;17;741
25;2025-12-03;18;758
25;2025-12-03;19;470
25;2025-12-03;20;327
25;2025-12-03;21;223
25;2025-12-03;22;125
25;2025-12-03;23;11
25;2025-12-04;0;1
25;2025-12-04;1;0
25;2025-12-04;2;0
25;2025-12-04;3;0
25;2025-12-04;4;0
25;2025-12-04;5;8
25;2025-12-04;6;155
25;2025-12-04;7;508
25;2025-12-04;8;860
25;2025-12-04;9;443
25;2025-12-04;10;356
25;2025-12-04;11;371
25;2025-12-04;12;367
25;2025-12-04;13;413
25;2025-12-04;14;411
25;2025-12-04;15;479
25;2025-12-04;16;571
25;2025-12-04;17;696
25;2025-12-04;18;751
25;2025-12-04;19;469
25;2025-12-04;20;306
25;2025-12-04;21;208
25;2025-12-04;22;127
25;2025-12-04;23;12
25;2025-12-05;0;1
25;2025-12-05;1;0
25;2025-12-05;2;0
25;2025-12-05;3;0
25;2025-12-05;4;0
25;2025-12-05;5;4
25;2025-12-05;6;158
25;2025-12-05;7;509
25;2025-12-05;8;812
25;2025-12-05;9;422
25;2025-12-05;10;340
25;2025-12-05;11;390
25;2025-12-05;12;374
25;2025-12-05;13;454
25;2025-12-05;14;446
25;2025-12-05;15;527
25;2025-12-05;16;693
25;2025-12-05;17;718
25;2025-12-05;18;607
25;2025-12-05;19;440
25;2025-12-05;20;303
25;2025-12-05;21;220
25;2025-12-05;22;130
25;2025-12-05;23;15
25;2025-12-06;0;2
25;2025-12-06;1;0
25;2025-12-06;2;0
25;2025-12-06;3;0
25;2025-12-06;4;0
25;2025-12-06;5;5
25;2025-12-06;6;59
25;2025-12-06;7;127
25;2025-12-06;8;283
25;2025-12-06;9;270
25;2025-12-06;10;271
25;2025-12-06;11;335
25;2025-12-06;12;342
25;2025-12-06;13;462
25;2025-12-06;14;478
25;2025-12-06;15;558
25;2025-12-06;16;495
25;2025-12-06;17;429
25;2025-12-06;18;411
25;2025-12-06;19;358
25;2025-12-06;20;249
25;2025-12-06;21;203
25;2025-12-06;22;124
25;2025-12-06;23;52
25;2025-12-07;0;15
25;2025-12-07;1;0
25;2025-12-07;2;0
25;2025-12-07;3;0
25;2025-12-07;4;0
25;2025-12-07;5;5
25;2025-12-07;6;54
25;2025-12-07;7;93
25;2025-12-07;8;177
25;2025-12-07;9;199
25;2025-12-07;10;207
25;2025-12-07;11;274
25;2025-12-07;12;317
25;2025-12-07;13;387
25;2025-12-07;14;431
25;2025-12-07;15;513
25;2025-12-07;16;429
25;2025-12-07;17;392
25;2025-12-07;18;365
25;2025-12-07;19;287
25;2025-12-07;20;222
25;2025-12-07;21;172
25;2025-12-07;22;111
25;2025-12-07;23;36
25;2025-12-08;0;10
25;2025-12-08;1;0
25;2025-12-08;2;0
25;2025-12-08;3;0
25;2025-12-08;4;0
25;2025-12-08;5;5
25;2025-12-08;6;164
25;2025-12-08;7;526
25;2025-12-08;8;876
25;2025-12-08;9;447
25;2025-12-08;10;323
25;2025-12-08;11;349
25;2025-12-08;12;365
25;2025-12-08;13;468
25;2025-12-08;14;373
25;2025-12-08;15;453
25;2025-12-08;16;619
25;2025-12-08;17;693
25;2025-12-08;18;748
25;2025-12-08;19;443
25;2025-12-08;20;284
25;2025-12-08;21;178
25;2025-12-08;22;100
25;2025-12-08;23;7
25;2025-12-09;0;0
25;2025-12-09;1;0
25;2025-12-09;2;0
25;2025-12-09;3;0
25;2025-12-09;4;0
25;2025-12-09;5;4
25;2025-12-09;6;166
25;2025-12-09;7;539
25;2025-12-09;8;909
25;2025-12-09;9;486
25;2025-12-09;10;373
25;2025-12-09;11;404
25;2025-12-09;12;366
25;2025-12-09;13;444
25;2025-12-09;14;407
25;2025-12-09;15;504
25;2025-12-09;16;621
25;2025-12-09;17;683
25;2025-12-09;18;759
25;2025-12-09;19;495
25;2025-12-09;20;309
25;2025-12-09;21;186
25;2025-12-09;22;114
25;2025-12-09;23;7
25;2025-12-10;0;1
25;2025-12-10;1;1
25;2025-12-10;2;0
25;2025-12-10;3;0
25;2025-12-10;4;0
25;2025-12-10;5;6
25;2025-12-10;6;161
25;2025-12-10;7;515
25;2025-12-10;8;893
25;2025-12-10;9;455
25;2025-12-10;10;341
25;2025-12-10;11;374
25;2025-12-10;12;364
25;2025-12-10;13;454
25;2025-12-10;14;390
25;2025-12-10;15;473
25;2025-12-10;16;614
25;2025-12-10;17;728
25;2025-12-10;18;755
25;2025-12-10;19;458
25;2025-12-10;20;312
25;2025-12-10;21;195
25;2025-12-10;22;114
25;2025-12-10;23;3
25;2025-12-11;0;0
25;2025-12-11;1;0
25;2025-12-11;2;0
25;2025-12-11;3;0
25;2025-12-11;4;0
25;2025-12-11;5;4
25;2025-12-11;6;144
25;2025-12-11;7;502
25;2025-12-11;8;858
25;2025-12-11;9;429
25;2025-12-11;10;352
25;2025-12-11;11;345
25;2025-12-11;12;347
25;2025-12-11;13;392
25;2025-12-11;14;390
25;2025-12-11;15;455
25;2025-12-11;16;559
25;2025-12-11;17;666
25;2025-12-11;18;717
25;2025-12-11;19;443
25;2025-12-11;20;301
25;2025-12-11;21;209
25;2025-12-11;22;116
25;2025-12-11;23;6
25;2025-12-12;0;0
25;2025-12-12;1;0
25;2025-12-12;2;0
25;2025-12-12;3;0
25;2025-12-12;4;0
25;2025-12-12;5;4
25;2025-12-12;6;155
25;2025-12-12;7;499
25;2025-12-12;8;801
25;2025-12-12;9;399
25;2025-12-12;10;329
25;2025-12-12;11;371
25;2025-12-12;12;372
25;2025-12-12;13;453
25;2025-12-12;14;433
25;2025-12-12;15;493
25;2025-12-12;16;670
25;2025-12-12;17;696
25;2025-12-12;18;620
25;2025-12-12;19;426
25;2025-12-12;20;269
25;2025-12-12;21;192
25;2025-12-12;22;134
25;2025-12-12;23;9
25;2025-12-13;0;1
25;2025-12-13;1;0
25;2025-12-13;2;0
25;2025-12-13;3;0
25;2025-12-13;4;0
25;2025-12-13;5;2
25;2025-12-13;6;62
25;2025-12-13;7;123
25;2025-12-13;8;281
25;2025-12-13;9;280
25;2025-12-13;10;274
25;2025-12-13;11;333
25;2025-12-13;12;341
25;2025-12-13;13;455
25;2025-12-13;14;466
25;2025-12-13;15;566
25;2025-12-13;16;502
25;2025-12-13;17;415
25;2025-12-13;18;405
25;2025-12-13;19;371
25;2025-12-13;20;250
25;2025-12-13;21;190
25;2025-12-13;22;121
25;2025-12-13;23;44
25;2025-12-14;0;10
25;2025-12-14;1;0
25;2025-12-14;2;0
25;2025-12-14;3;0
25;2025-12-14;4;0
25;2025-12-14;5;2
25;2025-12-14;6;43
25;2025-12-14;7;86
25;2025-12-14;8;160
25;2025-12-14;9;175
25;2025-12-14;10;183
25;2025-12-14;11;239
25;2025-12-14;12;286
25;2025-12-14;13;338
25;2025-12-14;14;394
25;2025-12-14;15;482
25;2025-12-14;16;387
25;2025-12-14;17;346
25;2025-12-14;18;331
25;2025-12-14;19;269
25;2025-12-14;20;192
25;2025-12-14;21;141
25;2025-12-14;22;99
25;2025-12-14;23;27
25;2025-12-15;0;8
25;2025-12-15;1;0
25;2025-12-15;2;0
25;2025-12-15;3;0
25;2025-12-15;4;0
25;2025-12-15;5;3
25;2025-12-15;6;151
25;2025-12-15;7;527
25;2025-12-15;8;851
25;2025-12-15;9;437
25;2025-12-15;10;308
25;2025-12-15;11;344
25;2025-12-15;12;354
25;2025-12-15;13;456
25;2025-12-15;14;363
25;2025-12-15;15;445
25;2025-12-15;16;615
25;2025-12-15;17;679
25;2025-12-15;18;735
25;2025-12-15;19;429
25;2025-12-15;20;258
25;2025-12-15;21;166
25;2025-12-15;22;97
25;2025-12-15;23;8
25;2025-12-16;0;0
25;2025-12-16;1;0
25;2025-12-16;2;0
25;2025-12-16;3;0
25;2025-12-16;4;0
25;2025-12-16;5;3
25;2025-12-16;6;153
25;2025-12-16;7;518
25;2025-12-16;8;869
25;2025-12-16;9;456
25;2025-12-16;10;339
25;2025-12-16;11;368
25;2025-12-16;12;329
25;2025-12-16;13;396
25;2025-12-16;14;366
25;2025-12-16;15;454
25;2025-12-16;16;579
25;2025-12-16;17;638
25;2025-12-16;18;710
25;2025-12-16;19;453
25;2025-12-16;20;285
25;2025-12-16;21;170
25;2025-12-16;22;105
25;2025-12-16;23;5
25;2025-12-17;0;0
25;2025-12-17;1;0
25;2025-12-17;2;0
25;2025-12-17;3;0
25;2025-12-17;4;0
25;2025-12-17;5;3
25;2025-12-17;6;148
25;2025-12-17;7;502
25;2025-12-17;8;855
25;2025-12-17;9;435
25;2025-12-17;10;320
25;2025-12-17;11;361
25;2025-12-17;12;353
25;2025-12-17;13;448
25;2025-12-17;14;378
25;2025-12-17;15;464
25;2025-12-17;16;609
25;2025-12-17;17;709
25;2025-12-17;18;732
25;2025-12-17;19;444
25;2025-12-17;20;301
25;2025-12-17;21;195
25;2025-12-17;22;109
25;2025-12-17;23;4
25;2025-12-18;0;0
25;2025-12-18;1;0
25;2025-12-18;2;0
25;2025-12-18;3;0
25;2025-12-18;4;0
25;2025-12-18;5;4
25;2025-12-18;6;143
25;2025-12-18;7;500
25;2025-12-18;8;850
25;2025-12-18;9;422
25;2025-12-18;10;344
25;2025-12-18;11;351
25;2025-12-18;12;355
25;2025-12-18;13;404
25;2025-12-18;14;391
25;2025-12-18;15;464
25;2025-12-18;16;575
25;2025-12-18;17;677
25;2025-12-18;18;731
25;2025-12-18;19;447
25;2025-12-18;20;282
25;2025-12-18;21;184
25;2025-12-18;22;114
25;2025-12-18;23;5
25;2025-12-19;0;0
25;2025-12-19;1;0
25;2025-12-19;2;0
25;2025-12-19;3;0
25;2025-12-19;4;0
25;2025-12-19;5;4
25;2025-12-19;6;153
25;2025-12-19;7;503
25;2025-12-19;8;799
25;2025-12-19;9;405
25;2025-12-19;10;322
25;2025-12-19;11;369
25;2025-12-19;12;360
25;2025-12-19;13;441
25;2025-12-19;14;420
25;2025-12-19;15;514
25;2025-12-19;16;686
25;2025-12-19;17;702
25;2025-12-19;18;591
25;2025-12-19;19;405
25;2025-12-19;20;272
25;2025-12-19;21;193
25;2025-12-19;22;121
25;2025-12-19;23;13
25;2025-12-20;0;1
25;2025-12-20;1;0
25;2025-12-20;2;0
25;2025-12-20;3;0
25;2025-12-20;4;0
25;2025-12-20;5;2
25;2025-12-20;6;59
25;2025-12-20;7;124
25;2025-12-20;8;283
25;2025-12-20;9;265
25;2025-12-20;10;262
25;2025-12-20;11;336
25;2025-12-20;12;343
25;2025-12-20;13;473
25;2025-12-20;14;480
25;2025-12-20;15;565
25;2025-12-20;16;496
25;2025-12-20;17;427
25;2025-12-20;18;402
25;2025-12-20;19;356
25;2025-12-20;20;242
25;2025-12-20;21;194
25;2025-12-20;22;114
25;2025-12-20;23;45
25;2025-12-21;0;13
25;2025-12-21;1;0
25;2025-12-21;2;0
25;2025-12-21;3;0
25;2025-12-21;4;0
25;2025-12-21;5;3
25;2025-12-21;6;51
25;2025-12-21;7;100
25;2025-12-21;8;174
25;2025-12-21;9;180
25;2025-12-21;10;187
25;2025-12-21;11;248
25;2025-12-21;12;289
25;2025-12-21;13;345
25;2025-12-21;14;388
25;2025-12-21;15;508
25;2025-12-21;16;415
25;2025-12-21;17;377
25;2025-12-21;18;347
25;2025-12-21;19;279
25;2025-12-21;20;206
25;2025-12-21;21;151
25;2025-12-21;22;100
25;2025-12-21;23;31
25;2025-12-22;0;9
25;2025-12-22;1;0
25;2025-12-22;2;0
25;2025-12-22;3;0
25;2025-12-22;4;0
25;2025-12-22;5;6
25;2025-12-22;6;155
25;2025-12-22;7;518
25;2025-12-22;8;848
25;2025-12-22;9;429
25;2025-12-22;10;322
25;2025-12-22;11;345
25;2025-12-22;12;359
25;2025-12-22;13;462
25;2025-12-22;14;374
25;2025-12-22;15;429
25;2025-12-22;16;621
25;2025-12-22;17;693
25;2025-12-22;18;755
25;2025-12-22;19;425
25;2025-12-22;20;268
25;2025-12-22;21;169
25;2025-12-22;22;100
25;2025-12-22;23;10
25;2025-12-23;0;2
25;2025-12-23;1;0
25;2025-12-23;2;0
25;2025-12-23;3;0
25;2025-12-23;4;0
25;2025-12-23;5;4
25;2025-12-23;6;163
25;2025-12-23;7;535
25;2025-12-23;8;890
25;2025-12-23;9;474
25;2025-12-23;10;351
25;2025-12-23;11;382
25;2025-12-23;12;355
25;2025-12-23;13;416
25;2025-12-23;14;377
25;2025-12-23;15;467
25;2025-12-23;16;613
25;2025-12-23;17;681
25;2025-12-23;18;757
25;2025-12-23;19;466
25;2025-12-23;20;291
25;2025-12-23;21;166
25;2025-12-23;22;104
25;2025-12-23;23;7
25;2025-12-24;0;1
25;2025-12-24;1;0
25;2025-12-24;2;0
25;2025-12-24;3;0
25;2025-12-24;4;0
25;2025-12-24;5;3
25;2025-12-24;6;150
25;2025-12-24;7;501
25;2025-12-24;8;866
25;2025-12-24;9;447
25;2025-12-24;10;331
25;2025-12-24;11;373
25;2025-12-24;12;371
25;2025-12-24;13;453
25;2025-12-24;14;381
25;2025-12-24;15;469
25;2025-12-24;16;629
25;2025-12-24;17;730
25;2025-12-24;18;757
25;2025-12-24;19;462
25;2025-12-24;20;305
25;2025-12-24;21;189
25;2025-12-24;22;112
25;2025-12-24;23;8
25;2025-12-25;0;0
25;2025-12-25;1;0
25;2025-12-25;2;0
25;2025-12-25;3;0
25;2025-12-25;4;0
25;2025-12-25;5;6
25;2025-12-25;6;147
25;2025-12-25;7;490
25;2025-12-25;8;860
25;2025-12-25;9;425
25;2025-12-25;10;343
25;2025-12-25;11;355
25;2025-12-25;12;355
25;2025-12-25;13;412
25;2025-12-25;14;403
25;2025-12-25;15;471
25;2025-12-25;16;595
25;2025-12-25;17;685
25;2025-12-25;18;736
25;2025-12-25;19;448
25;2025-12-25;20;281
25;2025-12-25;21;187
25;2025-12-25;22;118
25;2025-12-25;23;9
25;2025-12-26;0;1
25;2025-12-26;1;0
25;2025-12-26;2;0
25;2025-12-26;3;0
25;2025-12-26;4;0
25;2025-12-26;5;7
25;2025-12-26;6;165
25;2025-12-26;7;494
25;2025-12-26;8;809
25;2025-12-26;9;428
25;2025-12-26;10;345
25;2025-12-26;11;378
25;2025-12-26;12;361
25;2025-12-26;13;446
25;2025-12-26;14;434
25;2025-12-26;15;519
25;2025-12-26;16;685
25;2025-12-26;17;692
25;2025-12-26;18;590
25;2025-12-26;19;412
25;2025-12-26;20;280
25;2025-12-26;21;206
25;2025-12-26;22;130
25;2025-12-26;23;14
25;2025-12-27;0;3
25;2025-12-27;1;0
25;2025-12-27;2;0
25;2025-12-27;3;0
25;2025-12-27;4;0
25;2025-12-27;5;4
25;2025-12-27;6;68
25;2025-12-27;7;127
25;2025-12-27;8;279
25;2025-12-27;9;261
25;2025-12-27;10;264
25;2025-12-27;11;332
25;2025-12-27;12;329
25;2025-12-27;13;451
25;2025-12-27;14;461
25;2025-12-27;15;578
25;2025-12-27;16;490
25;2025-12-27;17;428
25;2025-12-27;18;400
25;2025-12-27;19;351
25;2025-12-27;20;242
25;2025-12-27;21;199
25;2025-12-27;22;123
25;2025-12-27;23;48
25;2025-12-28;0;14
25;2025-12-28;1;0
25;2025-12-28;2;0
25;2025-12-28;3;0
25;2025-12-28;4;0
25;2025-12-28;5;4
25;2025-12-28;6;55
25;2025-12-28;7;101
25;2025-12-28;8;180
25;2025-12-28;9;189
25;2025-12-28;10;203
25;2025-12-28;11;257
25;2025-12-28;12;300
25;2025-12-28;13;361
25;2025-12-28;14;393
25;2025-12-28;15;492
25;2025-12-28;16;403
25;2025-12-28;17;363
25;2025-12-28;18;345
25;2025-12-28;19;280
25;2025-12-28;20;212
25;2025-12-28;21;169
25;2025-12-28;22;108
25;2025-12-28;23;35
25;2025-12-29;0;13
25;2025-12-29;1;1
25;2025-12-29;2;0
25;2025-12-29;3;0
25;2025-12-29;4;0
25;2025-12-29;5;5
25;2025-12-29;6;159
25;2025-12-29;7;491
25;2025-12-29;8;798
25;2025-12-29;9;425
25;2025-12-29;10;311
25;2025-12-29;11;351
25;2025-12-29;12;351
25;2025-12-29;13;462
25;2025-12-29;14;371
25;2025-12-29;15;446
25;2025-12-29;16;609
25;2025-12-29;17;668
25;2025-12-29;18;718
25;2025-12-29;19;440
25;2025-12-29;20;280
25;2025-12-29;21;187
25;2025-12-29;22;104
25;2025-12-29;23;13
25;2025-12-30;0;2
25;2025-12-30;1;0
25;2025-12-30;2;0
25;2025-12-30;3;0
25;2025-12-30;4;0
25;2025-12-30;5;4
25;2025-12-30;6;150
25;2025-12-30;7;477
25;2025-12-30;8;814
25;2025-12-30;9;443
25;2025-12-30;10;340
25;2025-12-30;11;379
25;2025-12-30;12;332
25;2025-12-30;13;419
25;2025-12-30;14;382
25;2025-12-30;15;470
25;2025-12-30;16;593
25;2025-12-30;17;641
25;2025-12-30;18;699
25;2025-12-30;19;445
25;2025-12-30;20;297
25;2025-12-30;21;178
25;2025-12-30;22;101
25;2025-12-30;23;9
25;2025-12-31;0;1
25;2025-12-31;1;0
25;2025-12-31;2;0
25;2025-12-31;3;0
25;2025-12-31;4;0
25;2025-12-31;5;0
25;2025-12-31;6;47
25;2025-12-31;7;159
25;2025-12-31;8;129
25;2025-12-31;9;178
25;2025-12-31;10;126
25;2025-12-31;11;168
25;2025-12-31;12;183
25;2025-12-31;13;253
25;2025-12-31;14;246
25;2025-12-31;15;294
25;2025-12-31;16;279
25;2025-12-31;17;256
25;2025-12-31;18;202
25;2025-12-31;19;242
25;2025-12-31;20;171
25;2025-12-31;21;115
25;2025-12-31;22;82
25;2025-12-31;23;11
26;2025-11-01;0;44
26;2025-11-01;1;1
26;2025-11-01;2;0
26;2025-11-01;3;0
26;2025-11-01;4;2
26;2025-11-01;5;52
26;2025-11-01;6;241
26;2025-11-01;7;339
26;2025-11-01;8;577
26;2025-11-01;9;665
26;2025-11-01;10;814
26;2025-11-01;11;989
26;2025-11-01;12;1020
26;2025-11-01;13;1047
26;2025-11-01;14;1128
26;2025-11-01;15;1029
26;2025-11-01;16;995
26;2025-11-01;17;954
26;2025-11-01;18;840
26;2025-11-01;19;758
26;2025-11-01;20;525
26;2025-11-01;21;370
26;2025-11-01;22;188
26;2025-11-01;23;149
26;2025-11-02;0;46
26;2025-11-02;1;5
26;2025-11-02;2;0
26;2025-11-02;3;0
26;2025-11-02;4;4
26;2025-11-02;5;33
26;2025-11-02;6;158
26;2025-11-02;7;226
26;2025-11-02;8;346
26;2025-11-02;9;402
26;2025-11-02;10;473
26;2025-11-02;11;600
26;2025-11-02;12;673
26;2025-11-02;13;711
26;2025-11-02;14;757
26;2025-11-02;15;717
26;2025-11-02;16;711
26;2025-11-02;17;686
26;2025-11-02;18;626
26;2025-11-02;19;477
26;2025-11-02;20;374
26;2025-11-02;21;251
26;2025-11-02;22;182
26;2025-11-02;23;98
26;2025-11-03;0;24
26;2025-11-03;1;1
26;2025-11-03;2;0
26;2025-11-03;3;0
26;2025-11-03;4;2
26;2025-11-03;5;59
26;2025-11-03;6;316
26;2025-11-03;7;369
26;2025-11-03;8;402
26;2025-11-03;9;459
26;2025-11-03;10;545
26;2025-11-03;11;546
26;2025-11-03;12;546
26;2025-11-03;13;540
26;2025-11-03;14;539
26;2025-11-03;15;527
26;2025-11-03;16;577
26;2025-11-03;17;596
26;2025-11-03;18;626
26;2025-11-03;19;616
26;2025-11-03;20;373
26;2025-11-03;21;322
26;2025-11-03;22;186
26;2025-11-03;23;90
26;2025-11-04;0;25
26;2025-11-04;1;2
26;2025-11-04;2;0
26;2025-11-04;3;0
26;2025-11-04;4;5
26;2025-11-04;5;57
26;2025-11-04;6;316
26;2025-11-04;7;378
26;2025-11-04;8;396
26;2025-11-04;9;460
26;2025-11-04;10;506
26;2025-11-04;11;496
26;2025-11-04;12;505
26;2025-11-04;13;551
26;2025-11-04;14;631
26;2025-11-04;15;629
26;2025-11-04;16;598
26;2025-11-04;17;563
26;2025-11-04;18;621
26;2025-11-04;19;617
26;2025-11-04;20;406
26;2025-11-04;21;345
26;2025-11-04;22;195
26;2025-11-04;23;105
26;2025-11-05;0;34
26;2025-11-05;1;2
26;2025-11-05;2;0
26;2025-11-05;3;0
26;2025-11-05;4;5
26;2025-11-05;5;82
26;2025-11-05;6;474
26;2025-11-05;7;997
26;2025-11-05;8;2079
26;2025-11-05;9;1409
26;2025-11-05;10;1115
26;2025-11-05;11;974
26;2025-11-05;12;1065
26;2025-11-05;13;1100
26;2025-11-05;14;1168
26;2025-11-05;15;1240
26;2025-11-05;16;1409
26;2025-11-05;17;1667
26;2025-11-05;18;1829
26;2025-11-05;19;1242
26;2025-11-05;20;713
26;2025-11-05;21;423
26;2025-11-05;22;237
26;2025-11-05;23;105
26;2025-11-06;0;27
26;2025-11-06;1;1
26;2025-11-06;2;0
26;2025-11-06;3;0
26;2025-11-06;4;1
26;2025-11-06;5;83
26;2025-11-06;6;482
26;2025-11-06;7;1034
26;2025-11-06;8;2045
26;2025-11-06;9;1394
26;2025-11-06;10;1100
26;2025-11-06;11;1001
26;2025-11-06;12;1058
26;2025-11-06;13;1118
26;2025-11-06;14;1126
26;2025-11-06;15;1213
26;2025-11-06;16;1392
26;2025-11-06;17;1643
26;2025-11-06;18;1840
26;2025-11-06;19;1214
26;2025-11-06;20;723
26;2025-11-06;21;431
26;2025-11-06;22;240
26;2025-11-06;23;111
26;2025-11-07;0;28
26;2025-11-07;1;1
26;2025-11-07;2;0
26;2025-11-07;3;0
26;2025-11-07;4;3
26;2025-11-07;5;78
26;2025-11-07;6;486
26;2025-11-07;7;1027
26;2025-11-07;8;1918
26;2025-11-07;9;1360
26;2025-11-07;10;1115
26;2025-11-07;11;1006
26;2025-11-07;12;1076
26;2025-11-07;13;1133
26;2025-11-07;14;1153
26;2025-11-07;15;1313
26;2025-11-07;16;1597
26;2025-11-07;17;1668
26;2025-11-07;18;1362
26;2025-11-07;19;1046
26;2025-11-07;20;641
26;2025-11-07;21;414
26;2025-11-07;22;227
26;2025-11-07;23;139
26;2025-11-08;0;40
26;2025-11-08;1;2
26;2025-11-08;2;0
26;2025-11-08;3;0
26;2025-11-08;4;2
26;2025-11-08;5;49
26;2025-11-08;6;269
26;2025-11-08;7;359
26;2025-11-08;8;531
26;2025-11-08;9;634
26;2025-11-08;10;742
26;2025-11-08;11;929
26;2025-11-08;12;968
26;2025-11-08;13;1001
26;2025-11-08;14;1030
26;2025-11-08;15;964
26;2025-11-08;16;941
26;2025-11-08;17;909
26;2025-11-08;18;856
26;2025-11-08;19;783
26;2025-11-08;20;531
26;2025-11-08;21;380
26;2025-11-08;22;231
26;2025-11-08;23;148
26;2025-11-09;0;49
26;2025-11-09;1;7
26;2025-11-09;2;1
26;2025-11-09;3;0
26;2025-11-09;4;3
26;2025-11-09;5;35
26;2025-11-09;6;173
26;2025-11-09;7;266
26;2025-11-09;8;382
26;2025-11-09;9;509
26;2025-11-09;10;552
26;2025-11-09;11;752
26;2025-11-09;12;813
26;2025-11-09;13;828
26;2025-11-09;14;810
26;2025-11-09;15;762
26;2025-11-09;16;768
26;2025-11-09;17;754
26;2025-11-09;18;687
26;2025-11-09;19;529
26;2025-11-09;20;414
26;2025-11-09;21;284
26;2025-11-09;22;200
26;2025-11-09;23;109
26;2025-11-10;0;31
26;2025-11-10;1;3
26;2025-11-10;2;0
26;2025-11-10;3;0
26;2025-11-10;4;3
26;2025-11-10;5;88
26;2025-11-10;6;536
26;2025-11-10;7;1121
26;2025-11-10;8;2163
26;2025-11-10;9;1445
26;2025-11-10;10;1194
26;2025-11-10;11;1037
26;2025-11-10;12;1064
26;2025-11-10;13;1140
26;2025-11-10;14;1172
26;2025-11-10;15;1284
26;2025-11-10;16;1462
26;2025-11-10;17;1701
26;2025-11-10;18;1910
26;2025-11-10;19;1293
26;2025-11-10;20;777
26;2025-11-10;21;439
26;2025-11-10;22;225
26;2025-11-10;23;108
26;2025-11-11;0;30
26;2025-11-11;1;1
26;2025-11-11;2;0
26;2025-11-11;3;0
26;2025-11-11;4;3
26;2025-11-11;5;89
26;2025-11-11;6;562
26;2025-11-11;7;1152
26;2025-11-11;8;2210
26;2025-11-11;9;1470
26;2025-11-11;10;1190
26;2025-11-11;11;1117
26;2025-11-11;12;1140
26;2025-11-11;13;1143
26;2025-11-11;14;1196
26;2025-11-11;15;1301
26;2025-11-11;16;1507
26;2025-11-11;17;1746
26;2025-11-11;18;1938
26;2025-11-11;19;1330
26;2025-11-11;20;794
26;2025-11-11;21;462
26;2025-11-11;22;236
26;2025-11-11;23;116
26;2025-11-12;0;34
26;2025-11-12;1;1
26;2025-11-12;2;0
26;2025-11-12;3;0
26;2025-11-12;4;4
26;2025-11-12;5;93
26;2025-11-12;6;530
26;2025-11-12;7;1130
26;2025-11-12;8;2183
26;2025-11-12;9;1475
26;2025-11-12;10;1210
26;2025-11-12;11;1060
26;2025-11-12;12;1104
26;2025-11-12;13;1131
26;2025-11-12;14;1210
26;2025-11-12;15;1277
26;2025-11-12;16;1461
26;2025-11-12;17;1662
26;2025-11-12;18;1831
26;2025-11-12;19;1256
26;2025-11-12;20;783
26;2025-11-12;21;478
26;2025-11-12;22;250
26;2025-11-12;23;122
26;2025-11-13;0;36
26;2025-11-13;1;1
26;2025-11-13;2;0
26;2025-11-13;3;0
26;2025-11-13;4;2
26;2025-11-13;5;90
26;2025-11-13;6;522
26;2025-11-13;7;1122
26;2025-11-13;8;2206
26;2025-11-13;9;1497
26;2025-11-13;10;1182
26;2025-11-13;11;1118
26;2025-11-13;12;1135
26;2025-11-13;13;1197
26;2025-11-13;14;1203
26;2025-11-13;15;1315
26;2025-11-13;16;1493
26;2025-11-13;17;1723
26;2025-11-13;18;1924
26;2025-11-13;19;1280
26;2025-11-13;20;775
26;2025-11-13;21;465
26;2025-11-13;22;254
26;2025-11-13;23;120
26;2025-11-14;0;32
26;2025-11-14;1;2
26;2025-11-14;2;0
26;2025-11-14;3;0
26;2025-11-14;4;1
26;2025-11-14;5;87
26;2025-11-14;6;541
26;2025-11-14;7;1113
26;2025-11-14;8;2014
26;2025-11-14;9;1433
26;2025-11-14;10;1215
26;2025-11-14;11;1086
26;2025-11-14;12;1158
26;2025-11-14;13;1197
26;2025-11-14;14;1223
26;2025-11-14;15;1371
26;2025-11-14;16;1642
26;2025-11-14;17;1713
26;2025-11-14;18;1432
26;2025-11-14;19;1113
26;2025-11-14;20;709
26;2025-11-14;21;430
26;2025-11-14;22;240
26;2025-11-14;23;149
26;2025-11-15;0;38
26;2025-11-15;1;4
26;2025-11-15;2;0
26;2025-11-15;3;0
26;2025-11-15;4;3
26;2025-11-15;5;49
26;2025-11-15;6;261
26;2025-11-15;7;330
26;2025-11-15;8;516
26;2025-11-15;9;608
26;2025-11-15;10;698
26;2025-11-15;11;886
26;2025-11-15;12;924
26;2025-11-15;13;964
26;2025-11-15;14;1040
26;2025-11-15;15;959
26;2025-11-15;16;934
26;2025-11-15;17;881
26;2025-11-15;18;795
26;2025-11-15;19;772
26;2025-11-15;20;531
26;2025-11-15;21;343
26;2025-11-15;22;204
26;2025-11-15;23;130
26;2025-11-16;0;39
26;2025-11-16;1;2
26;2025-11-16;2;0
26;2025-11-16;3;0
26;2025-11-16;4;0
26;2025-11-16;5;24
26;2025-11-16;6;145
26;2025-11-16;7;222
26;2025-11-16;8;327
26;2025-11-16;9;486
26;2025-11-16;10;546
26;2025-11-16;11;797
26;2025-11-16;12;851
26;2025-11-16;13;855
26;2025-11-16;14;808
26;2025-11-16;15;734
26;2025-11-16;16;728
26;2025-11-16;17;701
26;2025-11-16;18;613
26;2025-11-16;19;473
26;2025-11-16;20;359
26;2025-11-16;21;241
26;2025-11-16;22;166
26;2025-11-16;23;83
26;2025-11-17;0;21
26;2025-11-17;1;0
26;2025-11-17;2;0
26;2025-11-17;3;0
26;2025-11-17;4;1
26;2025-11-17;5;76
26;2025-11-17;6;479
26;2025-11-17;7;1026
26;2025-11-17;8;2033
26;2025-11-17;9;1359
26;2025-11-17;10;1085
26;2025-11-17;11;952
26;2025-11-17;12;961
26;2025-11-17;13;994
26;2025-11-17;14;1051
26;2025-11-17;15;1152
26;2025-11-17;16;1345
26;2025-11-17;17;1614
26;2025-11-17;18;1820
26;2025-11-17;19;1179
26;2025-11-17;20;717
26;2025-11-17;21;384
26;2025-11-17;22;192
26;2025-11-17;23;88
26;2025-11-18;0;24
26;2025-11-18;1;0
26;2025-11-18;2;0
26;2025-11-18;3;0
26;2025-11-18;4;2
26;2025-11-18;5;80
26;2025-11-18;6;526
26;2025-11-18;7;1096
26;2025-11-18;8;2176
26;2025-11-18;9;1464
26;2025-11-18;10;1129
26;2025-11-18;11;1067
26;2025-11-18;12;1096
26;2025-11-18;13;1075
26;2025-11-18;14;1129
26;2025-11-18;15;1242
26;2025-11-18;16;1466
26;2025-11-18;17;1706
26;2025-11-18;18;1900
26;2025-11-18;19;1298
26;2025-11-18;20;789
26;2025-11-18;21;445
26;2025-11-18;22;233
26;2025-11-18;23;106
26;2025-11-19;0;28
26;2025-11-19;1;3
26;2025-11-19;2;0
26;2025-11-19;3;0
26;2025-11-19;4;3
26;2025-11-19;5;85
26;2025-11-19;6;523
26;2025-11-19;7;1137
26;2025-11-19;8;2175
26;2025-11-19;9;1446
26;2025-11-19;10;1182
26;2025-11-19;11;1064
26;2025-11-19;12;1106
26;2025-11-19;13;1163
26;2025-11-19;14;1220
26;2025-11-19;15;1317
26;2025-11-19;16;1466
26;2025-11-19;17;1659
26;2025-11-19;18;1821
26;2025-11-19;19;1260
26;2025-11-19;20;769
26;2025-11-19;21;461
26;2025-11-19;22;228
26;2025-11-19;23;104
26;2025-11-20;0;32
26;2025-11-20;1;1
26;2025-11-20;2;0
26;2025-11-20;3;0
26;2025-11-20;4;1
26;2025-11-20;5;83
26;2025-11-20;6;525
26;2025-11-20;7;1132
26;2025-11-20;8;2169
26;2025-11-20;9;1493
26;2025-11-20;10;1191
26;2025-11-20;11;1140
26;2025-11-20;12;1158
26;2025-11-20;13;1218
26;2025-11-20;14;1235
26;2025-11-20;15;1337
26;2025-11-20;16;1494
26;2025-11-20;17;1711
26;2025-11-20;18;1917
26;2025-11-20;19;1267
26;2025-11-20;20;759
26;2025-11-20;21;451
26;2025-11-20;22;245
26;2025-11-20;23;114
26;2025-11-21;0;28
26;2025-11-21;1;1
26;2025-11-21;2;0
26;2025-11-21;3;0
26;2025-11-21;4;2
26;2025-11-21;5;82
26;2025-11-21;6;515
26;2025-11-21;7;1092
26;2025-11-21;8;1970
26;2025-11-21;9;1381
26;2025-11-21;10;1152
26;2025-11-21;11;1044
26;2025-11-21;12;1108
26;2025-11-21;13;1169
26;2025-11-21;14;1182
26;2025-11-21;15;1342
26;2025-11-21;16;1614
26;2025-11-21;17;1696
26;2025-11-21;18;1401
26;2025-11-21;19;1052
26;2025-11-21;20;686
26;2025-11-21;21;418
26;2025-11-21;22;217
26;2025-11-21;23;141
26;2025-11-22;0;40
26;2025-11-22;1;2
26;2025-11-22;2;0
26;2025-11-22;3;0
26;2025-11-22;4;2
26;2025-11-22;5;42
26;2025-11-22;6;249
26;2025-11-22;7;335
26;2025-11-22;8;504
26;2025-11-22;9;621
26;2025-11-22;10;733
26;2025-11-22;11;940
26;2025-11-22;12;965
26;2025-11-22;13;1001
26;2025-11-22;14;1023
26;2025-11-22;15;946
26;2025-11-22;16;912
26;2025-11-22;17;897
26;2025-11-22;18;854
26;2025-11-22;19;780
26;2025-11-22;20;533
26;2025-11-22;21;367
26;2025-11-22;22;202
26;2025-11-22;23;137
26;2025-11-23;0;46
26;2025-11-23;1;4
26;2025-11-23;2;0
26;2025-11-23;3;0
26;2025-11-23;4;1
26;2025-11-23;5;29
26;2025-11-23;6;173
26;2025-11-23;7;255
26;2025-11-23;8;374
26;2025-11-23;9;491
26;2025-11-23;10;564
26;2025-11-23;11;805
26;2025-11-23;12;881
26;2025-11-23;13;920
26;2025-11-23;14;899
26;2025-11-23;15;848
26;2025-11-23;16;824
26;2025-11-23;17;787
26;2025-11-23;18;690
26;2025-11-23;19;521
26;2025-11-23;20;392
26;2025-11-23;21;255
26;2025-11-23;22;180
26;2025-11-23;23;97
26;2025-11-24;0;23
26;2025-11-24;1;4
26;2025-11-24;2;0
26;2025-11-24;3;0
26;2025-11-24;4;2
26;2025-11-24;5;86
26;2025-11-24;6;511
26;2025-11-24;7;1069
26;2025-11-24;8;2128
26;2025-11-24;9;1460
26;2025-11-24;10;1147
26;2025-11-24;11;974
26;2025-11-24;12;1021
26;2025-11-24;13;1119
26;2025-11-24;14;1137
26;2025-11-24;15;1234
26;2025-11-24;16;1424
26;2025-11-24;17;1658
26;2025-11-24;18;1855
26;2025-11-24;19;1249
26;2025-11-24;20;758
26;2025-11-24;21;438
26;2025-11-24;22;217
26;2025-11-24;23;100
26;2025-11-25;0;28
26;2025-11-25;1;1
26;2025-11-25;2;0
26;2025-11-25;3;0
26;2025-11-25;4;1
26;2025-11-25;5;81
26;2025-11-25;6;534
26;2025-11-25;7;1112
26;2025-11-25;8;2132
26;2025-11-25;9;1448
26;2025-11-25;10;1157
26;2025-11-25;11;1091
26;2025-11-25;12;1116
26;2025-11-25;13;1124
26;2025-11-25;14;1165
26;2025-11-25;15;1288
26;2025-11-25;16;1464
26;2025-11-25;17;1679
26;2025-11-25;18;1867
26;2025-11-25;19;1279
26;2025-11-25;20;760
26;2025-11-25;21;415
26;2025-11-25;22;209
26;2025-11-25;23;105
26;2025-11-26;0;34
26;2025-11-26;1;5
26;2025-11-26;2;3
26;2025-11-26;3;1
26;2025-11-26;4;3
26;2025-11-26;5;92
26;2025-11-26;6;513
26;2025-11-26;7;1096
26;2025-11-26;8;2134
26;2025-11-26;9;1468
26;2025-11-26;10;1154
26;2025-11-26;11;1036
26;2025-11-26;12;1089
26;2025-11-26;13;1126
26;2025-11-26;14;1177
26;2025-11-26;15;1249
26;2025-11-26;16;1413
26;2025-11-26;17;1611
26;2025-11-26;18;1773
26;2025-11-26;19;1222
26;2025-11-26;20;778
26;2025-11-26;21;461
26;2025-11-26;22;228
26;2025-11-26;23;115
26;2025-11-27;0;33
26;2025-11-27;1;4
26;2025-11-27;2;3
26;2025-11-27;3;0
26;2025-11-27;4;5
26;2025-11-27;5;90
26;2025-11-27;6;534
26;2025-11-27;7;1127
26;2025-11-27;8;2090
26;2025-11-27;9;1457
26;2025-11-27;10;1127
26;2025-11-27;11;1109
26;2025-11-27;12;1131
26;2025-11-27;13;1194
26;2025-11-27;14;1182
26;2025-11-27;15;1299
26;2025-11-27;16;1465
26;2025-11-27;17;1711
26;2025-11-27;18;1894
26;2025-11-27;19;1265
26;2025-11-27;20;797
26;2025-11-27;21;487
26;2025-11-27;22;254
26;2025-11-27;23;132
26;2025-11-28;0;40
26;2025-11-28;1;9
26;2025-11-28;2;3
26;2025-11-28;3;0
26;2025-11-28;4;6
26;2025-11-28;5;87
26;2025-11-28;6;529
26;2025-11-28;7;1090
26;2025-11-28;8;1964
26;2025-11-28;9;1431
26;2025-11-28;10;1236
26;2025-11-28;11;1124
26;2025-11-28;12;1168
26;2025-11-28;13;1224
26;2025-11-28;14;1227
26;2025-11-28;15;1393
26;2025-11-28;16;1636
26;2025-11-28;17;1723
26;2025-11-28;18;1448
26;2025-11-28;19;1109
26;2025-11-28;20;747
26;2025-11-28;21;465
26;2025-11-28;22;252
26;2025-11-28;23;157
26;2025-11-29;0;48
26;2025-11-29;1;9
26;2025-11-29;2;3
26;2025-11-29;3;0
26;2025-11-29;4;5
26;2025-11-29;5;53
26;2025-11-29;6;286
26;2025-11-29;7;373
26;2025-11-29;8;565
26;2025-11-29;9;679
26;2025-11-29;10;786
26;2025-11-29;11;993
26;2025-11-29;12;1022
26;2025-11-29;13;1034
26;2025-11-29;14;1065
26;2025-11-29;15;974
26;2025-11-29;16;946
26;2025-11-29;17;938
26;2025-11-29;18;861
26;2025-11-29;19;786
26;2025-11-29;20;538
26;2025-11-29;21;386
26;2025-11-29;22;229
26;2025-11-29;23;151
26;2025-11-30;0;50
26;2025-11-30;1;12
26;2025-11-30;2;3
26;2025-11-30;3;0
26;2025-11-30;4;5
26;2025-11-30;5;41
26;2025-11-30;6;177
26;2025-11-30;7;274
26;2025-11-30;8;390
26;2025-11-30;9;527
26;2025-11-30;10;580
26;2025-11-30;11;802
26;2025-11-30;12;851
26;2025-11-30;13;857
26;2025-11-30;14;832
26;2025-11-30;15;784
26;2025-11-30;16;787
26;2025-11-30;17;774
26;2025-11-30;18;697
26;2025-11-30;19;529
26;2025-11-30;20;446
26;2025-11-30;21;324
26;2025-11-30;22;211
26;2025-11-30;23;125
26;2025-12-01;0;33
26;2025-12-01;1;9
26;2025-12-01;2;3
26;2025-12-01;3;0
26;2025-12-01;4;5
26;2025-12-01;5;96
26;2025-12-01;6;533
26;2025-12-01;7;1112
26;2025-12-01;8;2006
26;2025-12-01;9;1427
26;2025-12-01;10;1172
26;2025-12-01;11;1035
26;2025-12-01;12;1077
26;2025-12-01;13;1163
26;2025-12-01;14;1186
26;2025-12-01;15;1281
26;2025-12-01;16;1427
26;2025-12-01;17;1643
26;2025-12-01;18;1859
26;2025-12-01;19;1292
26;2025-12-01;20;793
26;2025-12-01;21;458
26;2025-12-01;22;226
26;2025-12-01;23;116
26;2025-12-02;0;33
26;2025-12-02;1;8
26;2025-12-02;2;3
26;2025-12-02;3;0
26;2025-12-02;4;8
26;2025-12-02;5;100
26;2025-12-02;6;546
26;2025-12-02;7;1151
26;2025-12-02;8;2067
26;2025-12-02;9;1456
26;2025-12-02;10;1185
26;2025-12-02;11;1111
26;2025-12-02;12;1143
26;2025-12-02;13;1139
26;2025-12-02;14;1177
26;2025-12-02;15;1257
26;2025-12-02;16;1452
26;2025-12-02;17;1669
26;2025-12-02;18;1872
26;2025-12-02;19;1301
26;2025-12-02;20;798
26;2025-12-02;21;482
26;2025-12-02;22;243
26;2025-12-02;23;126
26;2025-12-03;0;36
26;2025-12-03;1;7
26;2025-12-03;2;3
26;2025-12-03;3;0
26;2025-12-03;4;5
26;2025-12-03;5;98
26;2025-12-03;6;531
26;2025-12-03;7;1106
26;2025-12-03;8;2133
26;2025-12-03;9;1466
26;2025-12-03;10;1230
26;2025-12-03;11;1103
26;2025-12-03;12;1151
26;2025-12-03;13;1182
26;2025-12-03;14;1238
26;2025-12-03;15;1314
26;2025-12-03;16;1454
26;2025-12-03;17;1651
26;2025-12-03;18;1830
26;2025-12-03;19;1265
26;2025-12-03;20;808
26;2025-12-03;21;514
26;2025-12-03;22;264
26;2025-12-03;23;135
26;2025-12-04;0;39
26;2025-12-04;1;5
26;2025-12-04;2;0
26;2025-12-04;3;0
26;2025-12-04;4;7
26;2025-12-04;5;99
26;2025-12-04;6;525
26;2025-12-04;7;1123
26;2025-12-04;8;2136
26;2025-12-04;9;1473
26;2025-12-04;10;1176
26;2025-12-04;11;1117
26;2025-12-04;12;1135
26;2025-12-04;13;1192
26;2025-12-04;14;1206
26;2025-12-04;15;1307
26;2025-12-04;16;1468
26;2025-12-04;17;1706
26;2025-12-04;18;1911
26;2025-12-04;19;1295
26;2025-12-04;20;812
26;2025-12-04;21;492
26;2025-12-04;22;270
26;2025-12-04;23;138
26;2025-12-05;0;39
26;2025-12-05;1;4
26;2025-12-05;2;0
26;2025-12-05;3;0
26;2025-12-05;4;6
26;2025-12-05;5;95
26;2025-12-05;6;527
26;2025-12-05;7;1079
26;2025-12-05;8;1979
26;2025-12-05;9;1416
26;2025-12-05;10;1201
26;2025-12-05;11;1083
26;2025-12-05;12;1131
26;2025-12-05;13;1191
26;2025-12-05;14;1225
26;2025-12-05;15;1368
26;2025-12-05;16;1635
26;2025-12-05;17;1713
26;2025-12-05;18;1456
26;2025-12-05;19;1128
26;2025-12-05;20;755
26;2025-12-05;21;474
26;2025-12-05;22;253
26;2025-12-05;23;157
26;2025-12-06;0;47
26;2025-12-06;1;5
26;2025-12-06;2;0
26;2025-12-06;3;0
26;2025-12-06;4;6
26;2025-12-06;5;55
26;2025-12-06;6;288
26;2025-12-06;7;377
26;2025-12-06;8;562
26;2025-12-06;9;662
26;2025-12-06;10;784
26;2025-12-06;11;961
26;2025-12-06;12;1003
26;2025-12-06;13;1023
26;2025-12-06;14;1050
26;2025-12-06;15;956
26;2025-12-06;16;929
26;2025-12-06;17;912
26;2025-12-06;18;859
26;2025-12-06;19;776
26;2025-12-06;20;541
26;2025-12-06;21;381
26;2025-12-06;22;231
26;2025-12-06;23;154
26;2025-12-07;0;49
26;2025-12-07;1;9
26;2025-12-07;2;0
26;2025-12-07;3;0
26;2025-12-07;4;5
26;2025-12-07;5;38
26;2025-12-07;6;170
26;2025-12-07;7;259
26;2025-12-07;8;388
26;2025-12-07;9;515
26;2025-12-07;10;562
26;2025-12-07;11;778
26;2025-12-07;12;828
26;2025-12-07;13;854
26;2025-12-07;14;833
26;2025-12-07;15;776
26;2025-12-07;16;771
26;2025-12-07;17;772
26;2025-12-07;18;692
26;2025-12-07;19;522
26;2025-12-07;20;427
26;2025-12-07;21;294
26;2025-12-07;22;202
26;2025-12-07;23;109
26;2025-12-08;0;30
26;2025-12-08;1;3
26;2025-12-08;2;0
26;2025-12-08;3;0
26;2025-12-08;4;4
26;2025-12-08;5;92
26;2025-12-08;6;524
26;2025-12-08;7;1111
26;2025-12-08;8;2123
26;2025-12-08;9;1452
26;2025-12-08;10;1226
26;2025-12-08;11;1058
26;2025-12-08;12;1077
26;2025-12-08;13;1145
26;2025-12-08;14;1174
26;2025-12-08;15;1278
26;2025-12-08;16;1448
26;2025-12-08;17;1675
26;2025-12-08;18;1885
26;2025-12-08;19;1284
26;2025-12-08;20;766
26;2025-12-08;21;432
26;2025-12-08;22;219
26;2025-12-08;23;101
26;2025-12-09;0;29
26;2025-12-09;1;1
26;2025-12-09;2;0
26;2025-12-09;3;1
26;2025-12-09;4;5
26;2025-12-09;5;91
26;2025-12-09;6;544
26;2025-12-09;7;1164
26;2025-12-09;8;2182
26;2025-12-09;9;1515
26;2025-12-09;10;1247
26;2025-12-09;11;1159
26;2025-12-09;12;1177
26;2025-12-09;13;1168
26;2025-12-09;14;1219
26;2025-12-09;15;1321
26;2025-12-09;16;1512
26;2025-12-09;17;1737
26;2025-12-09;18;1927
26;2025-12-09;19;1344
26;2025-12-09;20;789
26;2025-12-09;21;449
26;2025-12-09;22;237
26;2025-12-09;23;111
26;2025-12-10;0;31
26;2025-12-10;1;2
26;2025-12-10;2;0
26;2025-12-10;3;0
26;2025-12-10;4;4
26;2025-12-10;5;95
26;2025-12-10;6;502
26;2025-12-10;7;1096
26;2025-12-10;8;2171
26;2025-12-10;9;1492
26;2025-12-10;10;1219
26;2025-12-10;11;1091
26;2025-12-10;12;1133
26;2025-12-10;13;1155
26;2025-12-10;14;1228
26;2025-12-10;15;1308
26;2025-12-10;16;1463
26;2025-12-10;17;1660
26;2025-12-10;18;1819
26;2025-12-10;19;1262
26;2025-12-10;20;776
26;2025-12-10;21;462
26;2025-12-10;22;236
26;2025-12-10;23;116
26;2025-12-11;0;33
26;2025-12-11;1;1
26;2025-12-11;2;0
26;2025-12-11;3;0
26;2025-12-11;4;0
26;2025-12-11;5;81
26;2025-12-11;6;500
26;2025-12-11;7;1077
26;2025-12-11;8;2159
26;2025-12-11;9;1483
26;2025-12-11;10;1138
26;2025-12-11;11;1098
26;2025-12-11;12;1106
26;2025-12-11;13;1160
26;2025-12-11;14;1168
26;2025-12-11;15;1267
26;2025-12-11;16;1440
26;2025-12-11;17;1690
26;2025-12-11;18;1886
26;2025-12-11;19;1225
26;2025-12-11;20;759
26;2025-12-11;21;482
26;2025-12-11;22;256
26;2025-12-11;23;117
26;2025-12-12;0;31
26;2025-12-12;1;1
26;2025-12-12;2;0
26;2025-12-12;3;0
26;2025-12-12;4;0
26;2025-12-12;5;82
26;2025-12-12;6;494
26;2025-12-12;7;1046
26;2025-12-12;8;1993
26;2025-12-12;9;1382
26;2025-12-12;10;1174
26;2025-12-12;11;1054
26;2025-12-12;12;1103
26;2025-12-12;13;1142
26;2025-12-12;14;1164
26;2025-12-12;15;1298
26;2025-12-12;16;1616
26;2025-12-12;17;1712
26;2025-12-12;18;1444
26;2025-12-12;19;1117
26;2025-12-12;20;708
26;2025-12-12;21;423
26;2025-12-12;22;246
26;2025-12-12;23;140
26;2025-12-13;0;40
26;2025-12-13;1;0
26;2025-12-13;2;0
26;2025-12-13;3;0
26;2025-12-13;4;0
26;2025-12-13;5;43
26;2025-12-13;6;274
26;2025-12-13;7;367
26;2025-12-13;8;567
26;2025-12-13;9;694
26;2025-12-13;10;778
26;2025-12-13;11;966
26;2025-12-13;12;995
26;2025-12-13;13;998
26;2025-12-13;14;1009
26;2025-12-13;15;924
26;2025-12-13;16;904
26;2025-12-13;17;906
26;2025-12-13;18;848
26;2025-12-13;19;808
26;2025-12-13;20;541
26;2025-12-13;21;354
26;2025-12-13;22;209
26;2025-12-13;23;134
26;2025-12-14;0;42
26;2025-12-14;1;5
26;2025-12-14;2;0
26;2025-12-14;3;0
26;2025-12-14;4;0
26;2025-12-14;5;26
26;2025-12-14;6;150
26;2025-12-14;7;237
26;2025-12-14;8;360
26;2025-12-14;9;497
26;2025-12-14;10;544
26;2025-12-14;11;737
26;2025-12-14;12;799
26;2025-12-14;13;812
26;2025-12-14;14;788
26;2025-12-14;15;732
26;2025-12-14;16;748
26;2025-12-14;17;738
26;2025-12-14;18;684
26;2025-12-14;19;530
26;2025-12-14;20;398
26;2025-12-14;21;263
26;2025-12-14;22;195
26;2025-12-14;23;99
26;2025-12-15;0;30
26;2025-12-15;1;2
26;2025-12-15;2;0
26;2025-12-15;3;0
26;2025-12-15;4;1
26;2025-12-15;5;84
26;2025-12-15;6;501
26;2025-12-15;7;1079
26;2025-12-15;8;2124
26;2025-12-15;9;1432
26;2025-12-15;10;1185
26;2025-12-15;11;1035
26;2025-12-15;12;1039
26;2025-12-15;13;1118
26;2025-12-15;14;1133
26;2025-12-15;15;1251
26;2025-12-15;16;1425
26;2025-12-15;17;1654
26;2025-12-15;18;1888
26;2025-12-15;19;1273
26;2025-12-15;20;749
26;2025-12-15;21;420
26;2025-12-15;22;207
26;2025-12-15;23;98
26;2025-12-16;0;26
26;2025-12-16;1;0
26;2025-12-16;2;0
26;2025-12-16;3;0
26;2025-12-16;4;2
26;2025-12-16;5;82
26;2025-12-16;6;510
26;2025-12-16;7;1100
26;2025-12-16;8;2176
26;2025-12-16;9;1467
26;2025-12-16;10;1202
26;2025-12-16;11;1123
26;2025-12-16;12;1115
26;2025-12-16;13;1109
26;2025-12-16;14;1196
26;2025-12-16;15;1285
26;2025-12-16;16;1509
26;2025-12-16;17;1728
26;2025-12-16;18;1912
26;2025-12-16;19;1303
26;2025-12-16;20;773
26;2025-12-16;21;428
26;2025-12-16;22;220
26;2025-12-16;23;108
26;2025-12-17;0;29
26;2025-12-17;1;0
26;2025-12-17;2;0
26;2025-12-17;3;0
26;2025-12-17;4;3
26;2025-12-17;5;85
26;2025-12-17;6;493
26;2025-12-17;7;1069
26;2025-12-17;8;2167
26;2025-12-17;9;1455
26;2025-12-17;10;1176
26;2025-12-17;11;1054
26;2025-12-17;12;1099
26;2025-12-17;13;1138
26;2025-12-17;14;1195
26;2025-12-17;15;1273
26;2025-12-17;16;1459
26;2025-12-17;17;1646
26;2025-12-17;18;1800
26;2025-12-17;19;1220
26;2025-12-17;20;762
26;2025-12-17;21;455
26;2025-12-17;22;227
26;2025-12-17;23;112
26;2025-12-18;0;33
26;2025-12-18;1;0
26;2025-12-18;2;0
26;2025-12-18;3;0
26;2025-12-18;4;0
26;2025-12-18;5;82
26;2025-12-18;6;494
26;2025-12-18;7;1068
26;2025-12-18;8;2143
26;2025-12-18;9;1460
26;2025-12-18;10;1152
26;2025-12-18;11;1107
26;2025-12-18;12;1136
26;2025-12-18;13;1175
26;2025-12-18;14;1191
26;2025-12-18;15;1294
26;2025-12-18;16;1458
26;2025-12-18;17;1706
26;2025-12-18;18;1895
26;2025-12-18;19;1245
26;2025-12-18;20;755
26;2025-12-18;21;448
26;2025-12-18;22;235
26;2025-12-18;23;116
26;2025-12-19;0;31
26;2025-12-19;1;1
26;2025-12-19;2;0
26;2025-12-19;3;0
26;2025-12-19;4;1
26;2025-12-19;5;84
26;2025-12-19;6;499
26;2025-12-19;7;1049
26;2025-12-19;8;2003
26;2025-12-19;9;1393
26;2025-12-19;10;1168
26;2025-12-19;11;1077
26;2025-12-19;12;1123
26;2025-12-19;13;1171
26;2025-12-19;14;1193
26;2025-12-19;15;1326
26;2025-12-19;16;1627
26;2025-12-19;17;1712
26;2025-12-19;18;1419
26;2025-12-19;19;1084
26;2025-12-19;20;696
26;2025-12-19;21;420
26;2025-12-19;22;223
26;2025-12-19;23;144
26;2025-12-20;0;40
26;2025-12-20;1;2
26;2025-12-20;2;0
26;2025-12-20;3;0
26;2025-12-20;4;2
26;2025-12-20;5;46
26;2025-12-20;6;272
26;2025-12-20;7;364
26;2025-12-20;8;566
26;2025-12-20;9;657
26;2025-12-20;10;753
26;2025-12-20;11;951
26;2025-12-20;12;989
26;2025-12-20;13;995
26;2025-12-20;14;1031
26;2025-12-20;15;951
26;2025-12-20;16;893
26;2025-12-20;17;879
26;2025-12-20;18;799
26;2025-12-20;19;750
26;2025-12-20;20;514
26;2025-12-20;21;360
26;2025-12-20;22;210
26;2025-12-20;23;134
26;2025-12-21;0;38
26;2025-12-21;1;4
26;2025-12-21;2;0
26;2025-12-21;3;0
26;2025-12-21;4;1
26;2025-12-21;5;29
26;2025-12-21;6;161
26;2025-12-21;7;265
26;2025-12-21;8;392
26;2025-12-21;9;494
26;2025-12-21;10;542
26;2025-12-21;11;739
26;2025-12-21;12;790
26;2025-12-21;13;818
26;2025-12-21;14;798
26;2025-12-21;15;763
26;2025-12-21;16;755
26;2025-12-21;17;734
26;2025-12-21;18;661
26;2025-12-21;19;507
26;2025-12-21;20;407
26;2025-12-21;21;268
26;2025-12-21;22;185
26;2025-12-21;23;99
26;2025-12-22;0;29
26;2025-12-22;1;3
26;2025-12-22;2;0
26;2025-12-22;3;0
26;2025-12-22;4;2
26;2025-12-22;5;89
26;2025-12-22;6;513
26;2025-12-22;7;1091
26;2025-12-22;8;2147
26;2025-12-22;9;1444
26;2025-12-22;10;1184
26;2025-12-22;11;1031
26;2025-12-22;12;1067
26;2025-12-22;13;1137
26;2025-12-22;14;1184
26;2025-12-22;15;1289
26;2025-12-22;16;1467
26;2025-12-22;17;1680
26;2025-12-22;18;1898
26;2025-12-22;19;1282
26;2025-12-22;20;771
26;2025-12-22;21;415
26;2025-12-22;22;210
26;2025-12-22;23;96
26;2025-12-23;0;26
26;2025-12-23;1;0
26;2025-12-23;2;0
26;2025-12-23;3;1
26;2025-12-23;4;2
26;2025-12-23;5;85
26;2025-12-23;6;563
26;2025-12-23;7;1133
26;2025-12-23;8;2161
26;2025-12-23;9;1486
26;2025-12-23;10;1206
26;2025-12-23;11;1124
26;2025-12-23;12;1140
26;2025-12-23;13;1121
26;2025-12-23;14;1161
26;2025-12-23;15;1267
26;2025-12-23;16;1478
26;2025-12-23;17;1701
26;2025-12-23;18;1895
26;2025-12-23;19;1312
26;2025-12-23;20;792
26;2025-12-23;21;420
26;2025-12-23;22;216
26;2025-12-23;23;106
26;2025-12-24;0;32
26;2025-12-24;1;0
26;2025-12-24;2;0
26;2025-12-24;3;0
26;2025-12-24;4;5
26;2025-12-24;5;86
26;2025-12-24;6;506
26;2025-12-24;7;1076
26;2025-12-24;8;2149
26;2025-12-24;9;1457
26;2025-12-24;10;1192
26;2025-12-24;11;1072
26;2025-12-24;12;1129
26;2025-12-24;13;1142
26;2025-12-24;14;1187
26;2025-12-24;15;1272
26;2025-12-24;16;1444
26;2025-12-24;17;1620
26;2025-12-24;18;1797
26;2025-12-24;19;1238
26;2025-12-24;20;770
26;2025-12-24;21;450
26;2025-12-24;22;227
26;2025-12-24;23;110
26;2025-12-25;0;33
26;2025-12-25;1;0
26;2025-12-25;2;0
26;2025-12-25;3;0
26;2025-12-25;4;0
26;2025-12-25;5;83
26;2025-12-25;6;489
26;2025-12-25;7;1080
26;2025-12-25;8;2142
26;2025-12-25;9;1466
26;2025-12-25;10;1173
26;2025-12-25;11;1119
26;2025-12-25;12;1120
26;2025-12-25;13;1166
26;2025-12-25;14;1194
26;2025-12-25;15;1292
26;2025-12-25;16;1475
26;2025-12-25;17;1690
26;2025-12-25;18;1897
26;2025-12-25;19;1256
26;2025-12-25;20;760
26;2025-12-25;21;447
26;2025-12-25;22;239
26;2025-12-25;23;114
26;2025-12-26;0;30
26;2025-12-26;1;4
26;2025-12-26;2;0
26;2025-12-26;3;0
26;2025-12-26;4;1
26;2025-12-26;5;85
26;2025-12-26;6;522
26;2025-12-26;7;1076
26;2025-12-26;8;2019
26;2025-12-26;9;1472
26;2025-12-26;10;1240
26;2025-12-26;11;1077
26;2025-12-26;12;1147
26;2025-12-26;13;1216
26;2025-12-26;14;1243
26;2025-12-26;15;1377
26;2025-12-26;16;1650
26;2025-12-26;17;1732
26;2025-12-26;18;1454
26;2025-12-26;19;1123
26;2025-12-26;20;721
26;2025-12-26;21;437
26;2025-12-26;22;245
26;2025-12-26;23;140
26;2025-12-27;0;42
26;2025-12-27;1;4
26;2025-12-27;2;0
26;2025-12-27;3;0
26;2025-12-27;4;3
26;2025-12-27;5;55
26;2025-12-27;6;279
26;2025-12-27;7;373
26;2025-12-27;8;586
26;2025-12-27;9;679
26;2025-12-27;10;788
26;2025-12-27;11;997
26;2025-12-27;12;1010
26;2025-12-27;13;1010
26;2025-12-27;14;1040
26;2025-12-27;15;970
26;2025-12-27;16;947
26;2025-12-27;17;940
26;2025-12-27;18;851
26;2025-12-27;19;780
26;2025-12-27;20;527
26;2025-12-27;21;364
26;2025-12-27;22;222
26;2025-12-27;23;146
26;2025-12-28;0;50
26;2025-12-28;1;8
26;2025-12-28;2;0
26;2025-12-28;3;1
26;2025-12-28;4;2
26;2025-12-28;5;35
26;2025-12-28;6;167
26;2025-12-28;7;271
26;2025-12-28;8;404
26;2025-12-28;9;513
26;2025-12-28;10;570
26;2025-12-28;11;770
26;2025-12-28;12;808
26;2025-12-28;13;845
26;2025-12-28;14;809
26;2025-12-28;15;782
26;2025-12-28;16;773
26;2025-12-28;17;774
26;2025-12-28;18;700
26;2025-12-28;19;536
26;2025-12-28;20;416
26;2025-12-28;21;293
26;2025-12-28;22;203
26;2025-12-28;23;108
26;2025-12-29;0;36
26;2025-12-29;1;6
26;2025-12-29;2;0
26;2025-12-29;3;1
26;2025-12-29;4;3
26;2025-12-29;5;92
26;2025-12-29;6;507
26;2025-12-29;7;1080
26;2025-12-29;8;2104
26;2025-12-29;9;1457
26;2025-12-29;10;1221
26;2025-12-29;11;1064
26;2025-12-29;12;1067
26;2025-12-29;13;1162
26;2025-12-29;14;1196
26;2025-12-29;15;1283
26;2025-12-29;16;1448
26;2025-12-29;17;1676
26;2025-12-29;18;1895
26;2025-12-29;19;1311
26;2025-12-29;20;785
26;2025-12-29;21;430
26;2025-12-29;22;231
26;2025-12-29;23;109
26;2025-12-30;0;38
26;2025-12-30;1;3
26;2025-12-30;2;0
26;2025-12-30;3;2
26;2025-12-30;4;2
26;2025-12-30;5;95
26;2025-12-30;6;507
26;2025-12-30;7;1077
26;2025-12-30;8;2141
26;2025-12-30;9;1497
26;2025-12-30;10;1217
26;2025-12-30;11;1151
26;2025-12-30;12;1159
26;2025-12-30;13;1153
26;2025-12-30;14;1207
26;2025-12-30;15;1297
26;2025-12-30;16;1490
26;2025-12-30;17;1734
26;2025-12-30;18;1896
26;2025-12-30;19;1324
26;2025-12-30;20;799
26;2025-12-30;21;431
26;2025-12-30;22;233
26;2025-12-30;23;117
26;2025-12-31;0;11
26;2025-12-31;1;0
26;2025-12-31;2;0
26;2025-12-31;3;0
26;2025-12-31;4;0
26;2025-12-31;5;27
26;2025-12-31;6;190
26;2025-12-31;7;179
26;2025-12-31;8;177
26;2025-12-31;9;273
26;2025-12-31;10;312
26;2025-12-31;11;387
26;2025-12-31;12;442
26;2025-12-31;13;447
26;2025-12-31;14;466
26;2025-12-31;15;478
26;2025-12-31;16;471
26;2025-12-31;17;443
26;2025-12-31;18;377
26;2025-12-31;19;403
26;2025-12-31;20;251
26;2025-12-31;21;257
26;2025-12-31;22;142
26;2025-12-31;23;76
28;2025-11-01;0;1
28;2025-11-01;1;0
28;2025-11-01;2;0
28;2025-11-01;3;0
28;2025-11-01;4;0
28;2025-11-01;5;38
28;2025-11-01;6;105
28;2025-11-01;7;206
28;2025-11-01;8;357
28;2025-11-01;9;439
28;2025-11-01;10;479
28;2025-11-01;11;488
28;2025-11-01;12;571
28;2025-11-01;13;585
28;2025-11-01;14;613
28;2025-11-01;15;603
28;2025-11-01;16;550
28;2025-11-01;17;563
28;2025-11-01;18;469
28;2025-11-01;19;381
28;2025-11-01;20;291
28;2025-11-01;21;272
28;2025-11-01;22;114
28;2025-11-01;23;16
28;2025-11-02;0;3
28;2025-11-02;1;0
28;2025-11-02;2;0
28;2025-11-02;3;0
28;2025-11-02;4;1
28;2025-11-02;5;27
28;2025-11-02;6;72
28;2025-11-02;7;131
28;2025-11-02;8;211
28;2025-11-02;9;255
28;2025-11-02;10;291
28;2025-11-02;11;316
28;2025-11-02;12;399
28;2025-11-02;13;398
28;2025-11-02;14;422
28;2025-11-02;15;428
28;2025-11-02;16;392
28;2025-11-02;17;383
28;2025-11-02;18;357
28;2025-11-02;19;306
28;2025-11-02;20;247
28;2025-11-02;21;226
28;2025-11-02;22;99
28;2025-11-02;23;10
28;2025-11-03;0;1
28;2025-11-03;1;0
28;2025-11-03;2;0
28;2025-11-03;3;0
28;2025-11-03;4;0
28;2025-11-03;5;47
28;2025-11-03;6;148
28;2025-11-03;7;252
28;2025-11-03;8;400
28;2025-11-03;9;315
28;2025-11-03;10;386
28;2025-11-03;11;328
28;2025-11-03;12;335
28;2025-11-03;13;375
28;2025-11-03;14;363
28;2025-11-03;15;360
28;2025-11-03;16;345
28;2025-11-03;17;396
28;2025-11-03;18;383
28;2025-11-03;19;330
28;2025-11-03;20;338
28;2025-11-03;21;227
28;2025-11-03;22;104
28;2025-11-03;23;10
28;2025-11-04;0;1
28;2025-11-04;1;1
28;2025-11-04;2;0
28;2025-11-04;3;0
28;2025-11-04;4;2
28;2025-11-04;5;45
28;2025-11-04;6;143
28;2025-11-04;7;251
28;2025-11-04;8;383
28;2025-11-04;9;330
28;2025-11-04;10;310
28;2025-11-04;11;330
28;2025-11-04;12;328
28;2025-11-04;13;372
28;2025-11-04;14;386
28;2025-11-04;15;390
28;2025-11-04;16;377
28;2025-11-04;17;415
28;2025-11-04;18;392
28;2025-11-04;19;338
28;2025-11-04;20;378
28;2025-11-04;21;251
28;2025-11-04;22;118
28;2025-11-04;23;18
28;2025-11-05;0;0
28;2025-11-05;1;0
28;2025-11-05;2;0
28;2025-11-05;3;0
28;2025-11-05;4;1
28;2025-11-05;5;79
28;2025-11-05;6;249
28;2025-11-05;7;635
28;2025-11-05;8;1090
28;2025-11-05;9;720
28;2025-11-05;10;515
28;2025-11-05;11;498
28;2025-11-05;12;543
28;2025-11-05;13;586
28;2025-11-05;14;549
28;2025-11-05;15;599
28;2025-11-05;16;768
28;2025-11-05;17;883
28;2025-11-05;18;870
28;2025-11-05;19;598
28;2025-11-05;20;432
28;2025-11-05;21;279
28;2025-11-05;22;137
28;2025-11-05;23;12
28;2025-11-06;0;0
28;2025-11-06;1;0
28;2025-11-06;2;0
28;2025-11-06;3;0
28;2025-11-06;4;1
28;2025-11-06;5;75
28;2025-11-06;6;252
28;2025-11-06;7;711
28;2025-11-06;8;1113
28;2025-11-06;9;797
28;2025-11-06;10;553
28;2025-11-06;11;479
28;2025-11-06;12;599
28;2025-11-06;13;646
28;2025-11-06;14;586
28;2025-11-06;15;598
28;2025-11-06;16;774
28;2025-11-06;17;927
28;2025-11-06;18;939
28;2025-11-06;19;666
28;2025-11-06;20;454
28;2025-11-06;21;307
28;2025-11-06;22;135
28;2025-11-06;23;13
28;2025-11-07;0;0
28;2025-11-07;1;0
28;2025-11-07;2;0
28;2025-11-07;3;0
28;2025-11-07;4;1
28;2025-11-07;5;72
28;2025-11-07;6;240
28;2025-11-07;7;700
28;2025-11-07;8;1068
28;2025-11-07;9;754
28;2025-11-07;10;521
28;2025-11-07;11;497
28;2025-11-07;12;599
28;2025-11-07;13;636
28;2025-11-07;14;610
28;2025-11-07;15;651
28;2025-11-07;16;874
28;2025-11-07;17;895
28;2025-11-07;18;755
28;2025-11-07;19;558
28;2025-11-07;20;420
28;2025-11-07;21;277
28;2025-11-07;22;136
28;2025-11-07;23;18
28;2025-11-08;0;0
28;2025-11-08;1;0
28;2025-11-08;2;0
28;2025-11-08;3;0
28;2025-11-08;4;0
28;2025-11-08;5;37
28;2025-11-08;6;98
28;2025-11-08;7;210
28;2025-11-08;8;332
28;2025-11-08;9;436
28;2025-11-08;10;433
28;2025-11-08;11;433
28;2025-11-08;12;513
28;2025-11-08;13;553
28;2025-11-08;14;558
28;2025-11-08;15;556
28;2025-11-08;16;517
28;2025-11-08;17;516
28;2025-11-08;18;445
28;2025-11-08;19;371
28;2025-11-08;20;293
28;2025-11-08;21;278
28;2025-11-08;22;131
28;2025-11-08;23;22
28;2025-11-09;0;2
28;2025-11-09;1;1
28;2025-11-09;2;0
28;2025-11-09;3;0
28;2025-11-09;4;1
28;2025-11-09;5;32
28;2025-11-09;6;83
28;2025-11-09;7;144
28;2025-11-09;8;237
28;2025-11-09;9;313
28;2025-11-09;10;347
28;2025-11-09;11;378
28;2025-11-09;12;424
28;2025-11-09;13;489
28;2025-11-09;14;476
28;2025-11-09;15;486
28;2025-11-09;16;457
28;2025-11-09;17;451
28;2025-11-09;18;392
28;2025-11-09;19;342
28;2025-11-09;20;273
28;2025-11-09;21;238
28;2025-11-09;22;107
28;2025-11-09;23;13
28;2025-11-10;0;0
28;2025-11-10;1;0
28;2025-11-10;2;0
28;2025-11-10;3;0
28;2025-11-10;4;2
28;2025-11-10;5;80
28;2025-11-10;6;272
28;2025-11-10;7;786
28;2025-11-10;8;1217
28;2025-11-10;9;892
28;2025-11-10;10;590
28;2025-11-10;11;521
28;2025-11-10;12;636
28;2025-11-10;13;668
28;2025-11-10;14;624
28;2025-11-10;15;647
28;2025-11-10;16;864
28;2025-11-10;17;973
28;2025-11-10;18;948
28;2025-11-10;19;743
28;2025-11-10;20;476
28;2025-11-10;21;292
28;2025-11-10;22;123
28;2025-11-10;23;16
28;2025-11-11;0;0
28;2025-11-11;1;0
28;2025-11-11;2;0
28;2025-11-11;3;0
28;2025-11-11;4;2
28;2025-11-11;5;80
28;2025-11-11;6;272
28;2025-11-11;7;799
28;2025-11-11;8;1224
28;2025-11-11;9;881
28;2025-11-11;10;653
28;2025-11-11;11;566
28;2025-11-11;12;649
28;2025-11-11;13;705
28;2025-11-11;14;644
28;2025-11-11;15;661
28;2025-11-11;16;821
28;2025-11-11;17;976
28;2025-11-11;18;943
28;2025-11-11;19;746
28;2025-11-11;20;518
28;2025-11-11;21;308
28;2025-11-11;22;134
28;2025-11-11;23;23
28;2025-11-12;0;0
28;2025-11-12;1;0
28;2025-11-12;2;0
28;2025-11-12;3;0
28;2025-11-12;4;1
28;2025-11-12;5;88
28;2025-11-12;6;276
28;2025-11-12;7;786
28;2025-11-12;8;1231
28;2025-11-12;9;844
28;2025-11-12;10;612
28;2025-11-12;11;565
28;2025-11-12;12;642
28;2025-11-12;13;706
28;2025-11-12;14;639
28;2025-11-12;15;689
28;2025-11-12;16;853
28;2025-11-12;17;981
28;2025-11-12;18;948
28;2025-11-12;19;721
28;2025-11-12;20;491
28;2025-11-12;21;304
28;2025-11-12;22;147
28;2025-11-12;23;18
28;2025-11-13;0;0
28;2025-11-13;1;0
28;2025-11-13;2;0
28;2025-11-13;3;0
28;2025-11-13;4;2
28;2025-11-13;5;82
28;2025-11-13;6;263
28;2025-11-13;7;809
28;2025-11-13;8;1216
28;2025-11-13;9;880
28;2025-11-13;10;631
28;2025-11-13;11;554
28;2025-11-13;12;671
28;2025-11-13;13;713
28;2025-11-13;14;648
28;2025-11-13;15;673
28;2025-11-13;16;868
28;2025-11-13;17;1032
28;2025-11-13;18;1007
28;2025-11-13;19;737
28;2025-11-13;20;514
28;2025-11-13;21;331
28;2025-11-13;22;148
28;2025-11-13;23;17
28;2025-11-14;0;0
28;2025-11-14;1;0
28;2025-11-14;2;0
28;2025-11-14;3;0
28;2025-11-14;4;0
28;2025-11-14;5;86
28;2025-11-14;6;267
28;2025-11-14;7;800
28;2025-11-14;8;1165
28;2025-11-14;9;848
28;2025-11-14;10;616
28;2025-11-14;11;575
28;2025-11-14;12;681
28;2025-11-14;13;724
28;2025-11-14;14;683
28;2025-11-14;15;721
28;2025-11-14;16;934
28;2025-11-14;17;946
28;2025-11-14;18;829
28;2025-11-14;19;631
28;2025-11-14;20;449
28;2025-11-14;21;287
28;2025-11-14;22;151
28;2025-11-14;23;21
28;2025-11-15;0;0
28;2025-11-15;1;1
28;2025-11-15;2;0
28;2025-11-15;3;0
28;2025-11-15;4;2
28;2025-11-15;5;38
28;2025-11-15;6;100
28;2025-11-15;7;186
28;2025-11-15;8;308
28;2025-11-15;9;422
28;2025-11-15;10;422
28;2025-11-15;11;417
28;2025-11-15;12;507
28;2025-11-15;13;563
28;2025-11-15;14;568
28;2025-11-15;15;562
28;2025-11-15;16;533
28;2025-11-15;17;526
28;2025-11-15;18;434
28;2025-11-15;19;356
28;2025-11-15;20;277
28;2025-11-15;21;256
28;2025-11-15;22;128
28;2025-11-15;23;22
28;2025-11-16;0;2
28;2025-11-16;1;0
28;2025-11-16;2;0
28;2025-11-16;3;0
28;2025-11-16;4;0
28;2025-11-16;5;25
28;2025-11-16;6;71
28;2025-11-16;7;125
28;2025-11-16;8;214
28;2025-11-16;9;297
28;2025-11-16;10;334
28;2025-11-16;11;363
28;2025-11-16;12;420
28;2025-11-16;13;490
28;2025-11-16;14;470
28;2025-11-16;15;463
28;2025-11-16;16;428
28;2025-11-16;17;425
28;2025-11-16;18;356
28;2025-11-16;19;308
28;2025-11-16;20;246
28;2025-11-16;21;212
28;2025-11-16;22;98
28;2025-11-16;23;14
28;2025-11-17;0;1
28;2025-11-17;1;0
28;2025-11-17;2;0
28;2025-11-17;3;0
28;2025-11-17;4;2
28;2025-11-17;5;74
28;2025-11-17;6;250
28;2025-11-17;7;766
28;2025-11-17;8;1174
28;2025-11-17;9;873
28;2025-11-17;10;581
28;2025-11-17;11;501
28;2025-11-17;12;617
28;2025-11-17;13;633
28;2025-11-17;14;602
28;2025-11-17;15;636
28;2025-11-17;16;818
28;2025-11-17;17;936
28;2025-11-17;18;891
28;2025-11-17;19;696
28;2025-11-17;20;450
28;2025-11-17;21;263
28;2025-11-17;22;116
28;2025-11-17;23;13
28;2025-11-18;0;0
28;2025-11-18;1;0
28;2025-11-18;2;1
28;2025-11-18;3;0
28;2025-11-18;4;3
28;2025-11-18;5;82
28;2025-11-18;6;259
28;2025-11-18;7;789
28;2025-11-18;8;1223
28;2025-11-18;9;887
28;2025-11-18;10;637
28;2025-11-18;11;554
28;2025-11-18;12;643
28;2025-11-18;13;701
28;2025-11-18;14;647
28;2025-11-18;15;665
28;2025-11-18;16;802
28;2025-11-18;17;968
28;2025-11-18;18;951
28;2025-11-18;19;741
28;2025-11-18;20;509
28;2025-11-18;21;302
28;2025-11-18;22;144
28;2025-11-18;23;23
28;2025-11-19;0;0
28;2025-11-19;1;0
28;2025-11-19;2;0
28;2025-11-19;3;0
28;2025-11-19;4;3
28;2025-11-19;5;82
28;2025-11-19;6;277
28;2025-11-19;7;791
28;2025-11-19;8;1235
28;2025-11-19;9;820
28;2025-11-19;10;600
28;2025-11-19;11;556
28;2025-11-19;12;633
28;2025-11-19;13;698
28;2025-11-19;14;622
28;2025-11-19;15;676
28;2025-11-19;16;846
28;2025-11-19;17;975
28;2025-11-19;18;946
28;2025-11-19;19;704
28;2025-11-19;20;477
28;2025-11-19;21;286
28;2025-11-19;22;145
28;2025-11-19;23;18
28;2025-11-20;0;0
28;2025-11-20;1;0
28;2025-11-20;2;0
28;2025-11-20;3;0
28;2025-11-20;4;1
28;2025-11-20;5;75
28;2025-11-20;6;274
28;2025-11-20;7;823
28;2025-11-20;8;1226
28;2025-11-20;9;885
28;2025-11-20;10;617
28;2025-11-20;11;550
28;2025-11-20;12;668
28;2025-11-20;13;706
28;2025-11-20;14;637
28;2025-11-20;15;659
28;2025-11-20;16;867
28;2025-11-20;17;1023
28;2025-11-20;18;1004
28;2025-11-20;19;716
28;2025-11-20;20;498
28;2025-11-20;21;317
28;2025-11-20;22;141
28;2025-11-20;23;17
28;2025-11-21;0;0
28;2025-11-21;1;0
28;2025-11-21;2;0
28;2025-11-21;3;0
28;2025-11-21;4;2
28;2025-11-21;5;75
28;2025-11-21;6;251
28;2025-11-21;7;793
28;2025-11-21;8;1152
28;2025-11-21;9;813
28;2025-11-21;10;572
28;2025-11-21;11;529
28;2025-11-21;12;642
28;2025-11-21;13;693
28;2025-11-21;14;645
28;2025-11-21;15;690
28;2025-11-21;16;917
28;2025-11-21;17;941
28;2025-11-21;18;809
28;2025-11-21;19;596
28;2025-11-21;20;433
28;2025-11-21;21;282
28;2025-11-21;22;140
28;2025-11-21;23;20
28;2025-11-22;0;0
28;2025-11-22;1;0
28;2025-11-22;2;0
28;2025-11-22;3;0
28;2025-11-22;4;2
28;2025-11-22;5;32
28;2025-11-22;6;95
28;2025-11-22;7;200
28;2025-11-22;8;306
28;2025-11-22;9;417
28;2025-11-22;10;431
28;2025-11-22;11;432
28;2025-11-22;12;513
28;2025-11-22;13;551
28;2025-11-22;14;549
28;2025-11-22;15;533
28;2025-11-22;16;506
28;2025-11-22;17;517
28;2025-11-22;18;444
28;2025-11-22;19;367
28;2025-11-22;20;289
28;2025-11-22;21;261
28;2025-11-22;22;124
28;2025-11-22;23;24
28;2025-11-23;0;1
28;2025-11-23;1;0
28;2025-11-23;2;0
28;2025-11-23;3;0
28;2025-11-23;4;0
28;2025-11-23;5;28
28;2025-11-23;6;82
28;2025-11-23;7;141
28;2025-11-23;8;237
28;2025-11-23;9;294
28;2025-11-23;10;340
28;2025-11-23;11;373
28;2025-11-23;12;433
28;2025-11-23;13;506
28;2025-11-23;14;487
28;2025-11-23;15;489
28;2025-11-23;16;456
28;2025-11-23;17;447
28;2025-11-23;18;368
28;2025-11-23;19;316
28;2025-11-23;20;253
28;2025-11-23;21;215
28;2025-11-23;22;103
28;2025-11-23;23;13
28;2025-11-24;0;0
28;2025-11-24;1;0
28;2025-11-24;2;0
28;2025-11-24;3;0
28;2025-11-24;4;3
28;2025-11-24;5;81
28;2025-11-24;6;267
28;2025-11-24;7;784
28;2025-11-24;8;1217
28;2025-11-24;9;899
28;2025-11-24;10;606
28;2025-11-24;11;513
28;2025-11-24;12;648
28;2025-11-24;13;699
28;2025-11-24;14;629
28;2025-11-24;15;663
28;2025-11-24;16;858
28;2025-11-24;17;973
28;2025-11-24;18;943
28;2025-11-24;19;739
28;2025-11-24;20;473
28;2025-11-24;21;292
28;2025-11-24;22;127
28;2025-11-24;23;17
28;2025-11-25;0;2
28;2025-11-25;1;0
28;2025-11-25;2;0
28;2025-11-25;3;0
28;2025-11-25;4;2
28;2025-11-25;5;74
28;2025-11-25;6;263
28;2025-11-25;7;806
28;2025-11-25;8;1226
28;2025-11-25;9;885
28;2025-11-25;10;655
28;2025-11-25;11;549
28;2025-11-25;12;658
28;2025-11-25;13;712
28;2025-11-25;14;643
28;2025-11-25;15;666
28;2025-11-25;16;825
28;2025-11-25;17;988
28;2025-11-25;18;951
28;2025-11-25;19;738
28;2025-11-25;20;498
28;2025-11-25;21;289
28;2025-11-25;22;136
28;2025-11-25;23;23
28;2025-11-26;0;1
28;2025-11-26;1;0
28;2025-11-26;2;3
28;2025-11-26;3;0
28;2025-11-26;4;7
28;2025-11-26;5;88
28;2025-11-26;6;276
28;2025-11-26;7;801
28;2025-11-26;8;1214
28;2025-11-26;9;847
28;2025-11-26;10;631
28;2025-11-26;11;568
28;2025-11-26;12;667
28;2025-11-26;13;724
28;2025-11-26;14;662
28;2025-11-26;15;703
28;2025-11-26;16;854
28;2025-11-26;17;991
28;2025-11-26;18;937
28;2025-11-26;19;734
28;2025-11-26;20;479
28;2025-11-26;21;298
28;2025-11-26;22;151
28;2025-11-26;23;28
28;2025-11-27;0;1
28;2025-11-27;1;4
28;2025-11-27;2;3
28;2025-11-27;3;0
28;2025-11-27;4;5
28;2025-11-27;5;83
28;2025-11-27;6;284
28;2025-11-27;7;838
28;2025-11-27;8;1251
28;2025-11-27;9;889
28;2025-11-27;10;657
28;2025-11-27;11;571
28;2025-11-27;12;713
28;2025-11-27;13;750
28;2025-11-27;14;690
28;2025-11-27;15;704
28;2025-11-27;16;894
28;2025-11-27;17;1071
28;2025-11-27;18;1045
28;2025-11-27;19;759
28;2025-11-27;20;531
28;2025-11-27;21;343
28;2025-11-27;22;151
28;2025-11-27;23;26
28;2025-11-28;0;2
28;2025-11-28;1;4
28;2025-11-28;2;3
28;2025-11-28;3;0
28;2025-11-28;4;6
28;2025-11-28;5;83
28;2025-11-28;6;268
28;2025-11-28;7;807
28;2025-11-28;8;1182
28;2025-11-28;9;851
28;2025-11-28;10;615
28;2025-11-28;11;571
28;2025-11-28;12;708
28;2025-11-28;13;750
28;2025-11-28;14;710
28;2025-11-28;15;750
28;2025-11-28;16;966
28;2025-11-28;17;996
28;2025-11-28;18;869
28;2025-11-28;19;653
28;2025-11-28;20;470
28;2025-11-28;21;314
28;2025-11-28;22;160
28;2025-11-28;23;32
28;2025-11-29;0;2
28;2025-11-29;1;5
28;2025-11-29;2;0
28;2025-11-29;3;0
28;2025-11-29;4;4
28;2025-11-29;5;42
28;2025-11-29;6;112
28;2025-11-29;7;230
28;2025-11-29;8;359
28;2025-11-29;9;460
28;2025-11-29;10;469
28;2025-11-29;11;476
28;2025-11-29;12;550
28;2025-11-29;13;591
28;2025-11-29;14;592
28;2025-11-29;15;575
28;2025-11-29;16;541
28;2025-11-29;17;551
28;2025-11-29;18;469
28;2025-11-29;19;393
28;2025-11-29;20;302
28;2025-11-29;21;279
28;2025-11-29;22;133
28;2025-11-29;23;28
28;2025-11-30;0;3
28;2025-11-30;1;5
28;2025-11-30;2;0
28;2025-11-30;3;0
28;2025-11-30;4;3
28;2025-11-30;5;39
28;2025-11-30;6;91
28;2025-11-30;7;167
28;2025-11-30;8;266
28;2025-11-30;9;344
28;2025-11-30;10;381
28;2025-11-30;11;414
28;2025-11-30;12;459
28;2025-11-30;13;518
28;2025-11-30;14;500
28;2025-11-30;15;508
28;2025-11-30;16;481
28;2025-11-30;17;468
28;2025-11-30;18;416
28;2025-11-30;19;364
28;2025-11-30;20;297
28;2025-11-30;21;254
28;2025-11-30;22;115
28;2025-11-30;23;21
28;2025-12-01;0;2
28;2025-12-01;1;3
28;2025-12-01;2;3
28;2025-12-01;3;0
28;2025-12-01;4;6
28;2025-12-01;5;91
28;2025-12-01;6;293
28;2025-12-01;7;825
28;2025-12-01;8;1232
28;2025-12-01;9;902
28;2025-12-01;10;631
28;2025-12-01;11;567
28;2025-12-01;12;692
28;2025-12-01;13;737
28;2025-12-01;14;683
28;2025-12-01;15;692
28;2025-12-01;16;891
28;2025-12-01;17;1007
28;2025-12-01;18;1005
28;2025-12-01;19;790
28;2025-12-01;20;507
28;2025-12-01;21;315
28;2025-12-01;22;136
28;2025-12-01;23;28
28;2025-12-02;0;2
28;2025-12-02;1;4
28;2025-12-02;2;3
28;2025-12-02;3;0
28;2025-12-02;4;6
28;2025-12-02;5;90
28;2025-12-02;6;294
28;2025-12-02;7;835
28;2025-12-02;8;1251
28;2025-12-02;9;899
28;2025-12-02;10;696
28;2025-12-02;11;603
28;2025-12-02;12;706
28;2025-12-02;13;762
28;2025-12-02;14;695
28;2025-12-02;15;698
28;2025-12-02;16;844
28;2025-12-02;17;994
28;2025-12-02;18;963
28;2025-12-02;19;778
28;2025-12-02;20;547
28;2025-12-02;21;338
28;2025-12-02;22;148
28;2025-12-02;23;37
28;2025-12-03;0;2
28;2025-12-03;1;0
28;2025-12-03;2;3
28;2025-12-03;3;0
28;2025-12-03;4;5
28;2025-12-03;5;92
28;2025-12-03;6;295
28;2025-12-03;7;807
28;2025-12-03;8;1235
28;2025-12-03;9;850
28;2025-12-03;10;652
28;2025-12-03;11;606
28;2025-12-03;12;706
28;2025-12-03;13;762
28;2025-12-03;14;691
28;2025-12-03;15;736
28;2025-12-03;16;901
28;2025-12-03;17;1033
28;2025-12-03;18;993
28;2025-12-03;19;754
28;2025-12-03;20;525
28;2025-12-03;21;331
28;2025-12-03;22;158
28;2025-12-03;23;33
28;2025-12-04;0;2
28;2025-12-04;1;1
28;2025-12-04;2;0
28;2025-12-04;3;0
28;2025-12-04;4;4
28;2025-12-04;5;92
28;2025-12-04;6;293
28;2025-12-04;7;832
28;2025-12-04;8;1234
28;2025-12-04;9;887
28;2025-12-04;10;664
28;2025-12-04;11;586
28;2025-12-04;12;710
28;2025-12-04;13;748
28;2025-12-04;14;684
28;2025-12-04;15;695
28;2025-12-04;16;877
28;2025-12-04;17;1069
28;2025-12-04;18;1060
28;2025-12-04;19;771
28;2025-12-04;20;541
28;2025-12-04;21;352
28;2025-12-04;22;154
28;2025-12-04;23;28
28;2025-12-05;0;1
28;2025-12-05;1;0
28;2025-12-05;2;0
28;2025-12-05;3;0
28;2025-12-05;4;5
28;2025-12-05;5;90
28;2025-12-05;6;272
28;2025-12-05;7;793
28;2025-12-05;8;1146
28;2025-12-05;9;825
28;2025-12-05;10;609
28;2025-12-05;11;571
28;2025-12-05;12;685
28;2025-12-05;13;738
28;2025-12-05;14;694
28;2025-12-05;15;726
28;2025-12-05;16;937
28;2025-12-05;17;978
28;2025-12-05;18;852
28;2025-12-05;19;657
28;2025-12-05;20;491
28;2025-12-05;21;321
28;2025-12-05;22;153
28;2025-12-05;23;30
28;2025-12-06;0;1
28;2025-12-06;1;1
28;2025-12-06;2;0
28;2025-12-06;3;0
28;2025-12-06;4;4
28;2025-12-06;5;44
28;2025-12-06;6;113
28;2025-12-06;7;231
28;2025-12-06;8;366
28;2025-12-06;9;465
28;2025-12-06;10;478
28;2025-12-06;11;485
28;2025-12-06;12;551
28;2025-12-06;13;593
28;2025-12-06;14;587
28;2025-12-06;15;569
28;2025-12-06;16;537
28;2025-12-06;17;536
28;2025-12-06;18;472
28;2025-12-06;19;398
28;2025-12-06;20;317
28;2025-12-06;21;286
28;2025-12-06;22;140
28;2025-12-06;23;30
28;2025-12-07;0;2
28;2025-12-07;1;0
28;2025-12-07;2;0
28;2025-12-07;3;0
28;2025-12-07;4;2
28;2025-12-07;5;34
28;2025-12-07;6;88
28;2025-12-07;7;145
28;2025-12-07;8;250
28;2025-12-07;9;329
28;2025-12-07;10;366
28;2025-12-07;11;399
28;2025-12-07;12;443
28;2025-12-07;13;503
28;2025-12-07;14;488
28;2025-12-07;15;491
28;2025-12-07;16;463
28;2025-12-07;17;463
28;2025-12-07;18;398
28;2025-12-07;19;350
28;2025-12-07;20;290
28;2025-12-07;21;244
28;2025-12-07;22;109
28;2025-12-07;23;16
28;2025-12-08;0;0
28;2025-12-08;1;0
28;2025-12-08;2;0
28;2025-12-08;3;0
28;2025-12-08;4;2
28;2025-12-08;5;80
28;2025-12-08;6;286
28;2025-12-08;7;791
28;2025-12-08;8;1226
28;2025-12-08;9;890
28;2025-12-08;10;617
28;2025-12-08;11;544
28;2025-12-08;12;669
28;2025-12-08;13;706
28;2025-12-08;14;646
28;2025-12-08;15;662
28;2025-12-08;16;864
28;2025-12-08;17;980
28;2025-12-08;18;975
28;2025-12-08;19;762
28;2025-12-08;20;488
28;2025-12-08;21;298
28;2025-12-08;22;127
28;2025-12-08;23;14
28;2025-12-09;0;0
28;2025-12-09;1;0
28;2025-12-09;2;0
28;2025-12-09;3;0
28;2025-12-09;4;3
28;2025-12-09;5;79
28;2025-12-09;6;291
28;2025-12-09;7;821
28;2025-12-09;8;1259
28;2025-12-09;9;907
28;2025-12-09;10;691
28;2025-12-09;11;589
28;2025-12-09;12;703
28;2025-12-09;13;739
28;2025-12-09;14;679
28;2025-12-09;15;692
28;2025-12-09;16;819
28;2025-12-09;17;985
28;2025-12-09;18;976
28;2025-12-09;19;771
28;2025-12-09;20;526
28;2025-12-09;21;314
28;2025-12-09;22;142
28;2025-12-09;23;21
28;2025-12-10;0;1
28;2025-12-10;1;0
28;2025-12-10;2;0
28;2025-12-10;3;0
28;2025-12-10;4;3
28;2025-12-10;5;90
28;2025-12-10;6;285
28;2025-12-10;7;793
28;2025-12-10;8;1234
28;2025-12-10;9;854
28;2025-12-10;10;627
28;2025-12-10;11;570
28;2025-12-10;12;673
28;2025-12-10;13;730
28;2025-12-10;14;654
28;2025-12-10;15;711
28;2025-12-10;16;864
28;2025-12-10;17;1000
28;2025-12-10;18;968
28;2025-12-10;19;743
28;2025-12-10;20;496
28;2025-12-10;21;305
28;2025-12-10;22;146
28;2025-12-10;23;17
28;2025-12-11;0;0
28;2025-12-11;1;0
28;2025-12-11;2;0
28;2025-12-11;3;0
28;2025-12-11;4;0
28;2025-12-11;5;77
28;2025-12-11;6;274
28;2025-12-11;7;808
28;2025-12-11;8;1209
28;2025-12-11;9;883
28;2025-12-11;10;657
28;2025-12-11;11;557
28;2025-12-11;12;694
28;2025-12-11;13;729
28;2025-12-11;14;664
28;2025-12-11;15;674
28;2025-12-11;16;839
28;2025-12-11;17;1015
28;2025-12-11;18;1001
28;2025-12-11;19;745
28;2025-12-11;20;517
28;2025-12-11;21;345
28;2025-12-11;22;142
28;2025-12-11;23;14
28;2025-12-12;0;0
28;2025-12-12;1;0
28;2025-12-12;2;0
28;2025-12-12;3;0
28;2025-12-12;4;0
28;2025-12-12;5;80
28;2025-12-12;6;255
28;2025-12-12;7;781
28;2025-12-12;8;1149
28;2025-12-12;9;816
28;2025-12-12;10;594
28;2025-12-12;11;552
28;2025-12-12;12;676
28;2025-12-12;13;717
28;2025-12-12;14;673
28;2025-12-12;15;695
28;2025-12-12;16;913
28;2025-12-12;17;965
28;2025-12-12;18;852
28;2025-12-12;19;658
28;2025-12-12;20;453
28;2025-12-12;21;302
28;2025-12-12;22;155
28;2025-12-12;23;24
28;2025-12-13;0;2
28;2025-12-13;1;4
28;2025-12-13;2;0
28;2025-12-13;3;0
28;2025-12-13;4;0
28;2025-12-13;5;41
28;2025-12-13;6;118
28;2025-12-13;7;227
28;2025-12-13;8;369
28;2025-12-13;9;478
28;2025-12-13;10;480
28;2025-12-13;11;467
28;2025-12-13;12;555
28;2025-12-13;13;594
28;2025-12-13;14;585
28;2025-12-13;15;564
28;2025-12-13;16;531
28;2025-12-13;17;547
28;2025-12-13;18;462
28;2025-12-13;19;403
28;2025-12-13;20;304
28;2025-12-13;21;272
28;2025-12-13;22;132
28;2025-12-13;23;22
28;2025-12-14;0;4
28;2025-12-14;1;1
28;2025-12-14;2;0
28;2025-12-14;3;0
28;2025-12-14;4;0
28;2025-12-14;5;27
28;2025-12-14;6;73
28;2025-12-14;7;134
28;2025-12-14;8;235
28;2025-12-14;9;320
28;2025-12-14;10;352
28;2025-12-14;11;372
28;2025-12-14;12;422
28;2025-12-14;13;481
28;2025-12-14;14;471
28;2025-12-14;15;462
28;2025-12-14;16;435
28;2025-12-14;17;435
28;2025-12-14;18;378
28;2025-12-14;19;343
28;2025-12-14;20;273
28;2025-12-14;21;226
28;2025-12-14;22;104
28;2025-12-14;23;11
28;2025-12-15;0;1
28;2025-12-15;1;0
28;2025-12-15;2;0
28;2025-12-15;3;0
28;2025-12-15;4;1
28;2025-12-15;5;74
28;2025-12-15;6;270
28;2025-12-15;7;773
28;2025-12-15;8;1183
28;2025-12-15;9;887
28;2025-12-15;10;611
28;2025-12-15;11;527
28;2025-12-15;12;653
28;2025-12-15;13;685
28;2025-12-15;14;630
28;2025-12-15;15;651
28;2025-12-15;16;841
28;2025-12-15;17;957
28;2025-12-15;18;950
28;2025-12-15;19;738
28;2025-12-15;20;469
28;2025-12-15;21;289
28;2025-12-15;22;120
28;2025-12-15;23;14
28;2025-12-16;0;0
28;2025-12-16;1;1
28;2025-12-16;2;0
28;2025-12-16;3;0
28;2025-12-16;4;1
28;2025-12-16;5;70
28;2025-12-16;6;260
28;2025-12-16;7;780
28;2025-12-16;8;1193
28;2025-12-16;9;868
28;2025-12-16;10;670
28;2025-12-16;11;560
28;2025-12-16;12;675
28;2025-12-16;13;724
28;2025-12-16;14;662
28;2025-12-16;15;676
28;2025-12-16;16;801
28;2025-12-16;17;953
28;2025-12-16;18;934
28;2025-12-16;19;748
28;2025-12-16;20;512
28;2025-12-16;21;297
28;2025-12-16;22;134
28;2025-12-16;23;16
28;2025-12-17;0;0
28;2025-12-17;1;0
28;2025-12-17;2;0
28;2025-12-17;3;0
28;2025-12-17;4;0
28;2025-12-17;5;83
28;2025-12-17;6;268
28;2025-12-17;7;765
28;2025-12-17;8;1208
28;2025-12-17;9;826
28;2025-12-17;10;617
28;2025-12-17;11;565
28;2025-12-17;12;656
28;2025-12-17;13;712
28;2025-12-17;14;645
28;2025-12-17;15;693
28;2025-12-17;16;840
28;2025-12-17;17;968
28;2025-12-17;18;934
28;2025-12-17;19;723
28;2025-12-17;20;489
28;2025-12-17;21;297
28;2025-12-17;22;139
28;2025-12-17;23;15
28;2025-12-18;0;0
28;2025-12-18;1;0
28;2025-12-18;2;0
28;2025-12-18;3;0
28;2025-12-18;4;0
28;2025-12-18;5;74
28;2025-12-18;6;266
28;2025-12-18;7;794
28;2025-12-18;8;1206
28;2025-12-18;9;864
28;2025-12-18;10;644
28;2025-12-18;11;555
28;2025-12-18;12;697
28;2025-12-18;13;724
28;2025-12-18;14;651
28;2025-12-18;15;671
28;2025-12-18;16;839
28;2025-12-18;17;1022
28;2025-12-18;18;1020
28;2025-12-18;19;742
28;2025-12-18;20;510
28;2025-12-18;21;324
28;2025-12-18;22;137
28;2025-12-18;23;13
28;2025-12-19;0;0
28;2025-12-19;1;0
28;2025-12-19;2;0
28;2025-12-19;3;0
28;2025-12-19;4;1
28;2025-12-19;5;78
28;2025-12-19;6;254
28;2025-12-19;7;772
28;2025-12-19;8;1117
28;2025-12-19;9;807
28;2025-12-19;10;589
28;2025-12-19;11;546
28;2025-12-19;12;680
28;2025-12-19;13;721
28;2025-12-19;14;673
28;2025-12-19;15;704
28;2025-12-19;16;914
28;2025-12-19;17;946
28;2025-12-19;18;827
28;2025-12-19;19;625
28;2025-12-19;20;444
28;2025-12-19;21;293
28;2025-12-19;22;139
28;2025-12-19;23;20
28;2025-12-20;0;0
28;2025-12-20;1;0
28;2025-12-20;2;0
28;2025-12-20;3;0
28;2025-12-20;4;1
28;2025-12-20;5;35
28;2025-12-20;6;104
28;2025-12-20;7;221
28;2025-12-20;8;358
28;2025-12-20;9;456
28;2025-12-20;10;464
28;2025-12-20;11;467
28;2025-12-20;12;541
28;2025-12-20;13;578
28;2025-12-20;14;568
28;2025-12-20;15;553
28;2025-12-20;16;519
28;2025-12-20;17;525
28;2025-12-20;18;448
28;2025-12-20;19;382
28;2025-12-20;20;296
28;2025-12-20;21;276
28;2025-12-20;22;124
28;2025-12-20;23;19
28;2025-12-21;0;1
28;2025-12-21;1;0
28;2025-12-21;2;0
28;2025-12-21;3;0
28;2025-12-21;4;0
28;2025-12-21;5;29
28;2025-12-21;6;82
28;2025-12-21;7;146
28;2025-12-21;8;248
28;2025-12-21;9;307
28;2025-12-21;10;344
28;2025-12-21;11;370
28;2025-12-21;12;413
28;2025-12-21;13;473
28;2025-12-21;14;452
28;2025-12-21;15;475
28;2025-12-21;16;443
28;2025-12-21;17;448
28;2025-12-21;18;386
28;2025-12-21;19;339
28;2025-12-21;20;272
28;2025-12-21;21;225
28;2025-12-21;22;100
28;2025-12-21;23;11
28;2025-12-22;0;0
28;2025-12-22;1;0
28;2025-12-22;2;0
28;2025-12-22;3;0
28;2025-12-22;4;2
28;2025-12-22;5;79
28;2025-12-22;6;275
28;2025-12-22;7;777
28;2025-12-22;8;1213
28;2025-12-22;9;880
28;2025-12-22;10;619
28;2025-12-22;11;532
28;2025-12-22;12;659
28;2025-12-22;13;695
28;2025-12-22;14;637
28;2025-12-22;15;671
28;2025-12-22;16;869
28;2025-12-22;17;969
28;2025-12-22;18;975
28;2025-12-22;19;751
28;2025-12-22;20;467
28;2025-12-22;21;283
28;2025-12-22;22;125
28;2025-12-22;23;18
28;2025-12-23;0;3
28;2025-12-23;1;0
28;2025-12-23;2;0
28;2025-12-23;3;0
28;2025-12-23;4;2
28;2025-12-23;5;73
28;2025-12-23;6;288
28;2025-12-23;7;802
28;2025-12-23;8;1224
28;2025-12-23;9;879
28;2025-12-23;10;668
28;2025-12-23;11;574
28;2025-12-23;12;679
28;2025-12-23;13;715
28;2025-12-23;14;645
28;2025-12-23;15;668
28;2025-12-23;16;785
28;2025-12-23;17;956
28;2025-12-23;18;950
28;2025-12-23;19;741
28;2025-12-23;20;504
28;2025-12-23;21;292
28;2025-12-23;22;128
28;2025-12-23;23;20
28;2025-12-24;0;2
28;2025-12-24;1;0
28;2025-12-24;2;0
28;2025-12-24;3;0
28;2025-12-24;4;2
28;2025-12-24;5;81
28;2025-12-24;6;273
28;2025-12-24;7;767
28;2025-12-24;8;1188
28;2025-12-24;9;833
28;2025-12-24;10;624
28;2025-12-24;11;576
28;2025-12-24;12;675
28;2025-12-24;13;721
28;2025-12-24;14;644
28;2025-12-24;15;700
28;2025-12-24;16;841
28;2025-12-24;17;975
28;2025-12-24;18;957
28;2025-12-24;19;739
28;2025-12-24;20;480
28;2025-12-24;21;294
28;2025-12-24;22;142
28;2025-12-24;23;18
28;2025-12-25;0;0
28;2025-12-25;1;0
28;2025-12-25;2;0
28;2025-12-25;3;0
28;2025-12-25;4;0
28;2025-12-25;5;74
28;2025-12-25;6;266
28;2025-12-25;7;778
28;2025-12-25;8;1194
28;2025-12-25;9;869
28;2025-12-25;10;639
28;2025-12-25;11;543
28;2025-12-25;12;677
28;2025-12-25;13;714
28;2025-12-25;14;649
28;2025-12-25;15;658
28;2025-12-25;16;846
28;2025-12-25;17;1023
28;2025-12-25;18;1019
28;2025-12-25;19;740
28;2025-12-25;20;497
28;2025-12-25;21;325
28;2025-12-25;22;141
28;2025-12-25;23;18
28;2025-12-26;0;2
28;2025-12-26;1;1
28;2025-12-26;2;0
28;2025-12-26;3;0
28;2025-12-26;4;1
28;2025-12-26;5;86
28;2025-12-26;6;271
28;2025-12-26;7;781
28;2025-12-26;8;1150
28;2025-12-26;9;856
28;2025-12-26;10;632
28;2025-12-26;11;559
28;2025-12-26;12;700
28;2025-12-26;13;740
28;2025-12-26;14;697
28;2025-12-26;15;718
28;2025-12-26;16;931
28;2025-12-26;17;961
28;2025-12-26;18;836
28;2025-12-26;19;644
28;2025-12-26;20;451
28;2025-12-26;21;307
28;2025-12-26;22;158
28;2025-12-26;23;19
28;2025-12-27;0;3
28;2025-12-27;1;2
28;2025-12-27;2;0
28;2025-12-27;3;0
28;2025-12-27;4;3
28;2025-12-27;5;46
28;2025-12-27;6;114
28;2025-12-27;7;219
28;2025-12-27;8;351
28;2025-12-27;9;455
28;2025-12-27;10;469
28;2025-12-27;11;460
28;2025-12-27;12;538
28;2025-12-27;13;573
28;2025-12-27;14;555
28;2025-12-27;15;547
28;2025-12-27;16;515
28;2025-12-27;17;522
28;2025-12-27;18;444
28;2025-12-27;19;381
28;2025-12-27;20;293
28;2025-12-27;21;272
28;2025-12-27;22;130
28;2025-12-27;23;21
28;2025-12-28;0;3
28;2025-12-28;1;1
28;2025-12-28;2;0
28;2025-12-28;3;0
28;2025-12-28;4;1
28;2025-12-28;5;29
28;2025-12-28;6;81
28;2025-12-28;7;148
28;2025-12-28;8;247
28;2025-12-28;9;329
28;2025-12-28;10;367
28;2025-12-28;11;383
28;2025-12-28;12;429
28;2025-12-28;13;494
28;2025-12-28;14;467
28;2025-12-28;15;474
28;2025-12-28;16;447
28;2025-12-28;17;442
28;2025-12-28;18;385
28;2025-12-28;19;347
28;2025-12-28;20;278
28;2025-12-28;21;240
28;2025-12-28;22;105
28;2025-12-28;23;13
28;2025-12-29;0;1
28;2025-12-29;1;0
28;2025-12-29;2;0
28;2025-12-29;3;0
28;2025-12-29;4;1
28;2025-12-29;5;79
28;2025-12-29;6;266
28;2025-12-29;7;725
28;2025-12-29;8;1129
28;2025-12-29;9;859
28;2025-12-29;10;611
28;2025-12-29;11;520
28;2025-12-29;12;648
28;2025-12-29;13;680
28;2025-12-29;14;627
28;2025-12-29;15;645
28;2025-12-29;16;826
28;2025-12-29;17;942
28;2025-12-29;18;922
28;2025-12-29;19;738
28;2025-12-29;20;476
28;2025-12-29;21;296
28;2025-12-29;22;123
28;2025-12-29;23;17
28;2025-12-30;0;1
28;2025-12-30;1;0
28;2025-12-30;2;0
28;2025-12-30;3;0
28;2025-12-30;4;0
28;2025-12-30;5;78
28;2025-12-30;6;251
28;2025-12-30;7;728
28;2025-12-30;8;1121
28;2025-12-30;9;857
28;2025-12-30;10;662
28;2025-12-30;11;563
28;2025-12-30;12;666
28;2025-12-30;13;728
28;2025-12-30;14;663
28;2025-12-30;15;681
28;2025-12-30;16;773
28;2025-12-30;17;945
28;2025-12-30;18;909
28;2025-12-30;19;726
28;2025-12-30;20;500
28;2025-12-30;21;302
28;2025-12-30;22;132
28;2025-12-30;23;14
28;2025-12-31;0;0
28;2025-12-31;1;0
28;2025-12-31;2;0
28;2025-12-31;3;0
28;2025-12-31;4;0
28;2025-12-31;5;21
28;2025-12-31;6;71
28;2025-12-31;7;118
28;2025-12-31;8;203
28;2025-12-31;9;183
28;2025-12-31;10;256
28;2025-12-31;11;263
28;2025-12-31;12;257
28;2025-12-31;13;283
28;2025-12-31;14;278
28;2025-12-31;15;322
28;2025-12-31;16;284
28;2025-12-31;17;313
28;2025-12-31;18;262
28;2025-12-31;19;229
28;2025-12-31;20;261
28;2025-12-31;21;172
28;2025-12-31;22;95
28;2025-12-31;23;9
50;2025-11-01;0;35
50;2025-11-01;1;3
50;2025-11-01;2;0
50;2025-11-01;3;0
50;2025-11-01;4;1
50;2025-11-01;5;0
50;2025-11-01;6;19
50;2025-11-01;7;110
50;2025-11-01;8;217
50;2025-11-01;9;83
50;2025-11-01;10;79
50;2025-11-01;11;117
50;2025-11-01;12;174
50;2025-11-01;13;296
50;2025-11-01;14;307
50;2025-11-01;15;192
50;2025-11-01;16;111
50;2025-11-01;17;154
50;2025-11-01;18;18
50;2025-11-01;19;28
50;2025-11-01;20;214
50;2025-11-01;21;147
50;2025-11-01;22;20
50;2025-11-01;23;22
50;2025-11-02;0;51
50;2025-11-02;1;7
50;2025-11-02;2;0
50;2025-11-02;3;0
50;2025-11-02;4;3
50;2025-11-02;5;26
50;2025-11-02;6;139
50;2025-11-02;7;231
50;2025-11-02;8;356
50;2025-11-02;9;415
50;2025-11-02;10;425
50;2025-11-02;11;582
50;2025-11-02;12;673
50;2025-11-02;13;710
50;2025-11-02;14;782
50;2025-11-02;15;714
50;2025-11-02;16;732
50;2025-11-02;17;711
50;2025-11-02;18;631
50;2025-11-02;19;502
50;2025-11-02;20;412
50;2025-11-02;21;345
50;2025-11-02;22;203
50;2025-11-02;23;111
50;2025-11-03;0;31
50;2025-11-03;1;3
50;2025-11-03;2;0
50;2025-11-03;3;0
50;2025-11-03;4;1
50;2025-11-03;5;47
50;2025-11-03;6;330
50;2025-11-03;7;415
50;2025-11-03;8;508
50;2025-11-03;9;461
50;2025-11-03;10;525
50;2025-11-03;11;574
50;2025-11-03;12;574
50;2025-11-03;13;598
50;2025-11-03;14;581
50;2025-11-03;15;542
50;2025-11-03;16;589
50;2025-11-03;17;675
50;2025-11-03;18;657
50;2025-11-03;19;662
50;2025-11-03;20;456
50;2025-11-03;21;372
50;2025-11-03;22;217
50;2025-11-03;23;124
50;2025-11-04;0;32
50;2025-11-04;1;4
50;2025-11-04;2;0
50;2025-11-04;3;0
50;2025-11-04;4;2
50;2025-11-04;5;44
50;2025-11-04;6;329
50;2025-11-04;7;402
50;2025-11-04;8;469
50;2025-11-04;9;457
50;2025-11-04;10;510
50;2025-11-04;11;535
50;2025-11-04;12;556
50;2025-11-04;13;584
50;2025-11-04;14;672
50;2025-11-04;15;629
50;2025-11-04;16;617
50;2025-11-04;17;654
50;2025-11-04;18;641
50;2025-11-04;19;655
50;2025-11-04;20;513
50;2025-11-04;21;417
50;2025-11-04;22;229
50;2025-11-04;23;144
50;2025-11-05;0;37
50;2025-11-05;1;6
50;2025-11-05;2;0
50;2025-11-05;3;0
50;2025-11-05;4;2
50;2025-11-05;5;70
50;2025-11-05;6;527
50;2025-11-05;7;1772
50;2025-11-05;8;2717
50;2025-11-05;9;2142
50;2025-11-05;10;1629
50;2025-11-05;11;1543
50;2025-11-05;12;1483
50;2025-11-05;13;1458
50;2025-11-05;14;1409
50;2025-11-05;15;1626
50;2025-11-05;16;1746
50;2025-11-05;17;2382
50;2025-11-05;18;2501
50;2025-11-05;19;1520
50;2025-11-05;20;843
50;2025-11-05;21;542
50;2025-11-05;22;304
50;2025-11-05;23;139
50;2025-11-06;0;37
50;2025-11-06;1;3
50;2025-11-06;2;0
50;2025-11-06;3;0
50;2025-11-06;4;2
50;2025-11-06;5;71
50;2025-11-06;6;531
50;2025-11-06;7;1766
50;2025-11-06;8;2665
50;2025-11-06;9;2110
50;2025-11-06;10;1597
50;2025-11-06;11;1487
50;2025-11-06;12;1419
50;2025-11-06;13;1383
50;2025-11-06;14;1349
50;2025-11-06;15;1560
50;2025-11-06;16;1682
50;2025-11-06;17;2321
50;2025-11-06;18;2534
50;2025-11-06;19;1442
50;2025-11-06;20;907
50;2025-11-06;21;636
50;2025-11-06;22;304
50;2025-11-06;23;145
50;2025-11-07;0;45
50;2025-11-07;1;6
50;2025-11-07;2;0
50;2025-11-07;3;0
50;2025-11-07;4;3
50;2025-11-07;5;67
50;2025-11-07;6;532
50;2025-11-07;7;1740
50;2025-11-07;8;2728
50;2025-11-07;9;2055
50;2025-11-07;10;1522
50;2025-11-07;11;1516
50;2025-11-07;12;1488
50;2025-11-07;13;1443
50;2025-11-07;14;1436
50;2025-11-07;15;1714
50;2025-11-07;16;2107
50;2025-11-07;17;2241
50;2025-11-07;18;1802
50;2025-11-07;19;1209
50;2025-11-07;20;788
50;2025-11-07;21;535
50;2025-11-07;22;311
50;2025-11-07;23;160
50;2025-11-08;0;61
50;2025-11-08;1;6
50;2025-11-08;2;0
50;2025-11-08;3;0
50;2025-11-08;4;0
50;2025-11-08;5;41
50;2025-11-08;6;166
50;2025-11-08;7;365
50;2025-11-08;8;546
50;2025-11-08;9;578
50;2025-11-08;10;578
50;2025-11-08;11;725
50;2025-11-08;12;723
50;2025-11-08;13;776
50;2025-11-08;14;806
50;2025-11-08;15;775
50;2025-11-08;16;743
50;2025-11-08;17;722
50;2025-11-08;18;671
50;2025-11-08;19;576
50;2025-11-08;20;454
50;2025-11-08;21;372
50;2025-11-08;22;224
50;2025-11-08;23;139
50;2025-11-09;0;53
50;2025-11-09;1;8
50;2025-11-09;2;0
50;2025-11-09;3;0
50;2025-11-09;4;2
50;2025-11-09;5;34
50;2025-11-09;6;136
50;2025-11-09;7;233
50;2025-11-09;8;364
50;2025-11-09;9;430
50;2025-11-09;10;459
50;2025-11-09;11;593
50;2025-11-09;12;673
50;2025-11-09;13;731
50;2025-11-09;14;756
50;2025-11-09;15;690
50;2025-11-09;16;706
50;2025-11-09;17;697
50;2025-11-09;18;635
50;2025-11-09;19;528
50;2025-11-09;20;428
50;2025-11-09;21;351
50;2025-11-09;22;205
50;2025-11-09;23;116
50;2025-11-10;0;38
50;2025-11-10;1;4
50;2025-11-10;2;0
50;2025-11-10;3;0
50;2025-11-10;4;4
50;2025-11-10;5;72
50;2025-11-10;6;558
50;2025-11-10;7;1820
50;2025-11-10;8;2848
50;2025-11-10;9;2240
50;2025-11-10;10;1647
50;2025-11-10;11;1552
50;2025-11-10;12;1454
50;2025-11-10;13;1466
50;2025-11-10;14;1441
50;2025-11-10;15;1665
50;2025-11-10;16;1713
50;2025-11-10;17;2414
50;2025-11-10;18;2667
50;2025-11-10;19;1522
50;2025-11-10;20;903
50;2025-11-10;21;601
50;2025-11-10;22;283
50;2025-11-10;23;137
50;2025-11-11;0;41
50;2025-11-11;1;3
50;2025-11-11;2;0
50;2025-11-11;3;0
50;2025-11-11;4;4
50;2025-11-11;5;77
50;2025-11-11;6;604
50;2025-11-11;7;1906
50;2025-11-11;8;2937
50;2025-11-11;9;2280
50;2025-11-11;10;1714
50;2025-11-11;11;1600
50;2025-11-11;12;1520
50;2025-11-11;13;1510
50;2025-11-11;14;1470
50;2025-11-11;15;1695
50;2025-11-11;16;1729
50;2025-11-11;17;2524
50;2025-11-11;18;2709
50;2025-11-11;19;1554
50;2025-11-11;20;957
50;2025-11-11;21;633
50;2025-11-11;22;295
50;2025-11-11;23;151
50;2025-11-12;0;40
50;2025-11-12;1;5
50;2025-11-12;2;0
50;2025-11-12;3;0
50;2025-11-12;4;1
50;2025-11-12;5;79
50;2025-11-12;6;575
50;2025-11-12;7;1827
50;2025-11-12;8;2839
50;2025-11-12;9;2247
50;2025-11-12;10;1712
50;2025-11-12;11;1598
50;2025-11-12;12;1536
50;2025-11-12;13;1513
50;2025-11-12;14;1482
50;2025-11-12;15;1644
50;2025-11-12;16;1778
50;2025-11-12;17;2454
50;2025-11-12;18;2603
50;2025-11-12;19;1543
50;2025-11-12;20;902
50;2025-11-12;21;630
50;2025-11-12;22;324
50;2025-11-12;23;153
50;2025-11-13;0;44
50;2025-11-13;1;2
50;2025-11-13;2;0
50;2025-11-13;3;0
50;2025-11-13;4;4
50;2025-11-13;5;77
50;2025-11-13;6;574
50;2025-11-13;7;1864
50;2025-11-13;8;2818
50;2025-11-13;9;2238
50;2025-11-13;10;1710
50;2025-11-13;11;1597
50;2025-11-13;12;1524
50;2025-11-13;13;1481
50;2025-11-13;14;1440
50;2025-11-13;15;1662
50;2025-11-13;16;1789
50;2025-11-13;17;2461
50;2025-11-13;18;2674
50;2025-11-13;19;1524
50;2025-11-13;20;969
50;2025-11-13;21;663
50;2025-11-13;22;320
50;2025-11-13;23;155
50;2025-11-14;0;49
50;2025-11-14;1;2
50;2025-11-14;2;0
50;2025-11-14;3;0
50;2025-11-14;4;2
50;2025-11-14;5;72
50;2025-11-14;6;581
50;2025-11-14;7;1812
50;2025-11-14;8;2776
50;2025-11-14;9;2130
50;2025-11-14;10;1619
50;2025-11-14;11;1625
50;2025-11-14;12;1585
50;2025-11-14;13;1524
50;2025-11-14;14;1519
50;2025-11-14;15;1797
50;2025-11-14;16;2157
50;2025-11-14;17;2291
50;2025-11-14;18;1888
50;2025-11-14;19;1279
50;2025-11-14;20;840
50;2025-11-14;21;570
50;2025-11-14;22;319
50;2025-11-14;23;165
50;2025-11-15;0;58
50;2025-11-15;1;8
50;2025-11-15;2;0
50;2025-11-15;3;1
50;2025-11-15;4;0
50;2025-11-15;5;40
50;2025-11-15;6;177
50;2025-11-15;7;363
50;2025-11-15;8;549
50;2025-11-15;9;604
50;2025-11-15;10;606
50;2025-11-15;11;767
50;2025-11-15;12;802
50;2025-11-15;13;840
50;2025-11-15;14;865
50;2025-11-15;15;842
50;2025-11-15;16;797
50;2025-11-15;17;766
50;2025-11-15;18;693
50;2025-11-15;19;628
50;2025-11-15;20;473
50;2025-11-15;21;364
50;2025-11-15;22;217
50;2025-11-15;23;135
50;2025-11-16;0;49
50;2025-11-16;1;5
50;2025-11-16;2;0
50;2025-11-16;3;0
50;2025-11-16;4;0
50;2025-11-16;5;24
50;2025-11-16;6;122
50;2025-11-16;7;218
50;2025-11-16;8;339
50;2025-11-16;9;441
50;2025-11-16;10;479
50;2025-11-16;11;641
50;2025-11-16;12;726
50;2025-11-16;13;776
50;2025-11-16;14;777
50;2025-11-16;15;707
50;2025-11-16;16;710
50;2025-11-16;17;676
50;2025-11-16;18;617
50;2025-11-16;19;509
50;2025-11-16;20;401
50;2025-11-16;21;328
50;2025-11-16;22;186
50;2025-11-16;23;104
50;2025-11-17;0;29
50;2025-11-17;1;2
50;2025-11-17;2;0
50;2025-11-17;3;0
50;2025-11-17;4;0
50;2025-11-17;5;60
50;2025-11-17;6;520
50;2025-11-17;7;1738
50;2025-11-17;8;2728
50;2025-11-17;9;2130
50;2025-11-17;10;1581
50;2025-11-17;11;1493
50;2025-11-17;12;1400
50;2025-11-17;13;1377
50;2025-11-17;14;1370
50;2025-11-17;15;1578
50;2025-11-17;16;1606
50;2025-11-17;17;2376
50;2025-11-17;18;2631
50;2025-11-17;19;1469
50;2025-11-17;20;842
50;2025-11-17;21;570
50;2025-11-17;22;250
50;2025-11-17;23;120
50;2025-11-18;0;35
50;2025-11-18;1;2
50;2025-11-18;2;1
50;2025-11-18;3;1
50;2025-11-18;4;3
50;2025-11-18;5;72
50;2025-11-18;6;586
50;2025-11-18;7;1870
50;2025-11-18;8;2860
50;2025-11-18;9;2255
50;2025-11-18;10;1661
50;2025-11-18;11;1552
50;2025-11-18;12;1481
50;2025-11-18;13;1469
50;2025-11-18;14;1428
50;2025-11-18;15;1662
50;2025-11-18;16;1684
50;2025-11-18;17;2472
50;2025-11-18;18;2676
50;2025-11-18;19;1537
50;2025-11-18;20;934
50;2025-11-18;21;600
50;2025-11-18;22;281
50;2025-11-18;23;140
50;2025-11-19;0;36
50;2025-11-19;1;8
50;2025-11-19;2;0
50;2025-11-19;3;0
50;2025-11-19;4;1
50;2025-11-19;5;75
50;2025-11-19;6;572
50;2025-11-19;7;1837
50;2025-11-19;8;2833
50;2025-11-19;9;2218
50;2025-11-19;10;1700
50;2025-11-19;11;1618
50;2025-11-19;12;1540
50;2025-11-19;13;1533
50;2025-11-19;14;1485
50;2025-11-19;15;1688
50;2025-11-19;16;1801
50;2025-11-19;17;2471
50;2025-11-19;18;2619
50;2025-11-19;19;1562
50;2025-11-19;20;890
50;2025-11-19;21;611
50;2025-11-19;22;301
50;2025-11-19;23;140
50;2025-11-20;0;41
50;2025-11-20;1;4
50;2025-11-20;2;0
50;2025-11-20;3;0
50;2025-11-20;4;1
50;2025-11-20;5;70
50;2025-11-20;6;577
50;2025-11-20;7;1863
50;2025-11-20;8;2791
50;2025-11-20;9;2231
50;2025-11-20;10;1706
50;2025-11-20;11;1622
50;2025-11-20;12;1538
50;2025-11-20;13;1492
50;2025-11-20;14;1454
50;2025-11-20;15;1676
50;2025-11-20;16;1804
50;2025-11-20;17;2456
50;2025-11-20;18;2676
50;2025-11-20;19;1515
50;2025-11-20;20;946
50;2025-11-20;21;638
50;2025-11-20;22;310
50;2025-11-20;23;149
50;2025-11-21;0;45
50;2025-11-21;1;3
50;2025-11-21;2;0
50;2025-11-21;3;0
50;2025-11-21;4;3
50;2025-11-21;5;67
50;2025-11-21;6;559
50;2025-11-21;7;1813
50;2025-11-21;8;2776
50;2025-11-21;9;2106
50;2025-11-21;10;1585
50;2025-11-21;11;1597
50;2025-11-21;12;1554
50;2025-11-21;13;1504
50;2025-11-21;14;1478
50;2025-11-21;15;1776
50;2025-11-21;16;2156
50;2025-11-21;17;2302
50;2025-11-21;18;1890
50;2025-11-21;19;1229
50;2025-11-21;20;801
50;2025-11-21;21;550
50;2025-11-21;22;305
50;2025-11-21;23;161
50;2025-11-22;0;59
50;2025-11-22;1;6
50;2025-11-22;2;0
50;2025-11-22;3;0
50;2025-11-22;4;1
50;2025-11-22;5;35
50;2025-11-22;6;166
50;2025-11-22;7;359
50;2025-11-22;8;526
50;2025-11-22;9;603
50;2025-11-22;10;611
50;2025-11-22;11;780
50;2025-11-22;12;802
50;2025-11-22;13;835
50;2025-11-22;14;842
50;2025-11-22;15;813
50;2025-11-22;16;771
50;2025-11-22;17;766
50;2025-11-22;18;697
50;2025-11-22;19;600
50;2025-11-22;20;464
50;2025-11-22;21;361
50;2025-11-22;22;208
50;2025-11-22;23;135
50;2025-11-23;0;47
50;2025-11-23;1;6
50;2025-11-23;2;0
50;2025-11-23;3;0
50;2025-11-23;4;1
50;2025-11-23;5;25
50;2025-11-23;6;135
50;2025-11-23;7;229
50;2025-11-23;8;350
50;2025-11-23;9;428
50;2025-11-23;10;474
50;2025-11-23;11;632
50;2025-11-23;12;712
50;2025-11-23;13;800
50;2025-11-23;14;818
50;2025-11-23;15;747
50;2025-11-23;16;750
50;2025-11-23;17;703
50;2025-11-23;18;633
50;2025-11-23;19;526
50;2025-11-23;20;414
50;2025-11-23;21;327
50;2025-11-23;22;193
50;2025-11-23;23;107
50;2025-11-24;0;27
50;2025-11-24;1;5
50;2025-11-24;2;1
50;2025-11-24;3;0
50;2025-11-24;4;2
50;2025-11-24;5;67
50;2025-11-24;6;548
50;2025-11-24;7;1766
50;2025-11-24;8;2770
50;2025-11-24;9;2192
50;2025-11-24;10;1598
50;2025-11-24;11;1483
50;2025-11-24;12;1404
50;2025-11-24;13;1420
50;2025-11-24;14;1386
50;2025-11-24;15;1587
50;2025-11-24;16;1629
50;2025-11-24;17;2339
50;2025-11-24;18;2601
50;2025-11-24;19;1471
50;2025-11-24;20;868
50;2025-11-24;21;581
50;2025-11-24;22;263
50;2025-11-24;23;124
50;2025-11-25;0;32
50;2025-11-25;1;3
50;2025-11-25;2;0
50;2025-11-25;3;0
50;2025-11-25;4;4
50;2025-11-25;5;68
50;2025-11-25;6;598
50;2025-11-25;7;1837
50;2025-11-25;8;2861
50;2025-11-25;9;2219
50;2025-11-25;10;1646
50;2025-11-25;11;1562
50;2025-11-25;12;1485
50;2025-11-25;13;1471
50;2025-11-25;14;1417
50;2025-11-25;15;1644
50;2025-11-25;16;1668
50;2025-11-25;17;2480
50;2025-11-25;18;2664
50;2025-11-25;19;1509
50;2025-11-25;20;900
50;2025-11-25;21;595
50;2025-11-25;22;267
50;2025-11-25;23;144
50;2025-11-26;0;35
50;2025-11-26;1;4
50;2025-11-26;2;0
50;2025-11-26;3;0
50;2025-11-26;4;2
50;2025-11-26;5;76
50;2025-11-26;6;565
50;2025-11-26;7;1761
50;2025-11-26;8;2660
50;2025-11-26;9;2089
50;2025-11-26;10;1618
50;2025-11-26;11;1516
50;2025-11-26;12;1452
50;2025-11-26;13;1448
50;2025-11-26;14;1411
50;2025-11-26;15;1569
50;2025-11-26;16;1692
50;2025-11-26;17;2283
50;2025-11-26;18;2405
50;2025-11-26;19;1481
50;2025-11-26;20;857
50;2025-11-26;21;602
50;2025-11-26;22;291
50;2025-11-26;23;143
50;2025-11-27;0;36
50;2025-11-27;1;2
50;2025-11-27;2;0
50;2025-11-27;3;0
50;2025-11-27;4;3
50;2025-11-27;5;70
50;2025-11-27;6;572
50;2025-11-27;7;1781
50;2025-11-27;8;2535
50;2025-11-27;9;2053
50;2025-11-27;10;1611
50;2025-11-27;11;1529
50;2025-11-27;12;1464
50;2025-11-27;13;1432
50;2025-11-27;14;1381
50;2025-11-27;15;1578
50;2025-11-27;16;1703
50;2025-11-27;17;2297
50;2025-11-27;18;2470
50;2025-11-27;19;1474
50;2025-11-27;20;946
50;2025-11-27;21;646
50;2025-11-27;22;308
50;2025-11-27;23;155
50;2025-11-28;0;46
50;2025-11-28;1;7
50;2025-11-28;2;0
50;2025-11-28;3;3
50;2025-11-28;4;2
50;2025-11-28;5;66
50;2025-11-28;6;560
50;2025-11-28;7;1730
50;2025-11-28;8;2539
50;2025-11-28;9;1951
50;2025-11-28;10;1539
50;2025-11-28;11;1553
50;2025-11-28;12;1512
50;2025-11-28;13;1463
50;2025-11-28;14;1435
50;2025-11-28;15;1705
50;2025-11-28;16;2020
50;2025-11-28;17;2137
50;2025-11-28;18;1803
50;2025-11-28;19;1222
50;2025-11-28;20;811
50;2025-11-28;21;556
50;2025-11-28;22;312
50;2025-11-28;23;164
50;2025-11-29;0;59
50;2025-11-29;1;6
50;2025-11-29;2;0
50;2025-11-29;3;0
50;2025-11-29;4;2
50;2025-11-29;5;37
50;2025-11-29;6;175
50;2025-11-29;7;359
50;2025-11-29;8;487
50;2025-11-29;9;610
50;2025-11-29;10;624
50;2025-11-29;11;798
50;2025-11-29;12;815
50;2025-11-29;13;858
50;2025-11-29;14;875
50;2025-11-29;15;833
50;2025-11-29;16;799
50;2025-11-29;17;803
50;2025-11-29;18;706
50;2025-11-29;19;606
50;2025-11-29;20;461
50;2025-11-29;21;370
50;2025-11-29;22;220
50;2025-11-29;23;136
50;2025-11-30;0;49
50;2025-11-30;1;5
50;2025-11-30;2;0
50;2025-11-30;3;4
50;2025-11-30;4;1
50;2025-11-30;5;29
50;2025-11-30;6;134
50;2025-11-30;7;209
50;2025-11-30;8;298
50;2025-11-30;9;421
50;2025-11-30;10;463
50;2025-11-30;11;617
50;2025-11-30;12;690
50;2025-11-30;13;756
50;2025-11-30;14;773
50;2025-11-30;15;699
50;2025-11-30;16;718
50;2025-11-30;17;704
50;2025-11-30;18;625
50;2025-11-30;19;497
50;2025-11-30;20;430
50;2025-11-30;21;347
50;2025-11-30;22;193
50;2025-11-30;23;110
50;2025-12-01;0;33
50;2025-12-01;1;4
50;2025-12-01;2;0
50;2025-12-01;3;0
50;2025-12-01;4;3
50;2025-12-01;5;68
50;2025-12-01;6;539
50;2025-12-01;7;1679
50;2025-12-01;8;2490
50;2025-12-01;9;1950
50;2025-12-01;10;1488
50;2025-12-01;11;1447
50;2025-12-01;12;1346
50;2025-12-01;13;1382
50;2025-12-01;14;1343
50;2025-12-01;15;1505
50;2025-12-01;16;1568
50;2025-12-01;17;2151
50;2025-12-01;18;2403
50;2025-12-01;19;1410
50;2025-12-01;20;855
50;2025-12-01;21;572
50;2025-12-01;22;261
50;2025-12-01;23;127
50;2025-12-02;0;35
50;2025-12-02;1;4
50;2025-12-02;2;0
50;2025-12-02;3;1
50;2025-12-02;4;2
50;2025-12-02;5;73
50;2025-12-02;6;587
50;2025-12-02;7;1766
50;2025-12-02;8;2609
50;2025-12-02;9;2025
50;2025-12-02;10;1568
50;2025-12-02;11;1482
50;2025-12-02;12;1427
50;2025-12-02;13;1422
50;2025-12-02;14;1370
50;2025-12-02;15;1550
50;2025-12-02;16;1604
50;2025-12-02;17;2265
50;2025-12-02;18;2454
50;2025-12-02;19;1439
50;2025-12-02;20;885
50;2025-12-02;21;602
50;2025-12-02;22;274
50;2025-12-02;23;140
50;2025-12-03;0;34
50;2025-12-03;1;3
50;2025-12-03;2;0
50;2025-12-03;3;0
50;2025-12-03;4;0
50;2025-12-03;5;73
50;2025-12-03;6;559
50;2025-12-03;7;1719
50;2025-12-03;8;2635
50;2025-12-03;9;2048
50;2025-12-03;10;1596
50;2025-12-03;11;1503
50;2025-12-03;12;1439
50;2025-12-03;13;1439
50;2025-12-03;14;1412
50;2025-12-03;15;1567
50;2025-12-03;16;1697
50;2025-12-03;17;2292
50;2025-12-03;18;2421
50;2025-12-03;19;1455
50;2025-12-03;20;872
50;2025-12-03;21;606
50;2025-12-03;22;307
50;2025-12-03;23;145
50;2025-12-04;0;38
50;2025-12-04;1;2
50;2025-12-04;2;0
50;2025-12-04;3;0
50;2025-12-04;4;2
50;2025-12-04;5;74
50;2025-12-04;6;565
50;2025-12-04;7;1794
50;2025-12-04;8;2628
50;2025-12-04;9;2090
50;2025-12-04;10;1622
50;2025-12-04;11;1539
50;2025-12-04;12;1448
50;2025-12-04;13;1417
50;2025-12-04;14;1391
50;2025-12-04;15;1599
50;2025-12-04;16;1718
50;2025-12-04;17;2339
50;2025-12-04;18;2520
50;2025-12-04;19;1471
50;2025-12-04;20;946
50;2025-12-04;21;645
50;2025-12-04;22;308
50;2025-12-04;23;152
50;2025-12-05;0;45
50;2025-12-05;1;2
50;2025-12-05;2;0
50;2025-12-05;3;0
50;2025-12-05;4;2
50;2025-12-05;5;70
50;2025-12-05;6;568
50;2025-12-05;7;1758
50;2025-12-05;8;2644
50;2025-12-05;9;2020
50;2025-12-05;10;1563
50;2025-12-05;11;1565
50;2025-12-05;12;1516
50;2025-12-05;13;1479
50;2025-12-05;14;1462
50;2025-12-05;15;1726
50;2025-12-05;16;2094
50;2025-12-05;17;2218
50;2025-12-05;18;1829
50;2025-12-05;19;1257
50;2025-12-05;20;829
50;2025-12-05;21;577
50;2025-12-05;22;316
50;2025-12-05;23;161
50;2025-12-06;0;63
50;2025-12-06;1;5
50;2025-12-06;2;0
50;2025-12-06;3;0
50;2025-12-06;4;1
50;2025-12-06;5;47
50;2025-12-06;6;194
50;2025-12-06;7;394
50;2025-12-06;8;545
50;2025-12-06;9;636
50;2025-12-06;10;653
50;2025-12-06;11;815
50;2025-12-06;12;823
50;2025-12-06;13;859
50;2025-12-06;14;862
50;2025-12-06;15;845
50;2025-12-06;16;802
50;2025-12-06;17;809
50;2025-12-06;18;736
50;2025-12-06;19;633
50;2025-12-06;20;482
50;2025-12-06;21;386
50;2025-12-06;22;231
50;2025-12-06;23;147
50;2025-12-07;0;50
50;2025-12-07;1;5
50;2025-12-07;2;0
50;2025-12-07;3;0
50;2025-12-07;4;0
50;2025-12-07;5;30
50;2025-12-07;6;146
50;2025-12-07;7;237
50;2025-12-07;8;365
50;2025-12-07;9;449
50;2025-12-07;10;478
50;2025-12-07;11;628
50;2025-12-07;12;705
50;2025-12-07;13;771
50;2025-12-07;14;788
50;2025-12-07;15;718
50;2025-12-07;16;728
50;2025-12-07;17;732
50;2025-12-07;18;652
50;2025-12-07;19;526
50;2025-12-07;20;443
50;2025-12-07;21;362
50;2025-12-07;22;201
50;2025-12-07;23;113
50;2025-12-08;0;34
50;2025-12-08;1;4
50;2025-12-08;2;0
50;2025-12-08;3;0
50;2025-12-08;4;4
50;2025-12-08;5;69
50;2025-12-08;6;561
50;2025-12-08;7;1824
50;2025-12-08;8;2778
50;2025-12-08;9;2183
50;2025-12-08;10;1635
50;2025-12-08;11;1539
50;2025-12-08;12;1427
50;2025-12-08;13;1445
50;2025-12-08;14;1411
50;2025-12-08;15;1624
50;2025-12-08;16;1695
50;2025-12-08;17;2355
50;2025-12-08;18;2597
50;2025-12-08;19;1509
50;2025-12-08;20;906
50;2025-12-08;21;601
50;2025-12-08;22;277
50;2025-12-08;23;131
50;2025-12-09;0;35
50;2025-12-09;1;3
50;2025-12-09;2;0
50;2025-12-09;3;0
50;2025-12-09;4;2
50;2025-12-09;5;74
50;2025-12-09;6;611
50;2025-12-09;7;1899
50;2025-12-09;8;2861
50;2025-12-09;9;2255
50;2025-12-09;10;1718
50;2025-12-09;11;1587
50;2025-12-09;12;1516
50;2025-12-09;13;1488
50;2025-12-09;14;1441
50;2025-12-09;15;1675
50;2025-12-09;16;1722
50;2025-12-09;17;2469
50;2025-12-09;18;2641
50;2025-12-09;19;1565
50;2025-12-09;20;952
50;2025-12-09;21;619
50;2025-12-09;22;286
50;2025-12-09;23;146
50;2025-12-10;0;35
50;2025-12-10;1;4
50;2025-12-10;2;0
50;2025-12-10;3;0
50;2025-12-10;4;0
50;2025-12-10;5;76
50;2025-12-10;6;574
50;2025-12-10;7;1833
50;2025-12-10;8;2828
50;2025-12-10;9;2239
50;2025-12-10;10;1706
50;2025-12-10;11;1592
50;2025-12-10;12;1517
50;2025-12-10;13;1499
50;2025-12-10;14;1457
50;2025-12-10;15;1655
50;2025-12-10;16;1792
50;2025-12-10;17;2456
50;2025-12-10;18;2554
50;2025-12-10;19;1542
50;2025-12-10;20;911
50;2025-12-10;21;618
50;2025-12-10;22;311
50;2025-12-10;23;150
50;2025-12-11;0;41
50;2025-12-11;1;2
50;2025-12-11;2;0
50;2025-12-11;3;0
50;2025-12-11;4;1
50;2025-12-11;5;71
50;2025-12-11;6;574
50;2025-12-11;7;1845
50;2025-12-11;8;2743
50;2025-12-11;9;2206
50;2025-12-11;10;1679
50;2025-12-11;11;1558
50;2025-12-11;12;1477
50;2025-12-11;13;1426
50;2025-12-11;14;1395
50;2025-12-11;15;1607
50;2025-12-11;16;1757
50;2025-12-11;17;2404
50;2025-12-11;18;2577
50;2025-12-11;19;1495
50;2025-12-11;20;946
50;2025-12-11;21;658
50;2025-12-11;22;322
50;2025-12-11;23;146
50;2025-12-12;0;41
50;2025-12-12;1;1
50;2025-12-12;2;0
50;2025-12-12;3;0
50;2025-12-12;4;0
50;2025-12-12;5;72
50;2025-12-12;6;567
50;2025-12-12;7;1802
50;2025-12-12;8;2766
50;2025-12-12;9;2110
50;2025-12-12;10;1585
50;2025-12-12;11;1590
50;2025-12-12;12;1536
50;2025-12-12;13;1473
50;2025-12-12;14;1452
50;2025-12-12;15;1716
50;2025-12-12;16;2105
50;2025-12-12;17;2274
50;2025-12-12;18;1878
50;2025-12-12;19;1269
50;2025-12-12;20;814
50;2025-12-12;21;578
50;2025-12-12;22;327
50;2025-12-12;23;158
50;2025-12-13;0;61
50;2025-12-13;1;6
50;2025-12-13;2;0
50;2025-12-13;3;1
50;2025-12-13;4;0
50;2025-12-13;5;44
50;2025-12-13;6;203
50;2025-12-13;7;416
50;2025-12-13;8;628
50;2025-12-13;9;695
50;2025-12-13;10;694
50;2025-12-13;11;821
50;2025-12-13;12;837
50;2025-12-13;13;872
50;2025-12-13;14;870
50;2025-12-13;15;850
50;2025-12-13;16;804
50;2025-12-13;17;826
50;2025-12-13;18;747
50;2025-12-13;19;682
50;2025-12-13;20;490
50;2025-12-13;21;386
50;2025-12-13;22;226
50;2025-12-13;23;144
50;2025-12-14;0;49
50;2025-12-14;1;4
50;2025-12-14;2;0
50;2025-12-14;3;0
50;2025-12-14;4;0
50;2025-12-14;5;25
50;2025-12-14;6;132
50;2025-12-14;7;231
50;2025-12-14;8;371
50;2025-12-14;9;451
50;2025-12-14;10;474
50;2025-12-14;11;624
50;2025-12-14;12;688
50;2025-12-14;13;738
50;2025-12-14;14;752
50;2025-12-14;15;693
50;2025-12-14;16;711
50;2025-12-14;17;712
50;2025-12-14;18;659
50;2025-12-14;19;540
50;2025-12-14;20;426
50;2025-12-14;21;344
50;2025-12-14;22;203
50;2025-12-14;23;110
50;2025-12-15;0;36
50;2025-12-15;1;4
50;2025-12-15;2;0
50;2025-12-15;3;0
50;2025-12-15;4;1
50;2025-12-15;5;65
50;2025-12-15;6;545
50;2025-12-15;7;1817
50;2025-12-15;8;2816
50;2025-12-15;9;2213
50;2025-12-15;10;1615
50;2025-12-15;11;1532
50;2025-12-15;12;1398
50;2025-12-15;13;1420
50;2025-12-15;14;1365
50;2025-12-15;15;1611
50;2025-12-15;16;1668
50;2025-12-15;17;2370
50;2025-12-15;18;2609
50;2025-12-15;19;1482
50;2025-12-15;20;885
50;2025-12-15;21;584
50;2025-12-15;22;267
50;2025-12-15;23;131
50;2025-12-16;0;37
50;2025-12-16;1;1
50;2025-12-16;2;0
50;2025-12-16;3;0
50;2025-12-16;4;2
50;2025-12-16;5;71
50;2025-12-16;6;587
50;2025-12-16;7;1874
50;2025-12-16;8;2895
50;2025-12-16;9;2259
50;2025-12-16;10;1703
50;2025-12-16;11;1580
50;2025-12-16;12;1499
50;2025-12-16;13;1473
50;2025-12-16;14;1442
50;2025-12-16;15;1681
50;2025-12-16;16;1713
50;2025-12-16;17;2493
50;2025-12-16;18;2636
50;2025-12-16;19;1554
50;2025-12-16;20;932
50;2025-12-16;21;614
50;2025-12-16;22;273
50;2025-12-16;23;149
50;2025-12-17;0;33
50;2025-12-17;1;4
50;2025-12-17;2;0
50;2025-12-17;3;0
50;2025-12-17;4;1
50;2025-12-17;5;71
50;2025-12-17;6;561
50;2025-12-17;7;1818
50;2025-12-17;8;2813
50;2025-12-17;9;2222
50;2025-12-17;10;1692
50;2025-12-17;11;1581
50;2025-12-17;12;1494
50;2025-12-17;13;1488
50;2025-12-17;14;1444
50;2025-12-17;15;1636
50;2025-12-17;16;1773
50;2025-12-17;17;2443
50;2025-12-17;18;2523
50;2025-12-17;19;1513
50;2025-12-17;20;877
50;2025-12-17;21;604
50;2025-12-17;22;293
50;2025-12-17;23;144
50;2025-12-18;0;37
50;2025-12-18;1;2
50;2025-12-18;2;0
50;2025-12-18;3;0
50;2025-12-18;4;1
50;2025-12-18;5;69
50;2025-12-18;6;559
50;2025-12-18;7;1824
50;2025-12-18;8;2754
50;2025-12-18;9;2199
50;2025-12-18;10;1669
50;2025-12-18;11;1562
50;2025-12-18;12;1484
50;2025-12-18;13;1428
50;2025-12-18;14;1398
50;2025-12-18;15;1622
50;2025-12-18;16;1765
50;2025-12-18;17;2437
50;2025-12-18;18;2599
50;2025-12-18;19;1490
50;2025-12-18;20;947
50;2025-12-18;21;646
50;2025-12-18;22;297
50;2025-12-18;23;152
50;2025-12-19;0;49
50;2025-12-19;1;3
50;2025-12-19;2;0
50;2025-12-19;3;0
50;2025-12-19;4;2
50;2025-12-19;5;77
50;2025-12-19;6;568
50;2025-12-19;7;1794
50;2025-12-19;8;2772
50;2025-12-19;9;2107
50;2025-12-19;10;1578
50;2025-12-19;11;1586
50;2025-12-19;12;1536
50;2025-12-19;13;1480
50;2025-12-19;14;1465
50;2025-12-19;15;1747
50;2025-12-19;16;2123
50;2025-12-19;17;2291
50;2025-12-19;18;1860
50;2025-12-19;19;1247
50;2025-12-19;20;817
50;2025-12-19;21;568
50;2025-12-19;22;304
50;2025-12-19;23;170
50;2025-12-20;0;64
50;2025-12-20;1;6
50;2025-12-20;2;0
50;2025-12-20;3;1
50;2025-12-20;4;1
50;2025-12-20;5;49
50;2025-12-20;6;197
50;2025-12-20;7;413
50;2025-12-20;8;588
50;2025-12-20;9;655
50;2025-12-20;10;654
50;2025-12-20;11;812
50;2025-12-20;12;819
50;2025-12-20;13;858
50;2025-12-20;14;860
50;2025-12-20;15;846
50;2025-12-20;16;800
50;2025-12-20;17;803
50;2025-12-20;18;721
50;2025-12-20;19;633
50;2025-12-20;20;472
50;2025-12-20;21;383
50;2025-12-20;22;225
50;2025-12-20;23;148
50;2025-12-21;0;50
50;2025-12-21;1;5
50;2025-12-21;2;0
50;2025-12-21;3;0
50;2025-12-21;4;1
50;2025-12-21;5;33
50;2025-12-21;6;149
50;2025-12-21;7;254
50;2025-12-21;8;383
50;2025-12-21;9;451
50;2025-12-21;10;472
50;2025-12-21;11;623
50;2025-12-21;12;679
50;2025-12-21;13;744
50;2025-12-21;14;763
50;2025-12-21;15;712
50;2025-12-21;16;717
50;2025-12-21;17;718
50;2025-12-21;18;642
50;2025-12-21;19;516
50;2025-12-21;20;432
50;2025-12-21;21;350
50;2025-12-21;22;197
50;2025-12-21;23;114
50;2025-12-22;0;37
50;2025-12-22;1;7
50;2025-12-22;2;1
50;2025-12-22;3;0
50;2025-12-22;4;3
50;2025-12-22;5;75
50;2025-12-22;6;554
50;2025-12-22;7;1811
50;2025-12-22;8;2808
50;2025-12-22;9;2210
50;2025-12-22;10;1651
50;2025-12-22;11;1526
50;2025-12-22;12;1412
50;2025-12-22;13;1430
50;2025-12-22;14;1394
50;2025-12-22;15;1616
50;2025-12-22;16;1695
50;2025-12-22;17;2354
50;2025-12-22;18;2586
50;2025-12-22;19;1493
50;2025-12-22;20;889
50;2025-12-22;21;586
50;2025-12-22;22;259
50;2025-12-22;23;123
50;2025-12-23;0;33
50;2025-12-23;1;2
50;2025-12-23;2;0
50;2025-12-23;3;0
50;2025-12-23;4;3
50;2025-12-23;5;71
50;2025-12-23;6;611
50;2025-12-23;7;1865
50;2025-12-23;8;2837
50;2025-12-23;9;2254
50;2025-12-23;10;1674
50;2025-12-23;11;1573
50;2025-12-23;12;1476
50;2025-12-23;13;1450
50;2025-12-23;14;1385
50;2025-12-23;15;1646
50;2025-12-23;16;1679
50;2025-12-23;17;2480
50;2025-12-23;18;2629
50;2025-12-23;19;1542
50;2025-12-23;20;952
50;2025-12-23;21;618
50;2025-12-23;22;273
50;2025-12-23;23;146
50;2025-12-24;0;41
50;2025-12-24;1;7
50;2025-12-24;2;0
50;2025-12-24;3;0
50;2025-12-24;4;3
50;2025-12-24;5;76
50;2025-12-24;6;570
50;2025-12-24;7;1799
50;2025-12-24;8;2814
50;2025-12-24;9;2215
50;2025-12-24;10;1666
50;2025-12-24;11;1574
50;2025-12-24;12;1496
50;2025-12-24;13;1469
50;2025-12-24;14;1400
50;2025-12-24;15;1611
50;2025-12-24;16;1751
50;2025-12-24;17;2432
50;2025-12-24;18;2532
50;2025-12-24;19;1507
50;2025-12-24;20;879
50;2025-12-24;21;596
50;2025-12-24;22;294
50;2025-12-24;23;149
50;2025-12-25;0;38
50;2025-12-25;1;4
50;2025-12-25;2;1
50;2025-12-25;3;0
50;2025-12-25;4;2
50;2025-12-25;5;71
50;2025-12-25;6;555
50;2025-12-25;7;1802
50;2025-12-25;8;2761
50;2025-12-25;9;2211
50;2025-12-25;10;1667
50;2025-12-25;11;1560
50;2025-12-25;12;1466
50;2025-12-25;13;1415
50;2025-12-25;14;1386
50;2025-12-25;15;1609
50;2025-12-25;16;1755
50;2025-12-25;17;2415
50;2025-12-25;18;2567
50;2025-12-25;19;1487
50;2025-12-25;20;940
50;2025-12-25;21;638
50;2025-12-25;22;293
50;2025-12-25;23;147
50;2025-12-26;0;41
50;2025-12-26;1;5
50;2025-12-26;2;0
50;2025-12-26;3;0
50;2025-12-26;4;0
50;2025-12-26;5;73
50;2025-12-26;6;565
50;2025-12-26;7;1780
50;2025-12-26;8;2719
50;2025-12-26;9;2131
50;2025-12-26;10;1620
50;2025-12-26;11;1571
50;2025-12-26;12;1531
50;2025-12-26;13;1498
50;2025-12-26;14;1491
50;2025-12-26;15;1753
50;2025-12-26;16;2134
50;2025-12-26;17;2265
50;2025-12-26;18;1860
50;2025-12-26;19;1268
50;2025-12-26;20;825
50;2025-12-26;21;575
50;2025-12-26;22;312
50;2025-12-26;23;160
50;2025-12-27;0;55
50;2025-12-27;1;7
50;2025-12-27;2;0
50;2025-12-27;3;1
50;2025-12-27;4;3
50;2025-12-27;5;32
50;2025-12-27;6;174
50;2025-12-27;7;375
50;2025-12-27;8;573
50;2025-12-27;9;631
50;2025-12-27;10;628
50;2025-12-27;11;755
50;2025-12-27;12;768
50;2025-12-27;13;801
50;2025-12-27;14;808
50;2025-12-27;15;783
50;2025-12-27;16;731
50;2025-12-27;17;758
50;2025-12-27;18;672
50;2025-12-27;19;600
50;2025-12-27;20;455
50;2025-12-27;21;359
50;2025-12-27;22;202
50;2025-12-27;23;133
50;2025-12-28;0;45
50;2025-12-28;1;7
50;2025-12-28;2;0
50;2025-12-28;3;0
50;2025-12-28;4;3
50;2025-12-28;5;21
50;2025-12-28;6;131
50;2025-12-28;7;239
50;2025-12-28;8;368
50;2025-12-28;9;450
50;2025-12-28;10;479
50;2025-12-28;11;588
50;2025-12-28;12;623
50;2025-12-28;13;680
50;2025-12-28;14;700
50;2025-12-28;15;646
50;2025-12-28;16;637
50;2025-12-28;17;646
50;2025-12-28;18;595
50;2025-12-28;19;516
50;2025-12-28;20;418
50;2025-12-28;21;345
50;2025-12-28;22;181
50;2025-12-28;23;108
50;2025-12-29;0;29
50;2025-12-29;1;5
50;2025-12-29;2;0
50;2025-12-29;3;0
50;2025-12-29;4;1
50;2025-12-29;5;72
50;2025-12-29;6;545
50;2025-12-29;7;1766
50;2025-12-29;8;2730
50;2025-12-29;9;2201
50;2025-12-29;10;1638
50;2025-12-29;11;1516
50;2025-12-29;12;1412
50;2025-12-29;13;1443
50;2025-12-29;14;1396
50;2025-12-29;15;1594
50;2025-12-29;16;1675
50;2025-12-29;17;2329
50;2025-12-29;18;2544
50;2025-12-29;19;1506
50;2025-12-29;20;896
50;2025-12-29;21;587
50;2025-12-29;22;265
50;2025-12-29;23;137
50;2025-12-30;0;36
50;2025-12-30;1;4
50;2025-12-30;2;0
50;2025-12-30;3;0
50;2025-12-30;4;0
50;2025-12-30;5;81
50;2025-12-30;6;576
50;2025-12-30;7;1833
50;2025-12-30;8;2762
50;2025-12-30;9;2255
50;2025-12-30;10;1715
50;2025-12-30;11;1563
50;2025-12-30;12;1480
50;2025-12-30;13;1477
50;2025-12-30;14;1428
50;2025-12-30;15;1641
50;2025-12-30;16;1698
50;2025-12-30;17;2421
50;2025-12-30;18;2554
50;2025-12-30;19;1521
50;2025-12-30;20;940
50;2025-12-30;21;594
50;2025-12-30;22;271
50;2025-12-30;23;151
50;2025-12-31;0;12
50;2025-12-31;1;0
50;2025-12-31;2;0
50;2025-12-31;3;0
50;2025-12-31;4;0
50;2025-12-31;5;19
50;2025-12-31;6;208
50;2025-12-31;7;179
50;2025-12-31;8;263
50;2025-12-31;9;258
50;2025-12-31;10;317
50;2025-12-31;11;417
50;2025-12-31;12;477
50;2025-12-31;13;443
50;2025-12-31;14;455
50;2025-12-31;15;481
50;2025-12-31;16;479
50;2025-12-31;17;503
50;2025-12-31;18;420
50;2025-12-31;19;395
50;2025-12-31;20;294
50;2025-12-31;21;243
50;2025-12-31;22;190
50;2025-12-31;23;100
