route;date;hour;prediction
1;2025-11-01;0;3
1;2025-11-01;1;0
1;2025-11-01;2;0
1;2025-11-01;3;0
1;2025-11-01;4;0
1;2025-11-01;5;26
1;2025-11-01;6;145
1;2025-11-01;7;321
1;2025-11-01;8;466
1;2025-11-01;9;732
1;2025-11-01;10;852
1;2025-11-01;11;767
1;2025-11-01;12;953
1;2025-11-01;13;1045
1;2025-11-01;14;958
1;2025-11-01;15;825
1;2025-11-01;16;796
1;2025-11-01;17;733
1;2025-11-01;18;613
1;2025-11-01;19;527
1;2025-11-01;20;364
1;2025-11-01;21;278
1;2025-11-01;22;98
1;2025-11-01;23;31
1;2025-11-02;0;0
1;2025-11-02;1;0
1;2025-11-02;2;0
1;2025-11-02;3;0
1;2025-11-02;4;1
1;2025-11-02;5;28
1;2025-11-02;6;119
1;2025-11-02;7;224
1;2025-11-02;8;324
1;2025-11-02;9;475
1;2025-11-02;10;581
1;2025-11-02;11;578
1;2025-11-02;12;727
1;2025-11-02;13;729
1;2025-11-02;14;702
1;2025-11-02;15;666
1;2025-11-02;16;584
1;2025-11-02;17;498
1;2025-11-02;18;466
1;2025-11-02;19;424
1;2025-11-02;20;336
1;2025-11-02;21;246
1;2025-11-02;22;111
1;2025-11-02;23;30
1;2025-11-03;0;1
1;2025-11-03;1;0
1;2025-11-03;2;0
1;2025-11-03;3;0
1;2025-11-03;4;4
1;2025-11-03;5;66
1;2025-11-03;6;337
1;2025-11-03;7;530
1;2025-11-03;8;497
1;2025-11-03;9;495
1;2025-11-03;10;554
1;2025-11-03;11;544
1;2025-11-03;12;546
1;2025-11-03;13;550
1;2025-11-03;14;566
1;2025-11-03;15;562
1;2025-11-03;16;594
1;2025-11-03;17;596
1;2025-11-03;18;591
1;2025-11-03;19;612
1;2025-11-03;20;442
1;2025-11-03;21;379
1;2025-11-03;22;193
1;2025-11-03;23;36
1;2025-11-04;0;2
1;2025-11-04;1;0
1;2025-11-04;2;0
1;2025-11-04;3;0
1;2025-11-04;4;7
1;2025-11-04;5;67
1;2025-11-04;6;333
1;2025-11-04;7;408
1;2025-11-04;8;365
1;2025-11-04;9;450
1;2025-11-04;10;496
1;2025-11-04;11;486
1;2025-11-04;12;512
1;2025-11-04;13;544
1;2025-11-04;14;634
1;2025-11-04;15;640
1;2025-11-04;16;627
1;2025-11-04;17;563
1;2025-11-04;18;544
1;2025-11-04;19;613
1;2025-11-04;20;433
1;2025-11-04;21;367
1;2025-11-04;22;198
1;2025-11-04;23;40
1;2025-11-05;0;1
1;2025-11-05;1;0
1;2025-11-05;2;0
1;2025-11-05;3;0
1;2025-11-05;4;6
1;2025-11-05;5;136
1;2025-11-05;6;515
1;2025-11-05;7;1433
1;2025-11-05;8;1865
1;2025-11-05;9;1393
1;2025-11-05;10;1279
1;2025-11-05;11;1301
1;2025-11-05;12;1342
1;2025-11-05;13;1423
1;2025-11-05;14;1333
1;2025-11-05;15;1495
1;2025-11-05;16;1480
1;2025-11-05;17;1726
1;2025-11-05;18;1785
1;2025-11-05;19;1368
1;2025-11-05;20;857
1;2025-11-05;21;434
1;2025-11-05;22;233
1;2025-11-05;23;33
1;2025-11-06;0;4
1;2025-11-06;1;0
1;2025-11-06;2;0
1;2025-11-06;3;0
1;2025-11-06;4;0
1;2025-11-06;5;113
1;2025-11-06;6;484
1;2025-11-06;7;1432
1;2025-11-06;8;1825
1;2025-11-06;9;1391
1;2025-11-06;10;1270
1;2025-11-06;11;1267
1;2025-11-06;12;1343
1;2025-11-06;13;1353
1;2025-11-06;14;1299
1;2025-11-06;15;1432
1;2025-11-06;16;1445
1;2025-11-06;17;1678
1;2025-11-06;18;1710
1;2025-11-06;19;1313
1;2025-11-06;20;796
1;2025-11-06;21;454
1;2025-11-06;22;219
1;2025-11-06;23;48
1;2025-11-07;0;3
1;2025-11-07;1;0
1;2025-11-07;2;0
1;2025-11-07;3;0
1;2025-11-07;4;0
1;2025-11-07;5;109
1;2025-11-07;6;456
1;2025-11-07;7;1445
1;2025-11-07;8;1782
1;2025-11-07;9;1345
1;2025-11-07;10;1240
1;2025-11-07;11;1333
1;2025-11-07;12;1333
1;2025-11-07;13;1368
1;2025-11-07;14;1287
1;2025-11-07;15;1500
1;2025-11-07;16;1539
1;2025-11-07;17;1704
1;2025-11-07;18;1514
1;2025-11-07;19;1164
1;2025-11-07;20;750
1;2025-11-07;21;453
1;2025-11-07;22;237
1;2025-11-07;23;48
1;2025-11-08;0;6
1;2025-11-08;1;0
1;2025-11-08;2;0
1;2025-11-08;3;0
1;2025-11-08;4;0
1;2025-11-08;5;32
1;2025-11-08;6;174
1;2025-11-08;7;325
1;2025-11-08;8;458
1;2025-11-08;9;740
1;2025-11-08;10;823
1;2025-11-08;11;765
1;2025-11-08;12;930
1;2025-11-08;13;994
1;2025-11-08;14;911
1;2025-11-08;15;806
1;2025-11-08;16;777
1;2025-11-08;17;718
1;2025-11-08;18;640
1;2025-11-08;19;558
1;2025-11-08;20;391
1;2025-11-08;21;294
1;2025-11-08;22;158
1;2025-11-08;23;41
1;2025-11-09;0;1
1;2025-11-09;1;0
1;2025-11-09;2;0
1;2025-11-09;3;0
1;2025-11-09;4;1
1;2025-11-09;5;26
1;2025-11-09;6;134
1;2025-11-09;7;250
1;2025-11-09;8;352
1;2025-11-09;9;595
1;2025-11-09;10;682
1;2025-11-09;11;657
1;2025-11-09;12;795
1;2025-11-09;13;813
1;2025-11-09;14;753
1;2025-11-09;15;714
1;2025-11-09;16;646
1;2025-11-09;17;584
1;2025-11-09;18;527
1;2025-11-09;19;450
1;2025-11-09;20;364
1;2025-11-09;21;259
1;2025-11-09;22;120
1;2025-11-09;23;34
1;2025-11-10;0;0
1;2025-11-10;1;0
1;2025-11-10;2;0
1;2025-11-10;3;0
1;2025-11-10;4;7
1;2025-11-10;5;130
1;2025-11-10;6;533
1;2025-11-10;7;1485
1;2025-11-10;8;1858
1;2025-11-10;9;1392
1;2025-11-10;10;1261
1;2025-11-10;11;1311
1;2025-11-10;12;1360
1;2025-11-10;13;1375
1;2025-11-10;14;1298
1;2025-11-10;15;1453
1;2025-11-10;16;1496
1;2025-11-10;17;1733
1;2025-11-10;18;1817
1;2025-11-10;19;1346
1;2025-11-10;20;870
1;2025-11-10;21;465
1;2025-11-10;22;229
1;2025-11-10;23;40
1;2025-11-11;0;3
1;2025-11-11;1;0
1;2025-11-11;2;0
1;2025-11-11;3;0
1;2025-11-11;4;9
1;2025-11-11;5;136
1;2025-11-11;6;548
1;2025-11-11;7;1549
1;2025-11-11;8;1927
1;2025-11-11;9;1491
1;2025-11-11;10;1347
1;2025-11-11;11;1356
1;2025-11-11;12;1388
1;2025-11-11;13;1432
1;2025-11-11;14;1336
1;2025-11-11;15;1485
1;2025-11-11;16;1495
1;2025-11-11;17;1742
1;2025-11-11;18;1804
1;2025-11-11;19;1368
1;2025-11-11;20;883
1;2025-11-11;21;478
1;2025-11-11;22;228
1;2025-11-11;23;43
1;2025-11-12;0;4
1;2025-11-12;1;0
1;2025-11-12;2;0
1;2025-11-12;3;0
1;2025-11-12;4;7
1;2025-11-12;5;135
1;2025-11-12;6;548
1;2025-11-12;7;1490
1;2025-11-12;8;1901
1;2025-11-12;9;1458
1;2025-11-12;10;1334
1;2025-11-12;11;1348
1;2025-11-12;12;1353
1;2025-11-12;13;1418
1;2025-11-12;14;1364
1;2025-11-12;15;1486
1;2025-11-12;16;1470
1;2025-11-12;17;1735
1;2025-11-12;18;1775
1;2025-11-12;19;1341
1;2025-11-12;20;868
1;2025-11-12;21;470
1;2025-11-12;22;241
1;2025-11-12;23;39
1;2025-11-13;0;4
1;2025-11-13;1;0
1;2025-11-13;2;0
1;2025-11-13;3;0
1;2025-11-13;4;11
1;2025-11-13;5;126
1;2025-11-13;6;515
1;2025-11-13;7;1500
1;2025-11-13;8;1919
1;2025-11-13;9;1472
1;2025-11-13;10;1354
1;2025-11-13;11;1388
1;2025-11-13;12;1425
1;2025-11-13;13;1441
1;2025-11-13;14;1401
1;2025-11-13;15;1526
1;2025-11-13;16;1537
1;2025-11-13;17;1758
1;2025-11-13;18;1770
1;2025-11-13;19;1354
1;2025-11-13;20;843
1;2025-11-13;21;479
1;2025-11-13;22;234
1;2025-11-13;23;57
1;2025-11-14;0;4
1;2025-11-14;1;0
1;2025-11-14;2;0
1;2025-11-14;3;0
1;2025-11-14;4;10
1;2025-11-14;5;135
1;2025-11-14;6;513
1;2025-11-14;7;1507
1;2025-11-14;8;1850
1;2025-11-14;9;1444
1;2025-11-14;10;1333
1;2025-11-14;11;1402
1;2025-11-14;12;1400
1;2025-11-14;13;1414
1;2025-11-14;14;1352
1;2025-11-14;15;1538
1;2025-11-14;16;1584
1;2025-11-14;17;1762
1;2025-11-14;18;1569
1;2025-11-14;19;1220
1;2025-11-14;20;805
1;2025-11-14;21;475
1;2025-11-14;22;239
1;2025-11-14;23;59
1;2025-11-15;0;3
1;2025-11-15;1;0
1;2025-11-15;2;0
1;2025-11-15;3;0
1;2025-11-15;4;2
1;2025-11-15;5;38
1;2025-11-15;6;172
1;2025-11-15;7;321
1;2025-11-15;8;434
1;2025-11-15;9;712
1;2025-11-15;10;782
1;2025-11-15;11;746
1;2025-11-15;12;911
1;2025-11-15;13;984
1;2025-11-15;14;943
1;2025-11-15;15;831
1;2025-11-15;16;790
1;2025-11-15;17;705
1;2025-11-15;18;616
1;2025-11-15;19;566
1;2025-11-15;20;392
1;2025-11-15;21;291
1;2025-11-15;22;153
1;2025-11-15;23;40
1;2025-11-16;0;0
1;2025-11-16;1;0
1;2025-11-16;2;0
1;2025-11-16;3;0
1;2025-11-16;4;3
1;2025-11-16;5;19
1;2025-11-16;6;121
1;2025-11-16;7;237
1;2025-11-16;8;321
1;2025-11-16;9;605
1;2025-11-16;10;728
1;2025-11-16;11;713
1;2025-11-16;12;860
1;2025-11-16;13;878
1;2025-11-16;14;788
1;2025-11-16;15;705
1;2025-11-16;16;630
1;2025-11-16;17;550
1;2025-11-16;18;487
1;2025-11-16;19;405
1;2025-11-16;20;331
1;2025-11-16;21;238
1;2025-11-16;22;107
1;2025-11-16;23;31
1;2025-11-17;0;1
1;2025-11-17;1;0
1;2025-11-17;2;0
1;2025-11-17;3;0
1;2025-11-17;4;4
1;2025-11-17;5;119
1;2025-11-17;6;516
1;2025-11-17;7;1436
1;2025-11-17;8;1771
1;2025-11-17;9;1347
1;2025-11-17;10;1206
1;2025-11-17;11;1266
1;2025-11-17;12;1297
1;2025-11-17;13;1277
1;2025-11-17;14;1236
1;2025-11-17;15;1374
1;2025-11-17;16;1439
1;2025-11-17;17;1677
1;2025-11-17;18;1778
1;2025-11-17;19;1308
1;2025-11-17;20;856
1;2025-11-17;21;433
1;2025-11-17;22;211
1;2025-11-17;23;37
1;2025-11-18;0;2
1;2025-11-18;1;0
1;2025-11-18;2;0
1;2025-11-18;3;0
1;2025-11-18;4;0
1;2025-11-18;5;126
1;2025-11-18;6;529
1;2025-11-18;7;1532
1;2025-11-18;8;1892
1;2025-11-18;9;1463
1;2025-11-18;10;1271
1;2025-11-18;11;1325
1;2025-11-18;12;1352
1;2025-11-18;13;1366
1;2025-11-18;14;1274
1;2025-11-18;15;1447
1;2025-11-18;16;1468
1;2025-11-18;17;1718
1;2025-11-18;18;1784
1;2025-11-18;19;1360
1;2025-11-18;20;893
1;2025-11-18;21;471
1;2025-11-18;22;225
1;2025-11-18;23;41
1;2025-11-19;0;5
1;2025-11-19;1;0
1;2025-11-19;2;0
1;2025-11-19;3;0
1;2025-11-19;4;7
1;2025-11-19;5;135
1;2025-11-19;6;553
1;2025-11-19;7;1487
1;2025-11-19;8;1887
1;2025-11-19;9;1451
1;2025-11-19;10;1342
1;2025-11-19;11;1359
1;2025-11-19;12;1358
1;2025-11-19;13;1445
1;2025-11-19;14;1365
1;2025-11-19;15;1498
1;2025-11-19;16;1476
1;2025-11-19;17;1739
1;2025-11-19;18;1805
1;2025-11-19;19;1354
1;2025-11-19;20;872
1;2025-11-19;21;456
1;2025-11-19;22;241
1;2025-11-19;23;41
1;2025-11-20;0;5
1;2025-11-20;1;0
1;2025-11-20;2;0
1;2025-11-20;3;0
1;2025-11-20;4;7
1;2025-11-20;5;125
1;2025-11-20;6;537
1;2025-11-20;7;1509
1;2025-11-20;8;1891
1;2025-11-20;9;1500
1;2025-11-20;10;1387
1;2025-11-20;11;1411
1;2025-11-20;12;1446
1;2025-11-20;13;1464
1;2025-11-20;14;1411
1;2025-11-20;15;1525
1;2025-11-20;16;1533
1;2025-11-20;17;1765
1;2025-11-20;18;1790
1;2025-11-20;19;1353
1;2025-11-20;20;826
1;2025-11-20;21;474
1;2025-11-20;22;230
1;2025-11-20;23;56
1;2025-11-21;0;6
1;2025-11-21;1;0
1;2025-11-21;2;0
1;2025-11-21;3;0
1;2025-11-21;4;8
1;2025-11-21;5;123
1;2025-11-21;6;489
1;2025-11-21;7;1494
1;2025-11-21;8;1829
1;2025-11-21;9;1432
1;2025-11-21;10;1318
1;2025-11-21;11;1406
1;2025-11-21;12;1388
1;2025-11-21;13;1412
1;2025-11-21;14;1344
1;2025-11-21;15;1526
1;2025-11-21;16;1567
1;2025-11-21;17;1751
1;2025-11-21;18;1561
1;2025-11-21;19;1190
1;2025-11-21;20;775
1;2025-11-21;21;467
1;2025-11-21;22;242
1;2025-11-21;23;56
1;2025-11-22;0;4
1;2025-11-22;1;0
1;2025-11-22;2;0
1;2025-11-22;3;0
1;2025-11-22;4;3
1;2025-11-22;5;35
1;2025-11-22;6;162
1;2025-11-22;7;311
1;2025-11-22;8;419
1;2025-11-22;9;731
1;2025-11-22;10;820
1;2025-11-22;11;778
1;2025-11-22;12;938
1;2025-11-22;13;1000
1;2025-11-22;14;912
1;2025-11-22;15;794
1;2025-11-22;16;768
1;2025-11-22;17;714
1;2025-11-22;18;625
1;2025-11-22;19;540
1;2025-11-22;20;373
1;2025-11-22;21;278
1;2025-11-22;22;138
1;2025-11-22;23;42
1;2025-11-23;0;0
1;2025-11-23;1;0
1;2025-11-23;2;0
1;2025-11-23;3;0
1;2025-11-23;4;0
1;2025-11-23;5;23
1;2025-11-23;6;132
1;2025-11-23;7;246
1;2025-11-23;8;338
1;2025-11-23;9;584
1;2025-11-23;10;701
1;2025-11-23;11;699
1;2025-11-23;12;869
1;2025-11-23;13;900
1;2025-11-23;14;826
1;2025-11-23;15;783
1;2025-11-23;16;676
1;2025-11-23;17;593
1;2025-11-23;18;514
1;2025-11-23;19;421
1;2025-11-23;20;346
1;2025-11-23;21;240
1;2025-11-23;22;108
1;2025-11-23;23;31
1;2025-11-24;0;1
1;2025-11-24;1;0
1;2025-11-24;2;0
1;2025-11-24;3;0
1;2025-11-24;4;0
1;2025-11-24;5;116
1;2025-11-24;6;511
1;2025-11-24;7;1460
1;2025-11-24;8;1804
1;2025-11-24;9;1346
1;2025-11-24;10;1189
1;2025-11-24;11;1254
1;2025-11-24;12;1313
1;2025-11-24;13;1341
1;2025-11-24;14;1255
1;2025-11-24;15;1403
1;2025-11-24;16;1473
1;2025-11-24;17;1684
1;2025-11-24;18;1765
1;2025-11-24;19;1324
1;2025-11-24;20;861
1;2025-11-24;21;457
1;2025-11-24;22;220
1;2025-11-24;23;36
1;2025-11-25;0;4
1;2025-11-25;1;0
1;2025-11-25;2;0
1;2025-11-25;3;0
1;2025-11-25;4;10
1;2025-11-25;5;130
1;2025-11-25;6;548
1;2025-11-25;7;1516
1;2025-11-25;8;1883
1;2025-11-25;9;1474
1;2025-11-25;10;1329
1;2025-11-25;11;1345
1;2025-11-25;12;1367
1;2025-11-25;13;1400
1;2025-11-25;14;1298
1;2025-11-25;15;1452
1;2025-11-25;16;1458
1;2025-11-25;17;1697
1;2025-11-25;18;1767
1;2025-11-25;19;1347
1;2025-11-25;20;882
1;2025-11-25;21;459
1;2025-11-25;22;215
1;2025-11-25;23;41
1;2025-11-26;0;8
1;2025-11-26;1;0
1;2025-11-26;2;0
1;2025-11-26;3;0
1;2025-11-26;4;7
1;2025-11-26;5;123
1;2025-11-26;6;540
1;2025-11-26;7;1449
1;2025-11-26;8;1848
1;2025-11-26;9;1410
1;2025-11-26;10;1278
1;2025-11-26;11;1319
1;2025-11-26;12;1315
1;2025-11-26;13;1387
1;2025-11-26;14;1313
1;2025-11-26;15;1430
1;2025-11-26;16;1414
1;2025-11-26;17;1663
1;2025-11-26;18;1726
1;2025-11-26;19;1279
1;2025-11-26;20;847
1;2025-11-26;21;445
1;2025-11-26;22;222
1;2025-11-26;23;39
1;2025-11-27;0;4
1;2025-11-27;1;0
1;2025-11-27;2;0
1;2025-11-27;3;0
1;2025-11-27;4;7
1;2025-11-27;5;127
1;2025-11-27;6;533
1;2025-11-27;7;1452
1;2025-11-27;8;1841
1;2025-11-27;9;1413
1;2025-11-27;10;1295
1;2025-11-27;11;1317
1;2025-11-27;12;1353
1;2025-11-27;13;1371
1;2025-11-27;14;1326
1;2025-11-27;15;1468
1;2025-11-27;16;1475
1;2025-11-27;17;1677
1;2025-11-27;18;1689
1;2025-11-27;19;1284
1;2025-11-27;20;827
1;2025-11-27;21;468
1;2025-11-27;22;213
1;2025-11-27;23;53
1;2025-11-28;0;5
1;2025-11-28;1;0
1;2025-11-28;2;0
1;2025-11-28;3;0
1;2025-11-28;4;6
1;2025-11-28;5;131
1;2025-11-28;6;511
1;2025-11-28;7;1450
1;2025-11-28;8;1780
1;2025-11-28;9;1383
1;2025-11-28;10;1295
1;2025-11-28;11;1377
1;2025-11-28;12;1366
1;2025-11-28;13;1385
1;2025-11-28;14;1326
1;2025-11-28;15;1490
1;2025-11-28;16;1536
1;2025-11-28;17;1714
1;2025-11-28;18;1529
1;2025-11-28;19;1175
1;2025-11-28;20;783
1;2025-11-28;21;481
1;2025-11-28;22;249
1;2025-11-28;23;56
1;2025-11-29;0;5
1;2025-11-29;1;0
1;2025-11-29;2;0
1;2025-11-29;3;0
1;2025-11-29;4;0
1;2025-11-29;5;36
1;2025-11-29;6;181
1;2025-11-29;7;333
1;2025-11-29;8;460
1;2025-11-29;9;737
1;2025-11-29;10;815
1;2025-11-29;11;766
1;2025-11-29;12;903
1;2025-11-29;13;958
1;2025-11-29;14;894
1;2025-11-29;15;779
1;2025-11-29;16;747
1;2025-11-29;17;706
1;2025-11-29;18;615
1;2025-11-29;19;532
1;2025-11-29;20;384
1;2025-11-29;21;287
1;2025-11-29;22;149
1;2025-11-29;23;38
1;2025-11-30;0;0
1;2025-11-30;1;0
1;2025-11-30;2;0
1;2025-11-30;3;0
1;2025-11-30;4;0
1;2025-11-30;5;23
1;2025-11-30;6;132
1;2025-11-30;7;248
1;2025-11-30;8;349
1;2025-11-30;9;586
1;2025-11-30;10;666
1;2025-11-30;11;654
1;2025-11-30;12;778
1;2025-11-30;13;796
1;2025-11-30;14;740
1;2025-11-30;15;702
1;2025-11-30;16;630
1;2025-11-30;17;574
1;2025-11-30;18;508
1;2025-11-30;19;439
1;2025-11-30;20;354
1;2025-11-30;21;259
1;2025-11-30;22;108
1;2025-11-30;23;33
1;2025-12-01;0;0
1;2025-12-01;1;0
1;2025-12-01;2;0
1;2025-12-01;3;0
1;2025-12-01;4;6
1;2025-12-01;5;134
1;2025-12-01;6;531
1;2025-12-01;7;1413
1;2025-12-01;8;1767
1;2025-12-01;9;1317
1;2025-12-01;10;1184
1;2025-12-01;11;1247
1;2025-12-01;12;1293
1;2025-12-01;13;1313
1;2025-12-01;14;1235
1;2025-12-01;15;1365
1;2025-12-01;16;1415
1;2025-12-01;17;1641
1;2025-12-01;18;1727
1;2025-12-01;19;1278
1;2025-12-01;20;843
1;2025-12-01;21;464
1;2025-12-01;22;220
1;2025-12-01;23;34
1;2025-12-02;0;3
1;2025-12-02;1;0
1;2025-12-02;2;0
1;2025-12-02;3;0
1;2025-12-02;4;7
1;2025-12-02;5;140
1;2025-12-02;6;542
1;2025-12-02;7;1484
1;2025-12-02;8;1860
1;2025-12-02;9;1424
1;2025-12-02;10;1286
1;2025-12-02;11;1304
1;2025-12-02;12;1326
1;2025-12-02;13;1360
1;2025-12-02;14;1275
1;2025-12-02;15;1409
1;2025-12-02;16;1413
1;2025-12-02;17;1656
1;2025-12-02;18;1717
1;2025-12-02;19;1292
1;2025-12-02;20;852
1;2025-12-02;21;484
1;2025-12-02;22;223
1;2025-12-02;23;36
1;2025-12-03;0;3
1;2025-12-03;1;0
1;2025-12-03;2;0
1;2025-12-03;3;0
1;2025-12-03;4;7
1;2025-12-03;5;137
1;2025-12-03;6;549
1;2025-12-03;7;1449
1;2025-12-03;8;1863
1;2025-12-03;9;1412
1;2025-12-03;10;1310
1;2025-12-03;11;1341
1;2025-12-03;12;1345
1;2025-12-03;13;1417
1;2025-12-03;14;1342
1;2025-12-03;15;1458
1;2025-12-03;16;1440
1;2025-12-03;17;1708
1;2025-12-03;18;1759
1;2025-12-03;19;1320
1;2025-12-03;20;863
1;2025-12-03;21;481
1;2025-12-03;22;244
1;2025-12-03;23;36
1;2025-12-04;0;4
1;2025-12-04;1;0
1;2025-12-04;2;0
1;2025-12-04;3;0
1;2025-12-04;4;6
1;2025-12-04;5;131
1;2025-12-04;6;531
1;2025-12-04;7;1475
1;2025-12-04;8;1877
1;2025-12-04;9;1442
1;2025-12-04;10;1325
1;2025-12-04;11;1356
1;2025-12-04;12;1376
1;2025-12-04;13;1405
1;2025-12-04;14;1361
1;2025-12-04;15;1483
1;2025-12-04;16;1489
1;2025-12-04;17;1728
1;2025-12-04;18;1745
1;2025-12-04;19;1332
1;2025-12-04;20;845
1;2025-12-04;21;486
1;2025-12-04;22;232
1;2025-12-04;23;51
1;2025-12-05;0;4
1;2025-12-05;1;0
1;2025-12-05;2;0
1;2025-12-05;3;0
1;2025-12-05;4;6
1;2025-12-05;5;139
1;2025-12-05;6;510
1;2025-12-05;7;1501
1;2025-12-05;8;1850
1;2025-12-05;9;1419
1;2025-12-05;10;1299
1;2025-12-05;11;1391
1;2025-12-05;12;1370
1;2025-12-05;13;1408
1;2025-12-05;14;1344
1;2025-12-05;15;1536
1;2025-12-05;16;1577
1;2025-12-05;17;1765
1;2025-12-05;18;1572
1;2025-12-05;19;1215
1;2025-12-05;20;798
1;2025-12-05;21;492
1;2025-12-05;22;248
1;2025-12-05;23;52
1;2025-12-06;0;6
1;2025-12-06;1;0
1;2025-12-06;2;0
1;2025-12-06;3;0
1;2025-12-06;4;0
1;2025-12-06;5;36
1;2025-12-06;6;181
1;2025-12-06;7;339
1;2025-12-06;8;476
1;2025-12-06;9;738
1;2025-12-06;10;830
1;2025-12-06;11;771
1;2025-12-06;12;943
1;2025-12-06;13;994
1;2025-12-06;14;922
1;2025-12-06;15;800
1;2025-12-06;16;768
1;2025-12-06;17;720
1;2025-12-06;18;623
1;2025-12-06;19;541
1;2025-12-06;20;384
1;2025-12-06;21;290
1;2025-12-06;22;148
1;2025-12-06;23;34
1;2025-12-07;0;0
1;2025-12-07;1;0
1;2025-12-07;2;0
1;2025-12-07;3;0
1;2025-12-07;4;0
1;2025-12-07;5;24
1;2025-12-07;6;135
1;2025-12-07;7;256
1;2025-12-07;8;357
1;2025-12-07;9;605
1;2025-12-07;10;696
1;2025-12-07;11;672
1;2025-12-07;12;812
1;2025-12-07;13;826
1;2025-12-07;14;765
1;2025-12-07;15;717
1;2025-12-07;16;643
1;2025-12-07;17;586
1;2025-12-07;18;518
1;2025-12-07;19;446
1;2025-12-07;20;366
1;2025-12-07;21;261
1;2025-12-07;22;116
1;2025-12-07;23;37
1;2025-12-08;0;0
1;2025-12-08;1;0
1;2025-12-08;2;0
1;2025-12-08;3;0
1;2025-12-08;4;6
1;2025-12-08;5;134
1;2025-12-08;6;535
1;2025-12-08;7;1501
1;2025-12-08;8;1856
1;2025-12-08;9;1394
1;2025-12-08;10;1263
1;2025-12-08;11;1316
1;2025-12-08;12;1358
1;2025-12-08;13;1367
1;2025-12-08;14;1296
1;2025-12-08;15;1442
1;2025-12-08;16;1498
1;2025-12-08;17;1732
1;2025-12-08;18;1807
1;2025-12-08;19;1350
1;2025-12-08;20;871
1;2025-12-08;21;468
1;2025-12-08;22;224
1;2025-12-08;23;38
1;2025-12-09;0;4
1;2025-12-09;1;0
1;2025-12-09;2;0
1;2025-12-09;3;0
1;2025-12-09;4;11
1;2025-12-09;5;140
1;2025-12-09;6;558
1;2025-12-09;7;1574
1;2025-12-09;8;1921
1;2025-12-09;9;1529
1;2025-12-09;10;1371
1;2025-12-09;11;1372
1;2025-12-09;12;1404
1;2025-12-09;13;1427
1;2025-12-09;14;1333
1;2025-12-09;15;1492
1;2025-12-09;16;1513
1;2025-12-09;17;1742
1;2025-12-09;18;1807
1;2025-12-09;19;1381
1;2025-12-09;20;902
1;2025-12-09;21;483
1;2025-12-09;22;226
1;2025-12-09;23;44
1;2025-12-10;0;9
1;2025-12-10;1;0
1;2025-12-10;2;0
1;2025-12-10;3;0
1;2025-12-10;4;7
1;2025-12-10;5;138
1;2025-12-10;6;559
1;2025-12-10;7;1524
1;2025-12-10;8;1912
1;2025-12-10;9;1506
1;2025-12-10;10;1373
1;2025-12-10;11;1382
1;2025-12-10;12;1388
1;2025-12-10;13;1454
1;2025-12-10;14;1372
1;2025-12-10;15;1514
1;2025-12-10;16;1496
1;2025-12-10;17;1755
1;2025-12-10;18;1810
1;2025-12-10;19;1357
1;2025-12-10;20;883
1;2025-12-10;21;472
1;2025-12-10;22;238
1;2025-12-10;23;41
1;2025-12-11;0;5
1;2025-12-11;1;0
1;2025-12-11;2;0
1;2025-12-11;3;0
1;2025-12-11;4;8
1;2025-12-11;5;127
1;2025-12-11;6;531
1;2025-12-11;7;1511
1;2025-12-11;8;1874
1;2025-12-11;9;1462
1;2025-12-11;10;1335
1;2025-12-11;11;1377
1;2025-12-11;12;1406
1;2025-12-11;13;1420
1;2025-12-11;14;1379
1;2025-12-11;15;1516
1;2025-12-11;16;1526
1;2025-12-11;17;1727
1;2025-12-11;18;1735
1;2025-12-11;19;1321
1;2025-12-11;20;841
1;2025-12-11;21;487
1;2025-12-11;22;221
1;2025-12-11;23;53
1;2025-12-12;0;5
1;2025-12-12;1;0
1;2025-12-12;2;0
1;2025-12-12;3;0
1;2025-12-12;4;7
1;2025-12-12;5;134
1;2025-12-12;6;506
1;2025-12-12;7;1505
1;2025-12-12;8;1839
1;2025-12-12;9;1435
1;2025-12-12;10;1320
1;2025-12-12;11;1414
1;2025-12-12;12;1372
1;2025-12-12;13;1388
1;2025-12-12;14;1327
1;2025-12-12;15;1525
1;2025-12-12;16;1568
1;2025-12-12;17;1758
1;2025-12-12;18;1596
1;2025-12-12;19;1242
1;2025-12-12;20;812
1;2025-12-12;21;481
1;2025-12-12;22;240
1;2025-12-12;23;56
1;2025-12-13;0;2
1;2025-12-13;1;1
1;2025-12-13;2;0
1;2025-12-13;3;0
1;2025-12-13;4;0
1;2025-12-13;5;18
1;2025-12-13;6;163
1;2025-12-13;7;338
1;2025-12-13;8;440
1;2025-12-13;9;773
1;2025-12-13;10;849
1;2025-12-13;11;798
1;2025-12-13;12;952
1;2025-12-13;13;996
1;2025-12-13;14;893
1;2025-12-13;15;779
1;2025-12-13;16;770
1;2025-12-13;17;723
1;2025-12-13;18;642
1;2025-12-13;19;579
1;2025-12-13;20;391
1;2025-12-13;21;277
1;2025-12-13;22;148
1;2025-12-13;23;36
1;2025-12-14;0;0
1;2025-12-14;1;0
1;2025-12-14;2;0
1;2025-12-14;3;0
1;2025-12-14;4;0
1;2025-12-14;5;21
1;2025-12-14;6;133
1;2025-12-14;7;246
1;2025-12-14;8;347
1;2025-12-14;9;604
1;2025-12-14;10;697
1;2025-12-14;11;671
1;2025-12-14;12;821
1;2025-12-14;13;840
1;2025-12-14;14;771
1;2025-12-14;15;711
1;2025-12-14;16;651
1;2025-12-14;17;585
1;2025-12-14;18;519
1;2025-12-14;19;441
1;2025-12-14;20;350
1;2025-12-14;21;243
1;2025-12-14;22;114
1;2025-12-14;23;35
1;2025-12-15;0;1
1;2025-12-15;1;0
1;2025-12-15;2;0
1;2025-12-15;3;0
1;2025-12-15;4;2
1;2025-12-15;5;126
1;2025-12-15;6;531
1;2025-12-15;7;1466
1;2025-12-15;8;1819
1;2025-12-15;9;1370
1;2025-12-15;10;1227
1;2025-12-15;11;1288
1;2025-12-15;12;1330
1;2025-12-15;13;1341
1;2025-12-15;14;1251
1;2025-12-15;15;1424
1;2025-12-15;16;1474
1;2025-12-15;17;1703
1;2025-12-15;18;1789
1;2025-12-15;19;1316
1;2025-12-15;20;831
1;2025-12-15;21;454
1;2025-12-15;22;212
1;2025-12-15;23;39
1;2025-12-16;0;2
1;2025-12-16;1;0
1;2025-12-16;2;0
1;2025-12-16;3;0
1;2025-12-16;4;5
1;2025-12-16;5;132
1;2025-12-16;6;538
1;2025-12-16;7;1527
1;2025-12-16;8;1898
1;2025-12-16;9;1491
1;2025-12-16;10;1360
1;2025-12-16;11;1364
1;2025-12-16;12;1369
1;2025-12-16;13;1417
1;2025-12-16;14;1331
1;2025-12-16;15;1497
1;2025-12-16;16;1513
1;2025-12-16;17;1742
1;2025-12-16;18;1806
1;2025-12-16;19;1377
1;2025-12-16;20;907
1;2025-12-16;21;483
1;2025-12-16;22;222
1;2025-12-16;23;43
1;2025-12-17;0;5
1;2025-12-17;1;0
1;2025-12-17;2;0
1;2025-12-17;3;0
1;2025-12-17;4;8
1;2025-12-17;5;136
1;2025-12-17;6;551
1;2025-12-17;7;1496
1;2025-12-17;8;1902
1;2025-12-17;9;1462
1;2025-12-17;10;1348
1;2025-12-17;11;1376
1;2025-12-17;12;1378
1;2025-12-17;13;1450
1;2025-12-17;14;1365
1;2025-12-17;15;1512
1;2025-12-17;16;1488
1;2025-12-17;17;1749
1;2025-12-17;18;1798
1;2025-12-17;19;1345
1;2025-12-17;20;878
1;2025-12-17;21;470
1;2025-12-17;22;236
1;2025-12-17;23;40
1;2025-12-18;0;5
1;2025-12-18;1;0
1;2025-12-18;2;0
1;2025-12-18;3;0
1;2025-12-18;4;8
1;2025-12-18;5;127
1;2025-12-18;6;533
1;2025-12-18;7;1511
1;2025-12-18;8;1900
1;2025-12-18;9;1485
1;2025-12-18;10;1361
1;2025-12-18;11;1389
1;2025-12-18;12;1426
1;2025-12-18;13;1432
1;2025-12-18;14;1383
1;2025-12-18;15;1525
1;2025-12-18;16;1539
1;2025-12-18;17;1768
1;2025-12-18;18;1782
1;2025-12-18;19;1352
1;2025-12-18;20;849
1;2025-12-18;21;479
1;2025-12-18;22;221
1;2025-12-18;23;54
1;2025-12-19;0;6
1;2025-12-19;1;0
1;2025-12-19;2;0
1;2025-12-19;3;0
1;2025-12-19;4;9
1;2025-12-19;5;133
1;2025-12-19;6;510
1;2025-12-19;7;1509
1;2025-12-19;8;1847
1;2025-12-19;9;1442
1;2025-12-19;10;1328
1;2025-12-19;11;1421
1;2025-12-19;12;1401
1;2025-12-19;13;1419
1;2025-12-19;14;1346
1;2025-12-19;15;1544
1;2025-12-19;16;1589
1;2025-12-19;17;1753
1;2025-12-19;18;1580
1;2025-12-19;19;1210
1;2025-12-19;20;794
1;2025-12-19;21;479
1;2025-12-19;22;240
1;2025-12-19;23;55
1;2025-12-20;0;7
1;2025-12-20;1;0
1;2025-12-20;2;0
1;2025-12-20;3;0
1;2025-12-20;4;0
1;2025-12-20;5;37
1;2025-12-20;6;185
1;2025-12-20;7;346
1;2025-12-20;8;473
1;2025-12-20;9;753
1;2025-12-20;10;837
1;2025-12-20;11;781
1;2025-12-20;12;952
1;2025-12-20;13;998
1;2025-12-20;14;925
1;2025-12-20;15;801
1;2025-12-20;16;772
1;2025-12-20;17;714
1;2025-12-20;18;616
1;2025-12-20;19;530
1;2025-12-20;20;381
1;2025-12-20;21;286
1;2025-12-20;22;147
1;2025-12-20;23;37
1;2025-12-21;0;1
1;2025-12-21;1;0
1;2025-12-21;2;0
1;2025-12-21;3;0
1;2025-12-21;4;0
1;2025-12-21;5;24
1;2025-12-21;6;132
1;2025-12-21;7;266
1;2025-12-21;8;364
1;2025-12-21;9;594
1;2025-12-21;10;687
1;2025-12-21;11;658
1;2025-12-21;12;796
1;2025-12-21;13;818
1;2025-12-21;14;744
1;2025-12-21;15;710
1;2025-12-21;16;640
1;2025-12-21;17;579
1;2025-12-21;18;513
1;2025-12-21;19;443
1;2025-12-21;20;361
1;2025-12-21;21;247
1;2025-12-21;22;106
1;2025-12-21;23;33
1;2025-12-22;0;1
1;2025-12-22;1;0
1;2025-12-22;2;0
1;2025-12-22;3;0
1;2025-12-22;4;8
1;2025-12-22;5;133
1;2025-12-22;6;537
1;2025-12-22;7;1501
1;2025-12-22;8;1855
1;2025-12-22;9;1393
1;2025-12-22;10;1270
1;2025-12-22;11;1309
1;2025-12-22;12;1356
1;2025-12-22;13;1364
1;2025-12-22;14;1286
1;2025-12-22;15;1445
1;2025-12-22;16;1495
1;2025-12-22;17;1716
1;2025-12-22;18;1804
1;2025-12-22;19;1360
1;2025-12-22;20;872
1;2025-12-22;21;464
1;2025-12-22;22;212
1;2025-12-22;23;36
1;2025-12-23;0;3
1;2025-12-23;1;0
1;2025-12-23;2;0
1;2025-12-23;3;0
1;2025-12-23;4;2
1;2025-12-23;5;133
1;2025-12-23;6;545
1;2025-12-23;7;1526
1;2025-12-23;8;1878
1;2025-12-23;9;1496
1;2025-12-23;10;1358
1;2025-12-23;11;1359
1;2025-12-23;12;1375
1;2025-12-23;13;1404
1;2025-12-23;14;1307
1;2025-12-23;15;1458
1;2025-12-23;16;1473
1;2025-12-23;17;1705
1;2025-12-23;18;1793
1;2025-12-23;19;1379
1;2025-12-23;20;905
1;2025-12-23;21;464
1;2025-12-23;22;220
1;2025-12-23;23;41
1;2025-12-24;0;4
1;2025-12-24;1;0
1;2025-12-24;2;0
1;2025-12-24;3;0
1;2025-12-24;4;6
1;2025-12-24;5;138
1;2025-12-24;6;558
1;2025-12-24;7;1473
1;2025-12-24;8;1864
1;2025-12-24;9;1468
1;2025-12-24;10;1336
1;2025-12-24;11;1369
1;2025-12-24;12;1380
1;2025-12-24;13;1425
1;2025-12-24;14;1343
1;2025-12-24;15;1491
1;2025-12-24;16;1466
1;2025-12-24;17;1713
1;2025-12-24;18;1769
1;2025-12-24;19;1346
1;2025-12-24;20;867
1;2025-12-24;21;463
1;2025-12-24;22;232
1;2025-12-24;23;42
1;2025-12-25;0;5
1;2025-12-25;1;0
1;2025-12-25;2;0
1;2025-12-25;3;0
1;2025-12-25;4;7
1;2025-12-25;5;125
1;2025-12-25;6;518
1;2025-12-25;7;1496
1;2025-12-25;8;1873
1;2025-12-25;9;1490
1;2025-12-25;10;1367
1;2025-12-25;11;1388
1;2025-12-25;12;1416
1;2025-12-25;13;1419
1;2025-12-25;14;1366
1;2025-12-25;15;1513
1;2025-12-25;16;1529
1;2025-12-25;17;1744
1;2025-12-25;18;1743
1;2025-12-25;19;1340
1;2025-12-25;20;830
1;2025-12-25;21;460
1;2025-12-25;22;218
1;2025-12-25;23;53
1;2025-12-26;0;0
1;2025-12-26;1;0
1;2025-12-26;2;0
1;2025-12-26;3;0
1;2025-12-26;4;0
1;2025-12-26;5;136
1;2025-12-26;6;520
1;2025-12-26;7;1505
1;2025-12-26;8;1856
1;2025-12-26;9;1465
1;2025-12-26;10;1349
1;2025-12-26;11;1437
1;2025-12-26;12;1420
1;2025-12-26;13;1438
1;2025-12-26;14;1373
1;2025-12-26;15;1562
1;2025-12-26;16;1603
1;2025-12-26;17;1774
1;2025-12-26;18;1589
1;2025-12-26;19;1231
1;2025-12-26;20;818
1;2025-12-26;21;488
1;2025-12-26;22;254
1;2025-12-26;23;58
1;2025-12-27;0;6
1;2025-12-27;1;0
1;2025-12-27;2;0
1;2025-12-27;3;0
1;2025-12-27;4;0
1;2025-12-27;5;42
1;2025-12-27;6;196
1;2025-12-27;7;348
1;2025-12-27;8;496
1;2025-12-27;9;800
1;2025-12-27;10;882
1;2025-12-27;11;823
1;2025-12-27;12;989
1;2025-12-27;13;1029
1;2025-12-27;14;940
1;2025-12-27;15;823
1;2025-12-27;16;796
1;2025-12-27;17;747
1;2025-12-27;18;636
1;2025-12-27;19;554
1;2025-12-27;20;392
1;2025-12-27;21;303
1;2025-12-27;22;154
1;2025-12-27;23;37
1;2025-12-28;0;0
1;2025-12-28;1;0
1;2025-12-28;2;0
1;2025-12-28;3;0
1;2025-12-28;4;0
1;2025-12-28;5;25
1;2025-12-28;6;140
1;2025-12-28;7;249
1;2025-12-28;8;363
1;2025-12-28;9;602
1;2025-12-28;10;715
1;2025-12-28;11;681
1;2025-12-28;12;826
1;2025-12-28;13;834
1;2025-12-28;14;764
1;2025-12-28;15;726
1;2025-12-28;16;646
1;2025-12-28;17;590
1;2025-12-28;18;505
1;2025-12-28;19;448
1;2025-12-28;20;368
1;2025-12-28;21;268
1;2025-12-28;22;116
1;2025-12-28;23;28
1;2025-12-29;0;0
1;2025-12-29;1;0
1;2025-12-29;2;0
1;2025-12-29;3;0
1;2025-12-29;4;6
1;2025-12-29;5;132
1;2025-12-29;6;536
1;2025-12-29;7;1464
1;2025-12-29;8;1834
1;2025-12-29;9;1384
1;2025-12-29;10;1253
1;2025-12-29;11;1315
1;2025-12-29;12;1353
1;2025-12-29;13;1363
1;2025-12-29;14;1286
1;2025-12-29;15;1457
1;2025-12-29;16;1483
1;2025-12-29;17;1689
1;2025-12-29;18;1770
1;2025-12-29;19;1343
1;2025-12-29;20;858
1;2025-12-29;21;474
1;2025-12-29;22;210
1;2025-12-29;23;39
1;2025-12-30;0;0
1;2025-12-30;1;0
1;2025-12-30;2;0
1;2025-12-30;3;0
1;2025-12-30;4;2
1;2025-12-30;5;134
1;2025-12-30;6;530
1;2025-12-30;7;1488
1;2025-12-30;8;1921
1;2025-12-30;9;1491
1;2025-12-30;10;1367
1;2025-12-30;11;1368
1;2025-12-30;12;1415
1;2025-12-30;13;1442
1;2025-12-30;14;1355
1;2025-12-30;15;1530
1;2025-12-30;16;1511
1;2025-12-30;17;1739
1;2025-12-30;18;1785
1;2025-12-30;19;1366
1;2025-12-30;20;874
1;2025-12-30;21;470
1;2025-12-30;22;225
1;2025-12-30;23;47
1;2025-12-31;0;0
1;2025-12-31;1;0
1;2025-12-31;2;0
1;2025-12-31;3;0
1;2025-12-31;4;0
1;2025-12-31;5;22
1;2025-12-31;6;277
1;2025-12-31;7;264
1;2025-12-31;8;213
1;2025-12-31;9;384
1;2025-12-31;10;436
1;2025-12-31;11;474
1;2025-12-31;12;558
1;2025-12-31;13;534
1;2025-12-31;14;540
1;2025-12-31;15;573
1;2025-12-31;16;588
1;2025-12-31;17;489
1;2025-12-31;18;382
1;2025-12-31;19;453
1;2025-12-31;20;326
1;2025-12-31;21;309
1;2025-12-31;22;184
1;2025-12-31;23;25
5;2025-11-01;0;0
5;2025-11-01;1;0
5;2025-11-01;2;0
5;2025-11-01;3;0
5;2025-11-01;4;0
5;2025-11-01;5;0
5;2025-11-01;6;0
5;2025-11-01;7;0
5;2025-11-01;8;0
5;2025-11-01;9;0
5;2025-11-01;10;0
5;2025-11-01;11;0
5;2025-11-01;12;0
5;2025-11-01;13;0
5;2025-11-01;14;0
5;2025-11-01;15;0
5;2025-11-01;16;0
5;2025-11-01;17;0
5;2025-11-01;18;0
5;2025-11-01;19;0
5;2025-11-01;20;0
5;2025-11-01;21;0
5;2025-11-01;22;0
5;2025-11-01;23;0
5;2025-11-02;0;0
5;2025-11-02;1;0
5;2025-11-02;2;0
5;2025-11-02;3;0
5;2025-11-02;4;0
5;2025-11-02;5;0
5;2025-11-02;6;0
5;2025-11-02;7;0
5;2025-11-02;8;0
5;2025-11-02;9;0
5;2025-11-02;10;0
5;2025-11-02;11;0
5;2025-11-02;12;0
5;2025-11-02;13;0
5;2025-11-02;14;0
5;2025-11-02;15;0
5;2025-11-02;16;0
5;2025-11-02;17;0
5;2025-11-02;18;0
5;2025-11-02;19;0
5;2025-11-02;20;0
5;2025-11-02;21;0
5;2025-11-02;22;0
5;2025-11-02;23;0
5;2025-11-03;0;0
5;2025-11-03;1;0
5;2025-11-03;2;0
5;2025-11-03;3;0
5;2025-11-03;4;0
5;2025-11-03;5;0
5;2025-11-03;6;0
5;2025-11-03;7;0
5;2025-11-03;8;0
5;2025-11-03;9;0
5;2025-11-03;10;0
5;2025-11-03;11;0
5;2025-11-03;12;0
5;2025-11-03;13;0
5;2025-11-03;14;0
5;2025-11-03;15;0
5;2025-11-03;16;0
5;2025-11-03;17;0
5;2025-11-03;18;0
5;2025-11-03;19;0
5;2025-11-03;20;0
5;2025-11-03;21;0
5;2025-11-03;22;0
5;2025-11-03;23;0
5;2025-11-04;0;0
5;2025-11-04;1;0
5;2025-11-04;2;0
5;2025-11-04;3;0
5;2025-11-04;4;0
5;2025-11-04;5;0
5;2025-11-04;6;0
5;2025-11-04;7;0
5;2025-11-04;8;0
5;2025-11-04;9;0
5;2025-11-04;10;0
5;2025-11-04;11;0
5;2025-11-04;12;0
5;2025-11-04;13;0
5;2025-11-04;14;0
5;2025-11-04;15;0
5;2025-11-04;16;0
5;2025-11-04;17;0
5;2025-11-04;18;0
5;2025-11-04;19;0
5;2025-11-04;20;0
5;2025-11-04;21;0
5;2025-11-04;22;0
5;2025-11-04;23;0
5;2025-11-05;0;0
5;2025-11-05;1;0
5;2025-11-05;2;0
5;2025-11-05;3;0
5;2025-11-05;4;0
5;2025-11-05;5;0
5;2025-11-05;6;0
5;2025-11-05;7;0
5;2025-11-05;8;0
5;2025-11-05;9;0
5;2025-11-05;10;0
5;2025-11-05;11;0
5;2025-11-05;12;0
5;2025-11-05;13;0
5;2025-11-05;14;0
5;2025-11-05;15;0
5;2025-11-05;16;0
5;2025-11-05;17;0
5;2025-11-05;18;0
5;2025-11-05;19;0
5;2025-11-05;20;0
5;2025-11-05;21;0
5;2025-11-05;22;0
5;2025-11-05;23;0
5;2025-11-06;0;0
5;2025-11-06;1;0
5;2025-11-06;2;0
5;2025-11-06;3;0
5;2025-11-06;4;0
5;2025-11-06;5;0
5;2025-11-06;6;0
5;2025-11-06;7;0
5;2025-11-06;8;0
5;2025-11-06;9;0
5;2025-11-06;10;0
5;2025-11-06;11;0
5;2025-11-06;12;0
5;2025-11-06;13;0
5;2025-11-06;14;0
5;2025-11-06;15;0
5;2025-11-06;16;0
5;2025-11-06;17;0
5;2025-11-06;18;0
5;2025-11-06;19;0
5;2025-11-06;20;0
5;2025-11-06;21;0
5;2025-11-06;22;0
5;2025-11-06;23;0
5;2025-11-07;0;0
5;2025-11-07;1;0
5;2025-11-07;2;0
5;2025-11-07;3;0
5;2025-11-07;4;0
5;2025-11-07;5;0
5;2025-11-07;6;0
5;2025-11-07;7;0
5;2025-11-07;8;0
5;2025-11-07;9;0
5;2025-11-07;10;0
5;2025-11-07;11;0
5;2025-11-07;12;0
5;2025-11-07;13;0
5;2025-11-07;14;0
5;2025-11-07;15;0
5;2025-11-07;16;0
5;2025-11-07;17;0
5;2025-11-07;18;0
5;2025-11-07;19;0
5;2025-11-07;20;0
5;2025-11-07;21;0
5;2025-11-07;22;0
5;2025-11-07;23;0
5;2025-11-08;0;0
5;2025-11-08;1;0
5;2025-11-08;2;0
5;2025-11-08;3;0
5;2025-11-08;4;0
5;2025-11-08;5;0
5;2025-11-08;6;0
5;2025-11-08;7;0
5;2025-11-08;8;0
5;2025-11-08;9;0
5;2025-11-08;10;0
5;2025-11-08;11;0
5;2025-11-08;12;0
5;2025-11-08;13;0
5;2025-11-08;14;0
5;2025-11-08;15;0
5;2025-11-08;16;0
5;2025-11-08;17;0
5;2025-11-08;18;0
5;2025-11-08;19;0
5;2025-11-08;20;0
5;2025-11-08;21;0
5;2025-11-08;22;0
5;2025-11-08;23;0
5;2025-11-09;0;0
5;2025-11-09;1;0
5;2025-11-09;2;0
5;2025-11-09;3;0
5;2025-11-09;4;0
5;2025-11-09;5;0
5;2025-11-09;6;0
5;2025-11-09;7;0
5;2025-11-09;8;0
5;2025-11-09;9;0
5;2025-11-09;10;0
5;2025-11-09;11;0
5;2025-11-09;12;0
5;2025-11-09;13;0
5;2025-11-09;14;0
5;2025-11-09;15;0
5;2025-11-09;16;0
5;2025-11-09;17;0
5;2025-11-09;18;0
5;2025-11-09;19;0
5;2025-11-09;20;0
5;2025-11-09;21;0
5;2025-11-09;22;0
5;2025-11-09;23;0
5;2025-11-10;0;0
5;2025-11-10;1;0
5;2025-11-10;2;0
5;2025-11-10;3;0
5;2025-11-10;4;0
5;2025-11-10;5;0
5;2025-11-10;6;0
5;2025-11-10;7;0
5;2025-11-10;8;0
5;2025-11-10;9;0
5;2025-11-10;10;0
5;2025-11-10;11;0
5;2025-11-10;12;0
5;2025-11-10;13;0
5;2025-11-10;14;0
5;2025-11-10;15;0
5;2025-11-10;16;0
5;2025-11-10;17;0
5;2025-11-10;18;0
5;2025-11-10;19;0
5;2025-11-10;20;0
5;2025-11-10;21;0
5;2025-11-10;22;0
5;2025-11-10;23;0
5;2025-11-11;0;0
5;2025-11-11;1;0
5;2025-11-11;2;0
5;2025-11-11;3;0
5;2025-11-11;4;0
5;2025-11-11;5;0
5;2025-11-11;6;0
5;2025-11-11;7;0
5;2025-11-11;8;0
5;2025-11-11;9;0
5;2025-11-11;10;0
5;2025-11-11;11;0
5;2025-11-11;12;0
5;2025-11-11;13;0
5;2025-11-11;14;0
5;2025-11-11;15;0
5;2025-11-11;16;0
5;2025-11-11;17;0
5;2025-11-11;18;0
5;2025-11-11;19;0
5;2025-11-11;20;0
5;2025-11-11;21;0
5;2025-11-11;22;0
5;2025-11-11;23;0
5;2025-11-12;0;0
5;2025-11-12;1;0
5;2025-11-12;2;0
5;2025-11-12;3;0
5;2025-11-12;4;0
5;2025-11-12;5;0
5;2025-11-12;6;0
5;2025-11-12;7;0
5;2025-11-12;8;0
5;2025-11-12;9;0
5;2025-11-12;10;0
5;2025-11-12;11;0
5;2025-11-12;12;0
5;2025-11-12;13;0
5;2025-11-12;14;0
5;2025-11-12;15;0
5;2025-11-12;16;0
5;2025-11-12;17;0
5;2025-11-12;18;0
5;2025-11-12;19;0
5;2025-11-12;20;0
5;2025-11-12;21;0
5;2025-11-12;22;0
5;2025-11-12;23;0
5;2025-11-13;0;0
5;2025-11-13;1;0
5;2025-11-13;2;0
5;2025-11-13;3;0
5;2025-11-13;4;0
5;2025-11-13;5;0
5;2025-11-13;6;0
5;2025-11-13;7;0
5;2025-11-13;8;0
5;2025-11-13;9;0
5;2025-11-13;10;0
5;2025-11-13;11;0
5;2025-11-13;12;0
5;2025-11-13;13;0
5;2025-11-13;14;0
5;2025-11-13;15;0
5;2025-11-13;16;0
5;2025-11-13;17;0
5;2025-11-13;18;0
5;2025-11-13;19;0
5;2025-11-13;20;0
5;2025-11-13;21;0
5;2025-11-13;22;0
5;2025-11-13;23;0
5;2025-11-14;0;0
5;2025-11-14;1;0
5;2025-11-14;2;0
5;2025-11-14;3;0
5;2025-11-14;4;0
5;2025-11-14;5;0
5;2025-11-14;6;0
5;2025-11-14;7;0
5;2025-11-14;8;0
5;2025-11-14;9;0
5;2025-11-14;10;0
5;2025-11-14;11;0
5;2025-11-14;12;0
5;2025-11-14;13;0
5;2025-11-14;14;0
5;2025-11-14;15;0
5;2025-11-14;16;0
5;2025-11-14;17;0
5;2025-11-14;18;0
5;2025-11-14;19;0
5;2025-11-14;20;0
5;2025-11-14;21;0
5;2025-11-14;22;0
5;2025-11-14;23;0
5;2025-11-15;0;0
5;2025-11-15;1;0
5;2025-11-15;2;0
5;2025-11-15;3;0
5;2025-11-15;4;0
5;2025-11-15;5;0
5;2025-11-15;6;0
5;2025-11-15;7;0
5;2025-11-15;8;0
5;2025-11-15;9;0
5;2025-11-15;10;0
5;2025-11-15;11;0
5;2025-11-15;12;0
5;2025-11-15;13;0
5;2025-11-15;14;0
5;2025-11-15;15;0
5;2025-11-15;16;0
5;2025-11-15;17;0
5;2025-11-15;18;0
5;2025-11-15;19;0
5;2025-11-15;20;0
5;2025-11-15;21;0
5;2025-11-15;22;0
5;2025-11-15;23;0
5;2025-11-16;0;0
5;2025-11-16;1;0
5;2025-11-16;2;0
5;2025-11-16;3;0
5;2025-11-16;4;0
5;2025-11-16;5;0
5;2025-11-16;6;0
5;2025-11-16;7;0
5;2025-11-16;8;0
5;2025-11-16;9;0
5;2025-11-16;10;0
5;2025-11-16;11;0
5;2025-11-16;12;0
5;2025-11-16;13;0
5;2025-11-16;14;0
5;2025-11-16;15;0
5;2025-11-16;16;0
5;2025-11-16;17;0
5;2025-11-16;18;0
5;2025-11-16;19;0
5;2025-11-16;20;0
5;2025-11-16;21;0
5;2025-11-16;22;0
5;2025-11-16;23;0
5;2025-11-17;0;0
5;2025-11-17;1;0
5;2025-11-17;2;0
5;2025-11-17;3;0
5;2025-11-17;4;0
5;2025-11-17;5;0
5;2025-11-17;6;0
5;2025-11-17;7;0
5;2025-11-17;8;0
5;2025-11-17;9;0
5;2025-11-17;10;0
5;2025-11-17;11;0
5;2025-11-17;12;0
5;2025-11-17;13;0
5;2025-11-17;14;0
5;2025-11-17;15;0
5;2025-11-17;16;0
5;2025-11-17;17;0
5;2025-11-17;18;0
5;2025-11-17;19;0
5;2025-11-17;20;0
5;2025-11-17;21;0
5;2025-11-17;22;0
5;2025-11-17;23;0
5;2025-11-18;0;0
5;2025-11-18;1;0
5;2025-11-18;2;0
5;2025-11-18;3;0
5;2025-11-18;4;0
5;2025-11-18;5;0
5;2025-11-18;6;0
5;2025-11-18;7;0
5;2025-11-18;8;0
5;2025-11-18;9;0
5;2025-11-18;10;0
5;2025-11-18;11;0
5;2025-11-18;12;0
5;2025-11-18;13;0
5;2025-11-18;14;0
5;2025-11-18;15;0
5;2025-11-18;16;0
5;2025-11-18;17;0
5;2025-11-18;18;0
5;2025-11-18;19;0
5;2025-11-18;20;0
5;2025-11-18;21;0
5;2025-11-18;22;0
5;2025-11-18;23;0
5;2025-11-19;0;0
5;2025-11-19;1;0
5;2025-11-19;2;0
5;2025-11-19;3;0
5;2025-11-19;4;0
5;2025-11-19;5;0
5;2025-11-19;6;0
5;2025-11-19;7;0
5;2025-11-19;8;0
5;2025-11-19;9;0
5;2025-11-19;10;0
5;2025-11-19;11;0
5;2025-11-19;12;0
5;2025-11-19;13;0
5;2025-11-19;14;0
5;2025-11-19;15;0
5;2025-11-19;16;0
5;2025-11-19;17;0
5;2025-11-19;18;0
5;2025-11-19;19;0
5;2025-11-19;20;0
5;2025-11-19;21;0
5;2025-11-19;22;0
5;2025-11-19;23;0
5;2025-11-20;0;0
5;2025-11-20;1;0
5;2025-11-20;2;0
5;2025-11-20;3;0
5;2025-11-20;4;0
5;2025-11-20;5;0
5;2025-11-20;6;0
5;2025-11-20;7;0
5;2025-11-20;8;0
5;2025-11-20;9;0
5;2025-11-20;10;0
5;2025-11-20;11;0
5;2025-11-20;12;0
5;2025-11-20;13;0
5;2025-11-20;14;0
5;2025-11-20;15;0
5;2025-11-20;16;0
5;2025-11-20;17;0
5;2025-11-20;18;0
5;2025-11-20;19;0
5;2025-11-20;20;0
5;2025-11-20;21;0
5;2025-11-20;22;0
5;2025-11-20;23;0
5;2025-11-21;0;0
5;2025-11-21;1;0
5;2025-11-21;2;0
5;2025-11-21;3;0
5;2025-11-21;4;0
5;2025-11-21;5;0
5;2025-11-21;6;0
5;2025-11-21;7;0
5;2025-11-21;8;0
5;2025-11-21;9;0
5;2025-11-21;10;0
5;2025-11-21;11;0
5;2025-11-21;12;0
5;2025-11-21;13;0
5;2025-11-21;14;0
5;2025-11-21;15;0
5;2025-11-21;16;0
5;2025-11-21;17;0
5;2025-11-21;18;0
5;2025-11-21;19;0
5;2025-11-21;20;0
5;2025-11-21;21;0
5;2025-11-21;22;0
5;2025-11-21;23;0
5;2025-11-22;0;0
5;2025-11-22;1;0
5;2025-11-22;2;0
5;2025-11-22;3;0
5;2025-11-22;4;0
5;2025-11-22;5;0
5;2025-11-22;6;0
5;2025-11-22;7;0
5;2025-11-22;8;0
5;2025-11-22;9;0
5;2025-11-22;10;0
5;2025-11-22;11;0
5;2025-11-22;12;0
5;2025-11-22;13;0
5;2025-11-22;14;0
5;2025-11-22;15;0
5;2025-11-22;16;0
5;2025-11-22;17;0
5;2025-11-22;18;0
5;2025-11-22;19;0
5;2025-11-22;20;0
5;2025-11-22;21;0
5;2025-11-22;22;0
5;2025-11-22;23;0
5;2025-11-23;0;0
5;2025-11-23;1;0
5;2025-11-23;2;0
5;2025-11-23;3;0
5;2025-11-23;4;0
5;2025-11-23;5;0
5;2025-11-23;6;0
5;2025-11-23;7;0
5;2025-11-23;8;0
5;2025-11-23;9;0
5;2025-11-23;10;0
5;2025-11-23;11;0
5;2025-11-23;12;0
5;2025-11-23;13;0
5;2025-11-23;14;0
5;2025-11-23;15;0
5;2025-11-23;16;0
5;2025-11-23;17;0
5;2025-11-23;18;0
5;2025-11-23;19;0
5;2025-11-23;20;0
5;2025-11-23;21;0
5;2025-11-23;22;0
5;2025-11-23;23;0
5;2025-11-24;0;0
5;2025-11-24;1;0
5;2025-11-24;2;0
5;2025-11-24;3;0
5;2025-11-24;4;0
5;2025-11-24;5;0
5;2025-11-24;6;0
5;2025-11-24;7;0
5;2025-11-24;8;0
5;2025-11-24;9;0
5;2025-11-24;10;0
5;2025-11-24;11;0
5;2025-11-24;12;0
5;2025-11-24;13;0
5;2025-11-24;14;0
5;2025-11-24;15;0
5;2025-11-24;16;0
5;2025-11-24;17;0
5;2025-11-24;18;0
5;2025-11-24;19;0
5;2025-11-24;20;0
5;2025-11-24;21;0
5;2025-11-24;22;0
5;2025-11-24;23;0
5;2025-11-25;0;0
5;2025-11-25;1;0
5;2025-11-25;2;0
5;2025-11-25;3;0
5;2025-11-25;4;0
5;2025-11-25;5;0
5;2025-11-25;6;0
5;2025-11-25;7;0
5;2025-11-25;8;0
5;2025-11-25;9;0
5;2025-11-25;10;0
5;2025-11-25;11;0
5;2025-11-25;12;0
5;2025-11-25;13;0
5;2025-11-25;14;0
5;2025-11-25;15;0
5;2025-11-25;16;0
5;2025-11-25;17;0
5;2025-11-25;18;0
5;2025-11-25;19;0
5;2025-11-25;20;0
5;2025-11-25;21;0
5;2025-11-25;22;0
5;2025-11-25;23;0
5;2025-11-26;0;0
5;2025-11-26;1;0
5;2025-11-26;2;0
5;2025-11-26;3;0
5;2025-11-26;4;0
5;2025-11-26;5;0
5;2025-11-26;6;0
5;2025-11-26;7;0
5;2025-11-26;8;0
5;2025-11-26;9;0
5;2025-11-26;10;0
5;2025-11-26;11;0
5;2025-11-26;12;0
5;2025-11-26;13;0
5;2025-11-26;14;0
5;2025-11-26;15;0
5;2025-11-26;16;0
5;2025-11-26;17;0
5;2025-11-26;18;0
5;2025-11-26;19;0
5;2025-11-26;20;0
5;2025-11-26;21;0
5;2025-11-26;22;0
5;2025-11-26;23;0
5;2025-11-27;0;0
5;2025-11-27;1;0
5;2025-11-27;2;0
5;2025-11-27;3;0
5;2025-11-27;4;0
5;2025-11-27;5;0
5;2025-11-27;6;0
5;2025-11-27;7;0
5;2025-11-27;8;0
5;2025-11-27;9;0
5;2025-11-27;10;0
5;2025-11-27;11;0
5;2025-11-27;12;0
5;2025-11-27;13;0
5;2025-11-27;14;0
5;2025-11-27;15;0
5;2025-11-27;16;0
5;2025-11-27;17;0
5;2025-11-27;18;0
5;2025-11-27;19;0
5;2025-11-27;20;0
5;2025-11-27;21;0
5;2025-11-27;22;0
5;2025-11-27;23;0
5;2025-11-28;0;0
5;2025-11-28;1;0
5;2025-11-28;2;0
5;2025-11-28;3;0
5;2025-11-28;4;0
5;2025-11-28;5;0
5;2025-11-28;6;0
5;2025-11-28;7;0
5;2025-11-28;8;0
5;2025-11-28;9;0
5;2025-11-28;10;0
5;2025-11-28;11;0
5;2025-11-28;12;0
5;2025-11-28;13;0
5;2025-11-28;14;0
5;2025-11-28;15;0
5;2025-11-28;16;0
5;2025-11-28;17;0
5;2025-11-28;18;0
5;2025-11-28;19;0
5;2025-11-28;20;0
5;2025-11-28;21;0
5;2025-11-28;22;0
5;2025-11-28;23;0
5;2025-11-29;0;0
5;2025-11-29;1;0
5;2025-11-29;2;0
5;2025-11-29;3;0
5;2025-11-29;4;0
5;2025-11-29;5;0
5;2025-11-29;6;0
5;2025-11-29;7;0
5;2025-11-29;8;0
5;2025-11-29;9;0
5;2025-11-29;10;0
5;2025-11-29;11;0
5;2025-11-29;12;0
5;2025-11-29;13;0
5;2025-11-29;14;0
5;2025-11-29;15;0
5;2025-11-29;16;0
5;2025-11-29;17;0
5;2025-11-29;18;0
5;2025-11-29;19;0
5;2025-11-29;20;0
5;2025-11-29;21;0
5;2025-11-29;22;0
5;2025-11-29;23;0
5;2025-11-30;0;0
5;2025-11-30;1;0
5;2025-11-30;2;0
5;2025-11-30;3;0
5;2025-11-30;4;0
5;2025-11-30;5;0
5;2025-11-30;6;0
5;2025-11-30;7;0
5;2025-11-30;8;0
5;2025-11-30;9;0
5;2025-11-30;10;0
5;2025-11-30;11;0
5;2025-11-30;12;0
5;2025-11-30;13;0
5;2025-11-30;14;0
5;2025-11-30;15;0
5;2025-11-30;16;0
5;2025-11-30;17;0
5;2025-11-30;18;0
5;2025-11-30;19;0
5;2025-11-30;20;0
5;2025-11-30;21;0
5;2025-11-30;22;0
5;2025-11-30;23;0
5;2025-12-01;0;0
5;2025-12-01;1;0
5;2025-12-01;2;0
5;2025-12-01;3;0
5;2025-12-01;4;0
5;2025-12-01;5;0
5;2025-12-01;6;0
5;2025-12-01;7;0
5;2025-12-01;8;0
5;2025-12-01;9;0
5;2025-12-01;10;0
5;2025-12-01;11;0
5;2025-12-01;12;0
5;2025-12-01;13;0
5;2025-12-01;14;0
5;2025-12-01;15;0
5;2025-12-01;16;0
5;2025-12-01;17;0
5;2025-12-01;18;0
5;2025-12-01;19;0
5;2025-12-01;20;0
5;2025-12-01;21;0
5;2025-12-01;22;0
5;2025-12-01;23;0
5;2025-12-02;0;0
5;2025-12-02;1;0
5;2025-12-02;2;0
5;2025-12-02;3;0
5;2025-12-02;4;0
5;2025-12-02;5;0
5;2025-12-02;6;0
5;2025-12-02;7;0
5;2025-12-02;8;0
5;2025-12-02;9;0
5;2025-12-02;10;0
5;2025-12-02;11;0
5;2025-12-02;12;0
5;2025-12-02;13;0
5;2025-12-02;14;0
5;2025-12-02;15;0
5;2025-12-02;16;0
5;2025-12-02;17;0
5;2025-12-02;18;0
5;2025-12-02;19;0
5;2025-12-02;20;0
5;2025-12-02;21;0
5;2025-12-02;22;0
5;2025-12-02;23;0
5;2025-12-03;0;0
5;2025-12-03;1;0
5;2025-12-03;2;0
5;2025-12-03;3;0
5;2025-12-03;4;0
5;2025-12-03;5;0
5;2025-12-03;6;0
5;2025-12-03;7;0
5;2025-12-03;8;0
5;2025-12-03;9;0
5;2025-12-03;10;0
5;2025-12-03;11;0
5;2025-12-03;12;0
5;2025-12-03;13;0
5;2025-12-03;14;0
5;2025-12-03;15;0
5;2025-12-03;16;0
5;2025-12-03;17;0
5;2025-12-03;18;0
5;2025-12-03;19;0
5;2025-12-03;20;0
5;2025-12-03;21;0
5;2025-12-03;22;0
5;2025-12-03;23;0
5;2025-12-04;0;0
5;2025-12-04;1;0
5;2025-12-04;2;0
5;2025-12-04;3;0
5;2025-12-04;4;0
5;2025-12-04;5;0
5;2025-12-04;6;0
5;2025-12-04;7;0
5;2025-12-04;8;0
5;2025-12-04;9;0
5;2025-12-04;10;0
5;2025-12-04;11;0
5;2025-12-04;12;0
5;2025-12-04;13;0
5;2025-12-04;14;0
5;2025-12-04;15;0
5;2025-12-04;16;0
5;2025-12-04;17;0
5;2025-12-04;18;0
5;2025-12-04;19;0
5;2025-12-04;20;0
5;2025-12-04;21;0
5;2025-12-04;22;0
5;2025-12-04;23;0
5;2025-12-05;0;0
5;2025-12-05;1;0
5;2025-12-05;2;0
5;2025-12-05;3;0
5;2025-12-05;4;0
5;2025-12-05;5;0
5;2025-12-05;6;0
5;2025-12-05;7;0
5;2025-12-05;8;0
5;2025-12-05;9;0
5;2025-12-05;10;0
5;2025-12-05;11;0
5;2025-12-05;12;0
5;2025-12-05;13;0
5;2025-12-05;14;0
5;2025-12-05;15;0
5;2025-12-05;16;0
5;2025-12-05;17;0
5;2025-12-05;18;0
5;2025-12-05;19;0
5;2025-12-05;20;0
5;2025-12-05;21;0
5;2025-12-05;22;0
5;2025-12-05;23;0
5;2025-12-06;0;0
5;2025-12-06;1;0
5;2025-12-06;2;0
5;2025-12-06;3;0
5;2025-12-06;4;0
5;2025-12-06;5;0
5;2025-12-06;6;0
5;2025-12-06;7;0
5;2025-12-06;8;0
5;2025-12-06;9;0
5;2025-12-06;10;0
5;2025-12-06;11;0
5;2025-12-06;12;0
5;2025-12-06;13;0
5;2025-12-06;14;0
5;2025-12-06;15;0
5;2025-12-06;16;0
5;2025-12-06;17;0
5;2025-12-06;18;0
5;2025-12-06;19;0
5;2025-12-06;20;0
5;2025-12-06;21;0
5;2025-12-06;22;0
5;2025-12-06;23;0
5;2025-12-07;0;0
5;2025-12-07;1;0
5;2025-12-07;2;0
5;2025-12-07;3;0
5;2025-12-07;4;0
5;2025-12-07;5;0
5;2025-12-07;6;0
5;2025-12-07;7;0
5;2025-12-07;8;0
5;2025-12-07;9;0
5;2025-12-07;10;0
5;2025-12-07;11;0
5;2025-12-07;12;0
5;2025-12-07;13;0
5;2025-12-07;14;0
5;2025-12-07;15;0
5;2025-12-07;16;0
5;2025-12-07;17;0
5;2025-12-07;18;0
5;2025-12-07;19;0
5;2025-12-07;20;0
5;2025-12-07;21;0
5;2025-12-07;22;0
5;2025-12-07;23;0
5;2025-12-08;0;0
5;2025-12-08;1;0
5;2025-12-08;2;0
5;2025-12-08;3;0
5;2025-12-08;4;0
5;2025-12-08;5;0
5;2025-12-08;6;0
5;2025-12-08;7;0
5;2025-12-08;8;0
5;2025-12-08;9;0
5;2025-12-08;10;0
5;2025-12-08;11;0
5;2025-12-08;12;0
5;2025-12-08;13;0
5;2025-12-08;14;0
5;2025-12-08;15;0
5;2025-12-08;16;0
5;2025-12-08;17;0
5;2025-12-08;18;0
5;2025-12-08;19;0
5;2025-12-08;20;0
5;2025-12-08;21;0
5;2025-12-08;22;0
5;2025-12-08;23;0
5;2025-12-09;0;0
5;2025-12-09;1;0
5;2025-12-09;2;0
5;2025-12-09;3;0
5;2025-12-09;4;0
5;2025-12-09;5;0
5;2025-12-09;6;0
5;2025-12-09;7;0
5;2025-12-09;8;0
5;2025-12-09;9;0
5;2025-12-09;10;0
5;2025-12-09;11;0
5;2025-12-09;12;0
5;2025-12-09;13;0
5;2025-12-09;14;0
5;2025-12-09;15;0
5;2025-12-09;16;0
5;2025-12-09;17;0
5;2025-12-09;18;0
5;2025-12-09;19;0
5;2025-12-09;20;0
5;2025-12-09;21;0
5;2025-12-09;22;0
5;2025-12-09;23;0
5;2025-12-10;0;0
5;2025-12-10;1;0
5;2025-12-10;2;0
5;2025-12-10;3;0
5;2025-12-10;4;0
5;2025-12-10;5;0
5;2025-12-10;6;0
5;2025-12-10;7;0
5;2025-12-10;8;0
5;2025-12-10;9;0
5;2025-12-10;10;0
5;2025-12-10;11;0
5;2025-12-10;12;0
5;2025-12-10;13;0
5;2025-12-10;14;0
5;2025-12-10;15;0
5;2025-12-10;16;0
5;2025-12-10;17;0
5;2025-12-10;18;0
5;2025-12-10;19;0
5;2025-12-10;20;0
5;2025-12-10;21;0
5;2025-12-10;22;0
5;2025-12-10;23;0
5;2025-12-11;0;0
5;2025-12-11;1;0
5;2025-12-11;2;0
5;2025-12-11;3;0
5;2025-12-11;4;0
5;2025-12-11;5;0
5;2025-12-11;6;0
5;2025-12-11;7;0
5;2025-12-11;8;0
5;2025-12-11;9;0
5;2025-12-11;10;0
5;2025-12-11;11;0
5;2025-12-11;12;0
5;2025-12-11;13;0
5;2025-12-11;14;0
5;2025-12-11;15;0
5;2025-12-11;16;0
5;2025-12-11;17;0
5;2025-12-11;18;0
5;2025-12-11;19;0
5;2025-12-11;20;0
5;2025-12-11;21;0
5;2025-12-11;22;0
5;2025-12-11;23;0
5;2025-12-12;0;0
5;2025-12-12;1;0
5;2025-12-12;2;0
5;2025-12-12;3;0
5;2025-12-12;4;0
5;2025-12-12;5;0
5;2025-12-12;6;0
5;2025-12-12;7;0
5;2025-12-12;8;0
5;2025-12-12;9;0
5;2025-12-12;10;0
5;2025-12-12;11;0
5;2025-12-12;12;0
5;2025-12-12;13;0
5;2025-12-12;14;0
5;2025-12-12;15;0
5;2025-12-12;16;0
5;2025-12-12;17;0
5;2025-12-12;18;0
5;2025-12-12;19;0
5;2025-12-12;20;0
5;2025-12-12;21;0
5;2025-12-12;22;0
5;2025-12-12;23;0
5;2025-12-13;0;0
5;2025-12-13;1;0
5;2025-12-13;2;0
5;2025-12-13;3;0
5;2025-12-13;4;0
5;2025-12-13;5;0
5;2025-12-13;6;0
5;2025-12-13;7;0
5;2025-12-13;8;0
5;2025-12-13;9;0
5;2025-12-13;10;0
5;2025-12-13;11;0
5;2025-12-13;12;0
5;2025-12-13;13;0
5;2025-12-13;14;0
5;2025-12-13;15;0
5;2025-12-13;16;0
5;2025-12-13;17;0
5;2025-12-13;18;0
5;2025-12-13;19;0
5;2025-12-13;20;0
5;2025-12-13;21;0
5;2025-12-13;22;0
5;2025-12-13;23;0
5;2025-12-14;0;0
5;2025-12-14;1;0
5;2025-12-14;2;0
5;2025-12-14;3;0
5;2025-12-14;4;0
5;2025-12-14;5;0
5;2025-12-14;6;0
5;2025-12-14;7;0
5;2025-12-14;8;0
5;2025-12-14;9;0
5;2025-12-14;10;0
5;2025-12-14;11;0
5;2025-12-14;12;0
5;2025-12-14;13;0
5;2025-12-14;14;0
5;2025-12-14;15;0
5;2025-12-14;16;0
5;2025-12-14;17;0
5;2025-12-14;18;0
5;2025-12-14;19;0
5;2025-12-14;20;0
5;2025-12-14;21;0
5;2025-12-14;22;0
5;2025-12-14;23;0
5;2025-12-15;0;0
5;2025-12-15;1;0
5;2025-12-15;2;0
5;2025-12-15;3;0
5;2025-12-15;4;0
5;2025-12-15;5;0
5;2025-12-15;6;0
5;2025-12-15;7;0
5;2025-12-15;8;0
5;2025-12-15;9;0
5;2025-12-15;10;0
5;2025-12-15;11;0
5;2025-12-15;12;0
5;2025-12-15;13;0
5;2025-12-15;14;0
5;2025-12-15;15;0
5;2025-12-15;16;0
5;2025-12-15;17;0
5;2025-12-15;18;0
5;2025-12-15;19;0
5;2025-12-15;20;0
5;2025-12-15;21;0
5;2025-12-15;22;0
5;2025-12-15;23;0
5;2025-12-16;0;0
5;2025-12-16;1;0
5;2025-12-16;2;0
5;2025-12-16;3;0
5;2025-12-16;4;0
5;2025-12-16;5;0
5;2025-12-16;6;0
5;2025-12-16;7;0
5;2025-12-16;8;0
5;2025-12-16;9;0
5;2025-12-16;10;0
5;2025-12-16;11;0
5;2025-12-16;12;0
5;2025-12-16;13;0
5;2025-12-16;14;0
5;2025-12-16;15;0
5;2025-12-16;16;0
5;2025-12-16;17;0
5;2025-12-16;18;0
5;2025-12-16;19;0
5;2025-12-16;20;0
5;2025-12-16;21;0
5;2025-12-16;22;0
5;2025-12-16;23;0
5;2025-12-17;0;0
5;2025-12-17;1;0
5;2025-12-17;2;0
5;2025-12-17;3;0
5;2025-12-17;4;0
5;2025-12-17;5;0
5;2025-12-17;6;0
5;2025-12-17;7;0
5;2025-12-17;8;0
5;2025-12-17;9;0
5;2025-12-17;10;0
5;2025-12-17;11;0
5;2025-12-17;12;0
5;2025-12-17;13;0
5;2025-12-17;14;0
5;2025-12-17;15;0
5;2025-12-17;16;0
5;2025-12-17;17;0
5;2025-12-17;18;0
5;2025-12-17;19;0
5;2025-12-17;20;0
5;2025-12-17;21;0
5;2025-12-17;22;0
5;2025-12-17;23;0
5;2025-12-18;0;0
5;2025-12-18;1;0
5;2025-12-18;2;0
5;2025-12-18;3;0
5;2025-12-18;4;0
5;2025-12-18;5;0
5;2025-12-18;6;0
5;2025-12-18;7;0
5;2025-12-18;8;0
5;2025-12-18;9;0
5;2025-12-18;10;0
5;2025-12-18;11;0
5;2025-12-18;12;0
5;2025-12-18;13;0
5;2025-12-18;14;0
5;2025-12-18;15;0
5;2025-12-18;16;0
5;2025-12-18;17;0
5;2025-12-18;18;0
5;2025-12-18;19;0
5;2025-12-18;20;0
5;2025-12-18;21;0
5;2025-12-18;22;0
5;2025-12-18;23;0
5;2025-12-19;0;0
5;2025-12-19;1;0
5;2025-12-19;2;0
5;2025-12-19;3;0
5;2025-12-19;4;0
5;2025-12-19;5;0
5;2025-12-19;6;0
5;2025-12-19;7;0
5;2025-12-19;8;0
5;2025-12-19;9;0
5;2025-12-19;10;0
5;2025-12-19;11;0
5;2025-12-19;12;0
5;2025-12-19;13;0
5;2025-12-19;14;0
5;2025-12-19;15;0
5;2025-12-19;16;0
5;2025-12-19;17;0
5;2025-12-19;18;0
5;2025-12-19;19;0
5;2025-12-19;20;0
5;2025-12-19;21;0
5;2025-12-19;22;0
5;2025-12-19;23;0
5;2025-12-20;0;0
5;2025-12-20;1;0
5;2025-12-20;2;0
5;2025-12-20;3;0
5;2025-12-20;4;0
5;2025-12-20;5;0
5;2025-12-20;6;0
5;2025-12-20;7;0
5;2025-12-20;8;0
5;2025-12-20;9;0
5;2025-12-20;10;0
5;2025-12-20;11;0
5;2025-12-20;12;0
5;2025-12-20;13;0
5;2025-12-20;14;0
5;2025-12-20;15;0
5;2025-12-20;16;0
5;2025-12-20;17;0
5;2025-12-20;18;0
5;2025-12-20;19;0
5;2025-12-20;20;0
5;2025-12-20;21;0
5;2025-12-20;22;0
5;2025-12-20;23;0
5;2025-12-21;0;0
5;2025-12-21;1;0
5;2025-12-21;2;0
5;2025-12-21;3;0
5;2025-12-21;4;0
5;2025-12-21;5;0
5;2025-12-21;6;0
5;2025-12-21;7;0
5;2025-12-21;8;0
5;2025-12-21;9;0
5;2025-12-21;10;0
5;2025-12-21;11;0
5;2025-12-21;12;0
5;2025-12-21;13;0
5;2025-12-21;14;0
5;2025-12-21;15;0
5;2025-12-21;16;0
5;2025-12-21;17;0
5;2025-12-21;18;0
5;2025-12-21;19;0
5;2025-12-21;20;0
5;2025-12-21;21;0
5;2025-12-21;22;0
5;2025-12-21;23;0
5;2025-12-22;0;0
5;2025-12-22;1;0
5;2025-12-22;2;0
5;2025-12-22;3;0
5;2025-12-22;4;0
5;2025-12-22;5;0
5;2025-12-22;6;0
5;2025-12-22;7;0
5;2025-12-22;8;0
5;2025-12-22;9;0
5;2025-12-22;10;0
5;2025-12-22;11;0
5;2025-12-22;12;0
5;2025-12-22;13;0
5;2025-12-22;14;0
5;2025-12-22;15;0
5;2025-12-22;16;0
5;2025-12-22;17;0
5;2025-12-22;18;0
5;2025-12-22;19;0
5;2025-12-22;20;0
5;2025-12-22;21;0
5;2025-12-22;22;0
5;2025-12-22;23;0
5;2025-12-23;0;0
5;2025-12-23;1;0
5;2025-12-23;2;0
5;2025-12-23;3;0
5;2025-12-23;4;0
5;2025-12-23;5;0
5;2025-12-23;6;0
5;2025-12-23;7;0
5;2025-12-23;8;0
5;2025-12-23;9;0
5;2025-12-23;10;0
5;2025-12-23;11;0
5;2025-12-23;12;0
5;2025-12-23;13;0
5;2025-12-23;14;0
5;2025-12-23;15;0
5;2025-12-23;16;0
5;2025-12-23;17;0
5;2025-12-23;18;0
5;2025-12-23;19;0
5;2025-12-23;20;0
5;2025-12-23;21;0
5;2025-12-23;22;0
5;2025-12-23;23;0
5;2025-12-24;0;0
5;2025-12-24;1;0
5;2025-12-24;2;0
5;2025-12-24;3;0
5;2025-12-24;4;0
5;2025-12-24;5;0
5;2025-12-24;6;0
5;2025-12-24;7;0
5;2025-12-24;8;0
5;2025-12-24;9;0
5;2025-12-24;10;0
5;2025-12-24;11;0
5;2025-12-24;12;0
5;2025-12-24;13;0
5;2025-12-24;14;0
5;2025-12-24;15;0
5;2025-12-24;16;0
5;2025-12-24;17;0
5;2025-12-24;18;0
5;2025-12-24;19;0
5;2025-12-24;20;0
5;2025-12-24;21;0
5;2025-12-24;22;0
5;2025-12-24;23;0
5;2025-12-25;0;0
5;2025-12-25;1;0
5;2025-12-25;2;0
5;2025-12-25;3;0
5;2025-12-25;4;0
5;2025-12-25;5;0
5;2025-12-25;6;0
5;2025-12-25;7;0
5;2025-12-25;8;0
5;2025-12-25;9;0
5;2025-12-25;10;0
5;2025-12-25;11;0
5;2025-12-25;12;0
5;2025-12-25;13;0
5;2025-12-25;14;0
5;2025-12-25;15;0
5;2025-12-25;16;0
5;2025-12-25;17;0
5;2025-12-25;18;0
5;2025-12-25;19;0
5;2025-12-25;20;0
5;2025-12-25;21;0
5;2025-12-25;22;0
5;2025-12-25;23;0
5;2025-12-26;0;0
5;2025-12-26;1;0
5;2025-12-26;2;0
5;2025-12-26;3;0
5;2025-12-26;4;0
5;2025-12-26;5;0
5;2025-12-26;6;0
5;2025-12-26;7;0
5;2025-12-26;8;0
5;2025-12-26;9;0
5;2025-12-26;10;0
5;2025-12-26;11;0
5;2025-12-26;12;0
5;2025-12-26;13;0
5;2025-12-26;14;0
5;2025-12-26;15;0
5;2025-12-26;16;0
5;2025-12-26;17;0
5;2025-12-26;18;0
5;2025-12-26;19;0
5;2025-12-26;20;0
5;2025-12-26;21;0
5;2025-12-26;22;0
5;2025-12-26;23;0
5;2025-12-27;0;0
5;2025-12-27;1;0
5;2025-12-27;2;0
5;2025-12-27;3;0
5;2025-12-27;4;0
5;2025-12-27;5;0
5;2025-12-27;6;0
5;2025-12-27;7;0
5;2025-12-27;8;0
5;2025-12-27;9;0
5;2025-12-27;10;0
5;2025-12-27;11;0
5;2025-12-27;12;0
5;2025-12-27;13;0
5;2025-12-27;14;0
5;2025-12-27;15;0
5;2025-12-27;16;0
5;2025-12-27;17;0
5;2025-12-27;18;0
5;2025-12-27;19;0
5;2025-12-27;20;0
5;2025-12-27;21;0
5;2025-12-27;22;0
5;2025-12-27;23;0
5;2025-12-28;0;0
5;2025-12-28;1;0
5;2025-12-28;2;0
5;2025-12-28;3;0
5;2025-12-28;4;0
5;2025-12-28;5;0
5;2025-12-28;6;0
5;2025-12-28;7;0
5;2025-12-28;8;0
5;2025-12-28;9;0
5;2025-12-28;10;0
5;2025-12-28;11;0
5;2025-12-28;12;0
5;2025-12-28;13;0
5;2025-12-28;14;0
5;2025-12-28;15;0
5;2025-12-28;16;0
5;2025-12-28;17;0
5;2025-12-28;18;0
5;2025-12-28;19;0
5;2025-12-28;20;0
5;2025-12-28;21;0
5;2025-12-28;22;0
5;2025-12-28;23;0
5;2025-12-29;0;0
5;2025-12-29;1;0
5;2025-12-29;2;0
5;2025-12-29;3;0
5;2025-12-29;4;0
5;2025-12-29;5;0
5;2025-12-29;6;0
5;2025-12-29;7;0
5;2025-12-29;8;0
5;2025-12-29;9;0
5;2025-12-29;10;0
5;2025-12-29;11;0
5;2025-12-29;12;0
5;2025-12-29;13;0
5;2025-12-29;14;0
5;2025-12-29;15;0
5;2025-12-29;16;0
5;2025-12-29;17;0
5;2025-12-29;18;0
5;2025-12-29;19;0
5;2025-12-29;20;0
5;2025-12-29;21;0
5;2025-12-29;22;0
5;2025-12-29;23;0
5;2025-12-30;0;0
5;2025-12-30;1;0
5;2025-12-30;2;0
5;2025-12-30;3;0
5;2025-12-30;4;0
5;2025-12-30;5;0
5;2025-12-30;6;0
5;2025-12-30;7;0
5;2025-12-30;8;0
5;2025-12-30;9;0
5;2025-12-30;10;0
5;2025-12-30;11;0
5;2025-12-30;12;0
5;2025-12-30;13;0
5;2025-12-30;14;0
5;2025-12-30;15;0
5;2025-12-30;16;0
5;2025-12-30;17;0
5;2025-12-30;18;0
5;2025-12-30;19;0
5;2025-12-30;20;0
5;2025-12-30;21;0
5;2025-12-30;22;0
5;2025-12-30;23;0
5;2025-12-31;0;0
5;2025-12-31;1;0
5;2025-12-31;2;0
5;2025-12-31;3;0
5;2025-12-31;4;0
5;2025-12-31;5;0
5;2025-12-31;6;0
5;2025-12-31;7;0
5;2025-12-31;8;0
5;2025-12-31;9;0
5;2025-12-31;10;0
5;2025-12-31;11;0
5;2025-12-31;12;0
5;2025-12-31;13;0
5;2025-12-31;14;0
5;2025-12-31;15;0
5;2025-12-31;16;0
5;2025-12-31;17;0
5;2025-12-31;18;0
5;2025-12-31;19;0
5;2025-12-31;20;0
5;2025-12-31;21;0
5;2025-12-31;22;0
5;2025-12-31;23;0
7;2025-11-01;0;79
7;2025-11-01;1;15
7;2025-11-01;2;0
7;2025-11-01;3;0
7;2025-11-01;4;0
7;2025-11-01;5;41
7;2025-11-01;6;241
7;2025-11-01;7;416
7;2025-11-01;8;665
7;2025-11-01;9;611
7;2025-11-01;10;612
7;2025-11-01;11;822
7;2025-11-01;12;969
7;2025-11-01;13;950
7;2025-11-01;14;943
7;2025-11-01;15;982
7;2025-11-01;16;882
7;2025-11-01;17;880
7;2025-11-01;18;802
7;2025-11-01;19;730
7;2025-11-01;20;452
7;2025-11-01;21;431
7;2025-11-01;22;258
7;2025-11-01;23;187
7;2025-11-02;0;104
7;2025-11-02;1;23
7;2025-11-02;2;0
7;2025-11-02;3;0
7;2025-11-02;4;0
7;2025-11-02;5;46
7;2025-11-02;6;210
7;2025-11-02;7;301
7;2025-11-02;8;519
7;2025-11-02;9;606
7;2025-11-02;10;677
7;2025-11-02;11;831
7;2025-11-02;12;952
7;2025-11-02;13;1030
7;2025-11-02;14;1115
7;2025-11-02;15;1113
7;2025-11-02;16;1032
7;2025-11-02;17;1002
7;2025-11-02;18;874
7;2025-11-02;19;808
7;2025-11-02;20;647
7;2025-11-02;21;500
7;2025-11-02;22;279
7;2025-11-02;23;170
7;2025-11-03;0;81
7;2025-11-03;1;14
7;2025-11-03;2;0
7;2025-11-03;3;0
7;2025-11-03;4;0
7;2025-11-03;5;148
7;2025-11-03;6;418
7;2025-11-03;7;544
7;2025-11-03;8;796
7;2025-11-03;9;723
7;2025-11-03;10;799
7;2025-11-03;11;856
7;2025-11-03;12;918
7;2025-11-03;13;888
7;2025-11-03;14;897
7;2025-11-03;15;864
7;2025-11-03;16;929
7;2025-11-03;17;1028
7;2025-11-03;18;1082
7;2025-11-03;19;889
7;2025-11-03;20;731
7;2025-11-03;21;497
7;2025-11-03;22;288
7;2025-11-03;23;187
7;2025-11-04;0;57
7;2025-11-04;1;16
7;2025-11-04;2;0
7;2025-11-04;3;0
7;2025-11-04;4;3
7;2025-11-04;5;149
7;2025-11-04;6;370
7;2025-11-04;7;467
7;2025-11-04;8;650
7;2025-11-04;9;649
7;2025-11-04;10;732
7;2025-11-04;11;782
7;2025-11-04;12;858
7;2025-11-04;13;886
7;2025-11-04;14;964
7;2025-11-04;15;958
7;2025-11-04;16;952
7;2025-11-04;17;1017
7;2025-11-04;18;1099
7;2025-11-04;19;882
7;2025-11-04;20;694
7;2025-11-04;21;494
7;2025-11-04;22;310
7;2025-11-04;23;190
7;2025-11-05;0;61
7;2025-11-05;1;11
7;2025-11-05;2;0
7;2025-11-05;3;0
7;2025-11-05;4;2
7;2025-11-05;5;210
7;2025-11-05;6;647
7;2025-11-05;7;1622
7;2025-11-05;8;2633
7;2025-11-05;9;1984
7;2025-11-05;10;1637
7;2025-11-05;11;1476
7;2025-11-05;12;1583
7;2025-11-05;13;1611
7;2025-11-05;14;1644
7;2025-11-05;15;1842
7;2025-11-05;16;1909
7;2025-11-05;17;2437
7;2025-11-05;18;2622
7;2025-11-05;19;1741
7;2025-11-05;20;1062
7;2025-11-05;21;538
7;2025-11-05;22;338
7;2025-11-05;23;180
7;2025-11-06;0;67
7;2025-11-06;1;11
7;2025-11-06;2;0
7;2025-11-06;3;0
7;2025-11-06;4;2
7;2025-11-06;5;186
7;2025-11-06;6;679
7;2025-11-06;7;1595
7;2025-11-06;8;2467
7;2025-11-06;9;1825
7;2025-11-06;10;1494
7;2025-11-06;11;1365
7;2025-11-06;12;1477
7;2025-11-06;13;1544
7;2025-11-06;14;1613
7;2025-11-06;15;1661
7;2025-11-06;16;1744
7;2025-11-06;17;2233
7;2025-11-06;18;2555
7;2025-11-06;19;1662
7;2025-11-06;20;990
7;2025-11-06;21;623
7;2025-11-06;22;320
7;2025-11-06;23;180
7;2025-11-07;0;69
7;2025-11-07;1;13
7;2025-11-07;2;0
7;2025-11-07;3;0
7;2025-11-07;4;2
7;2025-11-07;5;174
7;2025-11-07;6;613
7;2025-11-07;7;1526
7;2025-11-07;8;2400
7;2025-11-07;9;1761
7;2025-11-07;10;1528
7;2025-11-07;11;1435
7;2025-11-07;12;1570
7;2025-11-07;13;1655
7;2025-11-07;14;1708
7;2025-11-07;15;1834
7;2025-11-07;16;2055
7;2025-11-07;17;2235
7;2025-11-07;18;2084
7;2025-11-07;19;1492
7;2025-11-07;20;998
7;2025-11-07;21;624
7;2025-11-07;22;352
7;2025-11-07;23;223
7;2025-11-08;0;101
7;2025-11-08;1;23
7;2025-11-08;2;0
7;2025-11-08;3;0
7;2025-11-08;4;1
7;2025-11-08;5;58
7;2025-11-08;6;292
7;2025-11-08;7;493
7;2025-11-08;8;795
7;2025-11-08;9;821
7;2025-11-08;10;875
7;2025-11-08;11;1004
7;2025-11-08;12;1082
7;2025-11-08;13;1131
7;2025-11-08;14;1151
7;2025-11-08;15;1166
7;2025-11-08;16;1114
7;2025-11-08;17;1060
7;2025-11-08;18;1019
7;2025-11-08;19;993
7;2025-11-08;20;784
7;2025-11-08;21;650
7;2025-11-08;22;334
7;2025-11-08;23;220
7;2025-11-09;0;108
7;2025-11-09;1;24
7;2025-11-09;2;0
7;2025-11-09;3;0
7;2025-11-09;4;0
7;2025-11-09;5;43
7;2025-11-09;6;213
7;2025-11-09;7;319
7;2025-11-09;8;544
7;2025-11-09;9;676
7;2025-11-09;10;736
7;2025-11-09;11;871
7;2025-11-09;12;943
7;2025-11-09;13;1046
7;2025-11-09;14;1059
7;2025-11-09;15;1061
7;2025-11-09;16;984
7;2025-11-09;17;1004
7;2025-11-09;18;903
7;2025-11-09;19;783
7;2025-11-09;20;667
7;2025-11-09;21;518
7;2025-11-09;22;284
7;2025-11-09;23;170
7;2025-11-10;0;76
7;2025-11-10;1;11
7;2025-11-10;2;0
7;2025-11-10;3;0
7;2025-11-10;4;2
7;2025-11-10;5;206
7;2025-11-10;6;752
7;2025-11-10;7;1612
7;2025-11-10;8;2541
7;2025-11-10;9;1885
7;2025-11-10;10;1549
7;2025-11-10;11;1394
7;2025-11-10;12;1529
7;2025-11-10;13;1498
7;2025-11-10;14;1604
7;2025-11-10;15;1718
7;2025-11-10;16;1855
7;2025-11-10;17;2371
7;2025-11-10;18;2625
7;2025-11-10;19;1745
7;2025-11-10;20;1057
7;2025-11-10;21;620
7;2025-11-10;22;303
7;2025-11-10;23;190
7;2025-11-11;0;57
7;2025-11-11;1;14
7;2025-11-11;2;0
7;2025-11-11;3;0
7;2025-11-11;4;3
7;2025-11-11;5;216
7;2025-11-11;6;754
7;2025-11-11;7;1736
7;2025-11-11;8;2558
7;2025-11-11;9;1897
7;2025-11-11;10;1622
7;2025-11-11;11;1538
7;2025-11-11;12;1620
7;2025-11-11;13;1612
7;2025-11-11;14;1655
7;2025-11-11;15;1792
7;2025-11-11;16;1872
7;2025-11-11;17;2332
7;2025-11-11;18;2714
7;2025-11-11;19;1880
7;2025-11-11;20;1094
7;2025-11-11;21;684
7;2025-11-11;22;333
7;2025-11-11;23;190
7;2025-11-12;0;65
7;2025-11-12;1;11
7;2025-11-12;2;0
7;2025-11-12;3;0
7;2025-11-12;4;3
7;2025-11-12;5;205
7;2025-11-12;6;760
7;2025-11-12;7;1666
7;2025-11-12;8;2683
7;2025-11-12;9;2034
7;2025-11-12;10;1667
7;2025-11-12;11;1509
7;2025-11-12;12;1569
7;2025-11-12;13;1565
7;2025-11-12;14;1626
7;2025-11-12;15;1808
7;2025-11-12;16;1900
7;2025-11-12;17;2465
7;2025-11-12;18;2634
7;2025-11-12;19;1749
7;2025-11-12;20;1088
7;2025-11-12;21;660
7;2025-11-12;22;339
7;2025-11-12;23;195
7;2025-11-13;0;77
7;2025-11-13;1;18
7;2025-11-13;2;0
7;2025-11-13;3;0
7;2025-11-13;4;1
7;2025-11-13;5;202
7;2025-11-13;6;747
7;2025-11-13;7;1698
7;2025-11-13;8;2642
7;2025-11-13;9;1936
7;2025-11-13;10;1599
7;2025-11-13;11;1483
7;2025-11-13;12;1550
7;2025-11-13;13;1620
7;2025-11-13;14;1710
7;2025-11-13;15;1777
7;2025-11-13;16;1868
7;2025-11-13;17;2367
7;2025-11-13;18;2659
7;2025-11-13;19;1725
7;2025-11-13;20;1067
7;2025-11-13;21;654
7;2025-11-13;22;340
7;2025-11-13;23;202
7;2025-11-14;0;80
7;2025-11-14;1;16
7;2025-11-14;2;0
7;2025-11-14;3;0
7;2025-11-14;4;2
7;2025-11-14;5;208
7;2025-11-14;6;682
7;2025-11-14;7;1607
7;2025-11-14;8;2487
7;2025-11-14;9;1867
7;2025-11-14;10;1619
7;2025-11-14;11;1512
7;2025-11-14;12;1638
7;2025-11-14;13;1716
7;2025-11-14;14;1785
7;2025-11-14;15;1908
7;2025-11-14;16;2133
7;2025-11-14;17;2323
7;2025-11-14;18;2165
7;2025-11-14;19;1544
7;2025-11-14;20;1029
7;2025-11-14;21;652
7;2025-11-14;22;363
7;2025-11-14;23;227
7;2025-11-15;0;87
7;2025-11-15;1;25
7;2025-11-15;2;0
7;2025-11-15;3;0
7;2025-11-15;4;3
7;2025-11-15;5;61
7;2025-11-15;6;282
7;2025-11-15;7;493
7;2025-11-15;8;787
7;2025-11-15;9;817
7;2025-11-15;10;887
7;2025-11-15;11;1002
7;2025-11-15;12;1097
7;2025-11-15;13;1172
7;2025-11-15;14;1231
7;2025-11-15;15;1229
7;2025-11-15;16;1179
7;2025-11-15;17;1100
7;2025-11-15;18;1043
7;2025-11-15;19;1063
7;2025-11-15;20;827
7;2025-11-15;21;654
7;2025-11-15;22;332
7;2025-11-15;23;206
7;2025-11-16;0;101
7;2025-11-16;1;23
7;2025-11-16;2;0
7;2025-11-16;3;0
7;2025-11-16;4;2
7;2025-11-16;5;33
7;2025-11-16;6;203
7;2025-11-16;7;307
7;2025-11-16;8;523
7;2025-11-16;9;681
7;2025-11-16;10;780
7;2025-11-16;11;927
7;2025-11-16;12;1004
7;2025-11-16;13;1113
7;2025-11-16;14;1098
7;2025-11-16;15;1077
7;2025-11-16;16;987
7;2025-11-16;17;1001
7;2025-11-16;18;869
7;2025-11-16;19;758
7;2025-11-16;20;642
7;2025-11-16;21;500
7;2025-11-16;22;273
7;2025-11-16;23;148
7;2025-11-17;0;61
7;2025-11-17;1;9
7;2025-11-17;2;0
7;2025-11-17;3;0
7;2025-11-17;4;0
7;2025-11-17;5;190
7;2025-11-17;6;732
7;2025-11-17;7;1562
7;2025-11-17;8;2458
7;2025-11-17;9;1812
7;2025-11-17;10;1468
7;2025-11-17;11;1327
7;2025-11-17;12;1447
7;2025-11-17;13;1381
7;2025-11-17;14;1511
7;2025-11-17;15;1604
7;2025-11-17;16;1756
7;2025-11-17;17;2299
7;2025-11-17;18;2560
7;2025-11-17;19;1695
7;2025-11-17;20;1011
7;2025-11-17;21;572
7;2025-11-17;22;273
7;2025-11-17;23;169
7;2025-11-18;0;51
7;2025-11-18;1;10
7;2025-11-18;2;0
7;2025-11-18;3;0
7;2025-11-18;4;0
7;2025-11-18;5;203
7;2025-11-18;6;734
7;2025-11-18;7;1705
7;2025-11-18;8;2512
7;2025-11-18;9;1848
7;2025-11-18;10;1542
7;2025-11-18;11;1511
7;2025-11-18;12;1591
7;2025-11-18;13;1570
7;2025-11-18;14;1607
7;2025-11-18;15;1747
7;2025-11-18;16;1829
7;2025-11-18;17;2291
7;2025-11-18;18;2665
7;2025-11-18;19;1846
7;2025-11-18;20;1078
7;2025-11-18;21;657
7;2025-11-18;22;323
7;2025-11-18;23;182
7;2025-11-19;0;60
7;2025-11-19;1;11
7;2025-11-19;2;0
7;2025-11-19;3;0
7;2025-11-19;4;0
7;2025-11-19;5;203
7;2025-11-19;6;758
7;2025-11-19;7;1671
7;2025-11-19;8;2667
7;2025-11-19;9;2021
7;2025-11-19;10;1675
7;2025-11-19;11;1520
7;2025-11-19;12;1571
7;2025-11-19;13;1590
7;2025-11-19;14;1632
7;2025-11-19;15;1825
7;2025-11-19;16;1912
7;2025-11-19;17;2465
7;2025-11-19;18;2641
7;2025-11-19;19;1780
7;2025-11-19;20;1085
7;2025-11-19;21;652
7;2025-11-19;22;323
7;2025-11-19;23;172
7;2025-11-20;0;67
7;2025-11-20;1;13
7;2025-11-20;2;0
7;2025-11-20;3;0
7;2025-11-20;4;1
7;2025-11-20;5;198
7;2025-11-20;6;757
7;2025-11-20;7;1689
7;2025-11-20;8;2615
7;2025-11-20;9;1950
7;2025-11-20;10;1607
7;2025-11-20;11;1519
7;2025-11-20;12;1574
7;2025-11-20;13;1641
7;2025-11-20;14;1723
7;2025-11-20;15;1790
7;2025-11-20;16;1881
7;2025-11-20;17;2381
7;2025-11-20;18;2683
7;2025-11-20;19;1729
7;2025-11-20;20;1054
7;2025-11-20;21;640
7;2025-11-20;22;330
7;2025-11-20;23;194
7;2025-11-21;0;74
7;2025-11-21;1;10
7;2025-11-21;2;0
7;2025-11-21;3;0
7;2025-11-21;4;2
7;2025-11-21;5;186
7;2025-11-21;6;673
7;2025-11-21;7;1594
7;2025-11-21;8;2459
7;2025-11-21;9;1842
7;2025-11-21;10;1587
7;2025-11-21;11;1496
7;2025-11-21;12;1604
7;2025-11-21;13;1681
7;2025-11-21;14;1752
7;2025-11-21;15;1867
7;2025-11-21;16;2128
7;2025-11-21;17;2322
7;2025-11-21;18;2165
7;2025-11-21;19;1525
7;2025-11-21;20;1018
7;2025-11-21;21;629
7;2025-11-21;22;356
7;2025-11-21;23;218
7;2025-11-22;0;96
7;2025-11-22;1;28
7;2025-11-22;2;0
7;2025-11-22;3;0
7;2025-11-22;4;7
7;2025-11-22;5;60
7;2025-11-22;6;284
7;2025-11-22;7;475
7;2025-11-22;8;774
7;2025-11-22;9;837
7;2025-11-22;10;923
7;2025-11-22;11;1077
7;2025-11-22;12;1160
7;2025-11-22;13;1221
7;2025-11-22;14;1217
7;2025-11-22;15;1209
7;2025-11-22;16;1178
7;2025-11-22;17;1109
7;2025-11-22;18;1073
7;2025-11-22;19;1045
7;2025-11-22;20;809
7;2025-11-22;21;636
7;2025-11-22;22;326
7;2025-11-22;23;200
7;2025-11-23;0;88
7;2025-11-23;1;22
7;2025-11-23;2;0
7;2025-11-23;3;0
7;2025-11-23;4;0
7;2025-11-23;5;39
7;2025-11-23;6;213
7;2025-11-23;7;315
7;2025-11-23;8;532
7;2025-11-23;9;672
7;2025-11-23;10;762
7;2025-11-23;11;922
7;2025-11-23;12;1030
7;2025-11-23;13;1142
7;2025-11-23;14;1148
7;2025-11-23;15;1150
7;2025-11-23;16;1063
7;2025-11-23;17;1084
7;2025-11-23;18;968
7;2025-11-23;19;826
7;2025-11-23;20;696
7;2025-11-23;21;500
7;2025-11-23;22;281
7;2025-11-23;23;157
7;2025-11-24;0;63
7;2025-11-24;1;12
7;2025-11-24;2;0
7;2025-11-24;3;0
7;2025-11-24;4;0
7;2025-11-24;5;191
7;2025-11-24;6;738
7;2025-11-24;7;1589
7;2025-11-24;8;2461
7;2025-11-24;9;1843
7;2025-11-24;10;1515
7;2025-11-24;11;1369
7;2025-11-24;12;1504
7;2025-11-24;13;1483
7;2025-11-24;14;1570
7;2025-11-24;15;1664
7;2025-11-24;16;1820
7;2025-11-24;17;2326
7;2025-11-24;18;2567
7;2025-11-24;19;1727
7;2025-11-24;20;1063
7;2025-11-24;21;625
7;2025-11-24;22;295
7;2025-11-24;23;179
7;2025-11-25;0;51
7;2025-11-25;1;11
7;2025-11-25;2;0
7;2025-11-25;3;0
7;2025-11-25;4;3
7;2025-11-25;5;209
7;2025-11-25;6;772
7;2025-11-25;7;1696
7;2025-11-25;8;2523
7;2025-11-25;9;1870
7;2025-11-25;10;1589
7;2025-11-25;11;1532
7;2025-11-25;12;1606
7;2025-11-25;13;1595
7;2025-11-25;14;1630
7;2025-11-25;15;1769
7;2025-11-25;16;1843
7;2025-11-25;17;2300
7;2025-11-25;18;2668
7;2025-11-25;19;1858
7;2025-11-25;20;1097
7;2025-11-25;21;656
7;2025-11-25;22;311
7;2025-11-25;23;167
7;2025-11-26;0;61
7;2025-11-26;1;9
7;2025-11-26;2;0
7;2025-11-26;3;0
7;2025-11-26;4;3
7;2025-11-26;5;194
7;2025-11-26;6;777
7;2025-11-26;7;1669
7;2025-11-26;8;2699
7;2025-11-26;9;2045
7;2025-11-26;10;1658
7;2025-11-26;11;1509
7;2025-11-26;12;1545
7;2025-11-26;13;1592
7;2025-11-26;14;1629
7;2025-11-26;15;1812
7;2025-11-26;16;1861
7;2025-11-26;17;2491
7;2025-11-26;18;2692
7;2025-11-26;19;1765
7;2025-11-26;20;1072
7;2025-11-26;21;639
7;2025-11-26;22;319
7;2025-11-26;23;166
7;2025-11-27;0;69
7;2025-11-27;1;15
7;2025-11-27;2;0
7;2025-11-27;3;0
7;2025-11-27;4;1
7;2025-11-27;5;201
7;2025-11-27;6;774
7;2025-11-27;7;1668
7;2025-11-27;8;2588
7;2025-11-27;9;1924
7;2025-11-27;10;1572
7;2025-11-27;11;1471
7;2025-11-27;12;1536
7;2025-11-27;13;1626
7;2025-11-27;14;1683
7;2025-11-27;15;1773
7;2025-11-27;16;1837
7;2025-11-27;17;2381
7;2025-11-27;18;2668
7;2025-11-27;19;1723
7;2025-11-27;20;1080
7;2025-11-27;21;681
7;2025-11-27;22;335
7;2025-11-27;23;194
7;2025-11-28;0;76
7;2025-11-28;1;17
7;2025-11-28;2;0
7;2025-11-28;3;0
7;2025-11-28;4;6
7;2025-11-28;5;200
7;2025-11-28;6;693
7;2025-11-28;7;1580
7;2025-11-28;8;2486
7;2025-11-28;9;1868
7;2025-11-28;10;1598
7;2025-11-28;11;1530
7;2025-11-28;12;1632
7;2025-11-28;13;1720
7;2025-11-28;14;1782
7;2025-11-28;15;1903
7;2025-11-28;16;2107
7;2025-11-28;17;2357
7;2025-11-28;18;2190
7;2025-11-28;19;1562
7;2025-11-28;20;1063
7;2025-11-28;21;680
7;2025-11-28;22;383
7;2025-11-28;23;238
7;2025-11-29;0;107
7;2025-11-29;1;28
7;2025-11-29;2;0
7;2025-11-29;3;0
7;2025-11-29;4;5
7;2025-11-29;5;66
7;2025-11-29;6;304
7;2025-11-29;7;524
7;2025-11-29;8;868
7;2025-11-29;9;922
7;2025-11-29;10;955
7;2025-11-29;11;1102
7;2025-11-29;12;1185
7;2025-11-29;13;1260
7;2025-11-29;14;1261
7;2025-11-29;15;1255
7;2025-11-29;16;1181
7;2025-11-29;17;1167
7;2025-11-29;18;1121
7;2025-11-29;19;1082
7;2025-11-29;20;839
7;2025-11-29;21;662
7;2025-11-29;22;334
7;2025-11-29;23;229
7;2025-11-30;0;113
7;2025-11-30;1;39
7;2025-11-30;2;0
7;2025-11-30;3;0
7;2025-11-30;4;13
7;2025-11-30;5;56
7;2025-11-30;6;235
7;2025-11-30;7;347
7;2025-11-30;8;614
7;2025-11-30;9;761
7;2025-11-30;10;796
7;2025-11-30;11;941
7;2025-11-30;12;998
7;2025-11-30;13;1134
7;2025-11-30;14;1139
7;2025-11-30;15;1131
7;2025-11-30;16;1008
7;2025-11-30;17;1095
7;2025-11-30;18;983
7;2025-11-30;19;854
7;2025-11-30;20;709
7;2025-11-30;21;552
7;2025-11-30;22;289
7;2025-11-30;23;189
7;2025-12-01;0;90
7;2025-12-01;1;29
7;2025-12-01;2;0
7;2025-12-01;3;0
7;2025-12-01;4;17
7;2025-12-01;5;227
7;2025-12-01;6;786
7;2025-12-01;7;1601
7;2025-12-01;8;2526
7;2025-12-01;9;1909
7;2025-12-01;10;1546
7;2025-12-01;11;1423
7;2025-12-01;12;1529
7;2025-12-01;13;1527
7;2025-12-01;14;1621
7;2025-12-01;15;1722
7;2025-12-01;16;1835
7;2025-12-01;17;2385
7;2025-12-01;18;2625
7;2025-12-01;19;1770
7;2025-12-01;20;1083
7;2025-12-01;21;654
7;2025-12-01;22;329
7;2025-12-01;23;208
7;2025-12-02;0;71
7;2025-12-02;1;27
7;2025-12-02;2;0
7;2025-12-02;3;0
7;2025-12-02;4;17
7;2025-12-02;5;239
7;2025-12-02;6;787
7;2025-12-02;7;1719
7;2025-12-02;8;2560
7;2025-12-02;9;1933
7;2025-12-02;10;1615
7;2025-12-02;11;1550
7;2025-12-02;12;1622
7;2025-12-02;13;1647
7;2025-12-02;14;1679
7;2025-12-02;15;1813
7;2025-12-02;16;1852
7;2025-12-02;17;2359
7;2025-12-02;18;2706
7;2025-12-02;19;1905
7;2025-12-02;20;1121
7;2025-12-02;21;713
7;2025-12-02;22;355
7;2025-12-02;23;206
7;2025-12-03;0;66
7;2025-12-03;1;17
7;2025-12-03;2;0
7;2025-12-03;3;0
7;2025-12-03;4;5
7;2025-12-03;5;211
7;2025-12-03;6;776
7;2025-12-03;7;1672
7;2025-12-03;8;2714
7;2025-12-03;9;2076
7;2025-12-03;10;1702
7;2025-12-03;11;1535
7;2025-12-03;12;1611
7;2025-12-03;13;1635
7;2025-12-03;14;1676
7;2025-12-03;15;1863
7;2025-12-03;16;1915
7;2025-12-03;17;2540
7;2025-12-03;18;2685
7;2025-12-03;19;1802
7;2025-12-03;20;1129
7;2025-12-03;21;686
7;2025-12-03;22;355
7;2025-12-03;23;197
7;2025-12-04;0;77
7;2025-12-04;1;18
7;2025-12-04;2;0
7;2025-12-04;3;0
7;2025-12-04;4;5
7;2025-12-04;5;207
7;2025-12-04;6;771
7;2025-12-04;7;1690
7;2025-12-04;8;2623
7;2025-12-04;9;1960
7;2025-12-04;10;1605
7;2025-12-04;11;1499
7;2025-12-04;12;1562
7;2025-12-04;13;1649
7;2025-12-04;14;1732
7;2025-12-04;15;1804
7;2025-12-04;16;1858
7;2025-12-04;17;2410
7;2025-12-04;18;2674
7;2025-12-04;19;1763
7;2025-12-04;20;1120
7;2025-12-04;21;695
7;2025-12-04;22;344
7;2025-12-04;23;204
7;2025-12-05;0;82
7;2025-12-05;1;17
7;2025-12-05;2;0
7;2025-12-05;3;0
7;2025-12-05;4;4
7;2025-12-05;5;210
7;2025-12-05;6;690
7;2025-12-05;7;1607
7;2025-12-05;8;2539
7;2025-12-05;9;1899
7;2025-12-05;10;1616
7;2025-12-05;11;1538
7;2025-12-05;12;1651
7;2025-12-05;13;1745
7;2025-12-05;14;1816
7;2025-12-05;15;1936
7;2025-12-05;16;2131
7;2025-12-05;17;2385
7;2025-12-05;18;2208
7;2025-12-05;19;1582
7;2025-12-05;20;1067
7;2025-12-05;21;678
7;2025-12-05;22;377
7;2025-12-05;23;236
7;2025-12-06;0;101
7;2025-12-06;1;27
7;2025-12-06;2;0
7;2025-12-06;3;0
7;2025-12-06;4;4
7;2025-12-06;5;65
7;2025-12-06;6;307
7;2025-12-06;7;528
7;2025-12-06;8;868
7;2025-12-06;9;901
7;2025-12-06;10;924
7;2025-12-06;11;1071
7;2025-12-06;12;1171
7;2025-12-06;13;1234
7;2025-12-06;14;1239
7;2025-12-06;15;1241
7;2025-12-06;16;1165
7;2025-12-06;17;1152
7;2025-12-06;18;1111
7;2025-12-06;19;1058
7;2025-12-06;20;840
7;2025-12-06;21;658
7;2025-12-06;22;322
7;2025-12-06;23;226
7;2025-12-07;0;106
7;2025-12-07;1;21
7;2025-12-07;2;0
7;2025-12-07;3;0
7;2025-12-07;4;0
7;2025-12-07;5;42
7;2025-12-07;6;221
7;2025-12-07;7;323
7;2025-12-07;8;553
7;2025-12-07;9;694
7;2025-12-07;10;762
7;2025-12-07;11;902
7;2025-12-07;12;966
7;2025-12-07;13;1049
7;2025-12-07;14;1075
7;2025-12-07;15;1051
7;2025-12-07;16;975
7;2025-12-07;17;1019
7;2025-12-07;18;916
7;2025-12-07;19;787
7;2025-12-07;20;681
7;2025-12-07;21;516
7;2025-12-07;22;280
7;2025-12-07;23;175
7;2025-12-08;0;75
7;2025-12-08;1;12
7;2025-12-08;2;0
7;2025-12-08;3;0
7;2025-12-08;4;1
7;2025-12-08;5;211
7;2025-12-08;6;758
7;2025-12-08;7;1620
7;2025-12-08;8;2478
7;2025-12-08;9;1896
7;2025-12-08;10;1573
7;2025-12-08;11;1428
7;2025-12-08;12;1561
7;2025-12-08;13;1503
7;2025-12-08;14;1602
7;2025-12-08;15;1708
7;2025-12-08;16;1855
7;2025-12-08;17;2326
7;2025-12-08;18;2550
7;2025-12-08;19;1754
7;2025-12-08;20;1085
7;2025-12-08;21;625
7;2025-12-08;22;305
7;2025-12-08;23;197
7;2025-12-09;0;54
7;2025-12-09;1;14
7;2025-12-09;2;0
7;2025-12-09;3;0
7;2025-12-09;4;2
7;2025-12-09;5;233
7;2025-12-09;6;779
7;2025-12-09;7;1765
7;2025-12-09;8;2515
7;2025-12-09;9;1935
7;2025-12-09;10;1657
7;2025-12-09;11;1588
7;2025-12-09;12;1673
7;2025-12-09;13;1636
7;2025-12-09;14;1678
7;2025-12-09;15;1828
7;2025-12-09;16;1899
7;2025-12-09;17;2304
7;2025-12-09;18;2634
7;2025-12-09;19;1891
7;2025-12-09;20;1131
7;2025-12-09;21;700
7;2025-12-09;22;331
7;2025-12-09;23;183
7;2025-12-10;0;63
7;2025-12-10;1;14
7;2025-12-10;2;0
7;2025-12-10;3;0
7;2025-12-10;4;3
7;2025-12-10;5;217
7;2025-12-10;6;770
7;2025-12-10;7;1695
7;2025-12-10;8;2681
7;2025-12-10;9;2068
7;2025-12-10;10;1725
7;2025-12-10;11;1569
7;2025-12-10;12;1634
7;2025-12-10;13;1612
7;2025-12-10;14;1658
7;2025-12-10;15;1852
7;2025-12-10;16;1924
7;2025-12-10;17;2481
7;2025-12-10;18;2624
7;2025-12-10;19;1760
7;2025-12-10;20;1104
7;2025-12-10;21;660
7;2025-12-10;22;342
7;2025-12-10;23;186
7;2025-12-11;0;70
7;2025-12-11;1;15
7;2025-12-11;2;0
7;2025-12-11;3;0
7;2025-12-11;4;2
7;2025-12-11;5;202
7;2025-12-11;6;754
7;2025-12-11;7;1686
7;2025-12-11;8;2523
7;2025-12-11;9;1897
7;2025-12-11;10;1587
7;2025-12-11;11;1499
7;2025-12-11;12;1572
7;2025-12-11;13;1618
7;2025-12-11;14;1697
7;2025-12-11;15;1760
7;2025-12-11;16;1838
7;2025-12-11;17;2286
7;2025-12-11;18;2559
7;2025-12-11;19;1689
7;2025-12-11;20;1066
7;2025-12-11;21;676
7;2025-12-11;22;329
7;2025-12-11;23;198
7;2025-12-12;0;76
7;2025-12-12;1;15
7;2025-12-12;2;0
7;2025-12-12;3;0
7;2025-12-12;4;2
7;2025-12-12;5;203
7;2025-12-12;6;659
7;2025-12-12;7;1588
7;2025-12-12;8;2458
7;2025-12-12;9;1845
7;2025-12-12;10;1606
7;2025-12-12;11;1527
7;2025-12-12;12;1636
7;2025-12-12;13;1672
7;2025-12-12;14;1740
7;2025-12-12;15;1863
7;2025-12-12;16;2070
7;2025-12-12;17;2282
7;2025-12-12;18;2136
7;2025-12-12;19;1579
7;2025-12-12;20;1092
7;2025-12-12;21;686
7;2025-12-12;22;370
7;2025-12-12;23;232
7;2025-12-13;0;96
7;2025-12-13;1;20
7;2025-12-13;2;0
7;2025-12-13;3;0
7;2025-12-13;4;0
7;2025-12-13;5;45
7;2025-12-13;6;295
7;2025-12-13;7;514
7;2025-12-13;8;797
7;2025-12-13;9;893
7;2025-12-13;10;974
7;2025-12-13;11;1126
7;2025-12-13;12;1238
7;2025-12-13;13;1271
7;2025-12-13;14;1223
7;2025-12-13;15;1233
7;2025-12-13;16;1170
7;2025-12-13;17;1126
7;2025-12-13;18;1097
7;2025-12-13;19;1088
7;2025-12-13;20;858
7;2025-12-13;21;643
7;2025-12-13;22;327
7;2025-12-13;23;207
7;2025-12-14;0;97
7;2025-12-14;1;19
7;2025-12-14;2;0
7;2025-12-14;3;0
7;2025-12-14;4;0
7;2025-12-14;5;39
7;2025-12-14;6;221
7;2025-12-14;7;319
7;2025-12-14;8;556
7;2025-12-14;9;696
7;2025-12-14;10;768
7;2025-12-14;11;909
7;2025-12-14;12;1018
7;2025-12-14;13;1108
7;2025-12-14;14;1117
7;2025-12-14;15;1113
7;2025-12-14;16;1048
7;2025-12-14;17;1086
7;2025-12-14;18;975
7;2025-12-14;19;842
7;2025-12-14;20;695
7;2025-12-14;21;510
7;2025-12-14;22;284
7;2025-12-14;23;161
7;2025-12-15;0;71
7;2025-12-15;1;12
7;2025-12-15;2;0
7;2025-12-15;3;0
7;2025-12-15;4;0
7;2025-12-15;5;205
7;2025-12-15;6;744
7;2025-12-15;7;1594
7;2025-12-15;8;2488
7;2025-12-15;9;1867
7;2025-12-15;10;1548
7;2025-12-15;11;1387
7;2025-12-15;12;1523
7;2025-12-15;13;1481
7;2025-12-15;14;1576
7;2025-12-15;15;1698
7;2025-12-15;16;1848
7;2025-12-15;17;2354
7;2025-12-15;18;2584
7;2025-12-15;19;1729
7;2025-12-15;20;1036
7;2025-12-15;21;601
7;2025-12-15;22;290
7;2025-12-15;23;180
7;2025-12-16;0;52
7;2025-12-16;1;14
7;2025-12-16;2;0
7;2025-12-16;3;0
7;2025-12-16;4;1
7;2025-12-16;5;216
7;2025-12-16;6;742
7;2025-12-16;7;1705
7;2025-12-16;8;2526
7;2025-12-16;9;1882
7;2025-12-16;10;1632
7;2025-12-16;11;1573
7;2025-12-16;12;1625
7;2025-12-16;13;1614
7;2025-12-16;14;1661
7;2025-12-16;15;1815
7;2025-12-16;16;1876
7;2025-12-16;17;2323
7;2025-12-16;18;2659
7;2025-12-16;19;1875
7;2025-12-16;20;1113
7;2025-12-16;21;677
7;2025-12-16;22;324
7;2025-12-16;23;182
7;2025-12-17;0;60
7;2025-12-17;1;14
7;2025-12-17;2;0
7;2025-12-17;3;0
7;2025-12-17;4;3
7;2025-12-17;5;206
7;2025-12-17;6;758
7;2025-12-17;7;1674
7;2025-12-17;8;2658
7;2025-12-17;9;2035
7;2025-12-17;10;1702
7;2025-12-17;11;1556
7;2025-12-17;12;1623
7;2025-12-17;13;1606
7;2025-12-17;14;1648
7;2025-12-17;15;1850
7;2025-12-17;16;1920
7;2025-12-17;17;2477
7;2025-12-17;18;2617
7;2025-12-17;19;1752
7;2025-12-17;20;1096
7;2025-12-17;21;658
7;2025-12-17;22;337
7;2025-12-17;23;185
7;2025-12-18;0;70
7;2025-12-18;1;15
7;2025-12-18;2;0
7;2025-12-18;3;0
7;2025-12-18;4;2
7;2025-12-18;5;201
7;2025-12-18;6;760
7;2025-12-18;7;1686
7;2025-12-18;8;2572
7;2025-12-18;9;1926
7;2025-12-18;10;1607
7;2025-12-18;11;1515
7;2025-12-18;12;1583
7;2025-12-18;13;1625
7;2025-12-18;14;1697
7;2025-12-18;15;1778
7;2025-12-18;16;1872
7;2025-12-18;17;2362
7;2025-12-18;18;2635
7;2025-12-18;19;1722
7;2025-12-18;20;1087
7;2025-12-18;21;665
7;2025-12-18;22;330
7;2025-12-18;23;190
7;2025-12-19;0;70
7;2025-12-19;1;15
7;2025-12-19;2;0
7;2025-12-19;3;0
7;2025-12-19;4;2
7;2025-12-19;5;201
7;2025-12-19;6;671
7;2025-12-19;7;1582
7;2025-12-19;8;2462
7;2025-12-19;9;1850
7;2025-12-19;10;1607
7;2025-12-19;11;1531
7;2025-12-19;12;1652
7;2025-12-19;13;1699
7;2025-12-19;14;1762
7;2025-12-19;15;1876
7;2025-12-19;16;2115
7;2025-12-19;17;2323
7;2025-12-19;18;2139
7;2025-12-19;19;1511
7;2025-12-19;20;1039
7;2025-12-19;21;648
7;2025-12-19;22;361
7;2025-12-19;23;222
7;2025-12-20;0;97
7;2025-12-20;1;23
7;2025-12-20;2;0
7;2025-12-20;3;0
7;2025-12-20;4;1
7;2025-12-20;5;61
7;2025-12-20;6;303
7;2025-12-20;7;507
7;2025-12-20;8;806
7;2025-12-20;9;852
7;2025-12-20;10;911
7;2025-12-20;11;1059
7;2025-12-20;12;1164
7;2025-12-20;13;1196
7;2025-12-20;14;1207
7;2025-12-20;15;1200
7;2025-12-20;16;1158
7;2025-12-20;17;1093
7;2025-12-20;18;1042
7;2025-12-20;19;995
7;2025-12-20;20;796
7;2025-12-20;21;640
7;2025-12-20;22;324
7;2025-12-20;23;210
7;2025-12-21;0;103
7;2025-12-21;1;21
7;2025-12-21;2;0
7;2025-12-21;3;0
7;2025-12-21;4;0
7;2025-12-21;5;42
7;2025-12-21;6;214
7;2025-12-21;7;324
7;2025-12-21;8;561
7;2025-12-21;9;685
7;2025-12-21;10;744
7;2025-12-21;11;879
7;2025-12-21;12;951
7;2025-12-21;13;1037
7;2025-12-21;14;1058
7;2025-12-21;15;1054
7;2025-12-21;16;970
7;2025-12-21;17;1004
7;2025-12-21;18;900
7;2025-12-21;19;769
7;2025-12-21;20;667
7;2025-12-21;21;512
7;2025-12-21;22;270
7;2025-12-21;23;160
7;2025-12-22;0;66
7;2025-12-22;1;15
7;2025-12-22;2;0
7;2025-12-22;3;0
7;2025-12-22;4;2
7;2025-12-22;5;210
7;2025-12-22;6;749
7;2025-12-22;7;1617
7;2025-12-22;8;2500
7;2025-12-22;9;1875
7;2025-12-22;10;1576
7;2025-12-22;11;1424
7;2025-12-22;12;1561
7;2025-12-22;13;1513
7;2025-12-22;14;1612
7;2025-12-22;15;1719
7;2025-12-22;16;1836
7;2025-12-22;17;2345
7;2025-12-22;18;2567
7;2025-12-22;19;1768
7;2025-12-22;20;1103
7;2025-12-22;21;629
7;2025-12-22;22;293
7;2025-12-22;23;176
7;2025-12-23;0;49
7;2025-12-23;1;13
7;2025-12-23;2;0
7;2025-12-23;3;0
7;2025-12-23;4;0
7;2025-12-23;5;217
7;2025-12-23;6;771
7;2025-12-23;7;1729
7;2025-12-23;8;2518
7;2025-12-23;9;1909
7;2025-12-23;10;1629
7;2025-12-23;11;1567
7;2025-12-23;12;1632
7;2025-12-23;13;1604
7;2025-12-23;14;1640
7;2025-12-23;15;1796
7;2025-12-23;16;1862
7;2025-12-23;17;2317
7;2025-12-23;18;2670
7;2025-12-23;19;1878
7;2025-12-23;20;1145
7;2025-12-23;21;686
7;2025-12-23;22;331
7;2025-12-23;23;175
7;2025-12-24;0;57
7;2025-12-24;1;9
7;2025-12-24;2;0
7;2025-12-24;3;0
7;2025-12-24;4;2
7;2025-12-24;5;205
7;2025-12-24;6;790
7;2025-12-24;7;1659
7;2025-12-24;8;2639
7;2025-12-24;9;2026
7;2025-12-24;10;1689
7;2025-12-24;11;1541
7;2025-12-24;12;1612
7;2025-12-24;13;1594
7;2025-12-24;14;1635
7;2025-12-24;15;1831
7;2025-12-24;16;1902
7;2025-12-24;17;2471
7;2025-12-24;18;2605
7;2025-12-24;19;1755
7;2025-12-24;20;1100
7;2025-12-24;21;644
7;2025-12-24;22;333
7;2025-12-24;23;185
7;2025-12-25;0;62
7;2025-12-25;1;11
7;2025-12-25;2;0
7;2025-12-25;3;0
7;2025-12-25;4;0
7;2025-12-25;5;196
7;2025-12-25;6;738
7;2025-12-25;7;1662
7;2025-12-25;8;2553
7;2025-12-25;9;1919
7;2025-12-25;10;1605
7;2025-12-25;11;1498
7;2025-12-25;12;1566
7;2025-12-25;13;1611
7;2025-12-25;14;1677
7;2025-12-25;15;1760
7;2025-12-25;16;1855
7;2025-12-25;17;2339
7;2025-12-25;18;2543
7;2025-12-25;19;1699
7;2025-12-25;20;1057
7;2025-12-25;21;647
7;2025-12-25;22;327
7;2025-12-25;23;190
7;2025-12-26;0;64
7;2025-12-26;1;24
7;2025-12-26;2;0
7;2025-12-26;3;0
7;2025-12-26;4;0
7;2025-12-26;5;212
7;2025-12-26;6;686
7;2025-12-26;7;1593
7;2025-12-26;8;2424
7;2025-12-26;9;1851
7;2025-12-26;10;1633
7;2025-12-26;11;1558
7;2025-12-26;12;1668
7;2025-12-26;13;1706
7;2025-12-26;14;1769
7;2025-12-26;15;1904
7;2025-12-26;16;2090
7;2025-12-26;17;2281
7;2025-12-26;18;2088
7;2025-12-26;19;1524
7;2025-12-26;20;1067
7;2025-12-26;21;669
7;2025-12-26;22;384
7;2025-12-26;23;243
7;2025-12-27;0;96
7;2025-12-27;1;22
7;2025-12-27;2;0
7;2025-12-27;3;0
7;2025-12-27;4;0
7;2025-12-27;5;74
7;2025-12-27;6;316
7;2025-12-27;7;518
7;2025-12-27;8;814
7;2025-12-27;9;844
7;2025-12-27;10;900
7;2025-12-27;11;1046
7;2025-12-27;12;1146
7;2025-12-27;13;1151
7;2025-12-27;14;1160
7;2025-12-27;15;1168
7;2025-12-27;16;1126
7;2025-12-27;17;1070
7;2025-12-27;18;1015
7;2025-12-27;19;971
7;2025-12-27;20;784
7;2025-12-27;21;623
7;2025-12-27;22;338
7;2025-12-27;23;200
7;2025-12-28;0;88
7;2025-12-28;1;18
7;2025-12-28;2;0
7;2025-12-28;3;0
7;2025-12-28;4;1
7;2025-12-28;5;47
7;2025-12-28;6;207
7;2025-12-28;7;321
7;2025-12-28;8;555
7;2025-12-28;9;669
7;2025-12-28;10;734
7;2025-12-28;11;862
7;2025-12-28;12;950
7;2025-12-28;13;996
7;2025-12-28;14;1004
7;2025-12-28;15;1001
7;2025-12-28;16;950
7;2025-12-28;17;977
7;2025-12-28;18;855
7;2025-12-28;19;753
7;2025-12-28;20;657
7;2025-12-28;21;505
7;2025-12-28;22;274
7;2025-12-28;23;160
7;2025-12-29;0;67
7;2025-12-29;1;13
7;2025-12-29;2;0
7;2025-12-29;3;0
7;2025-12-29;4;2
7;2025-12-29;5;215
7;2025-12-29;6;732
7;2025-12-29;7;1578
7;2025-12-29;8;2476
7;2025-12-29;9;1849
7;2025-12-29;10;1557
7;2025-12-29;11;1395
7;2025-12-29;12;1529
7;2025-12-29;13;1484
7;2025-12-29;14;1592
7;2025-12-29;15;1703
7;2025-12-29;16;1824
7;2025-12-29;17;2323
7;2025-12-29;18;2532
7;2025-12-29;19;1722
7;2025-12-29;20;1033
7;2025-12-29;21;613
7;2025-12-29;22;293
7;2025-12-29;23;176
7;2025-12-30;0;37
7;2025-12-30;1;1
7;2025-12-30;2;0
7;2025-12-30;3;0
7;2025-12-30;4;0
7;2025-12-30;5;217
7;2025-12-30;6;712
7;2025-12-30;7;1655
7;2025-12-30;8;2502
7;2025-12-30;9;1867
7;2025-12-30;10;1631
7;2025-12-30;11;1572
7;2025-12-30;12;1657
7;2025-12-30;13;1627
7;2025-12-30;14;1706
7;2025-12-30;15;1846
7;2025-12-30;16;1874
7;2025-12-30;17;2317
7;2025-12-30;18;2646
7;2025-12-30;19;1850
7;2025-12-30;20;1063
7;2025-12-30;21;674
7;2025-12-30;22;337
7;2025-12-30;23;202
7;2025-12-31;0;14
7;2025-12-31;1;0
7;2025-12-31;2;0
7;2025-12-31;3;0
7;2025-12-31;4;0
7;2025-12-31;5;91
7;2025-12-31;6;280
7;2025-12-31;7;295
7;2025-12-31;8;649
7;2025-12-31;9;631
7;2025-12-31;10;699
7;2025-12-31;11;814
7;2025-12-31;12;933
7;2025-12-31;13;877
7;2025-12-31;14;896
7;2025-12-31;15;902
7;2025-12-31;16;886
7;2025-12-31;17;943
7;2025-12-31;18;955
7;2025-12-31;19;757
7;2025-12-31;20;603
7;2025-12-31;21;391
7;2025-12-31;22;287
7;2025-12-31;23;147
11;2025-11-01;0;85
11;2025-11-01;1;0
11;2025-11-01;2;0
11;2025-11-01;3;0
11;2025-11-01;4;0
11;2025-11-01;5;184
11;2025-11-01;6;769
11;2025-11-01;7;677
11;2025-11-01;8;1014
11;2025-11-01;9;1169
11;2025-11-01;10;1283
11;2025-11-01;11;1726
11;2025-11-01;12;1968
11;2025-11-01;13;1825
11;2025-11-01;14;1907
11;2025-11-01;15;1845
11;2025-11-01;16;1879
11;2025-11-01;17;1888
11;2025-11-01;18;1565
11;2025-11-01;19;1479
11;2025-11-01;20;1004
11;2025-11-01;21;727
11;2025-11-01;22;402
11;2025-11-01;23;306
11;2025-11-02;0;113
11;2025-11-02;1;17
11;2025-11-02;2;0
11;2025-11-02;3;0
11;2025-11-02;4;4
11;2025-11-02;5;132
11;2025-11-02;6;471
11;2025-11-02;7;467
11;2025-11-02;8;595
11;2025-11-02;9;803
11;2025-11-02;10;821
11;2025-11-02;11;1190
11;2025-11-02;12;1372
11;2025-11-02;13;1377
11;2025-11-02;14;1504
11;2025-11-02;15;1523
11;2025-11-02;16;1471
11;2025-11-02;17;1490
11;2025-11-02;18;1201
11;2025-11-02;19;1001
11;2025-11-02;20;860
11;2025-11-02;21;637
11;2025-11-02;22;364
11;2025-11-02;23;249
11;2025-11-03;0;74
11;2025-11-03;1;8
11;2025-11-03;2;0
11;2025-11-03;3;0
11;2025-11-03;4;3
11;2025-11-03;5;231
11;2025-11-03;6;662
11;2025-11-03;7;726
11;2025-11-03;8;927
11;2025-11-03;9;993
11;2025-11-03;10;763
11;2025-11-03;11;1061
11;2025-11-03;12;1089
11;2025-11-03;13;1124
11;2025-11-03;14;1138
11;2025-11-03;15;1163
11;2025-11-03;16;1288
11;2025-11-03;17;1435
11;2025-11-03;18;1490
11;2025-11-03;19;1255
11;2025-11-03;20;1062
11;2025-11-03;21;709
11;2025-11-03;22;397
11;2025-11-03;23;213
11;2025-11-04;0;51
11;2025-11-04;1;5
11;2025-11-04;2;0
11;2025-11-04;3;0
11;2025-11-04;4;1
11;2025-11-04;5;214
11;2025-11-04;6;627
11;2025-11-04;7;645
11;2025-11-04;8;724
11;2025-11-04;9;970
11;2025-11-04;10;677
11;2025-11-04;11;979
11;2025-11-04;12;1022
11;2025-11-04;13;1117
11;2025-11-04;14;1280
11;2025-11-04;15;1306
11;2025-11-04;16;1333
11;2025-11-04;17;1490
11;2025-11-04;18;1519
11;2025-11-04;19;1267
11;2025-11-04;20;1069
11;2025-11-04;21;707
11;2025-11-04;22;405
11;2025-11-04;23;214
11;2025-11-05;0;64
11;2025-11-05;1;3
11;2025-11-05;2;0
11;2025-11-05;3;0
11;2025-11-05;4;3
11;2025-11-05;5;300
11;2025-11-05;6;1322
11;2025-11-05;7;2453
11;2025-11-05;8;3195
11;2025-11-05;9;2324
11;2025-11-05;10;1867
11;2025-11-05;11;1890
11;2025-11-05;12;1988
11;2025-11-05;13;2095
11;2025-11-05;14;2074
11;2025-11-05;15;2168
11;2025-11-05;16;2276
11;2025-11-05;17;2862
11;2025-11-05;18;3217
11;2025-11-05;19;2370
11;2025-11-05;20;1559
11;2025-11-05;21;857
11;2025-11-05;22;433
11;2025-11-05;23;244
11;2025-11-06;0;64
11;2025-11-06;1;2
11;2025-11-06;2;0
11;2025-11-06;3;0
11;2025-11-06;4;2
11;2025-11-06;5;273
11;2025-11-06;6;1331
11;2025-11-06;7;2344
11;2025-11-06;8;2997
11;2025-11-06;9;2406
11;2025-11-06;10;1962
11;2025-11-06;11;1764
11;2025-11-06;12;1887
11;2025-11-06;13;2036
11;2025-11-06;14;2002
11;2025-11-06;15;2039
11;2025-11-06;16;2208
11;2025-11-06;17;2777
11;2025-11-06;18;3198
11;2025-11-06;19;2303
11;2025-11-06;20;1453
11;2025-11-06;21;881
11;2025-11-06;22;471
11;2025-11-06;23;237
11;2025-11-07;0;68
11;2025-11-07;1;2
11;2025-11-07;2;0
11;2025-11-07;3;0
11;2025-11-07;4;2
11;2025-11-07;5;259
11;2025-11-07;6;1331
11;2025-11-07;7;2342
11;2025-11-07;8;3009
11;2025-11-07;9;2274
11;2025-11-07;10;1861
11;2025-11-07;11;1829
11;2025-11-07;12;1866
11;2025-11-07;13;2026
11;2025-11-07;14;2039
11;2025-11-07;15;2261
11;2025-11-07;16;2493
11;2025-11-07;17;2935
11;2025-11-07;18;2685
11;2025-11-07;19;2147
11;2025-11-07;20;1460
11;2025-11-07;21;853
11;2025-11-07;22;465
11;2025-11-07;23;291
11;2025-11-08;0;100
11;2025-11-08;1;4
11;2025-11-08;2;0
11;2025-11-08;3;0
11;2025-11-08;4;5
11;2025-11-08;5;209
11;2025-11-08;6;815
11;2025-11-08;7;703
11;2025-11-08;8;1010
11;2025-11-08;9;1145
11;2025-11-08;10;1240
11;2025-11-08;11;1714
11;2025-11-08;12;1943
11;2025-11-08;13;1805
11;2025-11-08;14;1859
11;2025-11-08;15;1874
11;2025-11-08;16;1917
11;2025-11-08;17;1905
11;2025-11-08;18;1633
11;2025-11-08;19;1553
11;2025-11-08;20;1077
11;2025-11-08;21;805
11;2025-11-08;22;457
11;2025-11-08;23;320
11;2025-11-09;0;116
11;2025-11-09;1;18
11;2025-11-09;2;0
11;2025-11-09;3;0
11;2025-11-09;4;4
11;2025-11-09;5;129
11;2025-11-09;6;523
11;2025-11-09;7;514
11;2025-11-09;8;661
11;2025-11-09;9;934
11;2025-11-09;10;1039
11;2025-11-09;11;1482
11;2025-11-09;12;1640
11;2025-11-09;13;1534
11;2025-11-09;14;1647
11;2025-11-09;15;1722
11;2025-11-09;16;1640
11;2025-11-09;17;1721
11;2025-11-09;18;1337
11;2025-11-09;19;1104
11;2025-11-09;20;865
11;2025-11-09;21;649
11;2025-11-09;22;386
11;2025-11-09;23;256
11;2025-11-10;0;77
11;2025-11-10;1;7
11;2025-11-10;2;0
11;2025-11-10;3;0
11;2025-11-10;4;5
11;2025-11-10;5;300
11;2025-11-10;6;1381
11;2025-11-10;7;2478
11;2025-11-10;8;3232
11;2025-11-10;9;2418
11;2025-11-10;10;1835
11;2025-11-10;11;1871
11;2025-11-10;12;1800
11;2025-11-10;13;1993
11;2025-11-10;14;1988
11;2025-11-10;15;2151
11;2025-11-10;16;2327
11;2025-11-10;17;2920
11;2025-11-10;18;3205
11;2025-11-10;19;2453
11;2025-11-10;20;1507
11;2025-11-10;21;838
11;2025-11-10;22;451
11;2025-11-10;23;227
11;2025-11-11;0;64
11;2025-11-11;1;4
11;2025-11-11;2;0
11;2025-11-11;3;0
11;2025-11-11;4;4
11;2025-11-11;5;289
11;2025-11-11;6;1398
11;2025-11-11;7;2572
11;2025-11-11;8;3380
11;2025-11-11;9;2543
11;2025-11-11;10;1906
11;2025-11-11;11;1907
11;2025-11-11;12;1887
11;2025-11-11;13;2079
11;2025-11-11;14;2100
11;2025-11-11;15;2198
11;2025-11-11;16;2422
11;2025-11-11;17;3013
11;2025-11-11;18;3208
11;2025-11-11;19;2423
11;2025-11-11;20;1558
11;2025-11-11;21;882
11;2025-11-11;22;450
11;2025-11-11;23;228
11;2025-11-12;0;67
11;2025-11-12;1;3
11;2025-11-12;2;0
11;2025-11-12;3;0
11;2025-11-12;4;4
11;2025-11-12;5;299
11;2025-11-12;6;1359
11;2025-11-12;7;2533
11;2025-11-12;8;3294
11;2025-11-12;9;2403
11;2025-11-12;10;1879
11;2025-11-12;11;1882
11;2025-11-12;12;1969
11;2025-11-12;13;2058
11;2025-11-12;14;2074
11;2025-11-12;15;2162
11;2025-11-12;16;2281
11;2025-11-12;17;2897
11;2025-11-12;18;3225
11;2025-11-12;19;2380
11;2025-11-12;20;1553
11;2025-11-12;21;880
11;2025-11-12;22;443
11;2025-11-12;23;260
11;2025-11-13;0;73
11;2025-11-13;1;3
11;2025-11-13;2;0
11;2025-11-13;3;0
11;2025-11-13;4;4
11;2025-11-13;5;288
11;2025-11-13;6;1378
11;2025-11-13;7;2471
11;2025-11-13;8;3171
11;2025-11-13;9;2534
11;2025-11-13;10;2051
11;2025-11-13;11;1929
11;2025-11-13;12;1971
11;2025-11-13;13;2140
11;2025-11-13;14;2136
11;2025-11-13;15;2219
11;2025-11-13;16;2378
11;2025-11-13;17;2922
11;2025-11-13;18;3317
11;2025-11-13;19;2373
11;2025-11-13;20;1534
11;2025-11-13;21;937
11;2025-11-13;22;491
11;2025-11-13;23;264
11;2025-11-14;0;77
11;2025-11-14;1;2
11;2025-11-14;2;0
11;2025-11-14;3;0
11;2025-11-14;4;3
11;2025-11-14;5;297
11;2025-11-14;6;1390
11;2025-11-14;7;2433
11;2025-11-14;8;3046
11;2025-11-14;9;2425
11;2025-11-14;10;1943
11;2025-11-14;11;1917
11;2025-11-14;12;1966
11;2025-11-14;13;2090
11;2025-11-14;14;2134
11;2025-11-14;15;2341
11;2025-11-14;16;2577
11;2025-11-14;17;3032
11;2025-11-14;18;2784
11;2025-11-14;19;2189
11;2025-11-14;20;1489
11;2025-11-14;21;877
11;2025-11-14;22;490
11;2025-11-14;23;296
11;2025-11-15;0;88
11;2025-11-15;1;2
11;2025-11-15;2;0
11;2025-11-15;3;0
11;2025-11-15;4;6
11;2025-11-15;5;187
11;2025-11-15;6;782
11;2025-11-15;7;663
11;2025-11-15;8;960
11;2025-11-15;9;1088
11;2025-11-15;10;1164
11;2025-11-15;11;1582
11;2025-11-15;12;1820
11;2025-11-15;13;1734
11;2025-11-15;14;1883
11;2025-11-15;15;1860
11;2025-11-15;16;1881
11;2025-11-15;17;1836
11;2025-11-15;18;1541
11;2025-11-15;19;1535
11;2025-11-15;20;1074
11;2025-11-15;21;817
11;2025-11-15;22;453
11;2025-11-15;23;307
11;2025-11-16;0;105
11;2025-11-16;1;7
11;2025-11-16;2;0
11;2025-11-16;3;0
11;2025-11-16;4;4
11;2025-11-16;5;109
11;2025-11-16;6;471
11;2025-11-16;7;491
11;2025-11-16;8;607
11;2025-11-16;9;929
11;2025-11-16;10;1049
11;2025-11-16;11;1508
11;2025-11-16;12;1660
11;2025-11-16;13;1590
11;2025-11-16;14;1657
11;2025-11-16;15;1701
11;2025-11-16;16;1570
11;2025-11-16;17;1607
11;2025-11-16;18;1235
11;2025-11-16;19;1016
11;2025-11-16;20;813
11;2025-11-16;21;608
11;2025-11-16;22;361
11;2025-11-16;23;219
11;2025-11-17;0;66
11;2025-11-17;1;6
11;2025-11-17;2;0
11;2025-11-17;3;0
11;2025-11-17;4;8
11;2025-11-17;5;281
11;2025-11-17;6;1315
11;2025-11-17;7;2424
11;2025-11-17;8;3143
11;2025-11-17;9;2315
11;2025-11-17;10;1708
11;2025-11-17;11;1762
11;2025-11-17;12;1636
11;2025-11-17;13;1752
11;2025-11-17;14;1822
11;2025-11-17;15;1981
11;2025-11-17;16;2220
11;2025-11-17;17;2851
11;2025-11-17;18;3146
11;2025-11-17;19;2412
11;2025-11-17;20;1467
11;2025-11-17;21;777
11;2025-11-17;22;416
11;2025-11-17;23;206
11;2025-11-18;0;54
11;2025-11-18;1;3
11;2025-11-18;2;0
11;2025-11-18;3;0
11;2025-11-18;4;3
11;2025-11-18;5;260
11;2025-11-18;6;1364
11;2025-11-18;7;2523
11;2025-11-18;8;3281
11;2025-11-18;9;2427
11;2025-11-18;10;1786
11;2025-11-18;11;1810
11;2025-11-18;12;1792
11;2025-11-18;13;1922
11;2025-11-18;14;1961
11;2025-11-18;15;2106
11;2025-11-18;16;2358
11;2025-11-18;17;2978
11;2025-11-18;18;3095
11;2025-11-18;19;2380
11;2025-11-18;20;1522
11;2025-11-18;21;858
11;2025-11-18;22;435
11;2025-11-18;23;215
11;2025-11-19;0;63
11;2025-11-19;1;0
11;2025-11-19;2;0
11;2025-11-19;3;0
11;2025-11-19;4;3
11;2025-11-19;5;296
11;2025-11-19;6;1358
11;2025-11-19;7;2520
11;2025-11-19;8;3279
11;2025-11-19;9;2393
11;2025-11-19;10;1888
11;2025-11-19;11;1914
11;2025-11-19;12;1997
11;2025-11-19;13;2103
11;2025-11-19;14;2085
11;2025-11-19;15;2188
11;2025-11-19;16;2296
11;2025-11-19;17;2897
11;2025-11-19;18;3239
11;2025-11-19;19;2381
11;2025-11-19;20;1555
11;2025-11-19;21;902
11;2025-11-19;22;430
11;2025-11-19;23;233
11;2025-11-20;0;66
11;2025-11-20;1;0
11;2025-11-20;2;0
11;2025-11-20;3;0
11;2025-11-20;4;4
11;2025-11-20;5;285
11;2025-11-20;6;1394
11;2025-11-20;7;2484
11;2025-11-20;8;3139
11;2025-11-20;9;2562
11;2025-11-20;10;2075
11;2025-11-20;11;1955
11;2025-11-20;12;1989
11;2025-11-20;13;2159
11;2025-11-20;14;2147
11;2025-11-20;15;2231
11;2025-11-20;16;2395
11;2025-11-20;17;2933
11;2025-11-20;18;3341
11;2025-11-20;19;2371
11;2025-11-20;20;1511
11;2025-11-20;21;909
11;2025-11-20;22;484
11;2025-11-20;23;251
11;2025-11-21;0;75
11;2025-11-21;1;1
11;2025-11-21;2;0
11;2025-11-21;3;0
11;2025-11-21;4;4
11;2025-11-21;5;275
11;2025-11-21;6;1338
11;2025-11-21;7;2403
11;2025-11-21;8;3106
11;2025-11-21;9;2415
11;2025-11-21;10;1931
11;2025-11-21;11;1900
11;2025-11-21;12;1907
11;2025-11-21;13;2099
11;2025-11-21;14;2137
11;2025-11-21;15;2340
11;2025-11-21;16;2578
11;2025-11-21;17;3029
11;2025-11-21;18;2785
11;2025-11-21;19;2183
11;2025-11-21;20;1476
11;2025-11-21;21;887
11;2025-11-21;22;471
11;2025-11-21;23;287
11;2025-11-22;0;89
11;2025-11-22;1;2
11;2025-11-22;2;0
11;2025-11-22;3;0
11;2025-11-22;4;9
11;2025-11-22;5;181
11;2025-11-22;6;768
11;2025-11-22;7;671
11;2025-11-22;8;956
11;2025-11-22;9;1107
11;2025-11-22;10;1248
11;2025-11-22;11;1734
11;2025-11-22;12;1959
11;2025-11-22;13;1831
11;2025-11-22;14;1878
11;2025-11-22;15;1854
11;2025-11-22;16;1910
11;2025-11-22;17;1901
11;2025-11-22;18;1620
11;2025-11-22;19;1521
11;2025-11-22;20;1049
11;2025-11-22;21;758
11;2025-11-22;22;417
11;2025-11-22;23;287
11;2025-11-23;0;91
11;2025-11-23;1;9
11;2025-11-23;2;0
11;2025-11-23;3;0
11;2025-11-23;4;3
11;2025-11-23;5;124
11;2025-11-23;6;491
11;2025-11-23;7;491
11;2025-11-23;8;641
11;2025-11-23;9;909
11;2025-11-23;10;1054
11;2025-11-23;11;1547
11;2025-11-23;12;1730
11;2025-11-23;13;1643
11;2025-11-23;14;1725
11;2025-11-23;15;1797
11;2025-11-23;16;1691
11;2025-11-23;17;1754
11;2025-11-23;18;1353
11;2025-11-23;19;1094
11;2025-11-23;20;892
11;2025-11-23;21;609
11;2025-11-23;22;360
11;2025-11-23;23;224
11;2025-11-24;0;65
11;2025-11-24;1;7
11;2025-11-24;2;0
11;2025-11-24;3;0
11;2025-11-24;4;0
11;2025-11-24;5;274
11;2025-11-24;6;1337
11;2025-11-24;7;2402
11;2025-11-24;8;3147
11;2025-11-24;9;2324
11;2025-11-24;10;1733
11;2025-11-24;11;1757
11;2025-11-24;12;1694
11;2025-11-24;13;1905
11;2025-11-24;14;1880
11;2025-11-24;15;2013
11;2025-11-24;16;2247
11;2025-11-24;17;2834
11;2025-11-24;18;3126
11;2025-11-24;19;2397
11;2025-11-24;20;1473
11;2025-11-24;21;833
11;2025-11-24;22;431
11;2025-11-24;23;210
11;2025-11-25;0;58
11;2025-11-25;1;1
11;2025-11-25;2;0
11;2025-11-25;3;0
11;2025-11-25;4;7
11;2025-11-25;5;275
11;2025-11-25;6;1375
11;2025-11-25;7;2529
11;2025-11-25;8;3342
11;2025-11-25;9;2509
11;2025-11-25;10;1860
11;2025-11-25;11;1871
11;2025-11-25;12;1852
11;2025-11-25;13;2057
11;2025-11-25;14;2060
11;2025-11-25;15;2157
11;2025-11-25;16;2370
11;2025-11-25;17;2968
11;2025-11-25;18;3155
11;2025-11-25;19;2391
11;2025-11-25;20;1527
11;2025-11-25;21;856
11;2025-11-25;22;422
11;2025-11-25;23;202
11;2025-11-26;0;60
11;2025-11-26;1;0
11;2025-11-26;2;0
11;2025-11-26;3;0
11;2025-11-26;4;4
11;2025-11-26;5;278
11;2025-11-26;6;1297
11;2025-11-26;7;2410
11;2025-11-26;8;3127
11;2025-11-26;9;2288
11;2025-11-26;10;1795
11;2025-11-26;11;1813
11;2025-11-26;12;1917
11;2025-11-26;13;2003
11;2025-11-26;14;1973
11;2025-11-26;15;2058
11;2025-11-26;16;2127
11;2025-11-26;17;2719
11;2025-11-26;18;3079
11;2025-11-26;19;2281
11;2025-11-26;20;1477
11;2025-11-26;21;810
11;2025-11-26;22;411
11;2025-11-26;23;223
11;2025-11-27;0;61
11;2025-11-27;1;0
11;2025-11-27;2;0
11;2025-11-27;3;0
11;2025-11-27;4;4
11;2025-11-27;5;279
11;2025-11-27;6;1338
11;2025-11-27;7;2335
11;2025-11-27;8;2918
11;2025-11-27;9;2392
11;2025-11-27;10;1959
11;2025-11-27;11;1768
11;2025-11-27;12;1819
11;2025-11-27;13;1947
11;2025-11-27;14;1937
11;2025-11-27;15;2034
11;2025-11-27;16;2205
11;2025-11-27;17;2699
11;2025-11-27;18;3081
11;2025-11-27;19;2207
11;2025-11-27;20;1426
11;2025-11-27;21;849
11;2025-11-27;22;458
11;2025-11-27;23;244
11;2025-11-28;0;65
11;2025-11-28;1;1
11;2025-11-28;2;0
11;2025-11-28;3;0
11;2025-11-28;4;3
11;2025-11-28;5;276
11;2025-11-28;6;1322
11;2025-11-28;7;2280
11;2025-11-28;8;2901
11;2025-11-28;9;2271
11;2025-11-28;10;1867
11;2025-11-28;11;1827
11;2025-11-28;12;1858
11;2025-11-28;13;1953
11;2025-11-28;14;2016
11;2025-11-28;15;2188
11;2025-11-28;16;2420
11;2025-11-28;17;2816
11;2025-11-28;18;2575
11;2025-11-28;19;2046
11;2025-11-28;20;1427
11;2025-11-28;21;865
11;2025-11-28;22;478
11;2025-11-28;23;291
11;2025-11-29;0;97
11;2025-11-29;1;1
11;2025-11-29;2;0
11;2025-11-29;3;0
11;2025-11-29;4;4
11;2025-11-29;5;209
11;2025-11-29;6;784
11;2025-11-29;7;687
11;2025-11-29;8;972
11;2025-11-29;9;1097
11;2025-11-29;10;1183
11;2025-11-29;11;1634
11;2025-11-29;12;1871
11;2025-11-29;13;1705
11;2025-11-29;14;1758
11;2025-11-29;15;1733
11;2025-11-29;16;1803
11;2025-11-29;17;1808
11;2025-11-29;18;1521
11;2025-11-29;19;1435
11;2025-11-29;20;997
11;2025-11-29;21;756
11;2025-11-29;22;439
11;2025-11-29;23;307
11;2025-11-30;0;98
11;2025-11-30;1;8
11;2025-11-30;2;0
11;2025-11-30;3;0
11;2025-11-30;4;3
11;2025-11-30;5;123
11;2025-11-30;6;495
11;2025-11-30;7;485
11;2025-11-30;8;625
11;2025-11-30;9;870
11;2025-11-30;10;962
11;2025-11-30;11;1392
11;2025-11-30;12;1538
11;2025-11-30;13;1456
11;2025-11-30;14;1564
11;2025-11-30;15;1634
11;2025-11-30;16;1523
11;2025-11-30;17;1617
11;2025-11-30;18;1253
11;2025-11-30;19;1052
11;2025-11-30;20;818
11;2025-11-30;21;637
11;2025-11-30;22;372
11;2025-11-30;23;229
11;2025-12-01;0;51
11;2025-12-01;1;0
11;2025-12-01;2;0
11;2025-12-01;3;0
11;2025-12-01;4;0
11;2025-12-01;5;286
11;2025-12-01;6;1288
11;2025-12-01;7;2284
11;2025-12-01;8;2950
11;2025-12-01;9;2181
11;2025-12-01;10;1668
11;2025-12-01;11;1704
11;2025-12-01;12;1636
11;2025-12-01;13;1782
11;2025-12-01;14;1802
11;2025-12-01;15;1914
11;2025-12-01;16;2078
11;2025-12-01;17;2614
11;2025-12-01;18;2902
11;2025-12-01;19;2266
11;2025-12-01;20;1387
11;2025-12-01;21;777
11;2025-12-01;22;415
11;2025-12-01;23;178
11;2025-12-02;0;36
11;2025-12-02;1;0
11;2025-12-02;2;0
11;2025-12-02;3;0
11;2025-12-02;4;0
11;2025-12-02;5;273
11;2025-12-02;6;1309
11;2025-12-02;7;2391
11;2025-12-02;8;3124
11;2025-12-02;9;2324
11;2025-12-02;10;1757
11;2025-12-02;11;1757
11;2025-12-02;12;1738
11;2025-12-02;13;1888
11;2025-12-02;14;1924
11;2025-12-02;15;1975
11;2025-12-02;16;2167
11;2025-12-02;17;2714
11;2025-12-02;18;2911
11;2025-12-02;19;2237
11;2025-12-02;20;1437
11;2025-12-02;21;824
11;2025-12-02;22;415
11;2025-12-02;23;176
11;2025-12-03;0;40
11;2025-12-03;1;0
11;2025-12-03;2;0
11;2025-12-03;3;0
11;2025-12-03;4;0
11;2025-12-03;5;284
11;2025-12-03;6;1292
11;2025-12-03;7;2380
11;2025-12-03;8;3069
11;2025-12-03;9;2231
11;2025-12-03;10;1797
11;2025-12-03;11;1811
11;2025-12-03;12;1898
11;2025-12-03;13;1954
11;2025-12-03;14;1960
11;2025-12-03;15;2005
11;2025-12-03;16;2094
11;2025-12-03;17;2662
11;2025-12-03;18;2981
11;2025-12-03;19;2224
11;2025-12-03;20;1472
11;2025-12-03;21;840
11;2025-12-03;22;423
11;2025-12-03;23;210
11;2025-12-04;0;53
11;2025-12-04;1;0
11;2025-12-04;2;0
11;2025-12-04;3;0
11;2025-12-04;4;0
11;2025-12-04;5;274
11;2025-12-04;6;1339
11;2025-12-04;7;2317
11;2025-12-04;8;2901
11;2025-12-04;9;2324
11;2025-12-04;10;1940
11;2025-12-04;11;1818
11;2025-12-04;12;1849
11;2025-12-04;13;1962
11;2025-12-04;14;1987
11;2025-12-04;15;2019
11;2025-12-04;16;2165
11;2025-12-04;17;2659
11;2025-12-04;18;3063
11;2025-12-04;19;2218
11;2025-12-04;20;1471
11;2025-12-04;21;889
11;2025-12-04;22;465
11;2025-12-04;23;216
11;2025-12-05;0;56
11;2025-12-05;1;0
11;2025-12-05;2;0
11;2025-12-05;3;0
11;2025-12-05;4;0
11;2025-12-05;5;275
11;2025-12-05;6;1338
11;2025-12-05;7;2296
11;2025-12-05;8;2928
11;2025-12-05;9;2251
11;2025-12-05;10;1835
11;2025-12-05;11;1818
11;2025-12-05;12;1845
11;2025-12-05;13;1942
11;2025-12-05;14;2008
11;2025-12-05;15;2169
11;2025-12-05;16;2390
11;2025-12-05;17;2789
11;2025-12-05;18;2549
11;2025-12-05;19;2076
11;2025-12-05;20;1432
11;2025-12-05;21;861
11;2025-12-05;22;460
11;2025-12-05;23;253
11;2025-12-06;0;99
11;2025-12-06;1;2
11;2025-12-06;2;0
11;2025-12-06;3;0
11;2025-12-06;4;5
11;2025-12-06;5;216
11;2025-12-06;6;810
11;2025-12-06;7;700
11;2025-12-06;8;1015
11;2025-12-06;9;1119
11;2025-12-06;10;1216
11;2025-12-06;11;1684
11;2025-12-06;12;1901
11;2025-12-06;13;1794
11;2025-12-06;14;1850
11;2025-12-06;15;1819
11;2025-12-06;16;1848
11;2025-12-06;17;1843
11;2025-12-06;18;1567
11;2025-12-06;19;1501
11;2025-12-06;20;1009
11;2025-12-06;21;763
11;2025-12-06;22;446
11;2025-12-06;23;289
11;2025-12-07;0;109
11;2025-12-07;1;8
11;2025-12-07;2;0
11;2025-12-07;3;0
11;2025-12-07;4;3
11;2025-12-07;5;123
11;2025-12-07;6;503
11;2025-12-07;7;495
11;2025-12-07;8;646
11;2025-12-07;9;908
11;2025-12-07;10;1016
11;2025-12-07;11;1464
11;2025-12-07;12;1610
11;2025-12-07;13;1542
11;2025-12-07;14;1641
11;2025-12-07;15;1703
11;2025-12-07;16;1585
11;2025-12-07;17;1685
11;2025-12-07;18;1296
11;2025-12-07;19;1083
11;2025-12-07;20;844
11;2025-12-07;21;634
11;2025-12-07;22;380
11;2025-12-07;23;224
11;2025-12-08;0;71
11;2025-12-08;1;2
11;2025-12-08;2;0
11;2025-12-08;3;0
11;2025-12-08;4;3
11;2025-12-08;5;305
11;2025-12-08;6;1365
11;2025-12-08;7;2393
11;2025-12-08;8;3103
11;2025-12-08;9;2314
11;2025-12-08;10;1788
11;2025-12-08;11;1827
11;2025-12-08;12;1747
11;2025-12-08;13;1890
11;2025-12-08;14;1915
11;2025-12-08;15;2019
11;2025-12-08;16;2193
11;2025-12-08;17;2773
11;2025-12-08;18;3043
11;2025-12-08;19;2352
11;2025-12-08;20;1461
11;2025-12-08;21;811
11;2025-12-08;22;439
11;2025-12-08;23;200
11;2025-12-09;0;61
11;2025-12-09;1;2
11;2025-12-09;2;0
11;2025-12-09;3;0
11;2025-12-09;4;3
11;2025-12-09;5;292
11;2025-12-09;6;1388
11;2025-12-09;7;2490
11;2025-12-09;8;3274
11;2025-12-09;9;2481
11;2025-12-09;10;1887
11;2025-12-09;11;1886
11;2025-12-09;12;1861
11;2025-12-09;13;1984
11;2025-12-09;14;2026
11;2025-12-09;15;2090
11;2025-12-09;16;2322
11;2025-12-09;17;2901
11;2025-12-09;18;3077
11;2025-12-09;19;2337
11;2025-12-09;20;1542
11;2025-12-09;21;860
11;2025-12-09;22;437
11;2025-12-09;23;217
11;2025-12-10;0;63
11;2025-12-10;1;0
11;2025-12-10;2;0
11;2025-12-10;3;0
11;2025-12-10;4;3
11;2025-12-10;5;300
11;2025-12-10;6;1329
11;2025-12-10;7;2487
11;2025-12-10;8;3243
11;2025-12-10;9;2403
11;2025-12-10;10;1881
11;2025-12-10;11;1890
11;2025-12-10;12;1986
11;2025-12-10;13;2069
11;2025-12-10;14;2046
11;2025-12-10;15;2126
11;2025-12-10;16;2246
11;2025-12-10;17;2868
11;2025-12-10;18;3184
11;2025-12-10;19;2336
11;2025-12-10;20;1545
11;2025-12-10;21;856
11;2025-12-10;22;433
11;2025-12-10;23;243
11;2025-12-11;0;67
11;2025-12-11;1;1
11;2025-12-11;2;0
11;2025-12-11;3;0
11;2025-12-11;4;4
11;2025-12-11;5;287
11;2025-12-11;6;1372
11;2025-12-11;7;2401
11;2025-12-11;8;2953
11;2025-12-11;9;2385
11;2025-12-11;10;1926
11;2025-12-11;11;1821
11;2025-12-11;12;1864
11;2025-12-11;13;2049
11;2025-12-11;14;2049
11;2025-12-11;15;2113
11;2025-12-11;16;2272
11;2025-12-11;17;2743
11;2025-12-11;18;3120
11;2025-12-11;19;2237
11;2025-12-11;20;1470
11;2025-12-11;21;887
11;2025-12-11;22;473
11;2025-12-11;23;257
11;2025-12-12;0;73
11;2025-12-12;1;2
11;2025-12-12;2;0
11;2025-12-12;3;0
11;2025-12-12;4;3
11;2025-12-12;5;284
11;2025-12-12;6;1331
11;2025-12-12;7;2372
11;2025-12-12;8;3057
11;2025-12-12;9;2376
11;2025-12-12;10;1886
11;2025-12-12;11;1894
11;2025-12-12;12;1839
11;2025-12-12;13;1942
11;2025-12-12;14;1987
11;2025-12-12;15;2183
11;2025-12-12;16;2424
11;2025-12-12;17;2898
11;2025-12-12;18;2705
11;2025-12-12;19;2113
11;2025-12-12;20;1463
11;2025-12-12;21;912
11;2025-12-12;22;473
11;2025-12-12;23;280
11;2025-12-13;0;86
11;2025-12-13;1;0
11;2025-12-13;2;0
11;2025-12-13;3;0
11;2025-12-13;4;0
11;2025-12-13;5;194
11;2025-12-13;6;814
11;2025-12-13;7;662
11;2025-12-13;8;951
11;2025-12-13;9;1126
11;2025-12-13;10;1223
11;2025-12-13;11;1677
11;2025-12-13;12;1895
11;2025-12-13;13;1753
11;2025-12-13;14;1752
11;2025-12-13;15;1751
11;2025-12-13;16;1801
11;2025-12-13;17;1813
11;2025-12-13;18;1558
11;2025-12-13;19;1481
11;2025-12-13;20;1041
11;2025-12-13;21;761
11;2025-12-13;22;434
11;2025-12-13;23;289
11;2025-12-14;0;96
11;2025-12-14;1;7
11;2025-12-14;2;0
11;2025-12-14;3;0
11;2025-12-14;4;1
11;2025-12-14;5;119
11;2025-12-14;6;505
11;2025-12-14;7;489
11;2025-12-14;8;636
11;2025-12-14;9;919
11;2025-12-14;10;1033
11;2025-12-14;11;1470
11;2025-12-14;12;1618
11;2025-12-14;13;1518
11;2025-12-14;14;1609
11;2025-12-14;15;1675
11;2025-12-14;16;1599
11;2025-12-14;17;1690
11;2025-12-14;18;1334
11;2025-12-14;19;1102
11;2025-12-14;20;876
11;2025-12-14;21;643
11;2025-12-14;22;374
11;2025-12-14;23;232
11;2025-12-15;0;72
11;2025-12-15;1;7
11;2025-12-15;2;0
11;2025-12-15;3;0
11;2025-12-15;4;8
11;2025-12-15;5;305
11;2025-12-15;6;1348
11;2025-12-15;7;2431
11;2025-12-15;8;3171
11;2025-12-15;9;2381
11;2025-12-15;10;1825
11;2025-12-15;11;1835
11;2025-12-15;12;1775
11;2025-12-15;13;1947
11;2025-12-15;14;1917
11;2025-12-15;15;2083
11;2025-12-15;16;2279
11;2025-12-15;17;2880
11;2025-12-15;18;3144
11;2025-12-15;19;2404
11;2025-12-15;20;1471
11;2025-12-15;21;818
11;2025-12-15;22;437
11;2025-12-15;23;215
11;2025-12-16;0;62
11;2025-12-16;1;3
11;2025-12-16;2;0
11;2025-12-16;3;0
11;2025-12-16;4;7
11;2025-12-16;5;290
11;2025-12-16;6;1361
11;2025-12-16;7;2515
11;2025-12-16;8;3338
11;2025-12-16;9;2508
11;2025-12-16;10;1871
11;2025-12-16;11;1846
11;2025-12-16;12;1795
11;2025-12-16;13;1946
11;2025-12-16;14;2025
11;2025-12-16;15;2122
11;2025-12-16;16;2344
11;2025-12-16;17;2962
11;2025-12-16;18;3123
11;2025-12-16;19;2358
11;2025-12-16;20;1544
11;2025-12-16;21;864
11;2025-12-16;22;435
11;2025-12-16;23;218
11;2025-12-17;0;61
11;2025-12-17;1;1
11;2025-12-17;2;0
11;2025-12-17;3;0
11;2025-12-17;4;4
11;2025-12-17;5;294
11;2025-12-17;6;1333
11;2025-12-17;7;2475
11;2025-12-17;8;3246
11;2025-12-17;9;2360
11;2025-12-17;10;1870
11;2025-12-17;11;1895
11;2025-12-17;12;1973
11;2025-12-17;13;2070
11;2025-12-17;14;2037
11;2025-12-17;15;2121
11;2025-12-17;16;2240
11;2025-12-17;17;2867
11;2025-12-17;18;3185
11;2025-12-17;19;2326
11;2025-12-17;20;1536
11;2025-12-17;21;851
11;2025-12-17;22;430
11;2025-12-17;23;242
11;2025-12-18;0;66
11;2025-12-18;1;1
11;2025-12-18;2;0
11;2025-12-18;3;0
11;2025-12-18;4;3
11;2025-12-18;5;285
11;2025-12-18;6;1368
11;2025-12-18;7;2406
11;2025-12-18;8;3083
11;2025-12-18;9;2480
11;2025-12-18;10;2002
11;2025-12-18;11;1884
11;2025-12-18;12;1935
11;2025-12-18;13;2081
11;2025-12-18;14;2063
11;2025-12-18;15;2137
11;2025-12-18;16;2308
11;2025-12-18;17;2874
11;2025-12-18;18;3266
11;2025-12-18;19;2307
11;2025-12-18;20;1513
11;2025-12-18;21;908
11;2025-12-18;22;475
11;2025-12-18;23;248
11;2025-12-19;0;69
11;2025-12-19;1;3
11;2025-12-19;2;0
11;2025-12-19;3;0
11;2025-12-19;4;3
11;2025-12-19;5;286
11;2025-12-19;6;1352
11;2025-12-19;7;2385
11;2025-12-19;8;3089
11;2025-12-19;9;2398
11;2025-12-19;10;1905
11;2025-12-19;11;1889
11;2025-12-19;12;1913
11;2025-12-19;13;2047
11;2025-12-19;14;2075
11;2025-12-19;15;2290
11;2025-12-19;16;2534
11;2025-12-19;17;2989
11;2025-12-19;18;2723
11;2025-12-19;19;2145
11;2025-12-19;20;1461
11;2025-12-19;21;870
11;2025-12-19;22;475
11;2025-12-19;23;289
11;2025-12-20;0;93
11;2025-12-20;1;3
11;2025-12-20;2;0
11;2025-12-20;3;0
11;2025-12-20;4;4
11;2025-12-20;5;213
11;2025-12-20;6;801
11;2025-12-20;7;700
11;2025-12-20;8;1021
11;2025-12-20;9;1152
11;2025-12-20;10;1234
11;2025-12-20;11;1714
11;2025-12-20;12;1934
11;2025-12-20;13;1793
11;2025-12-20;14;1843
11;2025-12-20;15;1827
11;2025-12-20;16;1860
11;2025-12-20;17;1859
11;2025-12-20;18;1574
11;2025-12-20;19;1478
11;2025-12-20;20;1005
11;2025-12-20;21;757
11;2025-12-20;22;438
11;2025-12-20;23;307
11;2025-12-21;0;104
11;2025-12-21;1;8
11;2025-12-21;2;0
11;2025-12-21;3;0
11;2025-12-21;4;3
11;2025-12-21;5;120
11;2025-12-21;6;486
11;2025-12-21;7;493
11;2025-12-21;8;653
11;2025-12-21;9;926
11;2025-12-21;10;1017
11;2025-12-21;11;1469
11;2025-12-21;12;1617
11;2025-12-21;13;1521
11;2025-12-21;14;1610
11;2025-12-21;15;1701
11;2025-12-21;16;1601
11;2025-12-21;17;1692
11;2025-12-21;18;1307
11;2025-12-21;19;1069
11;2025-12-21;20;848
11;2025-12-21;21;621
11;2025-12-21;22;359
11;2025-12-21;23;234
11;2025-12-22;0;65
11;2025-12-22;1;8
11;2025-12-22;2;0
11;2025-12-22;3;0
11;2025-12-22;4;3
11;2025-12-22;5;297
11;2025-12-22;6;1364
11;2025-12-22;7;2421
11;2025-12-22;8;3160
11;2025-12-22;9;2350
11;2025-12-22;10;1792
11;2025-12-22;11;1826
11;2025-12-22;12;1759
11;2025-12-22;13;1911
11;2025-12-22;14;1903
11;2025-12-22;15;2023
11;2025-12-22;16;2235
11;2025-12-22;17;2832
11;2025-12-22;18;3078
11;2025-12-22;19;2360
11;2025-12-22;20;1473
11;2025-12-22;21;857
11;2025-12-22;22;430
11;2025-12-22;23;201
11;2025-12-23;0;55
11;2025-12-23;1;4
11;2025-12-23;2;0
11;2025-12-23;3;0
11;2025-12-23;4;0
11;2025-12-23;5;303
11;2025-12-23;6;1387
11;2025-12-23;7;2499
11;2025-12-23;8;3295
11;2025-12-23;9;2494
11;2025-12-23;10;1870
11;2025-12-23;11;1869
11;2025-12-23;12;1844
11;2025-12-23;13;2011
11;2025-12-23;14;2013
11;2025-12-23;15;2115
11;2025-12-23;16;2340
11;2025-12-23;17;2958
11;2025-12-23;18;3142
11;2025-12-23;19;2354
11;2025-12-23;20;1554
11;2025-12-23;21;905
11;2025-12-23;22;441
11;2025-12-23;23;221
11;2025-12-24;0;60
11;2025-12-24;1;3
11;2025-12-24;2;0
11;2025-12-24;3;0
11;2025-12-24;4;5
11;2025-12-24;5;306
11;2025-12-24;6;1351
11;2025-12-24;7;2461
11;2025-12-24;8;3219
11;2025-12-24;9;2364
11;2025-12-24;10;1852
11;2025-12-24;11;1873
11;2025-12-24;12;1947
11;2025-12-24;13;2023
11;2025-12-24;14;2003
11;2025-12-24;15;2085
11;2025-12-24;16;2229
11;2025-12-24;17;2852
11;2025-12-24;18;3167
11;2025-12-24;19;2322
11;2025-12-24;20;1521
11;2025-12-24;21;842
11;2025-12-24;22;428
11;2025-12-24;23;241
11;2025-12-25;0;62
11;2025-12-25;1;0
11;2025-12-25;2;0
11;2025-12-25;3;0
11;2025-12-25;4;3
11;2025-12-25;5;285
11;2025-12-25;6;1349
11;2025-12-25;7;2413
11;2025-12-25;8;3062
11;2025-12-25;9;2494
11;2025-12-25;10;2017
11;2025-12-25;11;1892
11;2025-12-25;12;1931
11;2025-12-25;13;2082
11;2025-12-25;14;2065
11;2025-12-25;15;2138
11;2025-12-25;16;2320
11;2025-12-25;17;2821
11;2025-12-25;18;3102
11;2025-12-25;19;2274
11;2025-12-25;20;1463
11;2025-12-25;21;859
11;2025-12-25;22;462
11;2025-12-25;23;239
11;2025-12-26;0;62
11;2025-12-26;1;9
11;2025-12-26;2;0
11;2025-12-26;3;0
11;2025-12-26;4;0
11;2025-12-26;5;292
11;2025-12-26;6;1359
11;2025-12-26;7;2279
11;2025-12-26;8;2906
11;2025-12-26;9;2319
11;2025-12-26;10;1869
11;2025-12-26;11;1834
11;2025-12-26;12;1840
11;2025-12-26;13;2001
11;2025-12-26;14;2035
11;2025-12-26;15;2229
11;2025-12-26;16;2476
11;2025-12-26;17;2883
11;2025-12-26;18;2659
11;2025-12-26;19;2030
11;2025-12-26;20;1463
11;2025-12-26;21;878
11;2025-12-26;22;477
11;2025-12-26;23;294
11;2025-12-27;0;94
11;2025-12-27;1;1
11;2025-12-27;2;0
11;2025-12-27;3;0
11;2025-12-27;4;0
11;2025-12-27;5;215
11;2025-12-27;6;825
11;2025-12-27;7;709
11;2025-12-27;8;1045
11;2025-12-27;9;1182
11;2025-12-27;10;1288
11;2025-12-27;11;1751
11;2025-12-27;12;1951
11;2025-12-27;13;1805
11;2025-12-27;14;1850
11;2025-12-27;15;1856
11;2025-12-27;16;1890
11;2025-12-27;17;1888
11;2025-12-27;18;1602
11;2025-12-27;19;1500
11;2025-12-27;20;1048
11;2025-12-27;21;776
11;2025-12-27;22;439
11;2025-12-27;23;304
11;2025-12-28;0;94
11;2025-12-28;1;9
11;2025-12-28;2;0
11;2025-12-28;3;0
11;2025-12-28;4;2
11;2025-12-28;5;117
11;2025-12-28;6;477
11;2025-12-28;7;473
11;2025-12-28;8;635
11;2025-12-28;9;917
11;2025-12-28;10;1022
11;2025-12-28;11;1444
11;2025-12-28;12;1602
11;2025-12-28;13;1504
11;2025-12-28;14;1590
11;2025-12-28;15;1674
11;2025-12-28;16;1602
11;2025-12-28;17;1703
11;2025-12-28;18;1303
11;2025-12-28;19;1083
11;2025-12-28;20;854
11;2025-12-28;21;634
11;2025-12-28;22;375
11;2025-12-28;23;235
11;2025-12-29;0;72
11;2025-12-29;1;7
11;2025-12-29;2;0
11;2025-12-29;3;0
11;2025-12-29;4;4
11;2025-12-29;5;300
11;2025-12-29;6;1362
11;2025-12-29;7;2400
11;2025-12-29;8;3106
11;2025-12-29;9;2359
11;2025-12-29;10;1806
11;2025-12-29;11;1830
11;2025-12-29;12;1751
11;2025-12-29;13;1917
11;2025-12-29;14;1899
11;2025-12-29;15;2058
11;2025-12-29;16;2250
11;2025-12-29;17;2809
11;2025-12-29;18;3051
11;2025-12-29;19;2373
11;2025-12-29;20;1475
11;2025-12-29;21;821
11;2025-12-29;22;425
11;2025-12-29;23;219
11;2025-12-30;0;45
11;2025-12-30;1;0
11;2025-12-30;2;0
11;2025-12-30;3;0
11;2025-12-30;4;4
11;2025-12-30;5;284
11;2025-12-30;6;1359
11;2025-12-30;7;2457
11;2025-12-30;8;3234
11;2025-12-30;9;2459
11;2025-12-30;10;1855
11;2025-12-30;11;1837
11;2025-12-30;12;1831
11;2025-12-30;13;2004
11;2025-12-30;14;2063
11;2025-12-30;15;2161
11;2025-12-30;16;2367
11;2025-12-30;17;2906
11;2025-12-30;18;3076
11;2025-12-30;19;2299
11;2025-12-30;20;1502
11;2025-12-30;21;857
11;2025-12-30;22;437
11;2025-12-30;23;227
11;2025-12-31;0;16
11;2025-12-31;1;0
11;2025-12-31;2;0
11;2025-12-31;3;0
11;2025-12-31;4;0
11;2025-12-31;5;174
11;2025-12-31;6;463
11;2025-12-31;7;386
11;2025-12-31;8;702
11;2025-12-31;9;885
11;2025-12-31;10;658
11;2025-12-31;11;1007
11;2025-12-31;12;1159
11;2025-12-31;13;1220
11;2025-12-31;14;1229
11;2025-12-31;15;1280
11;2025-12-31;16;1279
11;2025-12-31;17;1370
11;2025-12-31;18;1418
11;2025-12-31;19;1102
11;2025-12-31;20;963
11;2025-12-31;21;643
11;2025-12-31;22;346
11;2025-12-31;23;196
12;2025-11-01;0;69
12;2025-11-01;1;6
12;2025-11-01;2;0
12;2025-11-01;3;0
12;2025-11-01;4;2
12;2025-11-01;5;244
12;2025-11-01;6;868
12;2025-11-01;7;928
12;2025-11-01;8;1043
12;2025-11-01;9;1175
12;2025-11-01;10;1404
12;2025-11-01;11;1495
12;2025-11-01;12;1441
12;2025-11-01;13;1736
12;2025-11-01;14;1632
12;2025-11-01;15;1541
12;2025-11-01;16;1628
12;2025-11-01;17;1570
12;2025-11-01;18;1416
12;2025-11-01;19;1378
12;2025-11-01;20;901
12;2025-11-01;21;654
12;2025-11-01;22;390
12;2025-11-01;23;266
12;2025-11-02;0;85
12;2025-11-02;1;7
12;2025-11-02;2;0
12;2025-11-02;3;0
12;2025-11-02;4;6
12;2025-11-02;5;177
12;2025-11-02;6;475
12;2025-11-02;7;559
12;2025-11-02;8;639
12;2025-11-02;9;775
12;2025-11-02;10;935
12;2025-11-02;11;1011
12;2025-11-02;12;1109
12;2025-11-02;13;1320
12;2025-11-02;14;1325
12;2025-11-02;15;1252
12;2025-11-02;16;1341
12;2025-11-02;17;1315
12;2025-11-02;18;1122
12;2025-11-02;19;943
12;2025-11-02;20;763
12;2025-11-02;21;541
12;2025-11-02;22;358
12;2025-11-02;23;216
12;2025-11-03;0;73
12;2025-11-03;1;7
12;2025-11-03;2;0
12;2025-11-03;3;0
12;2025-11-03;4;7
12;2025-11-03;5;255
12;2025-11-03;6;665
12;2025-11-03;7;808
12;2025-11-03;8;967
12;2025-11-03;9;953
12;2025-11-03;10;954
12;2025-11-03;11;990
12;2025-11-03;12;1066
12;2025-11-03;13;1082
12;2025-11-03;14;1050
12;2025-11-03;15;1083
12;2025-11-03;16;1285
12;2025-11-03;17;1435
12;2025-11-03;18;1486
12;2025-11-03;19;1162
12;2025-11-03;20;966
12;2025-11-03;21;679
12;2025-11-03;22;406
12;2025-11-03;23;209
12;2025-11-04;0;57
12;2025-11-04;1;6
12;2025-11-04;2;0
12;2025-11-04;3;0
12;2025-11-04;4;10
12;2025-11-04;5;275
12;2025-11-04;6;610
12;2025-11-04;7;680
12;2025-11-04;8;724
12;2025-11-04;9;892
12;2025-11-04;10;888
12;2025-11-04;11;923
12;2025-11-04;12;1013
12;2025-11-04;13;1087
12;2025-11-04;14;1189
12;2025-11-04;15;1226
12;2025-11-04;16;1381
12;2025-11-04;17;1437
12;2025-11-04;18;1480
12;2025-11-04;19;1192
12;2025-11-04;20;950
12;2025-11-04;21;715
12;2025-11-04;22;444
12;2025-11-04;23;233
12;2025-11-05;0;54
12;2025-11-05;1;4
12;2025-11-05;2;0
12;2025-11-05;3;0
12;2025-11-05;4;10
12;2025-11-05;5;357
12;2025-11-05;6;1482
12;2025-11-05;7;2744
12;2025-11-05;8;3497
12;2025-11-05;9;2570
12;2025-11-05;10;2203
12;2025-11-05;11;2117
12;2025-11-05;12;2138
12;2025-11-05;13;2167
12;2025-11-05;14;2151
12;2025-11-05;15;2365
12;2025-11-05;16;2860
12;2025-11-05;17;3115
12;2025-11-05;18;3278
12;2025-11-05;19;2596
12;2025-11-05;20;1565
12;2025-11-05;21;962
12;2025-11-05;22;505
12;2025-11-05;23;243
12;2025-11-06;0;48
12;2025-11-06;1;6
12;2025-11-06;2;0
12;2025-11-06;3;0
12;2025-11-06;4;7
12;2025-11-06;5;336
12;2025-11-06;6;1396
12;2025-11-06;7;2730
12;2025-11-06;8;3532
12;2025-11-06;9;2410
12;2025-11-06;10;2013
12;2025-11-06;11;1973
12;2025-11-06;12;2061
12;2025-11-06;13;2070
12;2025-11-06;14;2069
12;2025-11-06;15;2216
12;2025-11-06;16;2718
12;2025-11-06;17;2996
12;2025-11-06;18;3257
12;2025-11-06;19;2561
12;2025-11-06;20;1562
12;2025-11-06;21;887
12;2025-11-06;22;506
12;2025-11-06;23;234
12;2025-11-07;0;53
12;2025-11-07;1;5
12;2025-11-07;2;0
12;2025-11-07;3;0
12;2025-11-07;4;6
12;2025-11-07;5;310
12;2025-11-07;6;1398
12;2025-11-07;7;2677
12;2025-11-07;8;3391
12;2025-11-07;9;2364
12;2025-11-07;10;2026
12;2025-11-07;11;2014
12;2025-11-07;12;2030
12;2025-11-07;13;2095
12;2025-11-07;14;2105
12;2025-11-07;15;2417
12;2025-11-07;16;3008
12;2025-11-07;17;3022
12;2025-11-07;18;2722
12;2025-11-07;19;2332
12;2025-11-07;20;1464
12;2025-11-07;21;956
12;2025-11-07;22;516
12;2025-11-07;23;276
12;2025-11-08;0;81
12;2025-11-08;1;5
12;2025-11-08;2;0
12;2025-11-08;3;0
12;2025-11-08;4;6
12;2025-11-08;5;261
12;2025-11-08;6;902
12;2025-11-08;7;931
12;2025-11-08;8;1028
12;2025-11-08;9;1154
12;2025-11-08;10;1411
12;2025-11-08;11;1508
12;2025-11-08;12;1448
12;2025-11-08;13;1730
12;2025-11-08;14;1631
12;2025-11-08;15;1556
12;2025-11-08;16;1647
12;2025-11-08;17;1575
12;2025-11-08;18;1494
12;2025-11-08;19;1472
12;2025-11-08;20;973
12;2025-11-08;21;676
12;2025-11-08;22;443
12;2025-11-08;23;268
12;2025-11-09;0;93
12;2025-11-09;1;10
12;2025-11-09;2;0
12;2025-11-09;3;0
12;2025-11-09;4;6
12;2025-11-09;5;181
12;2025-11-09;6;529
12;2025-11-09;7;631
12;2025-11-09;8;730
12;2025-11-09;9;911
12;2025-11-09;10;1168
12;2025-11-09;11;1317
12;2025-11-09;12;1330
12;2025-11-09;13;1578
12;2025-11-09;14;1499
12;2025-11-09;15;1382
12;2025-11-09;16;1511
12;2025-11-09;17;1527
12;2025-11-09;18;1292
12;2025-11-09;19;1021
12;2025-11-09;20;750
12;2025-11-09;21;583
12;2025-11-09;22;387
12;2025-11-09;23;226
12;2025-11-10;0;72
12;2025-11-10;1;7
12;2025-11-10;2;0
12;2025-11-10;3;0
12;2025-11-10;4;9
12;2025-11-10;5;351
12;2025-11-10;6;1417
12;2025-11-10;7;2785
12;2025-11-10;8;3569
12;2025-11-10;9;2492
12;2025-11-10;10;2063
12;2025-11-10;11;2002
12;2025-11-10;12;2130
12;2025-11-10;13;2109
12;2025-11-10;14;2045
12;2025-11-10;15;2341
12;2025-11-10;16;2766
12;2025-11-10;17;3138
12;2025-11-10;18;3324
12;2025-11-10;19;2555
12;2025-11-10;20;1588
12;2025-11-10;21;910
12;2025-11-10;22;483
12;2025-11-10;23;229
12;2025-11-11;0;54
12;2025-11-11;1;5
12;2025-11-11;2;0
12;2025-11-11;3;0
12;2025-11-11;4;9
12;2025-11-11;5;377
12;2025-11-11;6;1476
12;2025-11-11;7;2866
12;2025-11-11;8;3736
12;2025-11-11;9;2635
12;2025-11-11;10;2237
12;2025-11-11;11;2168
12;2025-11-11;12;2175
12;2025-11-11;13;2186
12;2025-11-11;14;2147
12;2025-11-11;15;2380
12;2025-11-11;16;2858
12;2025-11-11;17;3219
12;2025-11-11;18;3399
12;2025-11-11;19;2626
12;2025-11-11;20;1571
12;2025-11-11;21;925
12;2025-11-11;22;517
12;2025-11-11;23;251
12;2025-11-12;0;62
12;2025-11-12;1;6
12;2025-11-12;2;0
12;2025-11-12;3;0
12;2025-11-12;4;11
12;2025-11-12;5;348
12;2025-11-12;6;1517
12;2025-11-12;7;2825
12;2025-11-12;8;3575
12;2025-11-12;9;2646
12;2025-11-12;10;2220
12;2025-11-12;11;2140
12;2025-11-12;12;2129
12;2025-11-12;13;2132
12;2025-11-12;14;2150
12;2025-11-12;15;2359
12;2025-11-12;16;2855
12;2025-11-12;17;3161
12;2025-11-12;18;3287
12;2025-11-12;19;2599
12;2025-11-12;20;1564
12;2025-11-12;21;976
12;2025-11-12;22;513
12;2025-11-12;23;259
12;2025-11-13;0;60
12;2025-11-13;1;5
12;2025-11-13;2;0
12;2025-11-13;3;0
12;2025-11-13;4;8
12;2025-11-13;5;356
12;2025-11-13;6;1433
12;2025-11-13;7;2845
12;2025-11-13;8;3691
12;2025-11-13;9;2536
12;2025-11-13;10;2123
12;2025-11-13;11;2167
12;2025-11-13;12;2170
12;2025-11-13;13;2172
12;2025-11-13;14;2207
12;2025-11-13;15;2386
12;2025-11-13;16;2873
12;2025-11-13;17;3148
12;2025-11-13;18;3372
12;2025-11-13;19;2654
12;2025-11-13;20;1650
12;2025-11-13;21;936
12;2025-11-13;22;520
12;2025-11-13;23;266
12;2025-11-14;0;67
12;2025-11-14;1;6
12;2025-11-14;2;0
12;2025-11-14;3;0
12;2025-11-14;4;9
12;2025-11-14;5;338
12;2025-11-14;6;1442
12;2025-11-14;7;2781
12;2025-11-14;8;3440
12;2025-11-14;9;2522
12;2025-11-14;10;2111
12;2025-11-14;11;2120
12;2025-11-14;12;2113
12;2025-11-14;13;2168
12;2025-11-14;14;2208
12;2025-11-14;15;2506
12;2025-11-14;16;3096
12;2025-11-14;17;3135
12;2025-11-14;18;2839
12;2025-11-14;19;2398
12;2025-11-14;20;1489
12;2025-11-14;21;967
12;2025-11-14;22;543
12;2025-11-14;23;278
12;2025-11-15;0;72
12;2025-11-15;1;5
12;2025-11-15;2;0
12;2025-11-15;3;0
12;2025-11-15;4;5
12;2025-11-15;5;245
12;2025-11-15;6;872
12;2025-11-15;7;881
12;2025-11-15;8;974
12;2025-11-15;9;1114
12;2025-11-15;10;1352
12;2025-11-15;11;1437
12;2025-11-15;12;1396
12;2025-11-15;13;1675
12;2025-11-15;14;1673
12;2025-11-15;15;1547
12;2025-11-15;16;1623
12;2025-11-15;17;1530
12;2025-11-15;18;1402
12;2025-11-15;19;1461
12;2025-11-15;20;989
12;2025-11-15;21;691
12;2025-11-15;22;432
12;2025-11-15;23;254
12;2025-11-16;0;79
12;2025-11-16;1;7
12;2025-11-16;2;0
12;2025-11-16;3;0
12;2025-11-16;4;2
12;2025-11-16;5;140
12;2025-11-16;6;475
12;2025-11-16;7;587
12;2025-11-16;8;674
12;2025-11-16;9;906
12;2025-11-16;10;1201
12;2025-11-16;11;1358
12;2025-11-16;12;1382
12;2025-11-16;13;1640
12;2025-11-16;14;1514
12;2025-11-16;15;1367
12;2025-11-16;16;1443
12;2025-11-16;17;1433
12;2025-11-16;18;1201
12;2025-11-16;19;930
12;2025-11-16;20;701
12;2025-11-16;21;543
12;2025-11-16;22;354
12;2025-11-16;23;191
12;2025-11-17;0;60
12;2025-11-17;1;4
12;2025-11-17;2;0
12;2025-11-17;3;0
12;2025-11-17;4;4
12;2025-11-17;5;317
12;2025-11-17;6;1356
12;2025-11-17;7;2728
12;2025-11-17;8;3497
12;2025-11-17;9;2397
12;2025-11-17;10;1942
12;2025-11-17;11;1880
12;2025-11-17;12;1957
12;2025-11-17;13;1897
12;2025-11-17;14;1893
12;2025-11-17;15;2182
12;2025-11-17;16;2682
12;2025-11-17;17;3078
12;2025-11-17;18;3291
12;2025-11-17;19;2527
12;2025-11-17;20;1557
12;2025-11-17;21;859
12;2025-11-17;22;454
12;2025-11-17;23;212
12;2025-11-18;0;49
12;2025-11-18;1;4
12;2025-11-18;2;0
12;2025-11-18;3;0
12;2025-11-18;4;4
12;2025-11-18;5;355
12;2025-11-18;6;1447
12;2025-11-18;7;2818
12;2025-11-18;8;3676
12;2025-11-18;9;2544
12;2025-11-18;10;2108
12;2025-11-18;11;2103
12;2025-11-18;12;2099
12;2025-11-18;13;2061
12;2025-11-18;14;2025
12;2025-11-18;15;2310
12;2025-11-18;16;2829
12;2025-11-18;17;3180
12;2025-11-18;18;3376
12;2025-11-18;19;2600
12;2025-11-18;20;1551
12;2025-11-18;21;900
12;2025-11-18;22;500
12;2025-11-18;23;242
12;2025-11-19;0;59
12;2025-11-19;1;5
12;2025-11-19;2;0
12;2025-11-19;3;0
12;2025-11-19;4;8
12;2025-11-19;5;342
12;2025-11-19;6;1509
12;2025-11-19;7;2814
12;2025-11-19;8;3560
12;2025-11-19;9;2636
12;2025-11-19;10;2213
12;2025-11-19;11;2134
12;2025-11-19;12;2144
12;2025-11-19;13;2180
12;2025-11-19;14;2155
12;2025-11-19;15;2379
12;2025-11-19;16;2872
12;2025-11-19;17;3159
12;2025-11-19;18;3300
12;2025-11-19;19;2601
12;2025-11-19;20;1568
12;2025-11-19;21;984
12;2025-11-19;22;508
12;2025-11-19;23;237
12;2025-11-20;0;57
12;2025-11-20;1;3
12;2025-11-20;2;0
12;2025-11-20;3;0
12;2025-11-20;4;3
12;2025-11-20;5;345
12;2025-11-20;6;1452
12;2025-11-20;7;2868
12;2025-11-20;8;3668
12;2025-11-20;9;2572
12;2025-11-20;10;2137
12;2025-11-20;11;2175
12;2025-11-20;12;2177
12;2025-11-20;13;2193
12;2025-11-20;14;2208
12;2025-11-20;15;2396
12;2025-11-20;16;2886
12;2025-11-20;17;3153
12;2025-11-20;18;3396
12;2025-11-20;19;2644
12;2025-11-20;20;1635
12;2025-11-20;21;914
12;2025-11-20;22;518
12;2025-11-20;23;257
12;2025-11-21;0;64
12;2025-11-21;1;4
12;2025-11-21;2;0
12;2025-11-21;3;0
12;2025-11-21;4;6
12;2025-11-21;5;316
12;2025-11-21;6;1405
12;2025-11-21;7;2756
12;2025-11-21;8;3493
12;2025-11-21;9;2500
12;2025-11-21;10;2095
12;2025-11-21;11;2098
12;2025-11-21;12;2088
12;2025-11-21;13;2172
12;2025-11-21;14;2201
12;2025-11-21;15;2497
12;2025-11-21;16;3086
12;2025-11-21;17;3122
12;2025-11-21;18;2846
12;2025-11-21;19;2373
12;2025-11-21;20;1488
12;2025-11-21;21;977
12;2025-11-21;22;534
12;2025-11-21;23;276
12;2025-11-22;0;74
12;2025-11-22;1;6
12;2025-11-22;2;0
12;2025-11-22;3;0
12;2025-11-22;4;9
12;2025-11-22;5;237
12;2025-11-22;6;852
12;2025-11-22;7;887
12;2025-11-22;8;980
12;2025-11-22;9;1119
12;2025-11-22;10;1428
12;2025-11-22;11;1537
12;2025-11-22;12;1470
12;2025-11-22;13;1764
12;2025-11-22;14;1655
12;2025-11-22;15;1537
12;2025-11-22;16;1640
12;2025-11-22;17;1573
12;2025-11-22;18;1486
12;2025-11-22;19;1449
12;2025-11-22;20;970
12;2025-11-22;21;646
12;2025-11-22;22;408
12;2025-11-22;23;237
12;2025-11-23;0;70
12;2025-11-23;1;7
12;2025-11-23;2;0
12;2025-11-23;3;0
12;2025-11-23;4;0
12;2025-11-23;5;169
12;2025-11-23;6;499
12;2025-11-23;7;600
12;2025-11-23;8;709
12;2025-11-23;9;883
12;2025-11-23;10;1190
12;2025-11-23;11;1370
12;2025-11-23;12;1412
12;2025-11-23;13;1676
12;2025-11-23;14;1581
12;2025-11-23;15;1458
12;2025-11-23;16;1563
12;2025-11-23;17;1570
12;2025-11-23;18;1303
12;2025-11-23;19;1000
12;2025-11-23;20;759
12;2025-11-23;21;543
12;2025-11-23;22;358
12;2025-11-23;23;194
12;2025-11-24;0;58
12;2025-11-24;1;7
12;2025-11-24;2;0
12;2025-11-24;3;0
12;2025-11-24;4;0
12;2025-11-24;5;319
12;2025-11-24;6;1381
12;2025-11-24;7;2721
12;2025-11-24;8;3517
12;2025-11-24;9;2411
12;2025-11-24;10;1961
12;2025-11-24;11;1878
12;2025-11-24;12;2019
12;2025-11-24;13;2033
12;2025-11-24;14;1943
12;2025-11-24;15;2207
12;2025-11-24;16;2679
12;2025-11-24;17;3045
12;2025-11-24;18;3272
12;2025-11-24;19;2506
12;2025-11-24;20;1562
12;2025-11-24;21;908
12;2025-11-24;22;463
12;2025-11-24;23;216
12;2025-11-25;0;47
12;2025-11-25;1;3
12;2025-11-25;2;0
12;2025-11-25;3;0
12;2025-11-25;4;6
12;2025-11-25;5;350
12;2025-11-25;6;1441
12;2025-11-25;7;2818
12;2025-11-25;8;3702
12;2025-11-25;9;2597
12;2025-11-25;10;2175
12;2025-11-25;11;2114
12;2025-11-25;12;2126
12;2025-11-25;13;2153
12;2025-11-25;14;2088
12;2025-11-25;15;2338
12;2025-11-25;16;2810
12;2025-11-25;17;3155
12;2025-11-25;18;3362
12;2025-11-25;19;2592
12;2025-11-25;20;1546
12;2025-11-25;21;897
12;2025-11-25;22;495
12;2025-11-25;23;227
12;2025-11-26;0;55
12;2025-11-26;1;2
12;2025-11-26;2;0
12;2025-11-26;3;0
12;2025-11-26;4;7
12;2025-11-26;5;323
12;2025-11-26;6;1456
12;2025-11-26;7;2688
12;2025-11-26;8;3408
12;2025-11-26;9;2499
12;2025-11-26;10;2107
12;2025-11-26;11;2026
12;2025-11-26;12;2052
12;2025-11-26;13;2058
12;2025-11-26;14;2022
12;2025-11-26;15;2228
12;2025-11-26;16;2712
12;2025-11-26;17;2968
12;2025-11-26;18;3122
12;2025-11-26;19;2436
12;2025-11-26;20;1493
12;2025-11-26;21;891
12;2025-11-26;22;486
12;2025-11-26;23;230
12;2025-11-27;0;51
12;2025-11-27;1;2
12;2025-11-27;2;0
12;2025-11-27;3;0
12;2025-11-27;4;6
12;2025-11-27;5;346
12;2025-11-27;6;1392
12;2025-11-27;7;2635
12;2025-11-27;8;3421
12;2025-11-27;9;2363
12;2025-11-27;10;1978
12;2025-11-27;11;1973
12;2025-11-27;12;1985
12;2025-11-27;13;1956
12;2025-11-27;14;1976
12;2025-11-27;15;2177
12;2025-11-27;16;2633
12;2025-11-27;17;2889
12;2025-11-27;18;3104
12;2025-11-27;19;2425
12;2025-11-27;20;1553
12;2025-11-27;21;856
12;2025-11-27;22;481
12;2025-11-27;23;247
12;2025-11-28;0;57
12;2025-11-28;1;3
12;2025-11-28;2;0
12;2025-11-28;3;0
12;2025-11-28;4;7
12;2025-11-28;5;327
12;2025-11-28;6;1380
12;2025-11-28;7;2554
12;2025-11-28;8;3246
12;2025-11-28;9;2316
12;2025-11-28;10;1949
12;2025-11-28;11;1947
12;2025-11-28;12;1945
12;2025-11-28;13;1986
12;2025-11-28;14;2002
12;2025-11-28;15;2301
12;2025-11-28;16;2858
12;2025-11-28;17;2867
12;2025-11-28;18;2584
12;2025-11-28;19;2190
12;2025-11-28;20;1437
12;2025-11-28;21;932
12;2025-11-28;22;528
12;2025-11-28;23;285
12;2025-11-29;0;78
12;2025-11-29;1;5
12;2025-11-29;2;0
12;2025-11-29;3;0
12;2025-11-29;4;3
12;2025-11-29;5;261
12;2025-11-29;6;871
12;2025-11-29;7;890
12;2025-11-29;8;949
12;2025-11-29;9;1067
12;2025-11-29;10;1329
12;2025-11-29;11;1431
12;2025-11-29;12;1379
12;2025-11-29;13;1607
12;2025-11-29;14;1508
12;2025-11-29;15;1392
12;2025-11-29;16;1516
12;2025-11-29;17;1441
12;2025-11-29;18;1337
12;2025-11-29;19;1326
12;2025-11-29;20;910
12;2025-11-29;21;633
12;2025-11-29;22;423
12;2025-11-29;23;259
12;2025-11-30;0;75
12;2025-11-30;1;7
12;2025-11-30;2;0
12;2025-11-30;3;0
12;2025-11-30;4;0
12;2025-11-30;5;172
12;2025-11-30;6;501
12;2025-11-30;7;598
12;2025-11-30;8;665
12;2025-11-30;9;812
12;2025-11-30;10;1088
12;2025-11-30;11;1239
12;2025-11-30;12;1258
12;2025-11-30;13;1483
12;2025-11-30;14;1396
12;2025-11-30;15;1295
12;2025-11-30;16;1399
12;2025-11-30;17;1412
12;2025-11-30;18;1183
12;2025-11-30;19;937
12;2025-11-30;20;712
12;2025-11-30;21;572
12;2025-11-30;22;373
12;2025-11-30;23;201
12;2025-12-01;0;46
12;2025-12-01;1;0
12;2025-12-01;2;0
12;2025-12-01;3;0
12;2025-12-01;4;0
12;2025-12-01;5;336
12;2025-12-01;6;1314
12;2025-12-01;7;2515
12;2025-12-01;8;3281
12;2025-12-01;9;2219
12;2025-12-01;10;1803
12;2025-12-01;11;1731
12;2025-12-01;12;1870
12;2025-12-01;13;1852
12;2025-12-01;14;1788
12;2025-12-01;15;2061
12;2025-12-01;16;2444
12;2025-12-01;17;2769
12;2025-12-01;18;2988
12;2025-12-01;19;2275
12;2025-12-01;20;1455
12;2025-12-01;21;830
12;2025-12-01;22;450
12;2025-12-01;23;182
12;2025-12-02;0;22
12;2025-12-02;1;0
12;2025-12-02;2;0
12;2025-12-02;3;0
12;2025-12-02;4;0
12;2025-12-02;5;356
12;2025-12-02;6;1383
12;2025-12-02;7;2620
12;2025-12-02;8;3512
12;2025-12-02;9;2380
12;2025-12-02;10;2003
12;2025-12-02;11;1932
12;2025-12-02;12;1935
12;2025-12-02;13;1956
12;2025-12-02;14;1889
12;2025-12-02;15;2127
12;2025-12-02;16;2561
12;2025-12-02;17;2877
12;2025-12-02;18;3079
12;2025-12-02;19;2361
12;2025-12-02;20;1452
12;2025-12-02;21;852
12;2025-12-02;22;468
12;2025-12-02;23;201
12;2025-12-03;0;40
12;2025-12-03;1;0
12;2025-12-03;2;0
12;2025-12-03;3;0
12;2025-12-03;4;0
12;2025-12-03;5;334
12;2025-12-03;6;1444
12;2025-12-03;7;2618
12;2025-12-03;8;3343
12;2025-12-03;9;2423
12;2025-12-03;10;2042
12;2025-12-03;11;1960
12;2025-12-03;12;1974
12;2025-12-03;13;1994
12;2025-12-03;14;1959
12;2025-12-03;15;2165
12;2025-12-03;16;2614
12;2025-12-03;17;2888
12;2025-12-03;18;3023
12;2025-12-03;19;2371
12;2025-12-03;20;1480
12;2025-12-03;21;913
12;2025-12-03;22;487
12;2025-12-03;23;215
12;2025-12-04;0;32
12;2025-12-04;1;0
12;2025-12-04;2;0
12;2025-12-04;3;0
12;2025-12-04;4;0
12;2025-12-04;5;339
12;2025-12-04;6;1396
12;2025-12-04;7;2608
12;2025-12-04;8;3417
12;2025-12-04;9;2301
12;2025-12-04;10;1898
12;2025-12-04;11;1929
12;2025-12-04;12;1938
12;2025-12-04;13;1957
12;2025-12-04;14;1973
12;2025-12-04;15;2147
12;2025-12-04;16;2575
12;2025-12-04;17;2813
12;2025-12-04;18;3063
12;2025-12-04;19;2381
12;2025-12-04;20;1575
12;2025-12-04;21;885
12;2025-12-04;22;491
12;2025-12-04;23;221
12;2025-12-05;0;39
12;2025-12-05;1;0
12;2025-12-05;2;0
12;2025-12-05;3;0
12;2025-12-05;4;0
12;2025-12-05;5;325
12;2025-12-05;6;1394
12;2025-12-05;7;2560
12;2025-12-05;8;3270
12;2025-12-05;9;2291
12;2025-12-05;10;1893
12;2025-12-05;11;1894
12;2025-12-05;12;1901
12;2025-12-05;13;1973
12;2025-12-05;14;1988
12;2025-12-05;15;2283
12;2025-12-05;16;2821
12;2025-12-05;17;2826
12;2025-12-05;18;2549
12;2025-12-05;19;2203
12;2025-12-05;20;1427
12;2025-12-05;21;942
12;2025-12-05;22;513
12;2025-12-05;23;245
12;2025-12-06;0;78
12;2025-12-06;1;5
12;2025-12-06;2;0
12;2025-12-06;3;0
12;2025-12-06;4;4
12;2025-12-06;5;272
12;2025-12-06;6;900
12;2025-12-06;7;913
12;2025-12-06;8;998
12;2025-12-06;9;1091
12;2025-12-06;10;1362
12;2025-12-06;11;1461
12;2025-12-06;12;1405
12;2025-12-06;13;1680
12;2025-12-06;14;1576
12;2025-12-06;15;1467
12;2025-12-06;16;1559
12;2025-12-06;17;1481
12;2025-12-06;18;1380
12;2025-12-06;19;1376
12;2025-12-06;20;926
12;2025-12-06;21;644
12;2025-12-06;22;433
12;2025-12-06;23;239
12;2025-12-07;0;84
12;2025-12-07;1;7
12;2025-12-07;2;0
12;2025-12-07;3;0
12;2025-12-07;4;0
12;2025-12-07;5;177
12;2025-12-07;6;512
12;2025-12-07;7;612
12;2025-12-07;8;716
12;2025-12-07;9;883
12;2025-12-07;10;1139
12;2025-12-07;11;1285
12;2025-12-07;12;1299
12;2025-12-07;13;1581
12;2025-12-07;14;1486
12;2025-12-07;15;1364
12;2025-12-07;16;1456
12;2025-12-07;17;1490
12;2025-12-07;18;1249
12;2025-12-07;19;996
12;2025-12-07;20;721
12;2025-12-07;21;579
12;2025-12-07;22;384
12;2025-12-07;23;197
12;2025-12-08;0;67
12;2025-12-08;1;0
12;2025-12-08;2;0
12;2025-12-08;3;0
12;2025-12-08;4;5
12;2025-12-08;5;359
12;2025-12-08;6;1405
12;2025-12-08;7;2677
12;2025-12-08;8;3457
12;2025-12-08;9;2397
12;2025-12-08;10;1937
12;2025-12-08;11;1864
12;2025-12-08;12;1994
12;2025-12-08;13;1991
12;2025-12-08;14;1925
12;2025-12-08;15;2201
12;2025-12-08;16;2596
12;2025-12-08;17;2960
12;2025-12-08;18;3159
12;2025-12-08;19;2437
12;2025-12-08;20;1555
12;2025-12-08;21;891
12;2025-12-08;22;484
12;2025-12-08;23;205
12;2025-12-09;0;50
12;2025-12-09;1;3
12;2025-12-09;2;0
12;2025-12-09;3;0
12;2025-12-09;4;5
12;2025-12-09;5;382
12;2025-12-09;6;1476
12;2025-12-09;7;2761
12;2025-12-09;8;3683
12;2025-12-09;9;2573
12;2025-12-09;10;2151
12;2025-12-09;11;2066
12;2025-12-09;12;2081
12;2025-12-09;13;2082
12;2025-12-09;14;2026
12;2025-12-09;15;2275
12;2025-12-09;16;2747
12;2025-12-09;17;3080
12;2025-12-09;18;3271
12;2025-12-09;19;2517
12;2025-12-09;20;1568
12;2025-12-09;21;907
12;2025-12-09;22;512
12;2025-12-09;23;240
12;2025-12-10;0;58
12;2025-12-10;1;2
12;2025-12-10;2;0
12;2025-12-10;3;0
12;2025-12-10;4;7
12;2025-12-10;5;346
12;2025-12-10;6;1506
12;2025-12-10;7;2782
12;2025-12-10;8;3552
12;2025-12-10;9;2650
12;2025-12-10;10;2195
12;2025-12-10;11;2108
12;2025-12-10;12;2123
12;2025-12-10;13;2131
12;2025-12-10;14;2106
12;2025-12-10;15;2321
12;2025-12-10;16;2824
12;2025-12-10;17;3111
12;2025-12-10;18;3240
12;2025-12-10;19;2546
12;2025-12-10;20;1559
12;2025-12-10;21;960
12;2025-12-10;22;510
12;2025-12-10;23;246
12;2025-12-11;0;52
12;2025-12-11;1;3
12;2025-12-11;2;0
12;2025-12-11;3;0
12;2025-12-11;4;4
12;2025-12-11;5;348
12;2025-12-11;6;1433
12;2025-12-11;7;2751
12;2025-12-11;8;3497
12;2025-12-11;9;2408
12;2025-12-11;10;1962
12;2025-12-11;11;2034
12;2025-12-11;12;2042
12;2025-12-11;13;2078
12;2025-12-11;14;2107
12;2025-12-11;15;2281
12;2025-12-11;16;2734
12;2025-12-11;17;2941
12;2025-12-11;18;3155
12;2025-12-11;19;2470
12;2025-12-11;20;1594
12;2025-12-11;21;896
12;2025-12-11;22;506
12;2025-12-11;23;261
12;2025-12-12;0;61
12;2025-12-12;1;2
12;2025-12-12;2;0
12;2025-12-12;3;0
12;2025-12-12;4;6
12;2025-12-12;5;334
12;2025-12-12;6;1402
12;2025-12-12;7;2692
12;2025-12-12;8;3438
12;2025-12-12;9;2453
12;2025-12-12;10;2028
12;2025-12-12;11;2052
12;2025-12-12;12;1974
12;2025-12-12;13;2018
12;2025-12-12;14;2039
12;2025-12-12;15;2339
12;2025-12-12;16;2907
12;2025-12-12;17;2981
12;2025-12-12;18;2741
12;2025-12-12;19;2283
12;2025-12-12;20;1472
12;2025-12-12;21;971
12;2025-12-12;22;544
12;2025-12-12;23;276
12;2025-12-13;0;71
12;2025-12-13;1;2
12;2025-12-13;2;0
12;2025-12-13;3;0
12;2025-12-13;4;0
12;2025-12-13;5;249
12;2025-12-13;6;887
12;2025-12-13;7;870
12;2025-12-13;8;962
12;2025-12-13;9;1132
12;2025-12-13;10;1375
12;2025-12-13;11;1476
12;2025-12-13;12;1413
12;2025-12-13;13;1671
12;2025-12-13;14;1540
12;2025-12-13;15;1448
12;2025-12-13;16;1522
12;2025-12-13;17;1482
12;2025-12-13;18;1408
12;2025-12-13;19;1389
12;2025-12-13;20;955
12;2025-12-13;21;635
12;2025-12-13;22;419
12;2025-12-13;23;244
12;2025-12-14;0;72
12;2025-12-14;1;4
12;2025-12-14;2;0
12;2025-12-14;3;0
12;2025-12-14;4;0
12;2025-12-14;5;151
12;2025-12-14;6;513
12;2025-12-14;7;604
12;2025-12-14;8;704
12;2025-12-14;9;895
12;2025-12-14;10;1153
12;2025-12-14;11;1298
12;2025-12-14;12;1314
12;2025-12-14;13;1558
12;2025-12-14;14;1467
12;2025-12-14;15;1349
12;2025-12-14;16;1462
12;2025-12-14;17;1493
12;2025-12-14;18;1277
12;2025-12-14;19;1011
12;2025-12-14;20;753
12;2025-12-14;21;565
12;2025-12-14;22;370
12;2025-12-14;23;200
12;2025-12-15;0;65
12;2025-12-15;1;0
12;2025-12-15;2;0
12;2025-12-15;3;0
12;2025-12-15;4;3
12;2025-12-15;5;333
12;2025-12-15;6;1371
12;2025-12-15;7;2711
12;2025-12-15;8;3507
12;2025-12-15;9;2433
12;2025-12-15;10;1987
12;2025-12-15;11;1890
12;2025-12-15;12;2042
12;2025-12-15;13;2023
12;2025-12-15;14;1942
12;2025-12-15;15;2248
12;2025-12-15;16;2694
12;2025-12-15;17;3050
12;2025-12-15;18;3254
12;2025-12-15;19;2493
12;2025-12-15;20;1541
12;2025-12-15;21;861
12;2025-12-15;22;467
12;2025-12-15;23;211
12;2025-12-16;0;53
12;2025-12-16;1;3
12;2025-12-16;2;0
12;2025-12-16;3;0
12;2025-12-16;4;2
12;2025-12-16;5;368
12;2025-12-16;6;1436
12;2025-12-16;7;2813
12;2025-12-16;8;3713
12;2025-12-16;9;2603
12;2025-12-16;10;2173
12;2025-12-16;11;2087
12;2025-12-16;12;2058
12;2025-12-16;13;2052
12;2025-12-16;14;2049
12;2025-12-16;15;2312
12;2025-12-16;16;2793
12;2025-12-16;17;3146
12;2025-12-16;18;3331
12;2025-12-16;19;2565
12;2025-12-16;20;1576
12;2025-12-16;21;918
12;2025-12-16;22;509
12;2025-12-16;23;242
12;2025-12-17;0;56
12;2025-12-17;1;3
12;2025-12-17;2;0
12;2025-12-17;3;0
12;2025-12-17;4;6
12;2025-12-17;5;343
12;2025-12-17;6;1501
12;2025-12-17;7;2769
12;2025-12-17;8;3551
12;2025-12-17;9;2604
12;2025-12-17;10;2180
12;2025-12-17;11;2099
12;2025-12-17;12;2115
12;2025-12-17;13;2134
12;2025-12-17;14;2098
12;2025-12-17;15;2317
12;2025-12-17;16;2838
12;2025-12-17;17;3114
12;2025-12-17;18;3244
12;2025-12-17;19;2542
12;2025-12-17;20;1550
12;2025-12-17;21;955
12;2025-12-17;22;504
12;2025-12-17;23;244
12;2025-12-18;0;51
12;2025-12-18;1;2
12;2025-12-18;2;0
12;2025-12-18;3;0
12;2025-12-18;4;3
12;2025-12-18;5;346
12;2025-12-18;6;1429
12;2025-12-18;7;2758
12;2025-12-18;8;3609
12;2025-12-18;9;2477
12;2025-12-18;10;2044
12;2025-12-18;11;2083
12;2025-12-18;12;2094
12;2025-12-18;13;2096
12;2025-12-18;14;2111
12;2025-12-18;15;2297
12;2025-12-18;16;2792
12;2025-12-18;17;3065
12;2025-12-18;18;3293
12;2025-12-18;19;2553
12;2025-12-18;20;1628
12;2025-12-18;21;922
12;2025-12-18;22;504
12;2025-12-18;23;251
12;2025-12-19;0;58
12;2025-12-19;1;3
12;2025-12-19;2;0
12;2025-12-19;3;0
12;2025-12-19;4;5
12;2025-12-19;5;333
12;2025-12-19;6;1414
12;2025-12-19;7;2720
12;2025-12-19;8;3463
12;2025-12-19;9;2479
12;2025-12-19;10;2050
12;2025-12-19;11;2058
12;2025-12-19;12;2054
12;2025-12-19;13;2107
12;2025-12-19;14;2125
12;2025-12-19;15;2439
12;2025-12-19;16;3037
12;2025-12-19;17;3071
12;2025-12-19;18;2773
12;2025-12-19;19;2327
12;2025-12-19;20;1469
12;2025-12-19;21;959
12;2025-12-19;22;535
12;2025-12-19;23;279
12;2025-12-20;0;72
12;2025-12-20;1;5
12;2025-12-20;2;0
12;2025-12-20;3;0
12;2025-12-20;4;3
12;2025-12-20;5;264
12;2025-12-20;6;893
12;2025-12-20;7;934
12;2025-12-20;8;1036
12;2025-12-20;9;1159
12;2025-12-20;10;1399
12;2025-12-20;11;1507
12;2025-12-20;12;1449
12;2025-12-20;13;1715
12;2025-12-20;14;1612
12;2025-12-20;15;1516
12;2025-12-20;16;1599
12;2025-12-20;17;1537
12;2025-12-20;18;1426
12;2025-12-20;19;1393
12;2025-12-20;20;934
12;2025-12-20;21;638
12;2025-12-20;22;428
12;2025-12-20;23;258
12;2025-12-21;0;82
12;2025-12-21;1;7
12;2025-12-21;2;0
12;2025-12-21;3;0
12;2025-12-21;4;0
12;2025-12-21;5;173
12;2025-12-21;6;499
12;2025-12-21;7;626
12;2025-12-21;8;725
12;2025-12-21;9;909
12;2025-12-21;10;1151
12;2025-12-21;11;1294
12;2025-12-21;12;1306
12;2025-12-21;13;1564
12;2025-12-21;14;1464
12;2025-12-21;15;1365
12;2025-12-21;16;1477
12;2025-12-21;17;1507
12;2025-12-21;18;1270
12;2025-12-21;19;993
12;2025-12-21;20;736
12;2025-12-21;21;567
12;2025-12-21;22;365
12;2025-12-21;23;205
12;2025-12-22;0;64
12;2025-12-22;1;6
12;2025-12-22;2;0
12;2025-12-22;3;0
12;2025-12-22;4;5
12;2025-12-22;5;355
12;2025-12-22;6;1408
12;2025-12-22;7;2717
12;2025-12-22;8;3514
12;2025-12-22;9;2440
12;2025-12-22;10;1966
12;2025-12-22;11;1897
12;2025-12-22;12;2034
12;2025-12-22;13;2010
12;2025-12-22;14;1951
12;2025-12-22;15;2208
12;2025-12-22;16;2659
12;2025-12-22;17;3006
12;2025-12-22;18;3207
12;2025-12-22;19;2456
12;2025-12-22;20;1550
12;2025-12-22;21;923
12;2025-12-22;22;473
12;2025-12-22;23;211
12;2025-12-23;0;48
12;2025-12-23;1;1
12;2025-12-23;2;0
12;2025-12-23;3;0
12;2025-12-23;4;0
12;2025-12-23;5;385
12;2025-12-23;6;1434
12;2025-12-23;7;2762
12;2025-12-23;8;3654
12;2025-12-23;9;2557
12;2025-12-23;10;2163
12;2025-12-23;11;2082
12;2025-12-23;12;2080
12;2025-12-23;13;2088
12;2025-12-23;14;2032
12;2025-12-23;15;2281
12;2025-12-23;16;2760
12;2025-12-23;17;3123
12;2025-12-23;18;3321
12;2025-12-23;19;2541
12;2025-12-23;20;1538
12;2025-12-23;21;912
12;2025-12-23;22;500
12;2025-12-23;23;232
12;2025-12-24;0;55
12;2025-12-24;1;0
12;2025-12-24;2;0
12;2025-12-24;3;0
12;2025-12-24;4;6
12;2025-12-24;5;345
12;2025-12-24;6;1486
12;2025-12-24;7;2749
12;2025-12-24;8;3505
12;2025-12-24;9;2605
12;2025-12-24;10;2153
12;2025-12-24;11;2076
12;2025-12-24;12;2081
12;2025-12-24;13;2072
12;2025-12-24;14;2068
12;2025-12-24;15;2279
12;2025-12-24;16;2793
12;2025-12-24;17;3095
12;2025-12-24;18;3214
12;2025-12-24;19;2532
12;2025-12-24;20;1534
12;2025-12-24;21;923
12;2025-12-24;22;495
12;2025-12-24;23;241
12;2025-12-25;0;53
12;2025-12-25;1;2
12;2025-12-25;2;0
12;2025-12-25;3;0
12;2025-12-25;4;2
12;2025-12-25;5;341
12;2025-12-25;6;1403
12;2025-12-25;7;2757
12;2025-12-25;8;3569
12;2025-12-25;9;2496
12;2025-12-25;10;2051
12;2025-12-25;11;2082
12;2025-12-25;12;2091
12;2025-12-25;13;2089
12;2025-12-25;14;2103
12;2025-12-25;15;2293
12;2025-12-25;16;2781
12;2025-12-25;17;3028
12;2025-12-25;18;3137
12;2025-12-25;19;2515
12;2025-12-25;20;1584
12;2025-12-25;21;868
12;2025-12-25;22;491
12;2025-12-25;23;247
12;2025-12-26;0;61
12;2025-12-26;1;13
12;2025-12-26;2;0
12;2025-12-26;3;0
12;2025-12-26;4;0
12;2025-12-26;5;343
12;2025-12-26;6;1422
12;2025-12-26;7;2585
12;2025-12-26;8;3284
12;2025-12-26;9;2410
12;2025-12-26;10;1983
12;2025-12-26;11;1987
12;2025-12-26;12;1967
12;2025-12-26;13;2060
12;2025-12-26;14;2087
12;2025-12-26;15;2385
12;2025-12-26;16;2970
12;2025-12-26;17;2978
12;2025-12-26;18;2699
12;2025-12-26;19;2212
12;2025-12-26;20;1478
12;2025-12-26;21;970
12;2025-12-26;22;538
12;2025-12-26;23;292
12;2025-12-27;0;77
12;2025-12-27;1;5
12;2025-12-27;2;0
12;2025-12-27;3;0
12;2025-12-27;4;0
12;2025-12-27;5;267
12;2025-12-27;6;913
12;2025-12-27;7;937
12;2025-12-27;8;1059
12;2025-12-27;9;1180
12;2025-12-27;10;1431
12;2025-12-27;11;1535
12;2025-12-27;12;1469
12;2025-12-27;13;1726
12;2025-12-27;14;1624
12;2025-12-27;15;1532
12;2025-12-27;16;1612
12;2025-12-27;17;1562
12;2025-12-27;18;1448
12;2025-12-27;19;1406
12;2025-12-27;20;954
12;2025-12-27;21;666
12;2025-12-27;22;422
12;2025-12-27;23;257
12;2025-12-28;0;72
12;2025-12-28;1;6
12;2025-12-28;2;0
12;2025-12-28;3;0
12;2025-12-28;4;1
12;2025-12-28;5;167
12;2025-12-28;6;491
12;2025-12-28;7;593
12;2025-12-28;8;706
12;2025-12-28;9;888
12;2025-12-28;10;1150
12;2025-12-28;11;1279
12;2025-12-28;12;1305
12;2025-12-28;13;1551
12;2025-12-28;14;1446
12;2025-12-28;15;1347
12;2025-12-28;16;1477
12;2025-12-28;17;1515
12;2025-12-28;18;1261
12;2025-12-28;19;999
12;2025-12-28;20;744
12;2025-12-28;21;581
12;2025-12-28;22;376
12;2025-12-28;23;209
12;2025-12-29;0;67
12;2025-12-29;1;4
12;2025-12-29;2;0
12;2025-12-29;3;0
12;2025-12-29;4;6
12;2025-12-29;5;354
12;2025-12-29;6;1404
12;2025-12-29;7;2697
12;2025-12-29;8;3461
12;2025-12-29;9;2437
12;2025-12-29;10;1986
12;2025-12-29;11;1913
12;2025-12-29;12;2047
12;2025-12-29;13;2010
12;2025-12-29;14;1944
12;2025-12-29;15;2235
12;2025-12-29;16;2677
12;2025-12-29;17;3001
12;2025-12-29;18;3162
12;2025-12-29;19;2450
12;2025-12-29;20;1549
12;2025-12-29;21;889
12;2025-12-29;22;458
12;2025-12-29;23;224
12;2025-12-30;0;40
12;2025-12-30;1;0
12;2025-12-30;2;0
12;2025-12-30;3;0
12;2025-12-30;4;2
12;2025-12-30;5;368
12;2025-12-30;6;1442
12;2025-12-30;7;2715
12;2025-12-30;8;3618
12;2025-12-30;9;2555
12;2025-12-30;10;2142
12;2025-12-30;11;2062
12;2025-12-30;12;2099
12;2025-12-30;13;2101
12;2025-12-30;14;2094
12;2025-12-30;15;2346
12;2025-12-30;16;2799
12;2025-12-30;17;3087
12;2025-12-30;18;3252
12;2025-12-30;19;2478
12;2025-12-30;20;1510
12;2025-12-30;21;885
12;2025-12-30;22;506
12;2025-12-30;23;258
12;2025-12-31;0;11
12;2025-12-31;1;0
12;2025-12-31;2;0
12;2025-12-31;3;0
12;2025-12-31;4;0
12;2025-12-31;5;171
12;2025-12-31;6;431
12;2025-12-31;7;474
12;2025-12-31;8;723
12;2025-12-31;9;851
12;2025-12-31;10;841
12;2025-12-31;11;967
12;2025-12-31;12;1100
12;2025-12-31;13;1142
12;2025-12-31;14;1149
12;2025-12-31;15;1175
12;2025-12-31;16;1357
12;2025-12-31;17;1365
12;2025-12-31;18;1305
12;2025-12-31;19;1026
12;2025-12-31;20;831
12;2025-12-31;21;597
12;2025-12-31;22;376
12;2025-12-31;23;184
17;2025-11-01;0;198
17;2025-11-01;1;24
17;2025-11-01;2;0
17;2025-11-01;3;0
17;2025-11-01;4;6
17;2025-11-01;5;131
17;2025-11-01;6;545
17;2025-11-01;7;1208
17;2025-11-01;8;1726
17;2025-11-01;9;2151
17;2025-11-01;10;2427
17;2025-11-01;11;2848
17;2025-11-01;12;3086
17;2025-11-01;13;3363
17;2025-11-01;14;3423
17;2025-11-01;15;3458
17;2025-11-01;16;3455
17;2025-11-01;17;3346
17;2025-11-01;18;2858
17;2025-11-01;19;2334
17;2025-11-01;20;1916
17;2025-11-01;21;1335
17;2025-11-01;22;798
17;2025-11-01;23;444
17;2025-11-02;0;180
17;2025-11-02;1;25
17;2025-11-02;2;0
17;2025-11-02;3;0
17;2025-11-02;4;5
17;2025-11-02;5;102
17;2025-11-02;6;374
17;2025-11-02;7;663
17;2025-11-02;8;868
17;2025-11-02;9;1398
17;2025-11-02;10;1670
17;2025-11-02;11;2032
17;2025-11-02;12;2307
17;2025-11-02;13;2490
17;2025-11-02;14;2626
17;2025-11-02;15;2562
17;2025-11-02;16;2561
17;2025-11-02;17;2462
17;2025-11-02;18;2214
17;2025-11-02;19;2001
17;2025-11-02;20;1526
17;2025-11-02;21;1024
17;2025-11-02;22;680
17;2025-11-02;23;315
17;2025-11-03;0;93
17;2025-11-03;1;15
17;2025-11-03;2;0
17;2025-11-03;3;0
17;2025-11-03;4;11
17;2025-11-03;5;186
17;2025-11-03;6;573
17;2025-11-03;7;1471
17;2025-11-03;8;2079
17;2025-11-03;9;1819
17;2025-11-03;10;1756
17;2025-11-03;11;1977
17;2025-11-03;12;2005
17;2025-11-03;13;1966
17;2025-11-03;14;1988
17;2025-11-03;15;2089
17;2025-11-03;16;2212
17;2025-11-03;17;2514
17;2025-11-03;18;2563
17;2025-11-03;19;2168
17;2025-11-03;20;1720
17;2025-11-03;21;1174
17;2025-11-03;22;701
17;2025-11-03;23;302
17;2025-11-04;0;86
17;2025-11-04;1;13
17;2025-11-04;2;0
17;2025-11-04;3;0
17;2025-11-04;4;14
17;2025-11-04;5;159
17;2025-11-04;6;570
17;2025-11-04;7;1337
17;2025-11-04;8;1829
17;2025-11-04;9;1770
17;2025-11-04;10;1714
17;2025-11-04;11;1880
17;2025-11-04;12;1942
17;2025-11-04;13;2023
17;2025-11-04;14;2289
17;2025-11-04;15;2291
17;2025-11-04;16;2237
17;2025-11-04;17;2442
17;2025-11-04;18;2619
17;2025-11-04;19;2281
17;2025-11-04;20;1813
17;2025-11-04;21;1343
17;2025-11-04;22;714
17;2025-11-04;23;341
17;2025-11-05;0;117
17;2025-11-05;1;10
17;2025-11-05;2;0
17;2025-11-05;3;0
17;2025-11-05;4;26
17;2025-11-05;5;297
17;2025-11-05;6;1497
17;2025-11-05;7;3825
17;2025-11-05;8;5094
17;2025-11-05;9;3661
17;2025-11-05;10;2993
17;2025-11-05;11;2884
17;2025-11-05;12;2954
17;2025-11-05;13;3043
17;2025-11-05;14;3113
17;2025-11-05;15;3294
17;2025-11-05;16;3614
17;2025-11-05;17;4323
17;2025-11-05;18;4841
17;2025-11-05;19;3457
17;2025-11-05;20;2375
17;2025-11-05;21;1496
17;2025-11-05;22;818
17;2025-11-05;23;360
17;2025-11-06;0;130
17;2025-11-06;1;7
17;2025-11-06;2;0
17;2025-11-06;3;0
17;2025-11-06;4;14
17;2025-11-06;5;283
17;2025-11-06;6;1468
17;2025-11-06;7;3767
17;2025-11-06;8;5063
17;2025-11-06;9;3576
17;2025-11-06;10;2889
17;2025-11-06;11;2717
17;2025-11-06;12;2961
17;2025-11-06;13;3027
17;2025-11-06;14;3055
17;2025-11-06;15;3196
17;2025-11-06;16;3567
17;2025-11-06;17;4282
17;2025-11-06;18;4848
17;2025-11-06;19;3468
17;2025-11-06;20;2258
17;2025-11-06;21;1511
17;2025-11-06;22;796
17;2025-11-06;23;371
17;2025-11-07;0;139
17;2025-11-07;1;10
17;2025-11-07;2;0
17;2025-11-07;3;0
17;2025-11-07;4;15
17;2025-11-07;5;271
17;2025-11-07;6;1474
17;2025-11-07;7;3815
17;2025-11-07;8;5036
17;2025-11-07;9;3499
17;2025-11-07;10;2889
17;2025-11-07;11;2919
17;2025-11-07;12;2969
17;2025-11-07;13;3094
17;2025-11-07;14;3193
17;2025-11-07;15;3432
17;2025-11-07;16;4029
17;2025-11-07;17;4399
17;2025-11-07;18;4323
17;2025-11-07;19;3284
17;2025-11-07;20;2377
17;2025-11-07;21;1583
17;2025-11-07;22;859
17;2025-11-07;23;439
17;2025-11-08;0;193
17;2025-11-08;1;27
17;2025-11-08;2;0
17;2025-11-08;3;0
17;2025-11-08;4;6
17;2025-11-08;5;123
17;2025-11-08;6;527
17;2025-11-08;7;1153
17;2025-11-08;8;1706
17;2025-11-08;9;2086
17;2025-11-08;10;2363
17;2025-11-08;11;2784
17;2025-11-08;12;3030
17;2025-11-08;13;3262
17;2025-11-08;14;3327
17;2025-11-08;15;3431
17;2025-11-08;16;3423
17;2025-11-08;17;3300
17;2025-11-08;18;2986
17;2025-11-08;19;2476
17;2025-11-08;20;2000
17;2025-11-08;21;1387
17;2025-11-08;22;880
17;2025-11-08;23;444
17;2025-11-09;0;185
17;2025-11-09;1;28
17;2025-11-09;2;0
17;2025-11-09;3;0
17;2025-11-09;4;5
17;2025-11-09;5;102
17;2025-11-09;6;399
17;2025-11-09;7;745
17;2025-11-09;8;1233
17;2025-11-09;9;1637
17;2025-11-09;10;1877
17;2025-11-09;11;2437
17;2025-11-09;12;2736
17;2025-11-09;13;2986
17;2025-11-09;14;3105
17;2025-11-09;15;3112
17;2025-11-09;16;3065
17;2025-11-09;17;2925
17;2025-11-09;18;2635
17;2025-11-09;19;2135
17;2025-11-09;20;1583
17;2025-11-09;21;1153
17;2025-11-09;22;726
17;2025-11-09;23;328
17;2025-11-10;0;103
17;2025-11-10;1;13
17;2025-11-10;2;0
17;2025-11-10;3;0
17;2025-11-10;4;29
17;2025-11-10;5;298
17;2025-11-10;6;1503
17;2025-11-10;7;3939
17;2025-11-10;8;5346
17;2025-11-10;9;3755
17;2025-11-10;10;2904
17;2025-11-10;11;2854
17;2025-11-10;12;2936
17;2025-11-10;13;3001
17;2025-11-10;14;3036
17;2025-11-10;15;3258
17;2025-11-10;16;3590
17;2025-11-10;17;4382
17;2025-11-10;18;4935
17;2025-11-10;19;3434
17;2025-11-10;20;2359
17;2025-11-10;21;1406
17;2025-11-10;22;770
17;2025-11-10;23;324
17;2025-11-11;0;111
17;2025-11-11;1;11
17;2025-11-11;2;0
17;2025-11-11;3;0
17;2025-11-11;4;29
17;2025-11-11;5;297
17;2025-11-11;6;1542
17;2025-11-11;7;4091
17;2025-11-11;8;5346
17;2025-11-11;9;3812
17;2025-11-11;10;2991
17;2025-11-11;11;2926
17;2025-11-11;12;3006
17;2025-11-11;13;3023
17;2025-11-11;14;3180
17;2025-11-11;15;3298
17;2025-11-11;16;3640
17;2025-11-11;17;4473
17;2025-11-11;18;5024
17;2025-11-11;19;3572
17;2025-11-11;20;2444
17;2025-11-11;21;1474
17;2025-11-11;22;823
17;2025-11-11;23;352
17;2025-11-12;0;124
17;2025-11-12;1;13
17;2025-11-12;2;0
17;2025-11-12;3;0
17;2025-11-12;4;29
17;2025-11-12;5;298
17;2025-11-12;6;1532
17;2025-11-12;7;3948
17;2025-11-12;8;5244
17;2025-11-12;9;3748
17;2025-11-12;10;2998
17;2025-11-12;11;2875
17;2025-11-12;12;2925
17;2025-11-12;13;2999
17;2025-11-12;14;3108
17;2025-11-12;15;3273
17;2025-11-12;16;3619
17;2025-11-12;17;4413
17;2025-11-12;18;4885
17;2025-11-12;19;3459
17;2025-11-12;20;2386
17;2025-11-12;21;1506
17;2025-11-12;22;821
17;2025-11-12;23;377
17;2025-11-13;0;142
17;2025-11-13;1;9
17;2025-11-13;2;0
17;2025-11-13;3;0
17;2025-11-13;4;29
17;2025-11-13;5;298
17;2025-11-13;6;1512
17;2025-11-13;7;3931
17;2025-11-13;8;5275
17;2025-11-13;9;3725
17;2025-11-13;10;3001
17;2025-11-13;11;2979
17;2025-11-13;12;3077
17;2025-11-13;13;3135
17;2025-11-13;14;3196
17;2025-11-13;15;3368
17;2025-11-13;16;3740
17;2025-11-13;17;4460
17;2025-11-13;18;4940
17;2025-11-13;19;3553
17;2025-11-13;20;2440
17;2025-11-13;21;1541
17;2025-11-13;22;841
17;2025-11-13;23;399
17;2025-11-14;0;147
17;2025-11-14;1;16
17;2025-11-14;2;0
17;2025-11-14;3;0
17;2025-11-14;4;30
17;2025-11-14;5;297
17;2025-11-14;6;1521
17;2025-11-14;7;3916
17;2025-11-14;8;5130
17;2025-11-14;9;3686
17;2025-11-14;10;2954
17;2025-11-14;11;2986
17;2025-11-14;12;3044
17;2025-11-14;13;3119
17;2025-11-14;14;3264
17;2025-11-14;15;3492
17;2025-11-14;16;4107
17;2025-11-14;17;4513
17;2025-11-14;18;4433
17;2025-11-14;19;3356
17;2025-11-14;20;2403
17;2025-11-14;21;1579
17;2025-11-14;22;870
17;2025-11-14;23;446
17;2025-11-15;0;180
17;2025-11-15;1;24
17;2025-11-15;2;0
17;2025-11-15;3;0
17;2025-11-15;4;7
17;2025-11-15;5;110
17;2025-11-15;6;526
17;2025-11-15;7;1030
17;2025-11-15;8;1613
17;2025-11-15;9;2012
17;2025-11-15;10;2251
17;2025-11-15;11;2596
17;2025-11-15;12;2855
17;2025-11-15;13;3253
17;2025-11-15;14;3360
17;2025-11-15;15;3420
17;2025-11-15;16;3403
17;2025-11-15;17;3281
17;2025-11-15;18;2913
17;2025-11-15;19;2406
17;2025-11-15;20;1974
17;2025-11-15;21;1362
17;2025-11-15;22;891
17;2025-11-15;23;418
17;2025-11-16;0;170
17;2025-11-16;1;20
17;2025-11-16;2;0
17;2025-11-16;3;0
17;2025-11-16;4;6
17;2025-11-16;5;86
17;2025-11-16;6;358
17;2025-11-16;7;688
17;2025-11-16;8;1162
17;2025-11-16;9;1592
17;2025-11-16;10;1845
17;2025-11-16;11;2432
17;2025-11-16;12;2744
17;2025-11-16;13;3018
17;2025-11-16;14;3109
17;2025-11-16;15;3098
17;2025-11-16;16;3026
17;2025-11-16;17;2865
17;2025-11-16;18;2564
17;2025-11-16;19;2040
17;2025-11-16;20;1493
17;2025-11-16;21;1098
17;2025-11-16;22;692
17;2025-11-16;23;285
17;2025-11-17;0;86
17;2025-11-17;1;11
17;2025-11-17;2;0
17;2025-11-17;3;0
17;2025-11-17;4;25
17;2025-11-17;5;288
17;2025-11-17;6;1455
17;2025-11-17;7;3865
17;2025-11-17;8;5250
17;2025-11-17;9;3632
17;2025-11-17;10;2749
17;2025-11-17;11;2716
17;2025-11-17;12;2706
17;2025-11-17;13;2687
17;2025-11-17;14;2805
17;2025-11-17;15;3070
17;2025-11-17;16;3496
17;2025-11-17;17;4321
17;2025-11-17;18;4898
17;2025-11-17;19;3405
17;2025-11-17;20;2313
17;2025-11-17;21;1345
17;2025-11-17;22;742
17;2025-11-17;23;294
17;2025-11-18;0;99
17;2025-11-18;1;7
17;2025-11-18;2;0
17;2025-11-18;3;0
17;2025-11-18;4;19
17;2025-11-18;5;276
17;2025-11-18;6;1507
17;2025-11-18;7;4024
17;2025-11-18;8;5265
17;2025-11-18;9;3675
17;2025-11-18;10;2765
17;2025-11-18;11;2792
17;2025-11-18;12;2867
17;2025-11-18;13;2797
17;2025-11-18;14;2962
17;2025-11-18;15;3190
17;2025-11-18;16;3569
17;2025-11-18;17;4420
17;2025-11-18;18;4993
17;2025-11-18;19;3534
17;2025-11-18;20;2405
17;2025-11-18;21;1443
17;2025-11-18;22;798
17;2025-11-18;23;342
17;2025-11-19;0;121
17;2025-11-19;1;13
17;2025-11-19;2;0
17;2025-11-19;3;0
17;2025-11-19;4;26
17;2025-11-19;5;298
17;2025-11-19;6;1526
17;2025-11-19;7;3943
17;2025-11-19;8;5240
17;2025-11-19;9;3743
17;2025-11-19;10;2976
17;2025-11-19;11;2896
17;2025-11-19;12;2973
17;2025-11-19;13;3060
17;2025-11-19;14;3127
17;2025-11-19;15;3296
17;2025-11-19;16;3636
17;2025-11-19;17;4422
17;2025-11-19;18;4892
17;2025-11-19;19;3470
17;2025-11-19;20;2391
17;2025-11-19;21;1509
17;2025-11-19;22;821
17;2025-11-19;23;359
17;2025-11-20;0;135
17;2025-11-20;1;9
17;2025-11-20;2;0
17;2025-11-20;3;0
17;2025-11-20;4;25
17;2025-11-20;5;300
17;2025-11-20;6;1531
17;2025-11-20;7;3942
17;2025-11-20;8;5272
17;2025-11-20;9;3760
17;2025-11-20;10;3022
17;2025-11-20;11;2999
17;2025-11-20;12;3094
17;2025-11-20;13;3154
17;2025-11-20;14;3205
17;2025-11-20;15;3374
17;2025-11-20;16;3774
17;2025-11-20;17;4473
17;2025-11-20;18;4967
17;2025-11-20;19;3564
17;2025-11-20;20;2434
17;2025-11-20;21;1524
17;2025-11-20;22;840
17;2025-11-20;23;397
17;2025-11-21;0;141
17;2025-11-21;1;12
17;2025-11-21;2;0
17;2025-11-21;3;0
17;2025-11-21;4;25
17;2025-11-21;5;282
17;2025-11-21;6;1489
17;2025-11-21;7;3902
17;2025-11-21;8;5118
17;2025-11-21;9;3704
17;2025-11-21;10;2970
17;2025-11-21;11;3000
17;2025-11-21;12;3026
17;2025-11-21;13;3168
17;2025-11-21;14;3290
17;2025-11-21;15;3510
17;2025-11-21;16;4130
17;2025-11-21;17;4524
17;2025-11-21;18;4428
17;2025-11-21;19;3355
17;2025-11-21;20;2398
17;2025-11-21;21;1609
17;2025-11-21;22;883
17;2025-11-21;23;436
17;2025-11-22;0;183
17;2025-11-22;1;24
17;2025-11-22;2;0
17;2025-11-22;3;0
17;2025-11-22;4;10
17;2025-11-22;5;107
17;2025-11-22;6;507
17;2025-11-22;7;1097
17;2025-11-22;8;1635
17;2025-11-22;9;2075
17;2025-11-22;10;2388
17;2025-11-22;11;2826
17;2025-11-22;12;3083
17;2025-11-22;13;3349
17;2025-11-22;14;3386
17;2025-11-22;15;3457
17;2025-11-22;16;3454
17;2025-11-22;17;3340
17;2025-11-22;18;2998
17;2025-11-22;19;2450
17;2025-11-22;20;1971
17;2025-11-22;21;1304
17;2025-11-22;22;830
17;2025-11-22;23;403
17;2025-11-23;0;159
17;2025-11-23;1;22
17;2025-11-23;2;0
17;2025-11-23;3;0
17;2025-11-23;4;3
17;2025-11-23;5;99
17;2025-11-23;6;389
17;2025-11-23;7;716
17;2025-11-23;8;1223
17;2025-11-23;9;1626
17;2025-11-23;10;1917
17;2025-11-23;11;2487
17;2025-11-23;12;2785
17;2025-11-23;13;3038
17;2025-11-23;14;3156
17;2025-11-23;15;3158
17;2025-11-23;16;3081
17;2025-11-23;17;2956
17;2025-11-23;18;2658
17;2025-11-23;19;2126
17;2025-11-23;20;1588
17;2025-11-23;21;1121
17;2025-11-23;22;694
17;2025-11-23;23;300
17;2025-11-24;0;85
17;2025-11-24;1;5
17;2025-11-24;2;0
17;2025-11-24;3;0
17;2025-11-24;4;0
17;2025-11-24;5;277
17;2025-11-24;6;1466
17;2025-11-24;7;3871
17;2025-11-24;8;5280
17;2025-11-24;9;3647
17;2025-11-24;10;2742
17;2025-11-24;11;2658
17;2025-11-24;12;2773
17;2025-11-24;13;2915
17;2025-11-24;14;2913
17;2025-11-24;15;3114
17;2025-11-24;16;3512
17;2025-11-24;17;4324
17;2025-11-24;18;4878
17;2025-11-24;19;3370
17;2025-11-24;20;2308
17;2025-11-24;21;1390
17;2025-11-24;22;737
17;2025-11-24;23;300
17;2025-11-25;0;101
17;2025-11-25;1;10
17;2025-11-25;2;0
17;2025-11-25;3;0
17;2025-11-25;4;29
17;2025-11-25;5;291
17;2025-11-25;6;1516
17;2025-11-25;7;4073
17;2025-11-25;8;5302
17;2025-11-25;9;3786
17;2025-11-25;10;2945
17;2025-11-25;11;2878
17;2025-11-25;12;2962
17;2025-11-25;13;3000
17;2025-11-25;14;3142
17;2025-11-25;15;3279
17;2025-11-25;16;3618
17;2025-11-25;17;4447
17;2025-11-25;18;4986
17;2025-11-25;19;3551
17;2025-11-25;20;2420
17;2025-11-25;21;1439
17;2025-11-25;22;809
17;2025-11-25;23;325
17;2025-11-26;0;106
17;2025-11-26;1;8
17;2025-11-26;2;0
17;2025-11-26;3;0
17;2025-11-26;4;26
17;2025-11-26;5;282
17;2025-11-26;6;1476
17;2025-11-26;7;3797
17;2025-11-26;8;5186
17;2025-11-26;9;3577
17;2025-11-26;10;2830
17;2025-11-26;11;2759
17;2025-11-26;12;2818
17;2025-11-26;13;2897
17;2025-11-26;14;2945
17;2025-11-26;15;3103
17;2025-11-26;16;3458
17;2025-11-26;17;4229
17;2025-11-26;18;4687
17;2025-11-26;19;3280
17;2025-11-26;20;2280
17;2025-11-26;21;1407
17;2025-11-26;22;767
17;2025-11-26;23;343
17;2025-11-27;0;118
17;2025-11-27;1;7
17;2025-11-27;2;0
17;2025-11-27;3;0
17;2025-11-27;4;23
17;2025-11-27;5;296
17;2025-11-27;6;1472
17;2025-11-27;7;3736
17;2025-11-27;8;5071
17;2025-11-27;9;3520
17;2025-11-27;10;2796
17;2025-11-27;11;2699
17;2025-11-27;12;2784
17;2025-11-27;13;2820
17;2025-11-27;14;2892
17;2025-11-27;15;3104
17;2025-11-27;16;3557
17;2025-11-27;17;4204
17;2025-11-27;18;4673
17;2025-11-27;19;3305
17;2025-11-27;20;2244
17;2025-11-27;21;1433
17;2025-11-27;22;757
17;2025-11-27;23;375
17;2025-11-28;0;128
17;2025-11-28;1;9
17;2025-11-28;2;0
17;2025-11-28;3;0
17;2025-11-28;4;22
17;2025-11-28;5;287
17;2025-11-28;6;1457
17;2025-11-28;7;3749
17;2025-11-28;8;4976
17;2025-11-28;9;3505
17;2025-11-28;10;2768
17;2025-11-28;11;2798
17;2025-11-28;12;2838
17;2025-11-28;13;2909
17;2025-11-28;14;3032
17;2025-11-28;15;3263
17;2025-11-28;16;3959
17;2025-11-28;17;4281
17;2025-11-28;18;4185
17;2025-11-28;19;3120
17;2025-11-28;20;2288
17;2025-11-28;21;1540
17;2025-11-28;22;856
17;2025-11-28;23;462
17;2025-11-29;0;194
17;2025-11-29;1;25
17;2025-11-29;2;0
17;2025-11-29;3;0
17;2025-11-29;4;5
17;2025-11-29;5;125
17;2025-11-29;6;534
17;2025-11-29;7;1068
17;2025-11-29;8;1515
17;2025-11-29;9;2016
17;2025-11-29;10;2217
17;2025-11-29;11;2604
17;2025-11-29;12;2854
17;2025-11-29;13;3072
17;2025-11-29;14;3117
17;2025-11-29;15;3180
17;2025-11-29;16;3224
17;2025-11-29;17;3013
17;2025-11-29;18;2662
17;2025-11-29;19;2259
17;2025-11-29;20;1927
17;2025-11-29;21;1291
17;2025-11-29;22;847
17;2025-11-29;23;438
17;2025-11-30;0;172
17;2025-11-30;1;23
17;2025-11-30;2;0
17;2025-11-30;3;0
17;2025-11-30;4;3
17;2025-11-30;5;99
17;2025-11-30;6;398
17;2025-11-30;7;678
17;2025-11-30;8;1086
17;2025-11-30;9;1507
17;2025-11-30;10;1731
17;2025-11-30;11;2284
17;2025-11-30;12;2527
17;2025-11-30;13;2766
17;2025-11-30;14;2898
17;2025-11-30;15;2889
17;2025-11-30;16;2836
17;2025-11-30;17;2613
17;2025-11-30;18;2371
17;2025-11-30;19;1977
17;2025-11-30;20;1507
17;2025-11-30;21;1108
17;2025-11-30;22;701
17;2025-11-30;23;301
17;2025-12-01;0;77
17;2025-12-01;1;0
17;2025-12-01;2;0
17;2025-12-01;3;0
17;2025-12-01;4;9
17;2025-12-01;5;292
17;2025-12-01;6;1419
17;2025-12-01;7;3748
17;2025-12-01;8;5151
17;2025-12-01;9;3513
17;2025-12-01;10;2616
17;2025-12-01;11;2562
17;2025-12-01;12;2643
17;2025-12-01;13;2711
17;2025-12-01;14;2736
17;2025-12-01;15;2961
17;2025-12-01;16;3356
17;2025-12-01;17;4091
17;2025-12-01;18;4639
17;2025-12-01;19;3216
17;2025-12-01;20;2165
17;2025-12-01;21;1309
17;2025-12-01;22;708
17;2025-12-01;23;278
17;2025-12-02;0;83
17;2025-12-02;1;0
17;2025-12-02;2;0
17;2025-12-02;3;0
17;2025-12-02;4;8
17;2025-12-02;5;290
17;2025-12-02;6;1469
17;2025-12-02;7;3917
17;2025-12-02;8;5175
17;2025-12-02;9;3598
17;2025-12-02;10;2720
17;2025-12-02;11;2650
17;2025-12-02;12;2725
17;2025-12-02;13;2742
17;2025-12-02;14;2889
17;2025-12-02;15;3030
17;2025-12-02;16;3419
17;2025-12-02;17;4190
17;2025-12-02;18;4768
17;2025-12-02;19;3376
17;2025-12-02;20;2215
17;2025-12-02;21;1376
17;2025-12-02;22;760
17;2025-12-02;23;295
17;2025-12-03;0;100
17;2025-12-03;1;0
17;2025-12-03;2;0
17;2025-12-03;3;0
17;2025-12-03;4;10
17;2025-12-03;5;291
17;2025-12-03;6;1466
17;2025-12-03;7;3785
17;2025-12-03;8;5132
17;2025-12-03;9;3560
17;2025-12-03;10;2780
17;2025-12-03;11;2723
17;2025-12-03;12;2774
17;2025-12-03;13;2833
17;2025-12-03;14;2884
17;2025-12-03;15;3062
17;2025-12-03;16;3457
17;2025-12-03;17;4189
17;2025-12-03;18;4651
17;2025-12-03;19;3276
17;2025-12-03;20;2240
17;2025-12-03;21;1434
17;2025-12-03;22;786
17;2025-12-03;23;335
17;2025-12-04;0;121
17;2025-12-04;1;0
17;2025-12-04;2;0
17;2025-12-04;3;0
17;2025-12-04;4;8
17;2025-12-04;5;292
17;2025-12-04;6;1487
17;2025-12-04;7;3740
17;2025-12-04;8;5085
17;2025-12-04;9;3498
17;2025-12-04;10;2728
17;2025-12-04;11;2702
17;2025-12-04;12;2784
17;2025-12-04;13;2856
17;2025-12-04;14;2909
17;2025-12-04;15;3090
17;2025-12-04;16;3527
17;2025-12-04;17;4184
17;2025-12-04;18;4690
17;2025-12-04;19;3342
17;2025-12-04;20;2244
17;2025-12-04;21;1495
17;2025-12-04;22;806
17;2025-12-04;23;368
17;2025-12-05;0;128
17;2025-12-05;1;0
17;2025-12-05;2;0
17;2025-12-05;3;0
17;2025-12-05;4;9
17;2025-12-05;5;294
17;2025-12-05;6;1494
17;2025-12-05;7;3769
17;2025-12-05;8;4988
17;2025-12-05;9;3488
17;2025-12-05;10;2730
17;2025-12-05;11;2760
17;2025-12-05;12;2817
17;2025-12-05;13;2922
17;2025-12-05;14;3036
17;2025-12-05;15;3271
17;2025-12-05;16;3952
17;2025-12-05;17;4273
17;2025-12-05;18;4170
17;2025-12-05;19;3139
17;2025-12-05;20;2269
17;2025-12-05;21;1591
17;2025-12-05;22;854
17;2025-12-05;23;429
17;2025-12-06;0;195
17;2025-12-06;1;26
17;2025-12-06;2;0
17;2025-12-06;3;0
17;2025-12-06;4;6
17;2025-12-06;5;128
17;2025-12-06;6;536
17;2025-12-06;7;1144
17;2025-12-06;8;1639
17;2025-12-06;9;2006
17;2025-12-06;10;2256
17;2025-12-06;11;2481
17;2025-12-06;12;2747
17;2025-12-06;13;2998
17;2025-12-06;14;3043
17;2025-12-06;15;3120
17;2025-12-06;16;3120
17;2025-12-06;17;2932
17;2025-12-06;18;2577
17;2025-12-06;19;2284
17;2025-12-06;20;1912
17;2025-12-06;21;1332
17;2025-12-06;22;848
17;2025-12-06;23;417
17;2025-12-07;0;181
17;2025-12-07;1;22
17;2025-12-07;2;0
17;2025-12-07;3;0
17;2025-12-07;4;3
17;2025-12-07;5;101
17;2025-12-07;6;402
17;2025-12-07;7;735
17;2025-12-07;8;1198
17;2025-12-07;9;1619
17;2025-12-07;10;1817
17;2025-12-07;11;2355
17;2025-12-07;12;2633
17;2025-12-07;13;2767
17;2025-12-07;14;2902
17;2025-12-07;15;2889
17;2025-12-07;16;2804
17;2025-12-07;17;2642
17;2025-12-07;18;2488
17;2025-12-07;19;2052
17;2025-12-07;20;1569
17;2025-12-07;21;1144
17;2025-12-07;22;717
17;2025-12-07;23;303
17;2025-12-08;0;104
17;2025-12-08;1;12
17;2025-12-08;2;0
17;2025-12-08;3;0
17;2025-12-08;4;28
17;2025-12-08;5;312
17;2025-12-08;6;1503
17;2025-12-08;7;3931
17;2025-12-08;8;5356
17;2025-12-08;9;3730
17;2025-12-08;10;2806
17;2025-12-08;11;2754
17;2025-12-08;12;2824
17;2025-12-08;13;2902
17;2025-12-08;14;2934
17;2025-12-08;15;3149
17;2025-12-08;16;3523
17;2025-12-08;17;4315
17;2025-12-08;18;4827
17;2025-12-08;19;3368
17;2025-12-08;20;2275
17;2025-12-08;21;1401
17;2025-12-08;22;762
17;2025-12-08;23;303
17;2025-12-09;0;108
17;2025-12-09;1;10
17;2025-12-09;2;0
17;2025-12-09;3;0
17;2025-12-09;4;27
17;2025-12-09;5;314
17;2025-12-09;6;1547
17;2025-12-09;7;4053
17;2025-12-09;8;5336
17;2025-12-09;9;3822
17;2025-12-09;10;2928
17;2025-12-09;11;2846
17;2025-12-09;12;2928
17;2025-12-09;13;2929
17;2025-12-09;14;3086
17;2025-12-09;15;3211
17;2025-12-09;16;3622
17;2025-12-09;17;4453
17;2025-12-09;18;4954
17;2025-12-09;19;3545
17;2025-12-09;20;2367
17;2025-12-09;21;1464
17;2025-12-09;22;804
17;2025-12-09;23;348
17;2025-12-10;0;118
17;2025-12-10;1;10
17;2025-12-10;2;0
17;2025-12-10;3;0
17;2025-12-10;4;28
17;2025-12-10;5;313
17;2025-12-10;6;1531
17;2025-12-10;7;3935
17;2025-12-10;8;5304
17;2025-12-10;9;3800
17;2025-12-10;10;3011
17;2025-12-10;11;2935
17;2025-12-10;12;3012
17;2025-12-10;13;3081
17;2025-12-10;14;3128
17;2025-12-10;15;3300
17;2025-12-10;16;3669
17;2025-12-10;17;4461
17;2025-12-10;18;4888
17;2025-12-10;19;3446
17;2025-12-10;20;2380
17;2025-12-10;21;1518
17;2025-12-10;22;820
17;2025-12-10;23;376
17;2025-12-11;0;135
17;2025-12-11;1;9
17;2025-12-11;2;0
17;2025-12-11;3;0
17;2025-12-11;4;26
17;2025-12-11;5;309
17;2025-12-11;6;1525
17;2025-12-11;7;3846
17;2025-12-11;8;5102
17;2025-12-11;9;3578
17;2025-12-11;10;2787
17;2025-12-11;11;2832
17;2025-12-11;12;2951
17;2025-12-11;13;3056
17;2025-12-11;14;3118
17;2025-12-11;15;3288
17;2025-12-11;16;3680
17;2025-12-11;17;4360
17;2025-12-11;18;4785
17;2025-12-11;19;3387
17;2025-12-11;20;2313
17;2025-12-11;21;1517
17;2025-12-11;22;814
17;2025-12-11;23;410
17;2025-12-12;0;145
17;2025-12-12;1;12
17;2025-12-12;2;0
17;2025-12-12;3;0
17;2025-12-12;4;25
17;2025-12-12;5;306
17;2025-12-12;6;1498
17;2025-12-12;7;3889
17;2025-12-12;8;5137
17;2025-12-12;9;3686
17;2025-12-12;10;2921
17;2025-12-12;11;2980
17;2025-12-12;12;2884
17;2025-12-12;13;2981
17;2025-12-12;14;3106
17;2025-12-12;15;3330
17;2025-12-12;16;4003
17;2025-12-12;17;4432
17;2025-12-12;18;4347
17;2025-12-12;19;3264
17;2025-12-12;20;2328
17;2025-12-12;21;1573
17;2025-12-12;22;890
17;2025-12-12;23;447
17;2025-12-13;0;178
17;2025-12-13;1;19
17;2025-12-13;2;0
17;2025-12-13;3;0
17;2025-12-13;4;0
17;2025-12-13;5;105
17;2025-12-13;6;523
17;2025-12-13;7;1014
17;2025-12-13;8;1557
17;2025-12-13;9;1982
17;2025-12-13;10;2250
17;2025-12-13;11;2604
17;2025-12-13;12;2878
17;2025-12-13;13;3106
17;2025-12-13;14;3128
17;2025-12-13;15;3188
17;2025-12-13;16;3207
17;2025-12-13;17;3159
17;2025-12-13;18;2817
17;2025-12-13;19;2326
17;2025-12-13;20;1888
17;2025-12-13;21;1297
17;2025-12-13;22;867
17;2025-12-13;23;411
17;2025-12-14;0;156
17;2025-12-14;1;14
17;2025-12-14;2;0
17;2025-12-14;3;0
17;2025-12-14;4;1
17;2025-12-14;5;94
17;2025-12-14;6;388
17;2025-12-14;7;732
17;2025-12-14;8;1176
17;2025-12-14;9;1608
17;2025-12-14;10;1844
17;2025-12-14;11;2391
17;2025-12-14;12;2681
17;2025-12-14;13;2900
17;2025-12-14;14;3024
17;2025-12-14;15;3019
17;2025-12-14;16;2983
17;2025-12-14;17;2858
17;2025-12-14;18;2575
17;2025-12-14;19;2081
17;2025-12-14;20;1564
17;2025-12-14;21;1142
17;2025-12-14;22;746
17;2025-12-14;23;309
17;2025-12-15;0;95
17;2025-12-15;1;11
17;2025-12-15;2;0
17;2025-12-15;3;0
17;2025-12-15;4;29
17;2025-12-15;5;309
17;2025-12-15;6;1490
17;2025-12-15;7;3940
17;2025-12-15;8;5399
17;2025-12-15;9;3765
17;2025-12-15;10;2880
17;2025-12-15;11;2814
17;2025-12-15;12;2904
17;2025-12-15;13;2965
17;2025-12-15;14;2988
17;2025-12-15;15;3219
17;2025-12-15;16;3590
17;2025-12-15;17;4405
17;2025-12-15;18;4914
17;2025-12-15;19;3399
17;2025-12-15;20;2332
17;2025-12-15;21;1388
17;2025-12-15;22;759
17;2025-12-15;23;315
17;2025-12-16;0;103
17;2025-12-16;1;10
17;2025-12-16;2;0
17;2025-12-16;3;0
17;2025-12-16;4;30
17;2025-12-16;5;311
17;2025-12-16;6;1528
17;2025-12-16;7;4098
17;2025-12-16;8;5413
17;2025-12-16;9;3842
17;2025-12-16;10;2977
17;2025-12-16;11;2870
17;2025-12-16;12;2883
17;2025-12-16;13;2887
17;2025-12-16;14;3148
17;2025-12-16;15;3287
17;2025-12-16;16;3647
17;2025-12-16;17;4488
17;2025-12-16;18;4972
17;2025-12-16;19;3552
17;2025-12-16;20;2425
17;2025-12-16;21;1474
17;2025-12-16;22;815
17;2025-12-16;23;351
17;2025-12-17;0;116
17;2025-12-17;1;12
17;2025-12-17;2;0
17;2025-12-17;3;0
17;2025-12-17;4;27
17;2025-12-17;5;304
17;2025-12-17;6;1522
17;2025-12-17;7;3955
17;2025-12-17;8;5311
17;2025-12-17;9;3780
17;2025-12-17;10;3007
17;2025-12-17;11;2950
17;2025-12-17;12;3011
17;2025-12-17;13;3098
17;2025-12-17;14;3130
17;2025-12-17;15;3312
17;2025-12-17;16;3681
17;2025-12-17;17;4460
17;2025-12-17;18;4887
17;2025-12-17;19;3445
17;2025-12-17;20;2374
17;2025-12-17;21;1510
17;2025-12-17;22;812
17;2025-12-17;23;374
17;2025-12-18;0;131
17;2025-12-18;1;7
17;2025-12-18;2;0
17;2025-12-18;3;0
17;2025-12-18;4;24
17;2025-12-18;5;307
17;2025-12-18;6;1519
17;2025-12-18;7;3894
17;2025-12-18;8;5235
17;2025-12-18;9;3717
17;2025-12-18;10;2939
17;2025-12-18;11;2913
17;2025-12-18;12;3041
17;2025-12-18;13;3106
17;2025-12-18;14;3147
17;2025-12-18;15;3321
17;2025-12-18;16;3739
17;2025-12-18;17;4448
17;2025-12-18;18;4911
17;2025-12-18;19;3500
17;2025-12-18;20;2412
17;2025-12-18;21;1542
17;2025-12-18;22;826
17;2025-12-18;23;400
17;2025-12-19;0;137
17;2025-12-19;1;15
17;2025-12-19;2;0
17;2025-12-19;3;0
17;2025-12-19;4;27
17;2025-12-19;5;305
17;2025-12-19;6;1510
17;2025-12-19;7;3933
17;2025-12-19;8;5170
17;2025-12-19;9;3722
17;2025-12-19;10;2949
17;2025-12-19;11;2994
17;2025-12-19;12;3056
17;2025-12-19;13;3147
17;2025-12-19;14;3259
17;2025-12-19;15;3507
17;2025-12-19;16;4141
17;2025-12-19;17;4548
17;2025-12-19;18;4415
17;2025-12-19;19;3326
17;2025-12-19;20;2403
17;2025-12-19;21;1612
17;2025-12-19;22;882
17;2025-12-19;23;464
17;2025-12-20;0;184
17;2025-12-20;1;25
17;2025-12-20;2;0
17;2025-12-20;3;0
17;2025-12-20;4;5
17;2025-12-20;5;128
17;2025-12-20;6;533
17;2025-12-20;7;1158
17;2025-12-20;8;1702
17;2025-12-20;9;2051
17;2025-12-20;10;2309
17;2025-12-20;11;2596
17;2025-12-20;12;2876
17;2025-12-20;13;3121
17;2025-12-20;14;3165
17;2025-12-20;15;3248
17;2025-12-20;16;3228
17;2025-12-20;17;3081
17;2025-12-20;18;2713
17;2025-12-20;19;2302
17;2025-12-20;20;1889
17;2025-12-20;21;1315
17;2025-12-20;22;843
17;2025-12-20;23;431
17;2025-12-21;0;177
17;2025-12-21;1;21
17;2025-12-21;2;0
17;2025-12-21;3;0
17;2025-12-21;4;3
17;2025-12-21;5;98
17;2025-12-21;6;386
17;2025-12-21;7;731
17;2025-12-21;8;1223
17;2025-12-21;9;1629
17;2025-12-21;10;1862
17;2025-12-21;11;2400
17;2025-12-21;12;2701
17;2025-12-21;13;2830
17;2025-12-21;14;2948
17;2025-12-21;15;2947
17;2025-12-21;16;2881
17;2025-12-21;17;2743
17;2025-12-21;18;2565
17;2025-12-21;19;2066
17;2025-12-21;20;1566
17;2025-12-21;21;1126
17;2025-12-21;22;696
17;2025-12-21;23;308
17;2025-12-22;0;93
17;2025-12-22;1;8
17;2025-12-22;2;0
17;2025-12-22;3;0
17;2025-12-22;4;27
17;2025-12-22;5;311
17;2025-12-22;6;1505
17;2025-12-22;7;3943
17;2025-12-22;8;5374
17;2025-12-22;9;3756
17;2025-12-22;10;2811
17;2025-12-22;11;2798
17;2025-12-22;12;2871
17;2025-12-22;13;2932
17;2025-12-22;14;2965
17;2025-12-22;15;3147
17;2025-12-22;16;3528
17;2025-12-22;17;4301
17;2025-12-22;18;4812
17;2025-12-22;19;3336
17;2025-12-22;20;2249
17;2025-12-22;21;1406
17;2025-12-22;22;767
17;2025-12-22;23;295
17;2025-12-23;0;88
17;2025-12-23;1;6
17;2025-12-23;2;0
17;2025-12-23;3;0
17;2025-12-23;4;7
17;2025-12-23;5;319
17;2025-12-23;6;1511
17;2025-12-23;7;4000
17;2025-12-23;8;5279
17;2025-12-23;9;3768
17;2025-12-23;10;2952
17;2025-12-23;11;2881
17;2025-12-23;12;2955
17;2025-12-23;13;2961
17;2025-12-23;14;3109
17;2025-12-23;15;3230
17;2025-12-23;16;3605
17;2025-12-23;17;4454
17;2025-12-23;18;4951
17;2025-12-23;19;3509
17;2025-12-23;20;2405
17;2025-12-23;21;1460
17;2025-12-23;22;830
17;2025-12-23;23;349
17;2025-12-24;0;109
17;2025-12-24;1;8
17;2025-12-24;2;0
17;2025-12-24;3;0
17;2025-12-24;4;27
17;2025-12-24;5;312
17;2025-12-24;6;1508
17;2025-12-24;7;3870
17;2025-12-24;8;5231
17;2025-12-24;9;3748
17;2025-12-24;10;2972
17;2025-12-24;11;2902
17;2025-12-24;12;2954
17;2025-12-24;13;2998
17;2025-12-24;14;3069
17;2025-12-24;15;3237
17;2025-12-24;16;3626
17;2025-12-24;17;4390
17;2025-12-24;18;4806
17;2025-12-24;19;3414
17;2025-12-24;20;2347
17;2025-12-24;21;1475
17;2025-12-24;22;798
17;2025-12-24;23;370
17;2025-12-25;0;126
17;2025-12-25;1;8
17;2025-12-25;2;0
17;2025-12-25;3;0
17;2025-12-25;4;27
17;2025-12-25;5;306
17;2025-12-25;6;1492
17;2025-12-25;7;3812
17;2025-12-25;8;5127
17;2025-12-25;9;3716
17;2025-12-25;10;2960
17;2025-12-25;11;2936
17;2025-12-25;12;3052
17;2025-12-25;13;3100
17;2025-12-25;14;3133
17;2025-12-25;15;3303
17;2025-12-25;16;3719
17;2025-12-25;17;4348
17;2025-12-25;18;4704
17;2025-12-25;19;3432
17;2025-12-25;20;2274
17;2025-12-25;21;1459
17;2025-12-25;22;774
17;2025-12-25;23;378
17;2025-12-26;0;122
17;2025-12-26;1;22
17;2025-12-26;2;0
17;2025-12-26;3;0
17;2025-12-26;4;4
17;2025-12-26;5;300
17;2025-12-26;6;1495
17;2025-12-26;7;3656
17;2025-12-26;8;5027
17;2025-12-26;9;3534
17;2025-12-26;10;2793
17;2025-12-26;11;2799
17;2025-12-26;12;2852
17;2025-12-26;13;3039
17;2025-12-26;14;3166
17;2025-12-26;15;3388
17;2025-12-26;16;4032
17;2025-12-26;17;4400
17;2025-12-26;18;4258
17;2025-12-26;19;3111
17;2025-12-26;20;2313
17;2025-12-26;21;1581
17;2025-12-26;22;865
17;2025-12-26;23;456
17;2025-12-27;0;95
17;2025-12-27;1;23
17;2025-12-27;2;0
17;2025-12-27;3;0
17;2025-12-27;4;0
17;2025-12-27;5;40
17;2025-12-27;6;443
17;2025-12-27;7;1035
17;2025-12-27;8;1602
17;2025-12-27;9;2011
17;2025-12-27;10;2256
17;2025-12-27;11;2529
17;2025-12-27;12;2774
17;2025-12-27;13;3023
17;2025-12-27;14;3061
17;2025-12-27;15;3153
17;2025-12-27;16;3277
17;2025-12-27;17;3163
17;2025-12-27;18;2788
17;2025-12-27;19;2274
17;2025-12-27;20;1859
17;2025-12-27;21;1241
17;2025-12-27;22;757
17;2025-12-27;23;327
17;2025-12-28;0;75
17;2025-12-28;1;18
17;2025-12-28;2;0
17;2025-12-28;3;0
17;2025-12-28;4;1
17;2025-12-28;5;8
17;2025-12-28;6;276
17;2025-12-28;7;591
17;2025-12-28;8;1056
17;2025-12-28;9;1526
17;2025-12-28;10;1777
17;2025-12-28;11;2297
17;2025-12-28;12;2605
17;2025-12-28;13;2803
17;2025-12-28;14;2922
17;2025-12-28;15;2918
17;2025-12-28;16;2899
17;2025-12-28;17;2768
17;2025-12-28;18;2480
17;2025-12-28;19;1988
17;2025-12-28;20;1485
17;2025-12-28;21;1035
17;2025-12-28;22;623
17;2025-12-28;23;220
17;2025-12-29;0;98
17;2025-12-29;1;12
17;2025-12-29;2;0
17;2025-12-29;3;0
17;2025-12-29;4;26
17;2025-12-29;5;296
17;2025-12-29;6;1491
17;2025-12-29;7;3757
17;2025-12-29;8;5152
17;2025-12-29;9;3689
17;2025-12-29;10;2855
17;2025-12-29;11;2802
17;2025-12-29;12;2879
17;2025-12-29;13;2945
17;2025-12-29;14;2976
17;2025-12-29;15;3177
17;2025-12-29;16;3554
17;2025-12-29;17;4257
17;2025-12-29;18;4754
17;2025-12-29;19;3330
17;2025-12-29;20;2315
17;2025-12-29;21;1398
17;2025-12-29;22;747
17;2025-12-29;23;316
17;2025-12-30;0;86
17;2025-12-30;1;0
17;2025-12-30;2;0
17;2025-12-30;3;0
17;2025-12-30;4;24
17;2025-12-30;5;289
17;2025-12-30;6;1515
17;2025-12-30;7;3872
17;2025-12-30;8;4777
17;2025-12-30;9;3710
17;2025-12-30;10;2890
17;2025-12-30;11;2796
17;2025-12-30;12;2927
17;2025-12-30;13;2971
17;2025-12-30;14;3181
17;2025-12-30;15;3329
17;2025-12-30;16;3649
17;2025-12-30;17;4293
17;2025-12-30;18;4413
17;2025-12-30;19;3432
17;2025-12-30;20;2319
17;2025-12-30;21;1475
17;2025-12-30;22;835
17;2025-12-30;23;359
17;2025-12-31;0;62
17;2025-12-31;1;0
17;2025-12-31;2;0
17;2025-12-31;3;0
17;2025-12-31;4;0
17;2025-12-31;5;104
17;2025-12-31;6;405
17;2025-12-31;7;1094
17;2025-12-31;8;1758
17;2025-12-31;9;1774
17;2025-12-31;10;1761
17;2025-12-31;11;1997
17;2025-12-31;12;2160
17;2025-12-31;13;2161
17;2025-12-31;14;2251
17;2025-12-31;15;2286
17;2025-12-31;16;2244
17;2025-12-31;17;2379
17;2025-12-31;18;2393
17;2025-12-31;19;1993
17;2025-12-31;20;1626
17;2025-12-31;21;1235
17;2025-12-31;22;603
17;2025-12-31;23;303
25;2025-11-01;0;1
25;2025-11-01;1;0
25;2025-11-01;2;0
25;2025-11-01;3;0
25;2025-11-01;4;0
25;2025-11-01;5;18
25;2025-11-01;6;119
25;2025-11-01;7;159
25;2025-11-01;8;329
25;2025-11-01;9;316
25;2025-11-01;10;303
25;2025-11-01;11;372
25;2025-11-01;12;396
25;2025-11-01;13;551
25;2025-11-01;14;575
25;2025-11-01;15;702
25;2025-11-01;16;611
25;2025-11-01;17;524
25;2025-11-01;18;481
25;2025-11-01;19;436
25;2025-11-01;20;259
25;2025-11-01;21;210
25;2025-11-01;22;120
25;2025-11-01;23;57
25;2025-11-02;0;17
25;2025-11-02;1;0
25;2025-11-02;2;0
25;2025-11-02;3;0
25;2025-11-02;4;0
25;2025-11-02;5;2
25;2025-11-02;6;49
25;2025-11-02;7;78
25;2025-11-02;8;172
25;2025-11-02;9;163
25;2025-11-02;10;165
25;2025-11-02;11;223
25;2025-11-02;12;307
25;2025-11-02;13;335
25;2025-11-02;14;405
25;2025-11-02;15;474
25;2025-11-02;16;401
25;2025-11-02;17;349
25;2025-11-02;18;329
25;2025-11-02;19;252
25;2025-11-02;20;189
25;2025-11-02;21;171
25;2025-11-02;22;104
25;2025-11-02;23;34
25;2025-11-03;0;11
25;2025-11-03;1;0
25;2025-11-03;2;0
25;2025-11-03;3;0
25;2025-11-03;4;0
25;2025-11-03;5;0
25;2025-11-03;6;74
25;2025-11-03;7;303
25;2025-11-03;8;394
25;2025-11-03;9;263
25;2025-11-03;10;198
25;2025-11-03;11;214
25;2025-11-03;12;236
25;2025-11-03;13;348
25;2025-11-03;14;289
25;2025-11-03;15;347
25;2025-11-03;16;398
25;2025-11-03;17;413
25;2025-11-03;18;397
25;2025-11-03;19;317
25;2025-11-03;20;218
25;2025-11-03;21;157
25;2025-11-03;22;73
25;2025-11-03;23;12
25;2025-11-04;0;4
25;2025-11-04;1;0
25;2025-11-04;2;0
25;2025-11-04;3;0
25;2025-11-04;4;0
25;2025-11-04;5;0
25;2025-11-04;6;65
25;2025-11-04;7;285
25;2025-11-04;8;309
25;2025-11-04;9;280
25;2025-11-04;10;208
25;2025-11-04;11;251
25;2025-11-04;12;218
25;2025-11-04;13;293
25;2025-11-04;14;333
25;2025-11-04;15;400
25;2025-11-04;16;408
25;2025-11-04;17;387
25;2025-11-04;18;391
25;2025-11-04;19;345
25;2025-11-04;20;235
25;2025-11-04;21;167
25;2025-11-04;22;85
25;2025-11-04;23;15
25;2025-11-05;0;1
25;2025-11-05;1;0
25;2025-11-05;2;0
25;2025-11-05;3;0
25;2025-11-05;4;0
25;2025-11-05;5;2
25;2025-11-05;6;146
25;2025-11-05;7;449
25;2025-11-05;8;755
25;2025-11-05;9;393
25;2025-11-05;10;300
25;2025-11-05;11;345
25;2025-11-05;12;351
25;2025-11-05;13;441
25;2025-11-05;14;373
25;2025-11-05;15;457
25;2025-11-05;16;518
25;2025-11-05;17;582
25;2025-11-05;18;648
25;2025-11-05;19;426
25;2025-11-05;20;290
25;2025-11-05;21;186
25;2025-11-05;22;103
25;2025-11-05;23;7
25;2025-11-06;0;0
25;2025-11-06;1;0
25;2025-11-06;2;0
25;2025-11-06;3;0
25;2025-11-06;4;0
25;2025-11-06;5;1
25;2025-11-06;6;122
25;2025-11-06;7;426
25;2025-11-06;8;716
25;2025-11-06;9;378
25;2025-11-06;10;285
25;2025-11-06;11;284
25;2025-11-06;12;330
25;2025-11-06;13;392
25;2025-11-06;14;379
25;2025-11-06;15;436
25;2025-11-06;16;513
25;2025-11-06;17;626
25;2025-11-06;18;650
25;2025-11-06;19;432
25;2025-11-06;20;264
25;2025-11-06;21;181
25;2025-11-06;22;110
25;2025-11-06;23;9
25;2025-11-07;0;0
25;2025-11-07;1;0
25;2025-11-07;2;0
25;2025-11-07;3;0
25;2025-11-07;4;0
25;2025-11-07;5;2
25;2025-11-07;6;121
25;2025-11-07;7;429
25;2025-11-07;8;687
25;2025-11-07;9;339
25;2025-11-07;10;278
25;2025-11-07;11;329
25;2025-11-07;12;341
25;2025-11-07;13;431
25;2025-11-07;14;422
25;2025-11-07;15;502
25;2025-11-07;16;632
25;2025-11-07;17;639
25;2025-11-07;18;545
25;2025-11-07;19;408
25;2025-11-07;20;259
25;2025-11-07;21;191
25;2025-11-07;22;119
25;2025-11-07;23;13
25;2025-11-08;0;0
25;2025-11-08;1;0
25;2025-11-08;2;0
25;2025-11-08;3;0
25;2025-11-08;4;0
25;2025-11-08;5;1
25;2025-11-08;6;50
25;2025-11-08;7;120
25;2025-11-08;8;262
25;2025-11-08;9;250
25;2025-11-08;10;233
25;2025-11-08;11;302
25;2025-11-08;12;333
25;2025-11-08;13;448
25;2025-11-08;14;478
25;2025-11-08;15;600
25;2025-11-08;16;517
25;2025-11-08;17;434
25;2025-11-08;18;441
25;2025-11-08;19;379
25;2025-11-08;20;253
25;2025-11-08;21;215
25;2025-11-08;22;136
25;2025-11-08;23;55
25;2025-11-09;0;17
25;2025-11-09;1;0
25;2025-11-09;2;0
25;2025-11-09;3;0
25;2025-11-09;4;0
25;2025-11-09;5;2
25;2025-11-09;6;50
25;2025-11-09;7;93
25;2025-11-09;8;181
25;2025-11-09;9;179
25;2025-11-09;10;181
25;2025-11-09;11;241
25;2025-11-09;12;310
25;2025-11-09;13;363
25;2025-11-09;14;417
25;2025-11-09;15;512
25;2025-11-09;16;428
25;2025-11-09;17;384
25;2025-11-09;18;369
25;2025-11-09;19;290
25;2025-11-09;20;205
25;2025-11-09;21;175
25;2025-11-09;22;114
25;2025-11-09;23;38
25;2025-11-10;0;13
25;2025-11-10;1;0
25;2025-11-10;2;0
25;2025-11-10;3;0
25;2025-11-10;4;0
25;2025-11-10;5;2
25;2025-11-10;6;152
25;2025-11-10;7;485
25;2025-11-10;8;821
25;2025-11-10;9;402
25;2025-11-10;10;295
25;2025-11-10;11;318
25;2025-11-10;12;342
25;2025-11-10;13;454
25;2025-11-10;14;368
25;2025-11-10;15;447
25;2025-11-10;16;624
25;2025-11-10;17;679
25;2025-11-10;18;741
25;2025-11-10;19;430
25;2025-11-10;20;278
25;2025-11-10;21;195
25;2025-11-10;22;98
25;2025-11-10;23;10
25;2025-11-11;0;0
25;2025-11-11;1;0
25;2025-11-11;2;0
25;2025-11-11;3;0
25;2025-11-11;4;0
25;2025-11-11;5;2
25;2025-11-11;6;152
25;2025-11-11;7;498
25;2025-11-11;8;864
25;2025-11-11;9;433
25;2025-11-11;10;326
25;2025-11-11;11;369
25;2025-11-11;12;349
25;2025-11-11;13;413
25;2025-11-11;14;400
25;2025-11-11;15;474
25;2025-11-11;16;594
25;2025-11-11;17;658
25;2025-11-11;18;729
25;2025-11-11;19;458
25;2025-11-11;20;288
25;2025-11-11;21;196
25;2025-11-11;22;103
25;2025-11-11;23;10
25;2025-11-12;0;0
25;2025-11-12;1;0
25;2025-11-12;2;0
25;2025-11-12;3;0
25;2025-11-12;4;0
25;2025-11-12;5;2
25;2025-11-12;6;151
25;2025-11-12;7;483
25;2025-11-12;8;862
25;2025-11-12;9;437
25;2025-11-12;10;307
25;2025-11-12;11;346
25;2025-11-12;12;348
25;2025-11-12;13;434
25;2025-11-12;14;373
25;2025-11-12;15;452
25;2025-11-12;16;606
25;2025-11-12;17;704
25;2025-11-12;18;730
25;2025-11-12;19;448
25;2025-11-12;20;299
25;2025-11-12;21;207
25;2025-11-12;22;108
25;2025-11-12;23;7
25;2025-11-13;0;0
25;2025-11-13;1;0
25;2025-11-13;2;0
25;2025-11-13;3;0
25;2025-11-13;4;0
25;2025-11-13;5;4
25;2025-11-13;6;144
25;2025-11-13;7;476
25;2025-11-13;8;844
25;2025-11-13;9;411
25;2025-11-13;10;324
25;2025-11-13;11;336
25;2025-11-13;12;354
25;2025-11-13;13;400
25;2025-11-13;14;393
25;2025-11-13;15;487
25;2025-11-13;16;589
25;2025-11-13;17;699
25;2025-11-13;18;732
25;2025-11-13;19;449
25;2025-11-13;20;291
25;2025-11-13;21;199
25;2025-11-13;22;121
25;2025-11-13;23;12
25;2025-11-14;0;0
25;2025-11-14;1;0
25;2025-11-14;2;0
25;2025-11-14;3;0
25;2025-11-14;4;0
25;2025-11-14;5;5
25;2025-11-14;6;157
25;2025-11-14;7;497
25;2025-11-14;8;804
25;2025-11-14;9;408
25;2025-11-14;10;337
25;2025-11-14;11;384
25;2025-11-14;12;388
25;2025-11-14;13;466
25;2025-11-14;14;456
25;2025-11-14;15;556
25;2025-11-14;16;688
25;2025-11-14;17;716
25;2025-11-14;18;619
25;2025-11-14;19;429
25;2025-11-14;20;265
25;2025-11-14;21;196
25;2025-11-14;22;117
25;2025-11-14;23;16
25;2025-11-15;0;0
25;2025-11-15;1;0
25;2025-11-15;2;0
25;2025-11-15;3;0
25;2025-11-15;4;0
25;2025-11-15;5;1
25;2025-11-15;6;58
25;2025-11-15;7;110
25;2025-11-15;8;236
25;2025-11-15;9;206
25;2025-11-15;10;193
25;2025-11-15;11;248
25;2025-11-15;12;282
25;2025-11-15;13;408
25;2025-11-15;14;463
25;2025-11-15;15;590
25;2025-11-15;16;509
25;2025-11-15;17;398
25;2025-11-15;18;386
25;2025-11-15;19;336
25;2025-11-15;20;232
25;2025-11-15;21;197
25;2025-11-15;22;124
25;2025-11-15;23;48
25;2025-11-16;0;8
25;2025-11-16;1;0
25;2025-11-16;2;0
25;2025-11-16;3;0
25;2025-11-16;4;0
25;2025-11-16;5;0
25;2025-11-16;6;37
25;2025-11-16;7;71
25;2025-11-16;8;136
25;2025-11-16;9;161
25;2025-11-16;10;175
25;2025-11-16;11;227
25;2025-11-16;12;303
25;2025-11-16;13;355
25;2025-11-16;14;398
25;2025-11-16;15;493
25;2025-11-16;16;391
25;2025-11-16;17;330
25;2025-11-16;18;304
25;2025-11-16;19;237
25;2025-11-16;20;165
25;2025-11-16;21;145
25;2025-11-16;22;94
25;2025-11-16;23;26
25;2025-11-17;0;10
25;2025-11-17;1;0
25;2025-11-17;2;0
25;2025-11-17;3;0
25;2025-11-17;4;0
25;2025-11-17;5;1
25;2025-11-17;6;131
25;2025-11-17;7;451
25;2025-11-17;8;787
25;2025-11-17;9;351
25;2025-11-17;10;244
25;2025-11-17;11;266
25;2025-11-17;12;282
25;2025-11-17;13;378
25;2025-11-17;14;316
25;2025-11-17;15;389
25;2025-11-17;16;566
25;2025-11-17;17;623
25;2025-11-17;18;690
25;2025-11-17;19;377
25;2025-11-17;20;236
25;2025-11-17;21;161
25;2025-11-17;22;78
25;2025-11-17;23;6
25;2025-11-18;0;0
25;2025-11-18;1;0
25;2025-11-18;2;0
25;2025-11-18;3;0
25;2025-11-18;4;0
25;2025-11-18;5;4
25;2025-11-18;6;141
25;2025-11-18;7;481
25;2025-11-18;8;843
25;2025-11-18;9;400
25;2025-11-18;10;279
25;2025-11-18;11;331
25;2025-11-18;12;306
25;2025-11-18;13;367
25;2025-11-18;14;364
25;2025-11-18;15;442
25;2025-11-18;16;566
25;2025-11-18;17;631
25;2025-11-18;18;714
25;2025-11-18;19;430
25;2025-11-18;20;270
25;2025-11-18;21;192
25;2025-11-18;22;99
25;2025-11-18;23;8
25;2025-11-19;0;0
25;2025-11-19;1;0
25;2025-11-19;2;0
25;2025-11-19;3;0
25;2025-11-19;4;0
25;2025-11-19;5;3
25;2025-11-19;6;152
25;2025-11-19;7;480
25;2025-11-19;8;855
25;2025-11-19;9;410
25;2025-11-19;10;297
25;2025-11-19;11;344
25;2025-11-19;12;346
25;2025-11-19;13;437
25;2025-11-19;14;365
25;2025-11-19;15;450
25;2025-11-19;16;602
25;2025-11-19;17;706
25;2025-11-19;18;739
25;2025-11-19;19;433
25;2025-11-19;20;282
25;2025-11-19;21;192
25;2025-11-19;22;103
25;2025-11-19;23;3
25;2025-11-20;0;0
25;2025-11-20;1;0
25;2025-11-20;2;0
25;2025-11-20;3;0
25;2025-11-20;4;0
25;2025-11-20;5;2
25;2025-11-20;6;154
25;2025-11-20;7;475
25;2025-11-20;8;831
25;2025-11-20;9;419
25;2025-11-20;10;328
25;2025-11-20;11;345
25;2025-11-20;12;359
25;2025-11-20;13;412
25;2025-11-20;14;401
25;2025-11-20;15;489
25;2025-11-20;16;595
25;2025-11-20;17;697
25;2025-11-20;18;743
25;2025-11-20;19;449
25;2025-11-20;20;281
25;2025-11-20;21;190
25;2025-11-20;22;117
25;2025-11-20;23;11
25;2025-11-21;0;0
25;2025-11-21;1;0
25;2025-11-21;2;0
25;2025-11-21;3;0
25;2025-11-21;4;0
25;2025-11-21;5;4
25;2025-11-21;6;142
25;2025-11-21;7;474
25;2025-11-21;8;782
25;2025-11-21;9;381
25;2025-11-21;10;305
25;2025-11-21;11;356
25;2025-11-21;12;348
25;2025-11-21;13;438
25;2025-11-21;14;421
25;2025-11-21;15;520
25;2025-11-21;16;666
25;2025-11-21;17;694
25;2025-11-21;18;593
25;2025-11-21;19;396
25;2025-11-21;20;248
25;2025-11-21;21;197
25;2025-11-21;22;119
25;2025-11-21;23;15
25;2025-11-22;0;0
25;2025-11-22;1;0
25;2025-11-22;2;0
25;2025-11-22;3;0
25;2025-11-22;4;0
25;2025-11-22;5;1
25;2025-11-22;6;52
25;2025-11-22;7;107
25;2025-11-22;8;236
25;2025-11-22;9;226
25;2025-11-22;10;215
25;2025-11-22;11;283
25;2025-11-22;12;305
25;2025-11-22;13;422
25;2025-11-22;14;456
25;2025-11-22;15;579
25;2025-11-22;16;506
25;2025-11-22;17;418
25;2025-11-22;18;416
25;2025-11-22;19;354
25;2025-11-22;20;233
25;2025-11-22;21;198
25;2025-11-22;22;111
25;2025-11-22;23;52
25;2025-11-23;0;11
25;2025-11-23;1;0
25;2025-11-23;2;0
25;2025-11-23;3;0
25;2025-11-23;4;0
25;2025-11-23;5;0
25;2025-11-23;6;45
25;2025-11-23;7;92
25;2025-11-23;8;171
25;2025-11-23;9;159
25;2025-11-23;10;179
25;2025-11-23;11;239
25;2025-11-23;12;310
25;2025-11-23;13;364
25;2025-11-23;14;416
25;2025-11-23;15;534
25;2025-11-23;16;412
25;2025-11-23;17;364
25;2025-11-23;18;335
25;2025-11-23;19;262
25;2025-11-23;20;179
25;2025-11-23;21;147
25;2025-11-23;22;95
25;2025-11-23;23;28
25;2025-11-24;0;8
25;2025-11-24;1;0
25;2025-11-24;2;0
25;2025-11-24;3;0
25;2025-11-24;4;0
25;2025-11-24;5;3
25;2025-11-24;6;137
25;2025-11-24;7;448
25;2025-11-24;8;798
25;2025-11-24;9;367
25;2025-11-24;10;277
25;2025-11-24;11;281
25;2025-11-24;12;307
25;2025-11-24;13;424
25;2025-11-24;14;342
25;2025-11-24;15;418
25;2025-11-24;16;603
25;2025-11-24;17;646
25;2025-11-24;18;709
25;2025-11-24;19;404
25;2025-11-24;20;264
25;2025-11-24;21;189
25;2025-11-24;22;91
25;2025-11-24;23;8
25;2025-11-25;0;0
25;2025-11-25;1;0
25;2025-11-25;2;0
25;2025-11-25;3;0
25;2025-11-25;4;0
25;2025-11-25;5;2
25;2025-11-25;6;140
25;2025-11-25;7;487
25;2025-11-25;8;852
25;2025-11-25;9;419
25;2025-11-25;10;298
25;2025-11-25;11;347
25;2025-11-25;12;314
25;2025-11-25;13;390
25;2025-11-25;14;366
25;2025-11-25;15;453
25;2025-11-25;16;584
25;2025-11-25;17;641
25;2025-11-25;18;721
25;2025-11-25;19;433
25;2025-11-25;20;263
25;2025-11-25;21;171
25;2025-11-25;22;93
25;2025-11-25;23;4
25;2025-11-26;0;0
25;2025-11-26;1;0
25;2025-11-26;2;0
25;2025-11-26;3;0
25;2025-11-26;4;0
25;2025-11-26;5;7
25;2025-11-26;6;149
25;2025-11-26;7;474
25;2025-11-26;8;856
25;2025-11-26;9;415
25;2025-11-26;10;309
25;2025-11-26;11;347
25;2025-11-26;12;331
25;2025-11-26;13;427
25;2025-11-26;14;359
25;2025-11-26;15;444
25;2025-11-26;16;602
25;2025-11-26;17;695
25;2025-11-26;18;715
25;2025-11-26;19;418
25;2025-11-26;20;270
25;2025-11-26;21;179
25;2025-11-26;22;90
25;2025-11-26;23;4
25;2025-11-27;0;0
25;2025-11-27;1;0
25;2025-11-27;2;0
25;2025-11-27;3;0
25;2025-11-27;4;0
25;2025-11-27;5;4
25;2025-11-27;6;153
25;2025-11-27;7;478
25;2025-11-27;8;822
25;2025-11-27;9;384
25;2025-11-27;10;293
25;2025-11-27;11;315
25;2025-11-27;12;330
25;2025-11-27;13;385
25;2025-11-27;14;385
25;2025-11-27;15;484
25;2025-11-27;16;578
25;2025-11-27;17;682
25;2025-11-27;18;701
25;2025-11-27;19;431
25;2025-11-27;20;270
25;2025-11-27;21;180
25;2025-11-27;22;101
25;2025-11-27;23;10
25;2025-11-28;0;1
25;2025-11-28;1;0
25;2025-11-28;2;0
25;2025-11-28;3;0
25;2025-11-28;4;0
25;2025-11-28;5;9
25;2025-11-28;6;159
25;2025-11-28;7;491
25;2025-11-28;8;787
25;2025-11-28;9;406
25;2025-11-28;10;335
25;2025-11-28;11;383
25;2025-11-28;12;379
25;2025-11-28;13;471
25;2025-11-28;14;455
25;2025-11-28;15;550
25;2025-11-28;16;680
25;2025-11-28;17;712
25;2025-11-28;18;611
25;2025-11-28;19;427
25;2025-11-28;20;277
25;2025-11-28;21;206
25;2025-11-28;22;126
25;2025-11-28;23;18
25;2025-11-29;0;0
25;2025-11-29;1;0
25;2025-11-29;2;0
25;2025-11-29;3;0
25;2025-11-29;4;0
25;2025-11-29;5;3
25;2025-11-29;6;53
25;2025-11-29;7;127
25;2025-11-29;8;263
25;2025-11-29;9;257
25;2025-11-29;10;244
25;2025-11-29;11;305
25;2025-11-29;12;329
25;2025-11-29;13;448
25;2025-11-29;14;471
25;2025-11-29;15;571
25;2025-11-29;16;505
25;2025-11-29;17;432
25;2025-11-29;18;418
25;2025-11-29;19;352
25;2025-11-29;20;244
25;2025-11-29;21;202
25;2025-11-29;22;127
25;2025-11-29;23;53
25;2025-11-30;0;16
25;2025-11-30;1;0
25;2025-11-30;2;0
25;2025-11-30;3;0
25;2025-11-30;4;0
25;2025-11-30;5;3
25;2025-11-30;6;49
25;2025-11-30;7;92
25;2025-11-30;8;178
25;2025-11-30;9;186
25;2025-11-30;10;194
25;2025-11-30;11;256
25;2025-11-30;12;321
25;2025-11-30;13;358
25;2025-11-30;14;426
25;2025-11-30;15;505
25;2025-11-30;16;432
25;2025-11-30;17;382
25;2025-11-30;18;356
25;2025-11-30;19;284
25;2025-11-30;20;205
25;2025-11-30;21;180
25;2025-11-30;22;108
25;2025-11-30;23;39
25;2025-12-01;0;16
25;2025-12-01;1;0
25;2025-12-01;2;0
25;2025-12-01;3;0
25;2025-12-01;4;0
25;2025-12-01;5;7
25;2025-12-01;6;159
25;2025-12-01;7;498
25;2025-12-01;8;813
25;2025-12-01;9;404
25;2025-12-01;10;300
25;2025-12-01;11;322
25;2025-12-01;12;341
25;2025-12-01;13;462
25;2025-12-01;14;368
25;2025-12-01;15;447
25;2025-12-01;16;609
25;2025-12-01;17;660
25;2025-12-01;18;721
25;2025-12-01;19;431
25;2025-12-01;20;280
25;2025-12-01;21;187
25;2025-12-01;22;93
25;2025-12-01;23;13
25;2025-12-02;0;0
25;2025-12-02;1;0
25;2025-12-02;2;0
25;2025-12-02;3;0
25;2025-12-02;4;0
25;2025-12-02;5;6
25;2025-12-02;6;160
25;2025-12-02;7;507
25;2025-12-02;8;852
25;2025-12-02;9;440
25;2025-12-02;10;328
25;2025-12-02;11;374
25;2025-12-02;12;342
25;2025-12-02;13;418
25;2025-12-02;14;396
25;2025-12-02;15;480
25;2025-12-02;16;585
25;2025-12-02;17;643
25;2025-12-02;18;710
25;2025-12-02;19;455
25;2025-12-02;20;286
25;2025-12-02;21;193
25;2025-12-02;22;97
25;2025-12-02;23;12
25;2025-12-03;0;0
25;2025-12-03;1;0
25;2025-12-03;2;0
25;2025-12-03;3;0
25;2025-12-03;4;0
25;2025-12-03;5;6
25;2025-12-03;6;161
25;2025-12-03;7;497
25;2025-12-03;8;864
25;2025-12-03;9;439
25;2025-12-03;10;336
25;2025-12-03;11;379
25;2025-12-03;12;376
25;2025-12-03;13;474
25;2025-12-03;14;400
25;2025-12-03;15;487
25;2025-12-03;16;616
25;2025-12-03;17;712
25;2025-12-03;18;736
25;2025-12-03;19;465
25;2025-12-03;20;315
25;2025-12-03;21;214
25;2025-12-03;22;115
25;2025-12-03;23;11
25;2025-12-04;0;0
25;2025-12-04;1;0
25;2025-12-04;2;0
25;2025-12-04;3;0
25;2025-12-04;4;0
25;2025-12-04;5;7
25;2025-12-04;6;161
25;2025-12-04;7;489
25;2025-12-04;8;841
25;2025-12-04;9;421
25;2025-12-04;10;330
25;2025-12-04;11;345
25;2025-12-04;12;349
25;2025-12-04;13;411
25;2025-12-04;14;407
25;2025-12-04;15;496
25;2025-12-04;16;580
25;2025-12-04;17;698
25;2025-12-04;18;735
25;2025-12-04;19;463
25;2025-12-04;20;306
25;2025-12-04;21;204
25;2025-12-04;22;118
25;2025-12-04;23;17
25;2025-12-05;0;0
25;2025-12-05;1;0
25;2025-12-05;2;0
25;2025-12-05;3;0
25;2025-12-05;4;0
25;2025-12-05;5;7
25;2025-12-05;6;162
25;2025-12-05;7;499
25;2025-12-05;8;795
25;2025-12-05;9;404
25;2025-12-05;10;326
25;2025-12-05;11;377
25;2025-12-05;12;373
25;2025-12-05;13;468
25;2025-12-05;14;456
25;2025-12-05;15;548
25;2025-12-05;16;685
25;2025-12-05;17;714
25;2025-12-05;18;607
25;2025-12-05;19;437
25;2025-12-05;20;290
25;2025-12-05;21;216
25;2025-12-05;22;125
25;2025-12-05;23;20
25;2025-12-06;0;0
25;2025-12-06;1;0
25;2025-12-06;2;0
25;2025-12-06;3;0
25;2025-12-06;4;0
25;2025-12-06;5;5
25;2025-12-06;6;61
25;2025-12-06;7;134
25;2025-12-06;8;285
25;2025-12-06;9;268
25;2025-12-06;10;257
25;2025-12-06;11;319
25;2025-12-06;12;351
25;2025-12-06;13;471
25;2025-12-06;14;499
25;2025-12-06;15;604
25;2025-12-06;16;527
25;2025-12-06;17;453
25;2025-12-06;18;437
25;2025-12-06;19;366
25;2025-12-06;20;253
25;2025-12-06;21;211
25;2025-12-06;22;132
25;2025-12-06;23;63
25;2025-12-07;0;15
25;2025-12-07;1;0
25;2025-12-07;2;0
25;2025-12-07;3;0
25;2025-12-07;4;0
25;2025-12-07;5;1
25;2025-12-07;6;49
25;2025-12-07;7;95
25;2025-12-07;8;183
25;2025-12-07;9;192
25;2025-12-07;10;203
25;2025-12-07;11;263
25;2025-12-07;12;324
25;2025-12-07;13;379
25;2025-12-07;14;443
25;2025-12-07;15;524
25;2025-12-07;16;440
25;2025-12-07;17;391
25;2025-12-07;18;365
25;2025-12-07;19;289
25;2025-12-07;20;207
25;2025-12-07;21;179
25;2025-12-07;22;109
25;2025-12-07;23;43
25;2025-12-08;0;12
25;2025-12-08;1;0
25;2025-12-08;2;0
25;2025-12-08;3;0
25;2025-12-08;4;0
25;2025-12-08;5;4
25;2025-12-08;6;164
25;2025-12-08;7;506
25;2025-12-08;8;837
25;2025-12-08;9;422
25;2025-12-08;10;313
25;2025-12-08;11;342
25;2025-12-08;12;354
25;2025-12-08;13;472
25;2025-12-08;14;383
25;2025-12-08;15;461
25;2025-12-08;16;631
25;2025-12-08;17;682
25;2025-12-08;18;734
25;2025-12-08;19;433
25;2025-12-08;20;279
25;2025-12-08;21;188
25;2025-12-08;22;91
25;2025-12-08;23;9
25;2025-12-09;0;0
25;2025-12-09;1;0
25;2025-12-09;2;0
25;2025-12-09;3;0
25;2025-12-09;4;0
25;2025-12-09;5;4
25;2025-12-09;6;165
25;2025-12-09;7;522
25;2025-12-09;8;878
25;2025-12-09;9;465
25;2025-12-09;10;343
25;2025-12-09;11;394
25;2025-12-09;12;361
25;2025-12-09;13;432
25;2025-12-09;14;417
25;2025-12-09;15;505
25;2025-12-09;16;620
25;2025-12-09;17;674
25;2025-12-09;18;740
25;2025-12-09;19;472
25;2025-12-09;20;294
25;2025-12-09;21;191
25;2025-12-09;22;96
25;2025-12-09;23;8
25;2025-12-10;0;0
25;2025-12-10;1;0
25;2025-12-10;2;0
25;2025-12-10;3;0
25;2025-12-10;4;0
25;2025-12-10;5;7
25;2025-12-10;6;162
25;2025-12-10;7;506
25;2025-12-10;8;886
25;2025-12-10;9;463
25;2025-12-10;10;341
25;2025-12-10;11;378
25;2025-12-10;12;377
25;2025-12-10;13;475
25;2025-12-10;14;395
25;2025-12-10;15;487
25;2025-12-10;16;630
25;2025-12-10;17;720
25;2025-12-10;18;743
25;2025-12-10;19;454
25;2025-12-10;20;297
25;2025-12-10;21;199
25;2025-12-10;22;104
25;2025-12-10;23;7
25;2025-12-11;0;0
25;2025-12-11;1;0
25;2025-12-11;2;0
25;2025-12-11;3;0
25;2025-12-11;4;0
25;2025-12-11;5;5
25;2025-12-11;6;154
25;2025-12-11;7;485
25;2025-12-11;8;849
25;2025-12-11;9;423
25;2025-12-11;10;324
25;2025-12-11;11;340
25;2025-12-11;12;354
25;2025-12-11;13;410
25;2025-12-11;14;399
25;2025-12-11;15;496
25;2025-12-11;16;590
25;2025-12-11;17;702
25;2025-12-11;18;720
25;2025-12-11;19;440
25;2025-12-11;20;281
25;2025-12-11;21;204
25;2025-12-11;22;108
25;2025-12-11;23;12
25;2025-12-12;0;0
25;2025-12-12;1;0
25;2025-12-12;2;0
25;2025-12-12;3;0
25;2025-12-12;4;0
25;2025-12-12;5;5
25;2025-12-12;6;160
25;2025-12-12;7;496
25;2025-12-12;8;807
25;2025-12-12;9;403
25;2025-12-12;10;331
25;2025-12-12;11;380
25;2025-12-12;12;382
25;2025-12-12;13;470
25;2025-12-12;14;456
25;2025-12-12;15;551
25;2025-12-12;16;686
25;2025-12-12;17;718
25;2025-12-12;18;627
25;2025-12-12;19;421
25;2025-12-12;20;263
25;2025-12-12;21;199
25;2025-12-12;22;114
25;2025-12-12;23;12
25;2025-12-13;0;0
25;2025-12-13;1;1
25;2025-12-13;2;0
25;2025-12-13;3;0
25;2025-12-13;4;0
25;2025-12-13;5;4
25;2025-12-13;6;58
25;2025-12-13;7;126
25;2025-12-13;8;278
25;2025-12-13;9;282
25;2025-12-13;10;271
25;2025-12-13;11;330
25;2025-12-13;12;350
25;2025-12-13;13;468
25;2025-12-13;14;487
25;2025-12-13;15;600
25;2025-12-13;16;528
25;2025-12-13;17;433
25;2025-12-13;18;418
25;2025-12-13;19;357
25;2025-12-13;20;242
25;2025-12-13;21;194
25;2025-12-13;22;122
25;2025-12-13;23;45
25;2025-12-14;0;9
25;2025-12-14;1;0
25;2025-12-14;2;0
25;2025-12-14;3;0
25;2025-12-14;4;0
25;2025-12-14;5;0
25;2025-12-14;6;45
25;2025-12-14;7;84
25;2025-12-14;8;171
25;2025-12-14;9;177
25;2025-12-14;10;185
25;2025-12-14;11;241
25;2025-12-14;12;297
25;2025-12-14;13;352
25;2025-12-14;14;413
25;2025-12-14;15;503
25;2025-12-14;16;414
25;2025-12-14;17;367
25;2025-12-14;18;340
25;2025-12-14;19;267
25;2025-12-14;20;182
25;2025-12-14;21;154
25;2025-12-14;22;99
25;2025-12-14;23;28
25;2025-12-15;0;10
25;2025-12-15;1;0
25;2025-12-15;2;0
25;2025-12-15;3;0
25;2025-12-15;4;0
25;2025-12-15;5;2
25;2025-12-15;6;154
25;2025-12-15;7;492
25;2025-12-15;8;828
25;2025-12-15;9;401
25;2025-12-15;10;305
25;2025-12-15;11;334
25;2025-12-15;12;343
25;2025-12-15;13;461
25;2025-12-15;14;371
25;2025-12-15;15;448
25;2025-12-15;16;628
25;2025-12-15;17;679
25;2025-12-15;18;738
25;2025-12-15;19;421
25;2025-12-15;20;261
25;2025-12-15;21;181
25;2025-12-15;22;87
25;2025-12-15;23;10
25;2025-12-16;0;1
25;2025-12-16;1;0
25;2025-12-16;2;0
25;2025-12-16;3;0
25;2025-12-16;4;0
25;2025-12-16;5;3
25;2025-12-16;6;148
25;2025-12-16;7;497
25;2025-12-16;8;865
25;2025-12-16;9;429
25;2025-12-16;10;336
25;2025-12-16;11;373
25;2025-12-16;12;334
25;2025-12-16;13;409
25;2025-12-16;14;397
25;2025-12-16;15;483
25;2025-12-16;16;599
25;2025-12-16;17;653
25;2025-12-16;18;720
25;2025-12-16;19;449
25;2025-12-16;20;281
25;2025-12-16;21;187
25;2025-12-16;22;94
25;2025-12-16;23;8
25;2025-12-17;0;0
25;2025-12-17;1;0
25;2025-12-17;2;0
25;2025-12-17;3;0
25;2025-12-17;4;0
25;2025-12-17;5;4
25;2025-12-17;6;151
25;2025-12-17;7;491
25;2025-12-17;8;878
25;2025-12-17;9;436
25;2025-12-17;10;321
25;2025-12-17;11;371
25;2025-12-17;12;371
25;2025-12-17;13;472
25;2025-12-17;14;388
25;2025-12-17;15;483
25;2025-12-17;16;624
25;2025-12-17;17;711
25;2025-12-17;18;734
25;2025-12-17;19;447
25;2025-12-17;20;291
25;2025-12-17;21;201
25;2025-12-17;22;102
25;2025-12-17;23;6
25;2025-12-18;0;0
25;2025-12-18;1;0
25;2025-12-18;2;0
25;2025-12-18;3;0
25;2025-12-18;4;0
25;2025-12-18;5;5
25;2025-12-18;6;154
25;2025-12-18;7;487
25;2025-12-18;8;848
25;2025-12-18;9;422
25;2025-12-18;10;325
25;2025-12-18;11;344
25;2025-12-18;12;363
25;2025-12-18;13;417
25;2025-12-18;14;406
25;2025-12-18;15;502
25;2025-12-18;16;596
25;2025-12-18;17;711
25;2025-12-18;18;739
25;2025-12-18;19;449
25;2025-12-18;20;282
25;2025-12-18;21;191
25;2025-12-18;22;108
25;2025-12-18;23;11
25;2025-12-19;0;0
25;2025-12-19;1;0
25;2025-12-19;2;0
25;2025-12-19;3;0
25;2025-12-19;4;0
25;2025-12-19;5;6
25;2025-12-19;6;156
25;2025-12-19;7;496
25;2025-12-19;8;802
25;2025-12-19;9;405
25;2025-12-19;10;328
25;2025-12-19;11;383
25;2025-12-19;12;380
25;2025-12-19;13;473
25;2025-12-19;14;452
25;2025-12-19;15;547
25;2025-12-19;16;691
25;2025-12-19;17;717
25;2025-12-19;18;607
25;2025-12-19;19;413
25;2025-12-19;20;266
25;2025-12-19;21;199
25;2025-12-19;22;116
25;2025-12-19;23;14
25;2025-12-20;0;0
25;2025-12-20;1;0
25;2025-12-20;2;0
25;2025-12-20;3;0
25;2025-12-20;4;0
25;2025-12-20;5;1
25;2025-12-20;6;58
25;2025-12-20;7;139
25;2025-12-20;8;287
25;2025-12-20;9;274
25;2025-12-20;10;253
25;2025-12-20;11;327
25;2025-12-20;12;356
25;2025-12-20;13;476
25;2025-12-20;14;502
25;2025-12-20;15;604
25;2025-12-20;16;526
25;2025-12-20;17;444
25;2025-12-20;18;417
25;2025-12-20;19;348
25;2025-12-20;20;233
25;2025-12-20;21;202
25;2025-12-20;22;123
25;2025-12-20;23;49
25;2025-12-21;0;13
25;2025-12-21;1;0
25;2025-12-21;2;0
25;2025-12-21;3;0
25;2025-12-21;4;0
25;2025-12-21;5;3
25;2025-12-21;6;52
25;2025-12-21;7;99
25;2025-12-21;8;192
25;2025-12-21;9;178
25;2025-12-21;10;181
25;2025-12-21;11;244
25;2025-12-21;12;303
25;2025-12-21;13;362
25;2025-12-21;14;420
25;2025-12-21;15;527
25;2025-12-21;16;440
25;2025-12-21;17;384
25;2025-12-21;18;354
25;2025-12-21;19;279
25;2025-12-21;20;196
25;2025-12-21;21;162
25;2025-12-21;22;98
25;2025-12-21;23;31
25;2025-12-22;0;11
25;2025-12-22;1;0
25;2025-12-22;2;0
25;2025-12-22;3;0
25;2025-12-22;4;0
25;2025-12-22;5;6
25;2025-12-22;6;164
25;2025-12-22;7;509
25;2025-12-22;8;837
25;2025-12-22;9;414
25;2025-12-22;10;318
25;2025-12-22;11;335
25;2025-12-22;12;354
25;2025-12-22;13;472
25;2025-12-22;14;383
25;2025-12-22;15;452
25;2025-12-22;16;627
25;2025-12-22;17;684
25;2025-12-22;18;745
25;2025-12-22;19;415
25;2025-12-22;20;273
25;2025-12-22;21;184
25;2025-12-22;22;83
25;2025-12-22;23;7
25;2025-12-23;0;1
25;2025-12-23;1;0
25;2025-12-23;2;0
25;2025-12-23;3;0
25;2025-12-23;4;0
25;2025-12-23;5;0
25;2025-12-23;6;163
25;2025-12-23;7;511
25;2025-12-23;8;875
25;2025-12-23;9;444
25;2025-12-23;10;326
25;2025-12-23;11;373
25;2025-12-23;12;343
25;2025-12-23;13;404
25;2025-12-23;14;388
25;2025-12-23;15;473
25;2025-12-23;16;596
25;2025-12-23;17;651
25;2025-12-23;18;743
25;2025-12-23;19;448
25;2025-12-23;20;288
25;2025-12-23;21;176
25;2025-12-23;22;90
25;2025-12-23;23;4
25;2025-12-24;0;0
25;2025-12-24;1;1
25;2025-12-24;2;0
25;2025-12-24;3;0
25;2025-12-24;4;0
25;2025-12-24;5;4
25;2025-12-24;6;149
25;2025-12-24;7;485
25;2025-12-24;8;872
25;2025-12-24;9;440
25;2025-12-24;10;320
25;2025-12-24;11;373
25;2025-12-24;12;375
25;2025-12-24;13;471
25;2025-12-24;14;383
25;2025-12-24;15;473
25;2025-12-24;16;625
25;2025-12-24;17;712
25;2025-12-24;18;743
25;2025-12-24;19;450
25;2025-12-24;20;293
25;2025-12-24;21;196
25;2025-12-24;22;104
25;2025-12-24;23;7
25;2025-12-25;0;0
25;2025-12-25;1;0
25;2025-12-25;2;0
25;2025-12-25;3;0
25;2025-12-25;4;0
25;2025-12-25;5;2
25;2025-12-25;6;148
25;2025-12-25;7;479
25;2025-12-25;8;841
25;2025-12-25;9;428
25;2025-12-25;10;333
25;2025-12-25;11;348
25;2025-12-25;12;361
25;2025-12-25;13;414
25;2025-12-25;14;404
25;2025-12-25;15;498
25;2025-12-25;16;599
25;2025-12-25;17;708
25;2025-12-25;18;728
25;2025-12-25;19;445
25;2025-12-25;20;280
25;2025-12-25;21;181
25;2025-12-25;22;108
25;2025-12-25;23;11
25;2025-12-26;0;0
25;2025-12-26;1;0
25;2025-12-26;2;0
25;2025-12-26;3;0
25;2025-12-26;4;0
25;2025-12-26;5;5
25;2025-12-26;6;158
25;2025-12-26;7;491
25;2025-12-26;8;808
25;2025-12-26;9;421
25;2025-12-26;10;348
25;2025-12-26;11;383
25;2025-12-26;12;393
25;2025-12-26;13;480
25;2025-12-26;14;454
25;2025-12-26;15;547
25;2025-12-26;16;683
25;2025-12-26;17;724
25;2025-12-26;18;603
25;2025-12-26;19;416
25;2025-12-26;20;274
25;2025-12-26;21;202
25;2025-12-26;22;118
25;2025-12-26;23;15
25;2025-12-27;0;2
25;2025-12-27;1;0
25;2025-12-27;2;0
25;2025-12-27;3;0
25;2025-12-27;4;0
25;2025-12-27;5;3
25;2025-12-27;6;59
25;2025-12-27;7;141
25;2025-12-27;8;284
25;2025-12-27;9;287
25;2025-12-27;10;261
25;2025-12-27;11;330
25;2025-12-27;12;350
25;2025-12-27;13;463
25;2025-12-27;14;488
25;2025-12-27;15;607
25;2025-12-27;16;521
25;2025-12-27;17;435
25;2025-12-27;18;411
25;2025-12-27;19;352
25;2025-12-27;20;241
25;2025-12-27;21;208
25;2025-12-27;22;124
25;2025-12-27;23;51
25;2025-12-28;0;7
25;2025-12-28;1;0
25;2025-12-28;2;0
25;2025-12-28;3;0
25;2025-12-28;4;0
25;2025-12-28;5;0
25;2025-12-28;6;41
25;2025-12-28;7;89
25;2025-12-28;8;174
25;2025-12-28;9;186
25;2025-12-28;10;199
25;2025-12-28;11;249
25;2025-12-28;12;312
25;2025-12-28;13;364
25;2025-12-28;14;419
25;2025-12-28;15;509
25;2025-12-28;16;416
25;2025-12-28;17;374
25;2025-12-28;18;328
25;2025-12-28;19;278
25;2025-12-28;20;202
25;2025-12-28;21;173
25;2025-12-28;22;105
25;2025-12-28;23;27
25;2025-12-29;0;9
25;2025-12-29;1;0
25;2025-12-29;2;0
25;2025-12-29;3;0
25;2025-12-29;4;0
25;2025-12-29;5;5
25;2025-12-29;6;155
25;2025-12-29;7;473
25;2025-12-29;8;827
25;2025-12-29;9;391
25;2025-12-29;10;300
25;2025-12-29;11;325
25;2025-12-29;12;332
25;2025-12-29;13;458
25;2025-12-29;14;376
25;2025-12-29;15;446
25;2025-12-29;16;606
25;2025-12-29;17;642
25;2025-12-29;18;688
25;2025-12-29;19;422
25;2025-12-29;20;266
25;2025-12-29;21;195
25;2025-12-29;22;79
25;2025-12-29;23;11
25;2025-12-30;0;0
25;2025-12-30;1;0
25;2025-12-30;2;0
25;2025-12-30;3;0
25;2025-12-30;4;0
25;2025-12-30;5;0
25;2025-12-30;6;141
25;2025-12-30;7;472
25;2025-12-30;8;861
25;2025-12-30;9;422
25;2025-12-30;10;313
25;2025-12-30;11;358
25;2025-12-30;12;318
25;2025-12-30;13;396
25;2025-12-30;14;387
25;2025-12-30;15;492
25;2025-12-30;16;581
25;2025-12-30;17;649
25;2025-12-30;18;709
25;2025-12-30;19;425
25;2025-12-30;20;258
25;2025-12-30;21;180
25;2025-12-30;22;93
25;2025-12-30;23;13
25;2025-12-31;0;0
25;2025-12-31;1;0
25;2025-12-31;2;0
25;2025-12-31;3;0
25;2025-12-31;4;0
25;2025-12-31;5;0
25;2025-12-31;6;25
25;2025-12-31;7;205
25;2025-12-31;8;198
25;2025-12-31;9;258
25;2025-12-31;10;184
25;2025-12-31;11;239
25;2025-12-31;12;259
25;2025-12-31;13;323
25;2025-12-31;14;300
25;2025-12-31;15;352
25;2025-12-31;16;344
25;2025-12-31;17;342
25;2025-12-31;18;278
25;2025-12-31;19;290
25;2025-12-31;20;183
25;2025-12-31;21;129
25;2025-12-31;22;71
25;2025-12-31;23;0
26;2025-11-01;0;45
26;2025-11-01;1;2
26;2025-11-01;2;0
26;2025-11-01;3;0
26;2025-11-01;4;1
26;2025-11-01;5;44
26;2025-11-01;6;247
26;2025-11-01;7;346
26;2025-11-01;8;609
26;2025-11-01;9;663
26;2025-11-01;10;782
26;2025-11-01;11;981
26;2025-11-01;12;1001
26;2025-11-01;13;1080
26;2025-11-01;14;1111
26;2025-11-01;15;1024
26;2025-11-01;16;1018
26;2025-11-01;17;956
26;2025-11-01;18;814
26;2025-11-01;19;738
26;2025-11-01;20;522
26;2025-11-01;21;380
26;2025-11-01;22;198
26;2025-11-01;23;158
26;2025-11-02;0;50
26;2025-11-02;1;7
26;2025-11-02;2;0
26;2025-11-02;3;0
26;2025-11-02;4;3
26;2025-11-02;5;38
26;2025-11-02;6;146
26;2025-11-02;7;241
26;2025-11-02;8;351
26;2025-11-02;9;430
26;2025-11-02;10;476
26;2025-11-02;11;613
26;2025-11-02;12;713
26;2025-11-02;13;710
26;2025-11-02;14;751
26;2025-11-02;15;702
26;2025-11-02;16;688
26;2025-11-02;17;664
26;2025-11-02;18;583
26;2025-11-02;19;491
26;2025-11-02;20;383
26;2025-11-02;21;266
26;2025-11-02;22;185
26;2025-11-02;23;101
26;2025-11-03;0;29
26;2025-11-03;1;3
26;2025-11-03;2;0
26;2025-11-03;3;0
26;2025-11-03;4;1
26;2025-11-03;5;33
26;2025-11-03;6;330
26;2025-11-03;7;439
26;2025-11-03;8;511
26;2025-11-03;9;490
26;2025-11-03;10;543
26;2025-11-03;11;551
26;2025-11-03;12;571
26;2025-11-03;13;565
26;2025-11-03;14;573
26;2025-11-03;15;557
26;2025-11-03;16;604
26;2025-11-03;17;608
26;2025-11-03;18;608
26;2025-11-03;19;609
26;2025-11-03;20;432
26;2025-11-03;21;347
26;2025-11-03;22;194
26;2025-11-03;23;85
26;2025-11-04;0;28
26;2025-11-04;1;3
26;2025-11-04;2;0
26;2025-11-04;3;0
26;2025-11-04;4;4
26;2025-11-04;5;29
26;2025-11-04;6;314
26;2025-11-04;7;381
26;2025-11-04;8;407
26;2025-11-04;9;446
26;2025-11-04;10;501
26;2025-11-04;11;492
26;2025-11-04;12;523
26;2025-11-04;13;544
26;2025-11-04;14;623
26;2025-11-04;15;613
26;2025-11-04;16;632
26;2025-11-04;17;575
26;2025-11-04;18;570
26;2025-11-04;19;599
26;2025-11-04;20;418
26;2025-11-04;21;361
26;2025-11-04;22;197
26;2025-11-04;23;99
26;2025-11-05;0;31
26;2025-11-05;1;0
26;2025-11-05;2;0
26;2025-11-05;3;0
26;2025-11-05;4;5
26;2025-11-05;5;88
26;2025-11-05;6;476
26;2025-11-05;7;969
26;2025-11-05;8;2032
26;2025-11-05;9;1384
26;2025-11-05;10;1093
26;2025-11-05;11;972
26;2025-11-05;12;1053
26;2025-11-05;13;1137
26;2025-11-05;14;1192
26;2025-11-05;15;1250
26;2025-11-05;16;1415
26;2025-11-05;17;1618
26;2025-11-05;18;1769
26;2025-11-05;19;1188
26;2025-11-05;20;734
26;2025-11-05;21;434
26;2025-11-05;22;231
26;2025-11-05;23;111
26;2025-11-06;0;30
26;2025-11-06;1;2
26;2025-11-06;2;0
26;2025-11-06;3;0
26;2025-11-06;4;2
26;2025-11-06;5;73
26;2025-11-06;6;457
26;2025-11-06;7;955
26;2025-11-06;8;1984
26;2025-11-06;9;1364
26;2025-11-06;10;1071
26;2025-11-06;11;962
26;2025-11-06;12;1007
26;2025-11-06;13;1078
26;2025-11-06;14;1096
26;2025-11-06;15;1180
26;2025-11-06;16;1343
26;2025-11-06;17;1584
26;2025-11-06;18;1780
26;2025-11-06;19;1142
26;2025-11-06;20;720
26;2025-11-06;21;436
26;2025-11-06;22;237
26;2025-11-06;23;107
26;2025-11-07;0;27
26;2025-11-07;1;3
26;2025-11-07;2;0
26;2025-11-07;3;0
26;2025-11-07;4;3
26;2025-11-07;5;66
26;2025-11-07;6;451
26;2025-11-07;7;984
26;2025-11-07;8;1845
26;2025-11-07;9;1292
26;2025-11-07;10;1094
26;2025-11-07;11;971
26;2025-11-07;12;1030
26;2025-11-07;13;1110
26;2025-11-07;14;1124
26;2025-11-07;15;1240
26;2025-11-07;16;1562
26;2025-11-07;17;1660
26;2025-11-07;18;1334
26;2025-11-07;19;999
26;2025-11-07;20;680
26;2025-11-07;21;416
26;2025-11-07;22;235
26;2025-11-07;23;140
26;2025-11-08;0;41
26;2025-11-08;1;4
26;2025-11-08;2;0
26;2025-11-08;3;0
26;2025-11-08;4;4
26;2025-11-08;5;43
26;2025-11-08;6;269
26;2025-11-08;7;346
26;2025-11-08;8;547
26;2025-11-08;9;649
26;2025-11-08;10;746
26;2025-11-08;11;936
26;2025-11-08;12;971
26;2025-11-08;13;1009
26;2025-11-08;14;1015
26;2025-11-08;15;959
26;2025-11-08;16;968
26;2025-11-08;17;906
26;2025-11-08;18;816
26;2025-11-08;19;794
26;2025-11-08;20;545
26;2025-11-08;21;391
26;2025-11-08;22;234
26;2025-11-08;23;157
26;2025-11-09;0;52
26;2025-11-09;1;10
26;2025-11-09;2;0
26;2025-11-09;3;0
26;2025-11-09;4;4
26;2025-11-09;5;36
26;2025-11-09;6;160
26;2025-11-09;7;268
26;2025-11-09;8;384
26;2025-11-09;9;496
26;2025-11-09;10;547
26;2025-11-09;11;732
26;2025-11-09;12;785
26;2025-11-09;13;829
26;2025-11-09;14;810
26;2025-11-09;15;757
26;2025-11-09;16;764
26;2025-11-09;17;753
26;2025-11-09;18;683
26;2025-11-09;19;537
26;2025-11-09;20;415
26;2025-11-09;21;286
26;2025-11-09;22;202
26;2025-11-09;23;116
26;2025-11-10;0;32
26;2025-11-10;1;4
26;2025-11-10;2;0
26;2025-11-10;3;0
26;2025-11-10;4;4
26;2025-11-10;5;84
26;2025-11-10;6;514
26;2025-11-10;7;1072
26;2025-11-10;8;2108
26;2025-11-10;9;1439
26;2025-11-10;10;1171
26;2025-11-10;11;1053
26;2025-11-10;12;1063
26;2025-11-10;13;1141
26;2025-11-10;14;1160
26;2025-11-10;15;1234
26;2025-11-10;16;1449
26;2025-11-10;17;1667
26;2025-11-10;18;1876
26;2025-11-10;19;1218
26;2025-11-10;20;776
26;2025-11-10;21;444
26;2025-11-10;22;227
26;2025-11-10;23;108
26;2025-11-11;0;32
26;2025-11-11;1;3
26;2025-11-11;2;0
26;2025-11-11;3;0
26;2025-11-11;4;4
26;2025-11-11;5;85
26;2025-11-11;6;537
26;2025-11-11;7;1110
26;2025-11-11;8;2180
26;2025-11-11;9;1468
26;2025-11-11;10;1185
26;2025-11-11;11;1095
26;2025-11-11;12;1144
26;2025-11-11;13;1149
26;2025-11-11;14;1216
26;2025-11-11;15;1285
26;2025-11-11;16;1499
26;2025-11-11;17;1754
26;2025-11-11;18;1908
26;2025-11-11;19;1262
26;2025-11-11;20;779
26;2025-11-11;21;456
26;2025-11-11;22;226
26;2025-11-11;23;120
26;2025-11-12;0;33
26;2025-11-12;1;2
26;2025-11-12;2;0
26;2025-11-12;3;0
26;2025-11-12;4;5
26;2025-11-12;5;86
26;2025-11-12;6;502
26;2025-11-12;7;1075
26;2025-11-12;8;2088
26;2025-11-12;9;1455
26;2025-11-12;10;1170
26;2025-11-12;11;1048
26;2025-11-12;12;1080
26;2025-11-12;13;1154
26;2025-11-12;14;1228
26;2025-11-12;15;1264
26;2025-11-12;16;1432
26;2025-11-12;17;1621
26;2025-11-12;18;1761
26;2025-11-12;19;1187
26;2025-11-12;20;772
26;2025-11-12;21;476
26;2025-11-12;22;238
26;2025-11-12;23;129
26;2025-11-13;0;37
26;2025-11-13;1;2
26;2025-11-13;2;0
26;2025-11-13;3;0
26;2025-11-13;4;2
26;2025-11-13;5;87
26;2025-11-13;6;499
26;2025-11-13;7;1088
26;2025-11-13;8;2134
26;2025-11-13;9;1459
26;2025-11-13;10;1202
26;2025-11-13;11;1127
26;2025-11-13;12;1126
26;2025-11-13;13;1200
26;2025-11-13;14;1224
26;2025-11-13;15;1310
26;2025-11-13;16;1475
26;2025-11-13;17;1681
26;2025-11-13;18;1852
26;2025-11-13;19;1210
26;2025-11-13;20;779
26;2025-11-13;21;475
26;2025-11-13;22;251
26;2025-11-13;23;134
26;2025-11-14;0;36
26;2025-11-14;1;2
26;2025-11-14;2;0
26;2025-11-14;3;0
26;2025-11-14;4;3
26;2025-11-14;5;88
26;2025-11-14;6;516
26;2025-11-14;7;1085
26;2025-11-14;8;1925
26;2025-11-14;9;1416
26;2025-11-14;10;1211
26;2025-11-14;11;1080
26;2025-11-14;12;1134
26;2025-11-14;13;1197
26;2025-11-14;14;1223
26;2025-11-14;15;1311
26;2025-11-14;16;1615
26;2025-11-14;17;1736
26;2025-11-14;18;1408
26;2025-11-14;19;1074
26;2025-11-14;20;736
26;2025-11-14;21;439
26;2025-11-14;22;235
26;2025-11-14;23;144
26;2025-11-15;0;43
26;2025-11-15;1;4
26;2025-11-15;2;0
26;2025-11-15;3;0
26;2025-11-15;4;5
26;2025-11-15;5;49
26;2025-11-15;6;249
26;2025-11-15;7;334
26;2025-11-15;8;541
26;2025-11-15;9;637
26;2025-11-15;10;711
26;2025-11-15;11;906
26;2025-11-15;12;940
26;2025-11-15;13;997
26;2025-11-15;14;1054
26;2025-11-15;15;977
26;2025-11-15;16;978
26;2025-11-15;17;888
26;2025-11-15;18;789
26;2025-11-15;19;811
26;2025-11-15;20;568
26;2025-11-15;21;375
26;2025-11-15;22;222
26;2025-11-15;23;142
26;2025-11-16;0;43
26;2025-11-16;1;6
26;2025-11-16;2;0
26;2025-11-16;3;0
26;2025-11-16;4;0
26;2025-11-16;5;26
26;2025-11-16;6;128
26;2025-11-16;7;235
26;2025-11-16;8;351
26;2025-11-16;9;506
26;2025-11-16;10;574
26;2025-11-16;11;787
26;2025-11-16;12;841
26;2025-11-16;13;877
26;2025-11-16;14;824
26;2025-11-16;15;741
26;2025-11-16;16;730
26;2025-11-16;17;706
26;2025-11-16;18;628
26;2025-11-16;19;496
26;2025-11-16;20;380
26;2025-11-16;21;260
26;2025-11-16;22;176
26;2025-11-16;23;91
26;2025-11-17;0;27
26;2025-11-17;1;2
26;2025-11-17;2;0
26;2025-11-17;3;0
26;2025-11-17;4;0
26;2025-11-17;5;67
26;2025-11-17;6;480
26;2025-11-17;7;1023
26;2025-11-17;8;2050
26;2025-11-17;9;1388
26;2025-11-17;10;1108
26;2025-11-17;11;997
26;2025-11-17;12;990
26;2025-11-17;13;1036
26;2025-11-17;14;1085
26;2025-11-17;15;1157
26;2025-11-17;16;1357
26;2025-11-17;17;1588
26;2025-11-17;18;1824
26;2025-11-17;19;1177
26;2025-11-17;20;740
26;2025-11-17;21;400
26;2025-11-17;22;201
26;2025-11-17;23;88
26;2025-11-18;0;28
26;2025-11-18;1;1
26;2025-11-18;2;0
26;2025-11-18;3;0
26;2025-11-18;4;1
26;2025-11-18;5;73
26;2025-11-18;6;507
26;2025-11-18;7;1086
26;2025-11-18;8;2133
26;2025-11-18;9;1428
26;2025-11-18;10;1098
26;2025-11-18;11;1046
26;2025-11-18;12;1091
26;2025-11-18;13;1075
26;2025-11-18;14;1134
26;2025-11-18;15;1241
26;2025-11-18;16;1458
26;2025-11-18;17;1718
26;2025-11-18;18;1875
26;2025-11-18;19;1244
26;2025-11-18;20;781
26;2025-11-18;21;444
26;2025-11-18;22;221
26;2025-11-18;23;118
26;2025-11-19;0;31
26;2025-11-19;1;3
26;2025-11-19;2;0
26;2025-11-19;3;0
26;2025-11-19;4;4
26;2025-11-19;5;86
26;2025-11-19;6;500
26;2025-11-19;7;1070
26;2025-11-19;8;2078
26;2025-11-19;9;1442
26;2025-11-19;10;1175
26;2025-11-19;11;1057
26;2025-11-19;12;1083
26;2025-11-19;13;1179
26;2025-11-19;14;1239
26;2025-11-19;15;1292
26;2025-11-19;16;1444
26;2025-11-19;17;1630
26;2025-11-19;18;1795
26;2025-11-19;19;1215
26;2025-11-19;20;771
26;2025-11-19;21;463
26;2025-11-19;22;231
26;2025-11-19;23;111
26;2025-11-20;0;34
26;2025-11-20;1;1
26;2025-11-20;2;0
26;2025-11-20;3;0
26;2025-11-20;4;2
26;2025-11-20;5;83
26;2025-11-20;6;514
26;2025-11-20;7;1087
26;2025-11-20;8;2116
26;2025-11-20;9;1489
26;2025-11-20;10;1228
26;2025-11-20;11;1148
26;2025-11-20;12;1148
26;2025-11-20;13;1222
26;2025-11-20;14;1237
26;2025-11-20;15;1317
26;2025-11-20;16;1479
26;2025-11-20;17;1692
26;2025-11-20;18;1877
26;2025-11-20;19;1216
26;2025-11-20;20;764
26;2025-11-20;21;464
26;2025-11-20;22;245
26;2025-11-20;23;129
26;2025-11-21;0;34
26;2025-11-21;1;3
26;2025-11-21;2;0
26;2025-11-21;3;0
26;2025-11-21;4;3
26;2025-11-21;5;74
26;2025-11-21;6;491
26;2025-11-21;7;1062
26;2025-11-21;8;1905
26;2025-11-21;9;1394
26;2025-11-21;10;1188
26;2025-11-21;11;1067
26;2025-11-21;12;1111
26;2025-11-21;13;1183
26;2025-11-21;14;1204
26;2025-11-21;15;1297
26;2025-11-21;16;1600
26;2025-11-21;17;1723
26;2025-11-21;18;1410
26;2025-11-21;19;1050
26;2025-11-21;20;703
26;2025-11-21;21;421
26;2025-11-21;22;232
26;2025-11-21;23;139
26;2025-11-22;0;41
26;2025-11-22;1;5
26;2025-11-22;2;0
26;2025-11-22;3;0
26;2025-11-22;4;10
26;2025-11-22;5;45
26;2025-11-22;6;249
26;2025-11-22;7;323
26;2025-11-22;8;520
26;2025-11-22;9;653
26;2025-11-22;10;751
26;2025-11-22;11;958
26;2025-11-22;12;980
26;2025-11-22;13;1027
26;2025-11-22;14;1026
26;2025-11-22;15;952
26;2025-11-22;16;967
26;2025-11-22;17;912
26;2025-11-22;18;827
26;2025-11-22;19;792
26;2025-11-22;20;535
26;2025-11-22;21;369
26;2025-11-22;22;204
26;2025-11-22;23;133
26;2025-11-23;0;44
26;2025-11-23;1;7
26;2025-11-23;2;0
26;2025-11-23;3;0
26;2025-11-23;4;2
26;2025-11-23;5;31
26;2025-11-23;6;155
26;2025-11-23;7;263
26;2025-11-23;8;376
26;2025-11-23;9;480
26;2025-11-23;10;574
26;2025-11-23;11;788
26;2025-11-23;12;858
26;2025-11-23;13;912
26;2025-11-23;14;877
26;2025-11-23;15;837
26;2025-11-23;16;820
26;2025-11-23;17;791
26;2025-11-23;18;696
26;2025-11-23;19;535
26;2025-11-23;20;392
26;2025-11-23;21;261
26;2025-11-23;22;179
26;2025-11-23;23;96
26;2025-11-24;0;25
26;2025-11-24;1;5
26;2025-11-24;2;0
26;2025-11-24;3;0
26;2025-11-24;4;0
26;2025-11-24;5;68
26;2025-11-24;6;488
26;2025-11-24;7;1045
26;2025-11-24;8;2058
26;2025-11-24;9;1391
26;2025-11-24;10;1095
26;2025-11-24;11;988
26;2025-11-24;12;1008
26;2025-11-24;13;1100
26;2025-11-24;14;1113
26;2025-11-24;15;1187
26;2025-11-24;16;1408
26;2025-11-24;17;1607
26;2025-11-24;18;1819
26;2025-11-24;19;1202
26;2025-11-24;20;766
26;2025-11-24;21;432
26;2025-11-24;22;218
26;2025-11-24;23;99
26;2025-11-25;0;30
26;2025-11-25;1;2
26;2025-11-25;2;0
26;2025-11-25;3;0
26;2025-11-25;4;3
26;2025-11-25;5;74
26;2025-11-25;6;525
26;2025-11-25;7;1082
26;2025-11-25;8;2146
26;2025-11-25;9;1451
26;2025-11-25;10;1156
26;2025-11-25;11;1080
26;2025-11-25;12;1122
26;2025-11-25;13;1123
26;2025-11-25;14;1170
26;2025-11-25;15;1266
26;2025-11-25;16;1462
26;2025-11-25;17;1704
26;2025-11-25;18;1872
26;2025-11-25;19;1246
26;2025-11-25;20;769
26;2025-11-25;21;420
26;2025-11-25;22;206
26;2025-11-25;23;98
26;2025-11-26;0;31
26;2025-11-26;1;2
26;2025-11-26;2;0
26;2025-11-26;3;0
26;2025-11-26;4;6
26;2025-11-26;5;78
26;2025-11-26;6;491
26;2025-11-26;7;1033
26;2025-11-26;8;2057
26;2025-11-26;9;1406
26;2025-11-26;10;1123
26;2025-11-26;11;1019
26;2025-11-26;12;1044
26;2025-11-26;13;1123
26;2025-11-26;14;1182
26;2025-11-26;15;1223
26;2025-11-26;16;1362
26;2025-11-26;17;1559
26;2025-11-26;18;1721
26;2025-11-26;19;1147
26;2025-11-26;20;751
26;2025-11-26;21;449
26;2025-11-26;22;214
26;2025-11-26;23;105
26;2025-11-27;0;33
26;2025-11-27;1;1
26;2025-11-27;2;0
26;2025-11-27;3;0
26;2025-11-27;4;2
26;2025-11-27;5;84
26;2025-11-27;6;513
26;2025-11-27;7;1054
26;2025-11-27;8;2058
26;2025-11-27;9;1397
26;2025-11-27;10;1131
26;2025-11-27;11;1049
26;2025-11-27;12;1063
26;2025-11-27;13;1137
26;2025-11-27;14;1147
26;2025-11-27;15;1254
26;2025-11-27;16;1403
26;2025-11-27;17;1602
26;2025-11-27;18;1771
26;2025-11-27;19;1148
26;2025-11-27;20;768
26;2025-11-27;21;463
26;2025-11-27;22;230
26;2025-11-27;23;126
26;2025-11-28;0;33
26;2025-11-28;1;2
26;2025-11-28;2;0
26;2025-11-28;3;0
26;2025-11-28;4;4
26;2025-11-28;5;83
26;2025-11-28;6;508
26;2025-11-28;7;1051
26;2025-11-28;8;1863
26;2025-11-28;9;1371
26;2025-11-28;10;1184
26;2025-11-28;11;1068
26;2025-11-28;12;1106
26;2025-11-28;13;1167
26;2025-11-28;14;1198
26;2025-11-28;15;1275
26;2025-11-28;16;1565
26;2025-11-28;17;1688
26;2025-11-28;18;1389
26;2025-11-28;19;1031
26;2025-11-28;20;722
26;2025-11-28;21;440
26;2025-11-28;22;241
26;2025-11-28;23;154
26;2025-11-29;0;42
26;2025-11-29;1;3
26;2025-11-29;2;0
26;2025-11-29;3;0
26;2025-11-29;4;2
26;2025-11-29;5;43
26;2025-11-29;6;270
26;2025-11-29;7;346
26;2025-11-29;8;556
26;2025-11-29;9;666
26;2025-11-29;10;759
26;2025-11-29;11;955
26;2025-11-29;12;962
26;2025-11-29;13;980
26;2025-11-29;14;992
26;2025-11-29;15;925
26;2025-11-29;16;950
26;2025-11-29;17;906
26;2025-11-29;18;814
26;2025-11-29;19;778
26;2025-11-29;20;542
26;2025-11-29;21;366
26;2025-11-29;22;217
26;2025-11-29;23;153
26;2025-11-30;0;59
26;2025-11-30;1;20
26;2025-11-30;2;0
26;2025-11-30;3;0
26;2025-11-30;4;14
26;2025-11-30;5;45
26;2025-11-30;6;169
26;2025-11-30;7;279
26;2025-11-30;8;392
26;2025-11-30;9;520
26;2025-11-30;10;576
26;2025-11-30;11;753
26;2025-11-30;12;797
26;2025-11-30;13;819
26;2025-11-30;14;806
26;2025-11-30;15;757
26;2025-11-30;16;765
26;2025-11-30;17;765
26;2025-11-30;18;686
26;2025-11-30;19;549
26;2025-11-30;20;437
26;2025-11-30;21;304
26;2025-11-30;22;204
26;2025-11-30;23;131
26;2025-12-01;0;43
26;2025-12-01;1;15
26;2025-12-01;2;0
26;2025-12-01;3;0
26;2025-12-01;4;15
26;2025-12-01;5;98
26;2025-12-01;6;533
26;2025-12-01;7;1044
26;2025-12-01;8;2051
26;2025-12-01;9;1398
26;2025-12-01;10;1133
26;2025-12-01;11;1018
26;2025-12-01;12;1029
26;2025-12-01;13;1098
26;2025-12-01;14;1121
26;2025-12-01;15;1188
26;2025-12-01;16;1378
26;2025-12-01;17;1595
26;2025-12-01;18;1808
26;2025-12-01;19;1186
26;2025-12-01;20;788
26;2025-12-01;21;444
26;2025-12-01;22;228
26;2025-12-01;23;120
26;2025-12-02;0;41
26;2025-12-02;1;14
26;2025-12-02;2;0
26;2025-12-02;3;0
26;2025-12-02;4;16
26;2025-12-02;5;98
26;2025-12-02;6;547
26;2025-12-02;7;1078
26;2025-12-02;8;2137
26;2025-12-02;9;1441
26;2025-12-02;10;1151
26;2025-12-02;11;1067
26;2025-12-02;12;1112
26;2025-12-02;13;1110
26;2025-12-02;14;1163
26;2025-12-02;15;1239
26;2025-12-02;16;1431
26;2025-12-02;17;1687
26;2025-12-02;18;1850
26;2025-12-02;19;1224
26;2025-12-02;20;788
26;2025-12-02;21;462
26;2025-12-02;22;227
26;2025-12-02;23;130
26;2025-12-03;0;31
26;2025-12-03;1;2
26;2025-12-03;2;0
26;2025-12-03;3;0
26;2025-12-03;4;4
26;2025-12-03;5;90
26;2025-12-03;6;512
26;2025-12-03;7;1054
26;2025-12-03;8;2080
26;2025-12-03;9;1438
26;2025-12-03;10;1175
26;2025-12-03;11;1061
26;2025-12-03;12;1095
26;2025-12-03;13;1164
26;2025-12-03;14;1221
26;2025-12-03;15;1263
26;2025-12-03;16;1410
26;2025-12-03;17;1612
26;2025-12-03;18;1763
26;2025-12-03;19;1178
26;2025-12-03;20;789
26;2025-12-03;21;489
26;2025-12-03;22;238
26;2025-12-03;23;133
26;2025-12-04;0;35
26;2025-12-04;1;2
26;2025-12-04;2;0
26;2025-12-04;3;0
26;2025-12-04;4;2
26;2025-12-04;5;87
26;2025-12-04;6;516
26;2025-12-04;7;1060
26;2025-12-04;8;2092
26;2025-12-04;9;1439
26;2025-12-04;10;1178
26;2025-12-04;11;1097
26;2025-12-04;12;1094
26;2025-12-04;13;1166
26;2025-12-04;14;1193
26;2025-12-04;15;1272
26;2025-12-04;16;1427
26;2025-12-04;17;1657
26;2025-12-04;18;1827
26;2025-12-04;19;1187
26;2025-12-04;20;795
26;2025-12-04;21;480
26;2025-12-04;22;245
26;2025-12-04;23;135
26;2025-12-05;0;34
26;2025-12-05;1;2
26;2025-12-05;2;0
26;2025-12-05;3;0
26;2025-12-05;4;2
26;2025-12-05;5;87
26;2025-12-05;6;507
26;2025-12-05;7;1070
26;2025-12-05;8;1937
26;2025-12-05;9;1404
26;2025-12-05;10;1197
26;2025-12-05;11;1067
26;2025-12-05;12;1121
26;2025-12-05;13;1188
26;2025-12-05;14;1219
26;2025-12-05;15;1302
26;2025-12-05;16;1626
26;2025-12-05;17;1748
26;2025-12-05;18;1423
26;2025-12-05;19;1078
26;2025-12-05;20;748
26;2025-12-05;21;451
26;2025-12-05;22;239
26;2025-12-05;23;154
26;2025-12-06;0;43
26;2025-12-06;1;3
26;2025-12-06;2;0
26;2025-12-06;3;0
26;2025-12-06;4;3
26;2025-12-06;5;47
26;2025-12-06;6;276
26;2025-12-06;7;352
26;2025-12-06;8;573
26;2025-12-06;9;677
26;2025-12-06;10;779
26;2025-12-06;11;978
26;2025-12-06;12;1001
26;2025-12-06;13;1030
26;2025-12-06;14;1035
26;2025-12-06;15;968
26;2025-12-06;16;984
26;2025-12-06;17;934
26;2025-12-06;18;829
26;2025-12-06;19;787
26;2025-12-06;20;544
26;2025-12-06;21;375
26;2025-12-06;22;223
26;2025-12-06;23;156
26;2025-12-07;0;49
26;2025-12-07;1;6
26;2025-12-07;2;0
26;2025-12-07;3;0
26;2025-12-07;4;2
26;2025-12-07;5;34
26;2025-12-07;6;156
26;2025-12-07;7;269
26;2025-12-07;8;386
26;2025-12-07;9;522
26;2025-12-07;10;580
26;2025-12-07;11;764
26;2025-12-07;12;810
26;2025-12-07;13;848
26;2025-12-07;14;826
26;2025-12-07;15;768
26;2025-12-07;16;769
26;2025-12-07;17;766
26;2025-12-07;18;695
26;2025-12-07;19;538
26;2025-12-07;20;433
26;2025-12-07;21;293
26;2025-12-07;22;198
26;2025-12-07;23;120
26;2025-12-08;0;33
26;2025-12-08;1;4
26;2025-12-08;2;0
26;2025-12-08;3;0
26;2025-12-08;4;3
26;2025-12-08;5;89
26;2025-12-08;6;524
26;2025-12-08;7;1084
26;2025-12-08;8;2112
26;2025-12-08;9;1471
26;2025-12-08;10;1202
26;2025-12-08;11;1091
26;2025-12-08;12;1092
26;2025-12-08;13;1147
26;2025-12-08;14;1181
26;2025-12-08;15;1240
26;2025-12-08;16;1455
26;2025-12-08;17;1676
26;2025-12-08;18;1877
26;2025-12-08;19;1229
26;2025-12-08;20;788
26;2025-12-08;21;436
26;2025-12-08;22;221
26;2025-12-08;23;112
26;2025-12-09;0;30
26;2025-12-09;1;2
26;2025-12-09;2;0
26;2025-12-09;3;0
26;2025-12-09;4;4
26;2025-12-09;5;88
26;2025-12-09;6;550
26;2025-12-09;7;1137
26;2025-12-09;8;2176
26;2025-12-09;9;1515
26;2025-12-09;10;1211
26;2025-12-09;11;1128
26;2025-12-09;12;1175
26;2025-12-09;13;1161
26;2025-12-09;14;1221
26;2025-12-09;15;1314
26;2025-12-09;16;1519
26;2025-12-09;17;1751
26;2025-12-09;18;1897
26;2025-12-09;19;1275
26;2025-12-09;20;794
26;2025-12-09;21;455
26;2025-12-09;22;222
26;2025-12-09;23;112
26;2025-12-10;0;34
26;2025-12-10;1;3
26;2025-12-10;2;0
26;2025-12-10;3;0
26;2025-12-10;4;5
26;2025-12-10;5;88
26;2025-12-10;6;515
26;2025-12-10;7;1092
26;2025-12-10;8;2099
26;2025-12-10;9;1505
26;2025-12-10;10;1212
26;2025-12-10;11;1093
26;2025-12-10;12;1127
26;2025-12-10;13;1185
26;2025-12-10;14;1253
26;2025-12-10;15;1298
26;2025-12-10;16;1461
26;2025-12-10;17;1642
26;2025-12-10;18;1791
26;2025-12-10;19;1198
26;2025-12-10;20;778
26;2025-12-10;21;472
26;2025-12-10;22;230
26;2025-12-10;23;117
26;2025-12-11;0;34
26;2025-12-11;1;2
26;2025-12-11;2;0
26;2025-12-11;3;0
26;2025-12-11;4;2
26;2025-12-11;5;84
26;2025-12-11;6;504
26;2025-12-11;7;1080
26;2025-12-11;8;2065
26;2025-12-11;9;1452
26;2025-12-11;10;1168
26;2025-12-11;11;1110
26;2025-12-11;12;1112
26;2025-12-11;13;1177
26;2025-12-11;14;1210
26;2025-12-11;15;1292
26;2025-12-11;16;1439
26;2025-12-11;17;1639
26;2025-12-11;18;1800
26;2025-12-11;19;1173
26;2025-12-11;20;769
26;2025-12-11;21;486
26;2025-12-11;22;238
26;2025-12-11;23;125
26;2025-12-12;0;33
26;2025-12-12;1;1
26;2025-12-12;2;0
26;2025-12-12;3;0
26;2025-12-12;4;2
26;2025-12-12;5;85
26;2025-12-12;6;496
26;2025-12-12;7;1067
26;2025-12-12;8;1903
26;2025-12-12;9;1396
26;2025-12-12;10;1187
26;2025-12-12;11;1067
26;2025-12-12;12;1104
26;2025-12-12;13;1165
26;2025-12-12;14;1199
26;2025-12-12;15;1277
26;2025-12-12;16;1598
26;2025-12-12;17;1723
26;2025-12-12;18;1443
26;2025-12-12;19;1088
26;2025-12-12;20;731
26;2025-12-12;21;433
26;2025-12-12;22;239
26;2025-12-12;23;146
26;2025-12-13;0;39
26;2025-12-13;1;1
26;2025-12-13;2;0
26;2025-12-13;3;0
26;2025-12-13;4;0
26;2025-12-13;5;34
26;2025-12-13;6;259
26;2025-12-13;7;363
26;2025-12-13;8;552
26;2025-12-13;9;690
26;2025-12-13;10;774
26;2025-12-13;11;987
26;2025-12-13;12;1009
26;2025-12-13;13;1022
26;2025-12-13;14;998
26;2025-12-13;15;944
26;2025-12-13;16;965
26;2025-12-13;17;911
26;2025-12-13;18;842
26;2025-12-13;19;819
26;2025-12-13;20;550
26;2025-12-13;21;359
26;2025-12-13;22;210
26;2025-12-13;23;138
26;2025-12-14;0;40
26;2025-12-14;1;4
26;2025-12-14;2;0
26;2025-12-14;3;0
26;2025-12-14;4;0
26;2025-12-14;5;27
26;2025-12-14;6;142
26;2025-12-14;7;252
26;2025-12-14;8;380
26;2025-12-14;9;503
26;2025-12-14;10;559
26;2025-12-14;11;744
26;2025-12-14;12;801
26;2025-12-14;13;836
26;2025-12-14;14;809
26;2025-12-14;15;755
26;2025-12-14;16;765
26;2025-12-14;17;766
26;2025-12-14;18;689
26;2025-12-14;19;534
26;2025-12-14;20;399
26;2025-12-14;21;267
26;2025-12-14;22;187
26;2025-12-14;23;100
26;2025-12-15;0;27
26;2025-12-15;1;3
26;2025-12-15;2;0
26;2025-12-15;3;0
26;2025-12-15;4;2
26;2025-12-15;5;82
26;2025-12-15;6;508
26;2025-12-15;7;1060
26;2025-12-15;8;2092
26;2025-12-15;9;1445
26;2025-12-15;10;1178
26;2025-12-15;11;1053
26;2025-12-15;12;1064
26;2025-12-15;13;1126
26;2025-12-15;14;1135
26;2025-12-15;15;1225
26;2025-12-15;16;1435
26;2025-12-15;17;1658
26;2025-12-15;18;1880
26;2025-12-15;19;1216
26;2025-12-15;20;759
26;2025-12-15;21;425
26;2025-12-15;22;210
26;2025-12-15;23;96
26;2025-12-16;0;30
26;2025-12-16;1;2
26;2025-12-16;2;0
26;2025-12-16;3;0
26;2025-12-16;4;2
26;2025-12-16;5;82
26;2025-12-16;6;522
26;2025-12-16;7;1097
26;2025-12-16;8;2163
26;2025-12-16;9;1477
26;2025-12-16;10;1195
26;2025-12-16;11;1114
26;2025-12-16;12;1133
26;2025-12-16;13;1130
26;2025-12-16;14;1203
26;2025-12-16;15;1295
26;2025-12-16;16;1504
26;2025-12-16;17;1742
26;2025-12-16;18;1880
26;2025-12-16;19;1263
26;2025-12-16;20;782
26;2025-12-16;21;443
26;2025-12-16;22;214
26;2025-12-16;23;112
26;2025-12-17;0;32
26;2025-12-17;1;1
26;2025-12-17;2;0
26;2025-12-17;3;0
26;2025-12-17;4;5
26;2025-12-17;5;85
26;2025-12-17;6;500
26;2025-12-17;7;1080
26;2025-12-17;8;2072
26;2025-12-17;9;1465
26;2025-12-17;10;1185
26;2025-12-17;11;1078
26;2025-12-17;12;1113
26;2025-12-17;13;1181
26;2025-12-17;14;1241
26;2025-12-17;15;1294
26;2025-12-17;16;1451
26;2025-12-17;17;1632
26;2025-12-17;18;1777
26;2025-12-17;19;1190
26;2025-12-17;20;772
26;2025-12-17;21;474
26;2025-12-17;22;227
26;2025-12-17;23;116
26;2025-12-18;0;33
26;2025-12-18;1;1
26;2025-12-18;2;0
26;2025-12-18;3;0
26;2025-12-18;4;2
26;2025-12-18;5;83
26;2025-12-18;6;505
26;2025-12-18;7;1079
26;2025-12-18;8;2094
26;2025-12-18;9;1471
26;2025-12-18;10;1195
26;2025-12-18;11;1124
26;2025-12-18;12;1134
26;2025-12-18;13;1192
26;2025-12-18;14;1216
26;2025-12-18;15;1307
26;2025-12-18;16;1463
26;2025-12-18;17;1684
26;2025-12-18;18;1853
26;2025-12-18;19;1205
26;2025-12-18;20;774
26;2025-12-18;21;467
26;2025-12-18;22;234
26;2025-12-18;23;120
26;2025-12-19;0;32
26;2025-12-19;1;2
26;2025-12-19;2;0
26;2025-12-19;3;0
26;2025-12-19;4;2
26;2025-12-19;5;84
26;2025-12-19;6;499
26;2025-12-19;7;1066
26;2025-12-19;8;1921
26;2025-12-19;9;1405
26;2025-12-19;10;1199
26;2025-12-19;11;1077
26;2025-12-19;12;1134
26;2025-12-19;13;1186
26;2025-12-19;14;1213
26;2025-12-19;15;1298
26;2025-12-19;16;1619
26;2025-12-19;17;1715
26;2025-12-19;18;1406
26;2025-12-19;19;1058
26;2025-12-19;20;715
26;2025-12-19;21;427
26;2025-12-19;22;230
26;2025-12-19;23;139
26;2025-12-20;0;41
26;2025-12-20;1;3
26;2025-12-20;2;0
26;2025-12-20;3;0
26;2025-12-20;4;2
26;2025-12-20;5;45
26;2025-12-20;6;276
26;2025-12-20;7;354
26;2025-12-20;8;569
26;2025-12-20;9;672
26;2025-12-20;10;763
26;2025-12-20;11;970
26;2025-12-20;12;1000
26;2025-12-20;13;1025
26;2025-12-20;14;1029
26;2025-12-20;15;965
26;2025-12-20;16;966
26;2025-12-20;17;908
26;2025-12-20;18;804
26;2025-12-20;19;774
26;2025-12-20;20;529
26;2025-12-20;21;366
26;2025-12-20;22;214
26;2025-12-20;23;144
26;2025-12-21;0;46
26;2025-12-21;1;6
26;2025-12-21;2;0
26;2025-12-21;3;0
26;2025-12-21;4;2
26;2025-12-21;5;33
26;2025-12-21;6;152
26;2025-12-21;7;273
26;2025-12-21;8;390
26;2025-12-21;9;496
26;2025-12-21;10;550
26;2025-12-21;11;732
26;2025-12-21;12;777
26;2025-12-21;13;826
26;2025-12-21;14;794
26;2025-12-21;15;764
26;2025-12-21;16;754
26;2025-12-21;17;747
26;2025-12-21;18;672
26;2025-12-21;19;531
26;2025-12-21;20;415
26;2025-12-21;21;277
26;2025-12-21;22;181
26;2025-12-21;23;103
26;2025-12-22;0;29
26;2025-12-22;1;5
26;2025-12-22;2;0
26;2025-12-22;3;0
26;2025-12-22;4;4
26;2025-12-22;5;87
26;2025-12-22;6;517
26;2025-12-22;7;1075
26;2025-12-22;8;2094
26;2025-12-22;9;1440
26;2025-12-22;10;1167
26;2025-12-22;11;1049
26;2025-12-22;12;1060
26;2025-12-22;13;1133
26;2025-12-22;14;1164
26;2025-12-22;15;1231
26;2025-12-22;16;1435
26;2025-12-22;17;1645
26;2025-12-22;18;1852
26;2025-12-22;19;1234
26;2025-12-22;20;776
26;2025-12-22;21;433
26;2025-12-22;22;209
26;2025-12-22;23;93
26;2025-12-23;0;26
26;2025-12-23;1;1
26;2025-12-23;2;0
26;2025-12-23;3;0
26;2025-12-23;4;0
26;2025-12-23;5;82
26;2025-12-23;6;532
26;2025-12-23;7;1113
26;2025-12-23;8;2142
26;2025-12-23;9;1485
26;2025-12-23;10;1202
26;2025-12-23;11;1110
26;2025-12-23;12;1146
26;2025-12-23;13;1133
26;2025-12-23;14;1192
26;2025-12-23;15;1275
26;2025-12-23;16;1476
26;2025-12-23;17;1715
26;2025-12-23;18;1891
26;2025-12-23;19;1283
26;2025-12-23;20;799
26;2025-12-23;21;432
26;2025-12-23;22;216
26;2025-12-23;23;107
26;2025-12-24;0;28
26;2025-12-24;1;2
26;2025-12-24;2;0
26;2025-12-24;3;0
26;2025-12-24;4;4
26;2025-12-24;5;86
26;2025-12-24;6;501
26;2025-12-24;7;1078
26;2025-12-24;8;2063
26;2025-12-24;9;1473
26;2025-12-24;10;1183
26;2025-12-24;11;1076
26;2025-12-24;12;1119
26;2025-12-24;13;1174
26;2025-12-24;14;1224
26;2025-12-24;15;1278
26;2025-12-24;16;1427
26;2025-12-24;17;1604
26;2025-12-24;18;1761
26;2025-12-24;19;1189
26;2025-12-24;20;772
26;2025-12-24;21;467
26;2025-12-24;22;228
26;2025-12-24;23;119
26;2025-12-25;0;32
26;2025-12-25;1;1
26;2025-12-25;2;0
26;2025-12-25;3;0
26;2025-12-25;4;1
26;2025-12-25;5;81
26;2025-12-25;6;498
26;2025-12-25;7;1067
26;2025-12-25;8;2088
26;2025-12-25;9;1475
26;2025-12-25;10;1202
26;2025-12-25;11;1125
26;2025-12-25;12;1126
26;2025-12-25;13;1181
26;2025-12-25;14;1202
26;2025-12-25;15;1299
26;2025-12-25;16;1456
26;2025-12-25;17;1658
26;2025-12-25;18;1828
26;2025-12-25;19;1194
26;2025-12-25;20;773
26;2025-12-25;21;465
26;2025-12-25;22;240
26;2025-12-25;23;131
26;2025-12-26;0;37
26;2025-12-26;1;13
26;2025-12-26;2;0
26;2025-12-26;3;0
26;2025-12-26;4;3
26;2025-12-26;5;90
26;2025-12-26;6;521
26;2025-12-26;7;1080
26;2025-12-26;8;1925
26;2025-12-26;9;1441
26;2025-12-26;10;1239
26;2025-12-26;11;1107
26;2025-12-26;12;1163
26;2025-12-26;13;1215
26;2025-12-26;14;1242
26;2025-12-26;15;1332
26;2025-12-26;16;1636
26;2025-12-26;17;1743
26;2025-12-26;18;1426
26;2025-12-26;19;1078
26;2025-12-26;20;760
26;2025-12-26;21;453
26;2025-12-26;22;256
26;2025-12-26;23;158
26;2025-12-27;0;46
26;2025-12-27;1;5
26;2025-12-27;2;0
26;2025-12-27;3;0
26;2025-12-27;4;0
26;2025-12-27;5;50
26;2025-12-27;6;286
26;2025-12-27;7;366
26;2025-12-27;8;599
26;2025-12-27;9;710
26;2025-12-27;10;804
26;2025-12-27;11;1015
26;2025-12-27;12;1034
26;2025-12-27;13;1052
26;2025-12-27;14;1043
26;2025-12-27;15;984
26;2025-12-27;16;990
26;2025-12-27;17;933
26;2025-12-27;18;837
26;2025-12-27;19;801
26;2025-12-27;20;546
26;2025-12-27;21;385
26;2025-12-27;22;231
26;2025-12-27;23;149
26;2025-12-28;0;40
26;2025-12-28;1;7
26;2025-12-28;2;0
26;2025-12-28;3;0
26;2025-12-28;4;1
26;2025-12-28;5;33
26;2025-12-28;6;156
26;2025-12-28;7;271
26;2025-12-28;8;396
26;2025-12-28;9;513
26;2025-12-28;10;576
26;2025-12-28;11;745
26;2025-12-28;12;803
26;2025-12-28;13;832
26;2025-12-28;14;799
26;2025-12-28;15;759
26;2025-12-28;16;755
26;2025-12-28;17;760
26;2025-12-28;18;670
26;2025-12-28;19;539
26;2025-12-28;20;431
26;2025-12-28;21;299
26;2025-12-28;22;201
26;2025-12-28;23;105
26;2025-12-29;0;29
26;2025-12-29;1;3
26;2025-12-29;2;0
26;2025-12-29;3;0
26;2025-12-29;4;3
26;2025-12-29;5;88
26;2025-12-29;6;511
26;2025-12-29;7;1051
26;2025-12-29;8;2084
26;2025-12-29;9;1443
26;2025-12-29;10;1178
26;2025-12-29;11;1062
26;2025-12-29;12;1062
26;2025-12-29;13;1127
26;2025-12-29;14;1153
26;2025-12-29;15;1242
26;2025-12-29;16;1419
26;2025-12-29;17;1634
26;2025-12-29;18;1842
26;2025-12-29;19;1224
26;2025-12-29;20;771
26;2025-12-29;21;448
26;2025-12-29;22;213
26;2025-12-29;23;108
26;2025-12-30;0;16
26;2025-12-30;1;0
26;2025-12-30;2;0
26;2025-12-30;3;0
26;2025-12-30;4;0
26;2025-12-30;5;86
26;2025-12-30;6;517
26;2025-12-30;7;1058
26;2025-12-30;8;2169
26;2025-12-30;9;1482
26;2025-12-30;10;1189
26;2025-12-30;11;1109
26;2025-12-30;12;1169
26;2025-12-30;13;1155
26;2025-12-30;14;1227
26;2025-12-30;15;1337
26;2025-12-30;16;1506
26;2025-12-30;17;1754
26;2025-12-30;18;1889
26;2025-12-30;19;1263
26;2025-12-30;20;768
26;2025-12-30;21;441
26;2025-12-30;22;229
26;2025-12-30;23;126
26;2025-12-31;0;0
26;2025-12-31;1;0
26;2025-12-31;2;0
26;2025-12-31;3;0
26;2025-12-31;4;0
26;2025-12-31;5;0
26;2025-12-31;6;243
26;2025-12-31;7;246
26;2025-12-31;8;269
26;2025-12-31;9;397
26;2025-12-31;10;462
26;2025-12-31;11;505
26;2025-12-31;12;586
26;2025-12-31;13;547
26;2025-12-31;14;554
26;2025-12-31;15;570
26;2025-12-31;16;607
26;2025-12-31;17;533
26;2025-12-31;18;424
26;2025-12-31;19;472
26;2025-12-31;20;309
26;2025-12-31;21;310
26;2025-12-31;22;179
26;2025-12-31;23;77
28;2025-11-01;0;0
28;2025-11-01;1;1
28;2025-11-01;2;0
28;2025-11-01;3;0
28;2025-11-01;4;2
28;2025-11-01;5;35
28;2025-11-01;6;109
28;2025-11-01;7;234
28;2025-11-01;8;380
28;2025-11-01;9;456
28;2025-11-01;10;475
28;2025-11-01;11;470
28;2025-11-01;12;556
28;2025-11-01;13;585
28;2025-11-01;14;606
28;2025-11-01;15;613
28;2025-11-01;16;574
28;2025-11-01;17;574
28;2025-11-01;18;478
28;2025-11-01;19;377
28;2025-11-01;20;263
28;2025-11-01;21;262
28;2025-11-01;22;125
28;2025-11-01;23;18
28;2025-11-02;0;4
28;2025-11-02;1;1
28;2025-11-02;2;0
28;2025-11-02;3;0
28;2025-11-02;4;0
28;2025-11-02;5;34
28;2025-11-02;6;78
28;2025-11-02;7;122
28;2025-11-02;8;216
28;2025-11-02;9;276
28;2025-11-02;10;312
28;2025-11-02;11;353
28;2025-11-02;12;431
28;2025-11-02;13;437
28;2025-11-02;14;444
28;2025-11-02;15;453
28;2025-11-02;16;424
28;2025-11-02;17;415
28;2025-11-02;18;354
28;2025-11-02;19;306
28;2025-11-02;20;255
28;2025-11-02;21;213
28;2025-11-02;22;99
28;2025-11-02;23;12
28;2025-11-03;0;0
28;2025-11-03;1;0
28;2025-11-03;2;0
28;2025-11-03;3;0
28;2025-11-03;4;1
28;2025-11-03;5;37
28;2025-11-03;6;168
28;2025-11-03;7;383
28;2025-11-03;8;510
28;2025-11-03;9;386
28;2025-11-03;10;408
28;2025-11-03;11;352
28;2025-11-03;12;390
28;2025-11-03;13;431
28;2025-11-03;14;410
28;2025-11-03;15;422
28;2025-11-03;16;450
28;2025-11-03;17;460
28;2025-11-03;18;441
28;2025-11-03;19;417
28;2025-11-03;20;370
28;2025-11-03;21;244
28;2025-11-03;22;96
28;2025-11-03;23;14
28;2025-11-04;0;0
28;2025-11-04;1;0
28;2025-11-04;2;0
28;2025-11-04;3;0
28;2025-11-04;4;2
28;2025-11-04;5;33
28;2025-11-04;6;152
28;2025-11-04;7;324
28;2025-11-04;8;404
28;2025-11-04;9;344
28;2025-11-04;10;352
28;2025-11-04;11;362
28;2025-11-04;12;369
28;2025-11-04;13;405
28;2025-11-04;14;450
28;2025-11-04;15;454
28;2025-11-04;16;443
28;2025-11-04;17;448
28;2025-11-04;18;407
28;2025-11-04;19;407
28;2025-11-04;20;376
28;2025-11-04;21;235
28;2025-11-04;22;118
28;2025-11-04;23;19
28;2025-11-05;0;0
28;2025-11-05;1;0
28;2025-11-05;2;0
28;2025-11-05;3;0
28;2025-11-05;4;2
28;2025-11-05;5;87
28;2025-11-05;6;255
28;2025-11-05;7;608
28;2025-11-05;8;1054
28;2025-11-05;9;664
28;2025-11-05;10;495
28;2025-11-05;11;503
28;2025-11-05;12;517
28;2025-11-05;13;588
28;2025-11-05;14;519
28;2025-11-05;15;593
28;2025-11-05;16;769
28;2025-11-05;17;885
28;2025-11-05;18;869
28;2025-11-05;19;605
28;2025-11-05;20;436
28;2025-11-05;21;274
28;2025-11-05;22;136
28;2025-11-05;23;13
28;2025-11-06;0;0
28;2025-11-06;1;0
28;2025-11-06;2;0
28;2025-11-06;3;0
28;2025-11-06;4;2
28;2025-11-06;5;71
28;2025-11-06;6;234
28;2025-11-06;7;671
28;2025-11-06;8;1033
28;2025-11-06;9;720
28;2025-11-06;10;543
28;2025-11-06;11;463
28;2025-11-06;12;617
28;2025-11-06;13;648
28;2025-11-06;14;603
28;2025-11-06;15;598
28;2025-11-06;16;721
28;2025-11-06;17;873
28;2025-11-06;18;854
28;2025-11-06;19;669
28;2025-11-06;20;451
28;2025-11-06;21;299
28;2025-11-06;22;132
28;2025-11-06;23;17
28;2025-11-07;0;0
28;2025-11-07;1;0
28;2025-11-07;2;0
28;2025-11-07;3;0
28;2025-11-07;4;1
28;2025-11-07;5;62
28;2025-11-07;6;210
28;2025-11-07;7;675
28;2025-11-07;8;1011
28;2025-11-07;9;688
28;2025-11-07;10;491
28;2025-11-07;11;482
28;2025-11-07;12;596
28;2025-11-07;13;657
28;2025-11-07;14;628
28;2025-11-07;15;659
28;2025-11-07;16;819
28;2025-11-07;17;810
28;2025-11-07;18;695
28;2025-11-07;19;598
28;2025-11-07;20;417
28;2025-11-07;21;267
28;2025-11-07;22;142
28;2025-11-07;23;20
28;2025-11-08;0;0
28;2025-11-08;1;0
28;2025-11-08;2;0
28;2025-11-08;3;0
28;2025-11-08;4;2
28;2025-11-08;5;35
28;2025-11-08;6;105
28;2025-11-08;7;212
28;2025-11-08;8;333
28;2025-11-08;9;421
28;2025-11-08;10;435
28;2025-11-08;11;439
28;2025-11-08;12;534
28;2025-11-08;13;565
28;2025-11-08;14;569
28;2025-11-08;15;576
28;2025-11-08;16;540
28;2025-11-08;17;542
28;2025-11-08;18;464
28;2025-11-08;19;395
28;2025-11-08;20;288
28;2025-11-08;21;271
28;2025-11-08;22;142
28;2025-11-08;23;22
28;2025-11-09;0;2
28;2025-11-09;1;0
28;2025-11-09;2;0
28;2025-11-09;3;0
28;2025-11-09;4;0
28;2025-11-09;5;33
28;2025-11-09;6;85
28;2025-11-09;7;142
28;2025-11-09;8;233
28;2025-11-09;9;310
28;2025-11-09;10;340
28;2025-11-09;11;375
28;2025-11-09;12;437
28;2025-11-09;13;477
28;2025-11-09;14;469
28;2025-11-09;15;479
28;2025-11-09;16;453
28;2025-11-09;17;447
28;2025-11-09;18;388
28;2025-11-09;19;339
28;2025-11-09;20;275
28;2025-11-09;21;227
28;2025-11-09;22;109
28;2025-11-09;23;14
28;2025-11-10;0;0
28;2025-11-10;1;0
28;2025-11-10;2;0
28;2025-11-10;3;0
28;2025-11-10;4;3
28;2025-11-10;5;81
28;2025-11-10;6;266
28;2025-11-10;7;761
28;2025-11-10;8;1167
28;2025-11-10;9;853
28;2025-11-10;10;570
28;2025-11-10;11;503
28;2025-11-10;12;645
28;2025-11-10;13;673
28;2025-11-10;14;628
28;2025-11-10;15;654
28;2025-11-10;16;833
28;2025-11-10;17;936
28;2025-11-10;18;908
28;2025-11-10;19;732
28;2025-11-10;20;465
28;2025-11-10;21;292
28;2025-11-10;22;123
28;2025-11-10;23;14
28;2025-11-11;0;0
28;2025-11-11;1;0
28;2025-11-11;2;0
28;2025-11-11;3;0
28;2025-11-11;4;3
28;2025-11-11;5;81
28;2025-11-11;6;265
28;2025-11-11;7;775
28;2025-11-11;8;1183
28;2025-11-11;9;844
28;2025-11-11;10;642
28;2025-11-11;11;550
28;2025-11-11;12;649
28;2025-11-11;13;711
28;2025-11-11;14;649
28;2025-11-11;15;666
28;2025-11-11;16;797
28;2025-11-11;17;984
28;2025-11-11;18;908
28;2025-11-11;19;730
28;2025-11-11;20;493
28;2025-11-11;21;294
28;2025-11-11;22;139
28;2025-11-11;23;20
28;2025-11-12;0;0
28;2025-11-12;1;0
28;2025-11-12;2;0
28;2025-11-12;3;0
28;2025-11-12;4;2
28;2025-11-12;5;87
28;2025-11-12;6;267
28;2025-11-12;7;765
28;2025-11-12;8;1175
28;2025-11-12;9;794
28;2025-11-12;10;575
28;2025-11-12;11;537
28;2025-11-12;12;628
28;2025-11-12;13;692
28;2025-11-12;14;623
28;2025-11-12;15;687
28;2025-11-12;16;816
28;2025-11-12;17;962
28;2025-11-12;18;924
28;2025-11-12;19;710
28;2025-11-12;20;471
28;2025-11-12;21;299
28;2025-11-12;22;146
28;2025-11-12;23;16
28;2025-11-13;0;0
28;2025-11-13;1;0
28;2025-11-13;2;0
28;2025-11-13;3;0
28;2025-11-13;4;1
28;2025-11-13;5;82
28;2025-11-13;6;254
28;2025-11-13;7;773
28;2025-11-13;8;1181
28;2025-11-13;9;856
28;2025-11-13;10;612
28;2025-11-13;11;539
28;2025-11-13;12;668
28;2025-11-13;13;703
28;2025-11-13;14;650
28;2025-11-13;15;665
28;2025-11-13;16;841
28;2025-11-13;17;998
28;2025-11-13;18;952
28;2025-11-13;19;712
28;2025-11-13;20;491
28;2025-11-13;21;321
28;2025-11-13;22;143
28;2025-11-13;23;19
28;2025-11-14;0;1
28;2025-11-14;1;0
28;2025-11-14;2;0
28;2025-11-14;3;0
28;2025-11-14;4;4
28;2025-11-14;5;88
28;2025-11-14;6;252
28;2025-11-14;7;765
28;2025-11-14;8;1133
28;2025-11-14;9;816
28;2025-11-14;10;588
28;2025-11-14;11;556
28;2025-11-14;12;675
28;2025-11-14;13;719
28;2025-11-14;14;686
28;2025-11-14;15;728
28;2025-11-14;16;903
28;2025-11-14;17;904
28;2025-11-14;18;788
28;2025-11-14;19;653
28;2025-11-14;20;437
28;2025-11-14;21;280
28;2025-11-14;22;143
28;2025-11-14;23;24
28;2025-11-15;0;0
28;2025-11-15;1;0
28;2025-11-15;2;0
28;2025-11-15;3;0
28;2025-11-15;4;3
28;2025-11-15;5;37
28;2025-11-15;6;106
28;2025-11-15;7;194
28;2025-11-15;8;333
28;2025-11-15;9;414
28;2025-11-15;10;428
28;2025-11-15;11;428
28;2025-11-15;12;516
28;2025-11-15;13;562
28;2025-11-15;14;584
28;2025-11-15;15;577
28;2025-11-15;16;537
28;2025-11-15;17;534
28;2025-11-15;18;439
28;2025-11-15;19;377
28;2025-11-15;20;281
28;2025-11-15;21;260
28;2025-11-15;22;138
28;2025-11-15;23;21
28;2025-11-16;0;0
28;2025-11-16;1;0
28;2025-11-16;2;0
28;2025-11-16;3;0
28;2025-11-16;4;0
28;2025-11-16;5;23
28;2025-11-16;6;70
28;2025-11-16;7;124
28;2025-11-16;8;208
28;2025-11-16;9;305
28;2025-11-16;10;348
28;2025-11-16;11;379
28;2025-11-16;12;434
28;2025-11-16;13;491
28;2025-11-16;14;461
28;2025-11-16;15;467
28;2025-11-16;16;435
28;2025-11-16;17;415
28;2025-11-16;18;353
28;2025-11-16;19;307
28;2025-11-16;20;257
28;2025-11-16;21;213
28;2025-11-16;22;96
28;2025-11-16;23;10
28;2025-11-17;0;1
28;2025-11-17;1;0
28;2025-11-17;2;0
28;2025-11-17;3;0
28;2025-11-17;4;3
28;2025-11-17;5;68
28;2025-11-17;6;254
28;2025-11-17;7;747
28;2025-11-17;8;1124
28;2025-11-17;9;840
28;2025-11-17;10;548
28;2025-11-17;11;474
28;2025-11-17;12;615
28;2025-11-17;13;613
28;2025-11-17;14;594
28;2025-11-17;15;624
28;2025-11-17;16;800
28;2025-11-17;17;900
28;2025-11-17;18;881
28;2025-11-17;19;713
28;2025-11-17;20;441
28;2025-11-17;21;269
28;2025-11-17;22;108
28;2025-11-17;23;13
28;2025-11-18;0;0
28;2025-11-18;1;0
28;2025-11-18;2;0
28;2025-11-18;3;0
28;2025-11-18;4;0
28;2025-11-18;5;74
28;2025-11-18;6;252
28;2025-11-18;7;768
28;2025-11-18;8;1152
28;2025-11-18;9;834
28;2025-11-18;10;613
28;2025-11-18;11;531
28;2025-11-18;12;637
28;2025-11-18;13;698
28;2025-11-18;14;637
28;2025-11-18;15;650
28;2025-11-18;16;777
28;2025-11-18;17;960
28;2025-11-18;18;904
28;2025-11-18;19;728
28;2025-11-18;20;488
28;2025-11-18;21;292
28;2025-11-18;22;138
28;2025-11-18;23;20
28;2025-11-19;0;1
28;2025-11-19;1;0
28;2025-11-19;2;0
28;2025-11-19;3;0
28;2025-11-19;4;2
28;2025-11-19;5;86
28;2025-11-19;6;266
28;2025-11-19;7;765
28;2025-11-19;8;1169
28;2025-11-19;9;790
28;2025-11-19;10;583
28;2025-11-19;11;547
28;2025-11-19;12;625
28;2025-11-19;13;700
28;2025-11-19;14;620
28;2025-11-19;15;695
28;2025-11-19;16;832
28;2025-11-19;17;965
28;2025-11-19;18;937
28;2025-11-19;19;721
28;2025-11-19;20;463
28;2025-11-19;21;289
28;2025-11-19;22;141
28;2025-11-19;23;16
28;2025-11-20;0;1
28;2025-11-20;1;0
28;2025-11-20;2;0
28;2025-11-20;3;0
28;2025-11-20;4;2
28;2025-11-20;5;78
28;2025-11-20;6;269
28;2025-11-20;7;782
28;2025-11-20;8;1157
28;2025-11-20;9;864
28;2025-11-20;10;627
28;2025-11-20;11;550
28;2025-11-20;12;684
28;2025-11-20;13;714
28;2025-11-20;14;656
28;2025-11-20;15;660
28;2025-11-20;16;846
28;2025-11-20;17;995
28;2025-11-20;18;961
28;2025-11-20;19;717
28;2025-11-20;20;483
28;2025-11-20;21;312
28;2025-11-20;22;138
28;2025-11-20;23;17
28;2025-11-21;0;1
28;2025-11-21;1;0
28;2025-11-21;2;0
28;2025-11-21;3;0
28;2025-11-21;4;3
28;2025-11-21;5;73
28;2025-11-21;6;235
28;2025-11-21;7;753
28;2025-11-21;8;1113
28;2025-11-21;9;789
28;2025-11-21;10;558
28;2025-11-21;11;534
28;2025-11-21;12;649
28;2025-11-21;13;695
28;2025-11-21;14;660
28;2025-11-21;15;697
28;2025-11-21;16;893
28;2025-11-21;17;889
28;2025-11-21;18;779
28;2025-11-21;19;633
28;2025-11-21;20;427
28;2025-11-21;21;285
28;2025-11-21;22;148
28;2025-11-21;23;21
28;2025-11-22;0;0
28;2025-11-22;1;0
28;2025-11-22;2;0
28;2025-11-22;3;0
28;2025-11-22;4;7
28;2025-11-22;5;38
28;2025-11-22;6;97
28;2025-11-22;7;198
28;2025-11-22;8;324
28;2025-11-22;9;417
28;2025-11-22;10;438
28;2025-11-22;11;447
28;2025-11-22;12;531
28;2025-11-22;13;575
28;2025-11-22;14;576
28;2025-11-22;15;559
28;2025-11-22;16;539
28;2025-11-22;17;539
28;2025-11-22;18;455
28;2025-11-22;19;388
28;2025-11-22;20;285
28;2025-11-22;21;255
28;2025-11-22;22;130
28;2025-11-22;23;25
28;2025-11-23;0;1
28;2025-11-23;1;0
28;2025-11-23;2;0
28;2025-11-23;3;0
28;2025-11-23;4;0
28;2025-11-23;5;27
28;2025-11-23;6;82
28;2025-11-23;7;140
28;2025-11-23;8;229
28;2025-11-23;9;302
28;2025-11-23;10;340
28;2025-11-23;11;380
28;2025-11-23;12;435
28;2025-11-23;13;486
28;2025-11-23;14;473
28;2025-11-23;15;486
28;2025-11-23;16;444
28;2025-11-23;17;440
28;2025-11-23;18;377
28;2025-11-23;19;325
28;2025-11-23;20;267
28;2025-11-23;21;213
28;2025-11-23;22;99
28;2025-11-23;23;11
28;2025-11-24;0;1
28;2025-11-24;1;0
28;2025-11-24;2;0
28;2025-11-24;3;0
28;2025-11-24;4;3
28;2025-11-24;5;71
28;2025-11-24;6;252
28;2025-11-24;7;766
28;2025-11-24;8;1144
28;2025-11-24;9;857
28;2025-11-24;10;572
28;2025-11-24;11;491
28;2025-11-24;12;646
28;2025-11-24;13;672
28;2025-11-24;14;623
28;2025-11-24;15;652
28;2025-11-24;16;827
28;2025-11-24;17;925
28;2025-11-24;18;907
28;2025-11-24;19;738
28;2025-11-24;20;463
28;2025-11-24;21;288
28;2025-11-24;22;118
28;2025-11-24;23;13
28;2025-11-25;0;1
28;2025-11-25;1;0
28;2025-11-25;2;0
28;2025-11-25;3;0
28;2025-11-25;4;2
28;2025-11-25;5;77
28;2025-11-25;6;267
28;2025-11-25;7;782
28;2025-11-25;8;1164
28;2025-11-25;9;857
28;2025-11-25;10;656
28;2025-11-25;11;562
28;2025-11-25;12;660
28;2025-11-25;13;722
28;2025-11-25;14;654
28;2025-11-25;15;669
28;2025-11-25;16;807
28;2025-11-25;17;983
28;2025-11-25;18;923
28;2025-11-25;19;734
28;2025-11-25;20;498
28;2025-11-25;21;283
28;2025-11-25;22;133
28;2025-11-25;23;19
28;2025-11-26;0;1
28;2025-11-26;1;0
28;2025-11-26;2;0
28;2025-11-26;3;0
28;2025-11-26;4;3
28;2025-11-26;5;80
28;2025-11-26;6;264
28;2025-11-26;7;777
28;2025-11-26;8;1155
28;2025-11-26;9;812
28;2025-11-26;10;598
28;2025-11-26;11;557
28;2025-11-26;12;635
28;2025-11-26;13;711
28;2025-11-26;14;630
28;2025-11-26;15;702
28;2025-11-26;16;826
28;2025-11-26;17;973
28;2025-11-26;18;936
28;2025-11-26;19;726
28;2025-11-26;20;464
28;2025-11-26;21;285
28;2025-11-26;22;135
28;2025-11-26;23;18
28;2025-11-27;0;1
28;2025-11-27;1;0
28;2025-11-27;2;0
28;2025-11-27;3;0
28;2025-11-27;4;2
28;2025-11-27;5;84
28;2025-11-27;6;273
28;2025-11-27;7;785
28;2025-11-27;8;1145
28;2025-11-27;9;865
28;2025-11-27;10;626
28;2025-11-27;11;551
28;2025-11-27;12;695
28;2025-11-27;13;715
28;2025-11-27;14;660
28;2025-11-27;15;668
28;2025-11-27;16;854
28;2025-11-27;17;996
28;2025-11-27;18;975
28;2025-11-27;19;729
28;2025-11-27;20;508
28;2025-11-27;21;311
28;2025-11-27;22;131
28;2025-11-27;23;24
28;2025-11-28;0;1
28;2025-11-28;1;0
28;2025-11-28;2;0
28;2025-11-28;3;0
28;2025-11-28;4;4
28;2025-11-28;5;81
28;2025-11-28;6;253
28;2025-11-28;7;755
28;2025-11-28;8;1119
28;2025-11-28;9;812
28;2025-11-28;10;584
28;2025-11-28;11;563
28;2025-11-28;12;684
28;2025-11-28;13;722
28;2025-11-28;14;688
28;2025-11-28;15;724
28;2025-11-28;16;910
28;2025-11-28;17;921
28;2025-11-28;18;810
28;2025-11-28;19;647
28;2025-11-28;20;461
28;2025-11-28;21;292
28;2025-11-28;22;155
28;2025-11-28;23;28
28;2025-11-29;0;0
28;2025-11-29;1;0
28;2025-11-29;2;0
28;2025-11-29;3;0
28;2025-11-29;4;1
28;2025-11-29;5;39
28;2025-11-29;6;112
28;2025-11-29;7;223
28;2025-11-29;8;345
28;2025-11-29;9;448
28;2025-11-29;10;467
28;2025-11-29;11;472
28;2025-11-29;12;547
28;2025-11-29;13;580
28;2025-11-29;14;574
28;2025-11-29;15;558
28;2025-11-29;16;536
28;2025-11-29;17;544
28;2025-11-29;18;470
28;2025-11-29;19;391
28;2025-11-29;20;297
28;2025-11-29;21;266
28;2025-11-29;22;141
28;2025-11-29;23;29
28;2025-11-30;0;14
28;2025-11-30;1;0
28;2025-11-30;2;0
28;2025-11-30;3;0
28;2025-11-30;4;13
28;2025-11-30;5;42
28;2025-11-30;6;98
28;2025-11-30;7;156
28;2025-11-30;8;252
28;2025-11-30;9;343
28;2025-11-30;10;376
28;2025-11-30;11;415
28;2025-11-30;12;464
28;2025-11-30;13;515
28;2025-11-30;14;509
28;2025-11-30;15;514
28;2025-11-30;16;488
28;2025-11-30;17;480
28;2025-11-30;18;408
28;2025-11-30;19;354
28;2025-11-30;20;302
28;2025-11-30;21;245
28;2025-11-30;22;117
28;2025-11-30;23;34
28;2025-12-01;0;14
28;2025-12-01;1;0
28;2025-12-01;2;0
28;2025-12-01;3;0
28;2025-12-01;4;15
28;2025-12-01;5;95
28;2025-12-01;6;286
28;2025-12-01;7;787
28;2025-12-01;8;1162
28;2025-12-01;9;886
28;2025-12-01;10;608
28;2025-12-01;11;550
28;2025-12-01;12;680
28;2025-12-01;13;694
28;2025-12-01;14;644
28;2025-12-01;15;667
28;2025-12-01;16;839
28;2025-12-01;17;941
28;2025-12-01;18;929
28;2025-12-01;19;761
28;2025-12-01;20;503
28;2025-12-01;21;304
28;2025-12-01;22;132
28;2025-12-01;23;34
28;2025-12-02;0;12
28;2025-12-02;1;0
28;2025-12-02;2;0
28;2025-12-02;3;0
28;2025-12-02;4;14
28;2025-12-02;5;97
28;2025-12-02;6;290
28;2025-12-02;7;804
28;2025-12-02;8;1189
28;2025-12-02;9;888
28;2025-12-02;10;681
28;2025-12-02;11;594
28;2025-12-02;12;685
28;2025-12-02;13;744
28;2025-12-02;14;673
28;2025-12-02;15;683
28;2025-12-02;16;827
28;2025-12-02;17;1002
28;2025-12-02;18;935
28;2025-12-02;19;762
28;2025-12-02;20;534
28;2025-12-02;21;309
28;2025-12-02;22;151
28;2025-12-02;23;38
28;2025-12-03;0;0
28;2025-12-03;1;0
28;2025-12-03;2;0
28;2025-12-03;3;0
28;2025-12-03;4;1
28;2025-12-03;5;89
28;2025-12-03;6;275
28;2025-12-03;7;776
28;2025-12-03;8;1187
28;2025-12-03;9;816
28;2025-12-03;10;609
28;2025-12-03;11;569
28;2025-12-03;12;662
28;2025-12-03;13;723
28;2025-12-03;14;645
28;2025-12-03;15;708
28;2025-12-03;16;836
28;2025-12-03;17;989
28;2025-12-03;18;953
28;2025-12-03;19;735
28;2025-12-03;20;501
28;2025-12-03;21;308
28;2025-12-03;22;150
28;2025-12-03;23;23
28;2025-12-04;0;0
28;2025-12-04;1;0
28;2025-12-04;2;0
28;2025-12-04;3;0
28;2025-12-04;4;1
28;2025-12-04;5;86
28;2025-12-04;6;279
28;2025-12-04;7;789
28;2025-12-04;8;1169
28;2025-12-04;9;878
28;2025-12-04;10;639
28;2025-12-04;11;564
28;2025-12-04;12;691
28;2025-12-04;13;722
28;2025-12-04;14;660
28;2025-12-04;15;665
28;2025-12-04;16;845
28;2025-12-04;17;1006
28;2025-12-04;18;981
28;2025-12-04;19;732
28;2025-12-04;20;520
28;2025-12-04;21;325
28;2025-12-04;22;142
28;2025-12-04;23;24
28;2025-12-05;0;0
28;2025-12-05;1;0
28;2025-12-05;2;0
28;2025-12-05;3;0
28;2025-12-05;4;2
28;2025-12-05;5;87
28;2025-12-05;6;257
28;2025-12-05;7;759
28;2025-12-05;8;1144
28;2025-12-05;9;811
28;2025-12-05;10;579
28;2025-12-05;11;560
28;2025-12-05;12;673
28;2025-12-05;13;722
28;2025-12-05;14;683
28;2025-12-05;15;724
28;2025-12-05;16;912
28;2025-12-05;17;920
28;2025-12-05;18;806
28;2025-12-05;19;654
28;2025-12-05;20;466
28;2025-12-05;21;299
28;2025-12-05;22;153
28;2025-12-05;23;27
28;2025-12-06;0;0
28;2025-12-06;1;0
28;2025-12-06;2;0
28;2025-12-06;3;0
28;2025-12-06;4;2
28;2025-12-06;5;38
28;2025-12-06;6;112
28;2025-12-06;7;226
28;2025-12-06;8;360
28;2025-12-06;9;457
28;2025-12-06;10;474
28;2025-12-06;11;479
28;2025-12-06;12;561
28;2025-12-06;13;582
28;2025-12-06;14;590
28;2025-12-06;15;575
28;2025-12-06;16;553
28;2025-12-06;17;560
28;2025-12-06;18;477
28;2025-12-06;19;391
28;2025-12-06;20;298
28;2025-12-06;21;269
28;2025-12-06;22;138
28;2025-12-06;23;28
28;2025-12-07;0;2
28;2025-12-07;1;0
28;2025-12-07;2;0
28;2025-12-07;3;0
28;2025-12-07;4;0
28;2025-12-07;5;29
28;2025-12-07;6;86
28;2025-12-07;7;146
28;2025-12-07;8;246
28;2025-12-07;9;335
28;2025-12-07;10;370
28;2025-12-07;11;404
28;2025-12-07;12;460
28;2025-12-07;13;504
28;2025-12-07;14;500
28;2025-12-07;15;508
28;2025-12-07;16;474
28;2025-12-07;17;470
28;2025-12-07;18;400
28;2025-12-07;19;338
28;2025-12-07;20;289
28;2025-12-07;21;233
28;2025-12-07;22;106
28;2025-12-07;23;20
28;2025-12-08;0;1
28;2025-12-08;1;0
28;2025-12-08;2;0
28;2025-12-08;3;0
28;2025-12-08;4;2
28;2025-12-08;5;84
28;2025-12-08;6;277
28;2025-12-08;7;777
28;2025-12-08;8;1189
28;2025-12-08;9;877
28;2025-12-08;10;598
28;2025-12-08;11;541
28;2025-12-08;12;683
28;2025-12-08;13;691
28;2025-12-08;14;649
28;2025-12-08;15;661
28;2025-12-08;16;849
28;2025-12-08;17;957
28;2025-12-08;18;928
28;2025-12-08;19;747
28;2025-12-08;20;490
28;2025-12-08;21;294
28;2025-12-08;22;121
28;2025-12-08;23;21
28;2025-12-09;0;0
28;2025-12-09;1;0
28;2025-12-09;2;0
28;2025-12-09;3;0
28;2025-12-09;4;2
28;2025-12-09;5;83
28;2025-12-09;6;282
28;2025-12-09;7;798
28;2025-12-09;8;1196
28;2025-12-09;9;880
28;2025-12-09;10;673
28;2025-12-09;11;584
28;2025-12-09;12;691
28;2025-12-09;13;739
28;2025-12-09;14;683
28;2025-12-09;15;692
28;2025-12-09;16;826
28;2025-12-09;17;1008
28;2025-12-09;18;937
28;2025-12-09;19;752
28;2025-12-09;20;517
28;2025-12-09;21;297
28;2025-12-09;22;137
28;2025-12-09;23;20
28;2025-12-10;0;1
28;2025-12-10;1;0
28;2025-12-10;2;0
28;2025-12-10;3;0
28;2025-12-10;4;3
28;2025-12-10;5;88
28;2025-12-10;6;277
28;2025-12-10;7;780
28;2025-12-10;8;1187
28;2025-12-10;9;830
28;2025-12-10;10;611
28;2025-12-10;11;566
28;2025-12-10;12;658
28;2025-12-10;13;720
28;2025-12-10;14;643
28;2025-12-10;15;708
28;2025-12-10;16;843
28;2025-12-10;17;983
28;2025-12-10;18;944
28;2025-12-10;19;725
28;2025-12-10;20;478
28;2025-12-10;21;298
28;2025-12-10;22;143
28;2025-12-10;23;16
28;2025-12-11;0;0
28;2025-12-11;1;0
28;2025-12-11;2;0
28;2025-12-11;3;0
28;2025-12-11;4;2
28;2025-12-11;5;83
28;2025-12-11;6;274
28;2025-12-11;7;787
28;2025-12-11;8;1147
28;2025-12-11;9;874
28;2025-12-11;10;631
28;2025-12-11;11;553
28;2025-12-11;12;699
28;2025-12-11;13;726
28;2025-12-11;14;668
28;2025-12-11;15;671
28;2025-12-11;16;847
28;2025-12-11;17;998
28;2025-12-11;18;966
28;2025-12-11;19;725
28;2025-12-11;20;502
28;2025-12-11;21;323
28;2025-12-11;22;135
28;2025-12-11;23;17
28;2025-12-12;0;1
28;2025-12-12;1;0
28;2025-12-12;2;0
28;2025-12-12;3;0
28;2025-12-12;4;3
28;2025-12-12;5;83
28;2025-12-12;6;248
28;2025-12-12;7;755
28;2025-12-12;8;1129
28;2025-12-12;9;806
28;2025-12-12;10;568
28;2025-12-12;11;552
28;2025-12-12;12;680
28;2025-12-12;13;726
28;2025-12-12;14;692
28;2025-12-12;15;729
28;2025-12-12;16;910
28;2025-12-12;17;913
28;2025-12-12;18;807
28;2025-12-12;19;651
28;2025-12-12;20;433
28;2025-12-12;21;291
28;2025-12-12;22;148
28;2025-12-12;23;21
28;2025-12-13;0;4
28;2025-12-13;1;0
28;2025-12-13;2;0
28;2025-12-13;3;0
28;2025-12-13;4;0
28;2025-12-13;5;48
28;2025-12-13;6;120
28;2025-12-13;7;243
28;2025-12-13;8;373
28;2025-12-13;9;468
28;2025-12-13;10;489
28;2025-12-13;11;481
28;2025-12-13;12;564
28;2025-12-13;13;603
28;2025-12-13;14;593
28;2025-12-13;15;574
28;2025-12-13;16;549
28;2025-12-13;17;553
28;2025-12-13;18;454
28;2025-12-13;19;394
28;2025-12-13;20;286
28;2025-12-13;21;259
28;2025-12-13;22;134
28;2025-12-13;23;20
28;2025-12-14;0;4
28;2025-12-14;1;0
28;2025-12-14;2;0
28;2025-12-14;3;0
28;2025-12-14;4;1
28;2025-12-14;5;28
28;2025-12-14;6;82
28;2025-12-14;7;133
28;2025-12-14;8;238
28;2025-12-14;9;323
28;2025-12-14;10;357
28;2025-12-14;11;388
28;2025-12-14;12;435
28;2025-12-14;13;482
28;2025-12-14;14;471
28;2025-12-14;15;479
28;2025-12-14;16;445
28;2025-12-14;17;443
28;2025-12-14;18;378
28;2025-12-14;19;331
28;2025-12-14;20;266
28;2025-12-14;21;216
28;2025-12-14;22;102
28;2025-12-14;23;14
28;2025-12-15;0;2
28;2025-12-15;1;0
28;2025-12-15;2;0
28;2025-12-15;3;0
28;2025-12-15;4;4
28;2025-12-15;5;81
28;2025-12-15;6;273
28;2025-12-15;7;762
28;2025-12-15;8;1161
28;2025-12-15;9;854
28;2025-12-15;10;589
28;2025-12-15;11;518
28;2025-12-15;12;663
28;2025-12-15;13;679
28;2025-12-15;14;631
28;2025-12-15;15;659
28;2025-12-15;16;832
28;2025-12-15;17;929
28;2025-12-15;18;914
28;2025-12-15;19;735
28;2025-12-15;20;455
28;2025-12-15;21;289
28;2025-12-15;22;115
28;2025-12-15;23;15
28;2025-12-16;0;1
28;2025-12-16;1;0
28;2025-12-16;2;0
28;2025-12-16;3;0
28;2025-12-16;4;3
28;2025-12-16;5;80
28;2025-12-16;6;268
28;2025-12-16;7;766
28;2025-12-16;8;1177
28;2025-12-16;9;845
28;2025-12-16;10;675
28;2025-12-16;11;571
28;2025-12-16;12;665
28;2025-12-16;13;724
28;2025-12-16;14;668
28;2025-12-16;15;676
28;2025-12-16;16;811
28;2025-12-16;17;994
28;2025-12-16;18;921
28;2025-12-16;19;740
28;2025-12-16;20;504
28;2025-12-16;21;289
28;2025-12-16;22;134
28;2025-12-16;23;19
28;2025-12-17;0;0
28;2025-12-17;1;0
28;2025-12-17;2;0
28;2025-12-17;3;0
28;2025-12-17;4;3
28;2025-12-17;5;88
28;2025-12-17;6;270
28;2025-12-17;7;769
28;2025-12-17;8;1184
28;2025-12-17;9;807
28;2025-12-17;10;598
28;2025-12-17;11;561
28;2025-12-17;12;651
28;2025-12-17;13;719
28;2025-12-17;14;642
28;2025-12-17;15;707
28;2025-12-17;16;842
28;2025-12-17;17;983
28;2025-12-17;18;940
28;2025-12-17;19;725
28;2025-12-17;20;478
28;2025-12-17;21;297
28;2025-12-17;22;142
28;2025-12-17;23;16
28;2025-12-18;0;0
28;2025-12-18;1;0
28;2025-12-18;2;0
28;2025-12-18;3;0
28;2025-12-18;4;2
28;2025-12-18;5;82
28;2025-12-18;6;273
28;2025-12-18;7;786
28;2025-12-18;8;1181
28;2025-12-18;9;872
28;2025-12-18;10;634
28;2025-12-18;11;560
28;2025-12-18;12;698
28;2025-12-18;13;723
28;2025-12-18;14;664
28;2025-12-18;15;672
28;2025-12-18;16;856
28;2025-12-18;17;1013
28;2025-12-18;18;972
28;2025-12-18;19;725
28;2025-12-18;20;495
28;2025-12-18;21;317
28;2025-12-18;22;133
28;2025-12-18;23;17
28;2025-12-19;0;0
28;2025-12-19;1;0
28;2025-12-19;2;0
28;2025-12-19;3;0
28;2025-12-19;4;3
28;2025-12-19;5;83
28;2025-12-19;6;251
28;2025-12-19;7;755
28;2025-12-19;8;1132
28;2025-12-19;9;811
28;2025-12-19;10;577
28;2025-12-19;11;553
28;2025-12-19;12;677
28;2025-12-19;13;722
28;2025-12-19;14;684
28;2025-12-19;15;720
28;2025-12-19;16;914
28;2025-12-19;17;914
28;2025-12-19;18;798
28;2025-12-19;19;634
28;2025-12-19;20;435
28;2025-12-19;21;284
28;2025-12-19;22;143
28;2025-12-19;23;20
28;2025-12-20;0;0
28;2025-12-20;1;0
28;2025-12-20;2;0
28;2025-12-20;3;0
28;2025-12-20;4;1
28;2025-12-20;5;35
28;2025-12-20;6;114
28;2025-12-20;7;232
28;2025-12-20;8;357
28;2025-12-20;9;455
28;2025-12-20;10;470
28;2025-12-20;11;477
28;2025-12-20;12;559
28;2025-12-20;13;587
28;2025-12-20;14;591
28;2025-12-20;15;574
28;2025-12-20;16;550
28;2025-12-20;17;554
28;2025-12-20;18;462
28;2025-12-20;19;388
28;2025-12-20;20;285
28;2025-12-20;21;263
28;2025-12-20;22;135
28;2025-12-20;23;19
28;2025-12-21;0;2
28;2025-12-21;1;0
28;2025-12-21;2;0
28;2025-12-21;3;0
28;2025-12-21;4;0
28;2025-12-21;5;28
28;2025-12-21;6;86
28;2025-12-21;7;147
28;2025-12-21;8;251
28;2025-12-21;9;320
28;2025-12-21;10;353
28;2025-12-21;11;384
28;2025-12-21;12;435
28;2025-12-21;13;485
28;2025-12-21;14;482
28;2025-12-21;15;504
28;2025-12-21;16;465
28;2025-12-21;17;459
28;2025-12-21;18;385
28;2025-12-21;19;336
28;2025-12-21;20;279
28;2025-12-21;21;221
28;2025-12-21;22;96
28;2025-12-21;23;13
28;2025-12-22;0;0
28;2025-12-22;1;0
28;2025-12-22;2;0
28;2025-12-22;3;0
28;2025-12-22;4;2
28;2025-12-22;5;82
28;2025-12-22;6;275
28;2025-12-22;7;768
28;2025-12-22;8;1180
28;2025-12-22;9;872
28;2025-12-22;10;594
28;2025-12-22;11;525
28;2025-12-22;12;665
28;2025-12-22;13;676
28;2025-12-22;14;637
28;2025-12-22;15;668
28;2025-12-22;16;837
28;2025-12-22;17;937
28;2025-12-22;18;930
28;2025-12-22;19;749
28;2025-12-22;20;446
28;2025-12-22;21;291
28;2025-12-22;22;109
28;2025-12-22;23;13
28;2025-12-23;0;2
28;2025-12-23;1;0
28;2025-12-23;2;0
28;2025-12-23;3;0
28;2025-12-23;4;0
28;2025-12-23;5;79
28;2025-12-23;6;287
28;2025-12-23;7;785
28;2025-12-23;8;1174
28;2025-12-23;9;872
28;2025-12-23;10;678
28;2025-12-23;11;574
28;2025-12-23;12;667
28;2025-12-23;13;724
28;2025-12-23;14;667
28;2025-12-23;15;669
28;2025-12-23;16;805
28;2025-12-23;17;984
28;2025-12-23;18;939
28;2025-12-23;19;744
28;2025-12-23;20;499
28;2025-12-23;21;288
28;2025-12-23;22;131
28;2025-12-23;23;19
28;2025-12-24;0;0
28;2025-12-24;1;1
28;2025-12-24;2;0
28;2025-12-24;3;0
28;2025-12-24;4;2
28;2025-12-24;5;88
28;2025-12-24;6;267
28;2025-12-24;7;769
28;2025-12-24;8;1166
28;2025-12-24;9;814
28;2025-12-24;10;608
28;2025-12-24;11;569
28;2025-12-24;12;670
28;2025-12-24;13;731
28;2025-12-24;14;646
28;2025-12-24;15;711
28;2025-12-24;16;833
28;2025-12-24;17;960
28;2025-12-24;18;934
28;2025-12-24;19;717
28;2025-12-24;20;467
28;2025-12-24;21;290
28;2025-12-24;22;139
28;2025-12-24;23;17
28;2025-12-25;0;0
28;2025-12-25;1;0
28;2025-12-25;2;0
28;2025-12-25;3;0
28;2025-12-25;4;1
28;2025-12-25;5;78
28;2025-12-25;6;262
28;2025-12-25;7;767
28;2025-12-25;8;1152
28;2025-12-25;9;861
28;2025-12-25;10;635
28;2025-12-25;11;551
28;2025-12-25;12;690
28;2025-12-25;13;712
28;2025-12-25;14;659
28;2025-12-25;15;667
28;2025-12-25;16;838
28;2025-12-25;17;993
28;2025-12-25;18;954
28;2025-12-25;19;714
28;2025-12-25;20;491
28;2025-12-25;21;313
28;2025-12-25;22;134
28;2025-12-25;23;19
28;2025-12-26;0;0
28;2025-12-26;1;0
28;2025-12-26;2;0
28;2025-12-26;3;0
28;2025-12-26;4;3
28;2025-12-26;5;81
28;2025-12-26;6;251
28;2025-12-26;7;748
28;2025-12-26;8;1124
28;2025-12-26;9;823
28;2025-12-26;10;588
28;2025-12-26;11;559
28;2025-12-26;12;687
28;2025-12-26;13;733
28;2025-12-26;14;692
28;2025-12-26;15;734
28;2025-12-26;16;912
28;2025-12-26;17;909
28;2025-12-26;18;782
28;2025-12-26;19;639
28;2025-12-26;20;444
28;2025-12-26;21;292
28;2025-12-26;22;150
28;2025-12-26;23;25
28;2025-12-27;0;2
28;2025-12-27;1;0
28;2025-12-27;2;0
28;2025-12-27;3;0
28;2025-12-27;4;0
28;2025-12-27;5;41
28;2025-12-27;6;118
28;2025-12-27;7;223
28;2025-12-27;8;359
28;2025-12-27;9;455
28;2025-12-27;10;473
28;2025-12-27;11;471
28;2025-12-27;12;559
28;2025-12-27;13;582
28;2025-12-27;14;586
28;2025-12-27;15;574
28;2025-12-27;16;538
28;2025-12-27;17;542
28;2025-12-27;18;447
28;2025-12-27;19;385
28;2025-12-27;20;286
28;2025-12-27;21;265
28;2025-12-27;22;135
28;2025-12-27;23;19
28;2025-12-28;0;0
28;2025-12-28;1;0
28;2025-12-28;2;0
28;2025-12-28;3;0
28;2025-12-28;4;0
28;2025-12-28;5;26
28;2025-12-28;6;80
28;2025-12-28;7;125
28;2025-12-28;8;230
28;2025-12-28;9;319
28;2025-12-28;10;368
28;2025-12-28;11;392
28;2025-12-28;12;433
28;2025-12-28;13;490
28;2025-12-28;14;481
28;2025-12-28;15;485
28;2025-12-28;16;443
28;2025-12-28;17;441
28;2025-12-28;18;359
28;2025-12-28;19;331
28;2025-12-28;20;277
28;2025-12-28;21;227
28;2025-12-28;22;100
28;2025-12-28;23;7
28;2025-12-29;0;0
28;2025-12-29;1;0
28;2025-12-29;2;0
28;2025-12-29;3;0
28;2025-12-29;4;3
28;2025-12-29;5;79
28;2025-12-29;6;264
28;2025-12-29;7;717
28;2025-12-29;8;1124
28;2025-12-29;9;828
28;2025-12-29;10;576
28;2025-12-29;11;515
28;2025-12-29;12;645
28;2025-12-29;13;660
28;2025-12-29;14;634
28;2025-12-29;15;658
28;2025-12-29;16;798
28;2025-12-29;17;892
28;2025-12-29;18;857
28;2025-12-29;19;709
28;2025-12-29;20;451
28;2025-12-29;21;289
28;2025-12-29;22;101
28;2025-12-29;23;16
28;2025-12-30;0;0
28;2025-12-30;1;0
28;2025-12-30;2;0
28;2025-12-30;3;0
28;2025-12-30;4;0
28;2025-12-30;5;76
28;2025-12-30;6;254
28;2025-12-30;7;699
28;2025-12-30;8;1146
28;2025-12-30;9;818
28;2025-12-30;10;649
28;2025-12-30;11;553
28;2025-12-30;12;648
28;2025-12-30;13;711
28;2025-12-30;14;667
28;2025-12-30;15;687
28;2025-12-30;16;774
28;2025-12-30;17;970
28;2025-12-30;18;889
28;2025-12-30;19;705
28;2025-12-30;20;471
28;2025-12-30;21;274
28;2025-12-30;22;129
28;2025-12-30;23;24
28;2025-12-31;0;0
28;2025-12-31;1;0
28;2025-12-31;2;0
28;2025-12-31;3;0
28;2025-12-31;4;0
28;2025-12-31;5;0
28;2025-12-31;6;113
28;2025-12-31;7;196
28;2025-12-31;8;318
28;2025-12-31;9;291
28;2025-12-31;10;342
28;2025-12-31;11;349
28;2025-12-31;12;351
28;2025-12-31;13;352
28;2025-12-31;14;381
28;2025-12-31;15;379
28;2025-12-31;16;431
28;2025-12-31;17;391
28;2025-12-31;18;308
28;2025-12-31;19;292
28;2025-12-31;20;309
28;2025-12-31;21;207
28;2025-12-31;22;102
28;2025-12-31;23;4
50;2025-11-01;0;29
50;2025-11-01;1;2
50;2025-11-01;2;0
50;2025-11-01;3;0
50;2025-11-01;4;0
50;2025-11-01;5;5
50;2025-11-01;6;14
50;2025-11-01;7;129
50;2025-11-01;8;308
50;2025-11-01;9;173
50;2025-11-01;10;144
50;2025-11-01;11;155
50;2025-11-01;12;176
50;2025-11-01;13;284
50;2025-11-01;14;323
50;2025-11-01;15;310
50;2025-11-01;16;164
50;2025-11-01;17;251
50;2025-11-01;18;121
50;2025-11-01;19;54
50;2025-11-01;20;174
50;2025-11-01;21;116
50;2025-11-01;22;22
50;2025-11-01;23;21
50;2025-11-02;0;50
50;2025-11-02;1;6
50;2025-11-02;2;0
50;2025-11-02;3;0
50;2025-11-02;4;1
50;2025-11-02;5;30
50;2025-11-02;6;132
50;2025-11-02;7;226
50;2025-11-02;8;349
50;2025-11-02;9;444
50;2025-11-02;10;460
50;2025-11-02;11;581
50;2025-11-02;12;649
50;2025-11-02;13;682
50;2025-11-02;14;729
50;2025-11-02;15;684
50;2025-11-02;16;710
50;2025-11-02;17;680
50;2025-11-02;18;596
50;2025-11-02;19;534
50;2025-11-02;20;416
50;2025-11-02;21;336
50;2025-11-02;22;200
50;2025-11-02;23;109
50;2025-11-03;0;36
50;2025-11-03;1;5
50;2025-11-03;2;0
50;2025-11-03;3;0
50;2025-11-03;4;1
50;2025-11-03;5;45
50;2025-11-03;6;361
50;2025-11-03;7;512
50;2025-11-03;8;698
50;2025-11-03;9;435
50;2025-11-03;10;495
50;2025-11-03;11;562
50;2025-11-03;12;585
50;2025-11-03;13;585
50;2025-11-03;14;586
50;2025-11-03;15;606
50;2025-11-03;16;590
50;2025-11-03;17;658
50;2025-11-03;18;700
50;2025-11-03;19;619
50;2025-11-03;20;468
50;2025-11-03;21;411
50;2025-11-03;22;236
50;2025-11-03;23;112
50;2025-11-04;0;34
50;2025-11-04;1;5
50;2025-11-04;2;0
50;2025-11-04;3;0
50;2025-11-04;4;2
50;2025-11-04;5;38
50;2025-11-04;6;349
50;2025-11-04;7;382
50;2025-11-04;8;598
50;2025-11-04;9;446
50;2025-11-04;10;464
50;2025-11-04;11;537
50;2025-11-04;12;563
50;2025-11-04;13;575
50;2025-11-04;14;643
50;2025-11-04;15;660
50;2025-11-04;16;621
50;2025-11-04;17;625
50;2025-11-04;18;660
50;2025-11-04;19;632
50;2025-11-04;20;468
50;2025-11-04;21;415
50;2025-11-04;22;253
50;2025-11-04;23;126
50;2025-11-05;0;34
50;2025-11-05;1;2
50;2025-11-05;2;0
50;2025-11-05;3;0
50;2025-11-05;4;2
50;2025-11-05;5;76
50;2025-11-05;6;526
50;2025-11-05;7;1729
50;2025-11-05;8;2713
50;2025-11-05;9;2168
50;2025-11-05;10;1619
50;2025-11-05;11;1493
50;2025-11-05;12;1463
50;2025-11-05;13;1471
50;2025-11-05;14;1422
50;2025-11-05;15;1589
50;2025-11-05;16;1726
50;2025-11-05;17;2323
50;2025-11-05;18;2442
50;2025-11-05;19;1456
50;2025-11-05;20;839
50;2025-11-05;21;502
50;2025-11-05;22;303
50;2025-11-05;23;130
50;2025-11-06;0;35
50;2025-11-06;1;4
50;2025-11-06;2;0
50;2025-11-06;3;0
50;2025-11-06;4;1
50;2025-11-06;5;68
50;2025-11-06;6;505
50;2025-11-06;7;1761
50;2025-11-06;8;2652
50;2025-11-06;9;2096
50;2025-11-06;10;1580
50;2025-11-06;11;1459
50;2025-11-06;12;1399
50;2025-11-06;13;1377
50;2025-11-06;14;1352
50;2025-11-06;15;1515
50;2025-11-06;16;1654
50;2025-11-06;17;2276
50;2025-11-06;18;2458
50;2025-11-06;19;1420
50;2025-11-06;20;866
50;2025-11-06;21;627
50;2025-11-06;22;306
50;2025-11-06;23;142
50;2025-11-07;0;43
50;2025-11-07;1;4
50;2025-11-07;2;0
50;2025-11-07;3;0
50;2025-11-07;4;1
50;2025-11-07;5;60
50;2025-11-07;6;503
50;2025-11-07;7;1702
50;2025-11-07;8;2666
50;2025-11-07;9;2006
50;2025-11-07;10;1518
50;2025-11-07;11;1495
50;2025-11-07;12;1466
50;2025-11-07;13;1423
50;2025-11-07;14;1423
50;2025-11-07;15;1675
50;2025-11-07;16;2088
50;2025-11-07;17;2170
50;2025-11-07;18;1728
50;2025-11-07;19;1231
50;2025-11-07;20;764
50;2025-11-07;21;514
50;2025-11-07;22;302
50;2025-11-07;23;166
50;2025-11-08;0;59
50;2025-11-08;1;6
50;2025-11-08;2;0
50;2025-11-08;3;0
50;2025-11-08;4;2
50;2025-11-08;5;31
50;2025-11-08;6;184
50;2025-11-08;7;381
50;2025-11-08;8;563
50;2025-11-08;9;629
50;2025-11-08;10;625
50;2025-11-08;11;741
50;2025-11-08;12;754
50;2025-11-08;13;825
50;2025-11-08;14;844
50;2025-11-08;15;826
50;2025-11-08;16;781
50;2025-11-08;17;804
50;2025-11-08;18;738
50;2025-11-08;19;635
50;2025-11-08;20;474
50;2025-11-08;21;390
50;2025-11-08;22;221
50;2025-11-08;23;150
50;2025-11-09;0;50
50;2025-11-09;1;8
50;2025-11-09;2;0
50;2025-11-09;3;0
50;2025-11-09;4;1
50;2025-11-09;5;29
50;2025-11-09;6;134
50;2025-11-09;7;237
50;2025-11-09;8;356
50;2025-11-09;9;443
50;2025-11-09;10;458
50;2025-11-09;11;609
50;2025-11-09;12;683
50;2025-11-09;13;733
50;2025-11-09;14;771
50;2025-11-09;15;696
50;2025-11-09;16;731
50;2025-11-09;17;723
50;2025-11-09;18;636
50;2025-11-09;19;535
50;2025-11-09;20;431
50;2025-11-09;21;346
50;2025-11-09;22;209
50;2025-11-09;23;115
50;2025-11-10;0;40
50;2025-11-10;1;5
50;2025-11-10;2;0
50;2025-11-10;3;0
50;2025-11-10;4;3
50;2025-11-10;5;73
50;2025-11-10;6;546
50;2025-11-10;7;1792
50;2025-11-10;8;2800
50;2025-11-10;9;2213
50;2025-11-10;10;1612
50;2025-11-10;11;1493
50;2025-11-10;12;1430
50;2025-11-10;13;1446
50;2025-11-10;14;1435
50;2025-11-10;15;1609
50;2025-11-10;16;1667
50;2025-11-10;17;2361
50;2025-11-10;18;2563
50;2025-11-10;19;1452
50;2025-11-10;20;898
50;2025-11-10;21;608
50;2025-11-10;22;281
50;2025-11-10;23;132
50;2025-11-11;0;38
50;2025-11-11;1;4
50;2025-11-11;2;0
50;2025-11-11;3;0
50;2025-11-11;4;3
50;2025-11-11;5;74
50;2025-11-11;6;579
50;2025-11-11;7;1901
50;2025-11-11;8;2873
50;2025-11-11;9;2254
50;2025-11-11;10;1715
50;2025-11-11;11;1540
50;2025-11-11;12;1488
50;2025-11-11;13;1498
50;2025-11-11;14;1454
50;2025-11-11;15;1619
50;2025-11-11;16;1681
50;2025-11-11;17;2451
50;2025-11-11;18;2631
50;2025-11-11;19;1503
50;2025-11-11;20;921
50;2025-11-11;21;623
50;2025-11-11;22;293
50;2025-11-11;23;146
50;2025-11-12;0;37
50;2025-11-12;1;4
50;2025-11-12;2;0
50;2025-11-12;3;0
50;2025-11-12;4;3
50;2025-11-12;5;78
50;2025-11-12;6;561
50;2025-11-12;7;1776
50;2025-11-12;8;2776
50;2025-11-12;9;2217
50;2025-11-12;10;1667
50;2025-11-12;11;1536
50;2025-11-12;12;1488
50;2025-11-12;13;1474
50;2025-11-12;14;1452
50;2025-11-12;15;1583
50;2025-11-12;16;1727
50;2025-11-12;17;2370
50;2025-11-12;18;2473
50;2025-11-12;19;1455
50;2025-11-12;20;862
50;2025-11-12;21;616
50;2025-11-12;22;315
50;2025-11-12;23;144
50;2025-11-13;0;41
50;2025-11-13;1;3
50;2025-11-13;2;0
50;2025-11-13;3;0
50;2025-11-13;4;2
50;2025-11-13;5;78
50;2025-11-13;6;543
50;2025-11-13;7;1857
50;2025-11-13;8;2791
50;2025-11-13;9;2209
50;2025-11-13;10;1674
50;2025-11-13;11;1565
50;2025-11-13;12;1495
50;2025-11-13;13;1471
50;2025-11-13;14;1457
50;2025-11-13;15;1611
50;2025-11-13;16;1761
50;2025-11-13;17;2402
50;2025-11-13;18;2559
50;2025-11-13;19;1466
50;2025-11-13;20;943
50;2025-11-13;21;650
50;2025-11-13;22;326
50;2025-11-13;23;169
50;2025-11-14;0;51
50;2025-11-14;1;3
50;2025-11-14;2;0
50;2025-11-14;3;0
50;2025-11-14;4;4
50;2025-11-14;5;76
50;2025-11-14;6;572
50;2025-11-14;7;1780
50;2025-11-14;8;2734
50;2025-11-14;9;2098
50;2025-11-14;10;1596
50;2025-11-14;11;1567
50;2025-11-14;12;1531
50;2025-11-14;13;1491
50;2025-11-14;14;1498
50;2025-11-14;15;1733
50;2025-11-14;16;2147
50;2025-11-14;17;2242
50;2025-11-14;18;1814
50;2025-11-14;19;1278
50;2025-11-14;20;824
50;2025-11-14;21;557
50;2025-11-14;22;315
50;2025-11-14;23;174
50;2025-11-15;0;58
50;2025-11-15;1;5
50;2025-11-15;2;0
50;2025-11-15;3;0
50;2025-11-15;4;4
50;2025-11-15;5;37
50;2025-11-15;6;186
50;2025-11-15;7;402
50;2025-11-15;8;577
50;2025-11-15;9;662
50;2025-11-15;10;648
50;2025-11-15;11;768
50;2025-11-15;12;801
50;2025-11-15;13;860
50;2025-11-15;14;903
50;2025-11-15;15;876
50;2025-11-15;16;817
50;2025-11-15;17;843
50;2025-11-15;18;748
50;2025-11-15;19;660
50;2025-11-15;20;483
50;2025-11-15;21;387
50;2025-11-15;22;224
50;2025-11-15;23;151
50;2025-11-16;0;49
50;2025-11-16;1;8
50;2025-11-16;2;0
50;2025-11-16;3;0
50;2025-11-16;4;0
50;2025-11-16;5;23
50;2025-11-16;6;120
50;2025-11-16;7;239
50;2025-11-16;8;334
50;2025-11-16;9;447
50;2025-11-16;10;494
50;2025-11-16;11;669
50;2025-11-16;12;763
50;2025-11-16;13;807
50;2025-11-16;14;811
50;2025-11-16;15;720
50;2025-11-16;16;751
50;2025-11-16;17;716
50;2025-11-16;18;627
50;2025-11-16;19;528
50;2025-11-16;20;415
50;2025-11-16;21;330
50;2025-11-16;22;200
50;2025-11-16;23;106
50;2025-11-17;0;38
50;2025-11-17;1;5
50;2025-11-17;2;0
50;2025-11-17;3;0
50;2025-11-17;4;2
50;2025-11-17;5;62
50;2025-11-17;6;522
50;2025-11-17;7;1745
50;2025-11-17;8;2730
50;2025-11-17;9;2120
50;2025-11-17;10;1555
50;2025-11-17;11;1459
50;2025-11-17;12;1384
50;2025-11-17;13;1362
50;2025-11-17;14;1376
50;2025-11-17;15;1536
50;2025-11-17;16;1614
50;2025-11-17;17;2319
50;2025-11-17;18;2522
50;2025-11-17;19;1419
50;2025-11-17;20;871
50;2025-11-17;21;573
50;2025-11-17;22;254
50;2025-11-17;23;122
50;2025-11-18;0;34
50;2025-11-18;1;3
50;2025-11-18;2;0
50;2025-11-18;3;0
50;2025-11-18;4;0
50;2025-11-18;5;68
50;2025-11-18;6;552
50;2025-11-18;7;1876
50;2025-11-18;8;2831
50;2025-11-18;9;2158
50;2025-11-18;10;1636
50;2025-11-18;11;1488
50;2025-11-18;12;1440
50;2025-11-18;13;1451
50;2025-11-18;14;1403
50;2025-11-18;15;1573
50;2025-11-18;16;1645
50;2025-11-18;17;2416
50;2025-11-18;18;2588
50;2025-11-18;19;1482
50;2025-11-18;20;906
50;2025-11-18;21;597
50;2025-11-18;22;285
50;2025-11-18;23;142
50;2025-11-19;0;34
50;2025-11-19;1;5
50;2025-11-19;2;0
50;2025-11-19;3;0
50;2025-11-19;4;3
50;2025-11-19;5;75
50;2025-11-19;6;558
50;2025-11-19;7;1780
50;2025-11-19;8;2756
50;2025-11-19;9;2200
50;2025-11-19;10;1677
50;2025-11-19;11;1540
50;2025-11-19;12;1503
50;2025-11-19;13;1498
50;2025-11-19;14;1453
50;2025-11-19;15;1606
50;2025-11-19;16;1753
50;2025-11-19;17;2375
50;2025-11-19;18;2491
50;2025-11-19;19;1485
50;2025-11-19;20;860
50;2025-11-19;21;606
50;2025-11-19;22;303
50;2025-11-19;23;135
50;2025-11-20;0;40
50;2025-11-20;1;4
50;2025-11-20;2;0
50;2025-11-20;3;0
50;2025-11-20;4;1
50;2025-11-20;5;74
50;2025-11-20;6;562
50;2025-11-20;7;1854
50;2025-11-20;8;2767
50;2025-11-20;9;2222
50;2025-11-20;10;1689
50;2025-11-20;11;1587
50;2025-11-20;12;1511
50;2025-11-20;13;1487
50;2025-11-20;14;1464
50;2025-11-20;15;1616
50;2025-11-20;16;1771
50;2025-11-20;17;2416
50;2025-11-20;18;2585
50;2025-11-20;19;1465
50;2025-11-20;20;919
50;2025-11-20;21;633
50;2025-11-20;22;317
50;2025-11-20;23;164
50;2025-11-21;0;51
50;2025-11-21;1;3
50;2025-11-21;2;0
50;2025-11-21;3;0
50;2025-11-21;4;4
50;2025-11-21;5;67
50;2025-11-21;6;545
50;2025-11-21;7;1753
50;2025-11-21;8;2706
50;2025-11-21;9;2091
50;2025-11-21;10;1575
50;2025-11-21;11;1560
50;2025-11-21;12;1527
50;2025-11-21;13;1477
50;2025-11-21;14;1484
50;2025-11-21;15;1727
50;2025-11-21;16;2143
50;2025-11-21;17;2243
50;2025-11-21;18;1827
50;2025-11-21;19;1268
50;2025-11-21;20;797
50;2025-11-21;21;544
50;2025-11-21;22;310
50;2025-11-21;23;166
50;2025-11-22;0;59
50;2025-11-22;1;5
50;2025-11-22;2;0
50;2025-11-22;3;0
50;2025-11-22;4;6
50;2025-11-22;5;37
50;2025-11-22;6;175
50;2025-11-22;7;368
50;2025-11-22;8;555
50;2025-11-22;9;650
50;2025-11-22;10;651
50;2025-11-22;11;788
50;2025-11-22;12;803
50;2025-11-22;13;859
50;2025-11-22;14;878
50;2025-11-22;15;837
50;2025-11-22;16;793
50;2025-11-22;17;824
50;2025-11-22;18;739
50;2025-11-22;19;630
50;2025-11-22;20;469
50;2025-11-22;21;376
50;2025-11-22;22;210
50;2025-11-22;23;136
50;2025-11-23;0;49
50;2025-11-23;1;6
50;2025-11-23;2;0
50;2025-11-23;3;0
50;2025-11-23;4;2
50;2025-11-23;5;27
50;2025-11-23;6;130
50;2025-11-23;7;231
50;2025-11-23;8;352
50;2025-11-23;9;433
50;2025-11-23;10;467
50;2025-11-23;11;642
50;2025-11-23;12;720
50;2025-11-23;13;787
50;2025-11-23;14;820
50;2025-11-23;15;760
50;2025-11-23;16;780
50;2025-11-23;17;752
50;2025-11-23;18;660
50;2025-11-23;19;543
50;2025-11-23;20;415
50;2025-11-23;21;325
50;2025-11-23;22;199
50;2025-11-23;23;104
50;2025-11-24;0;34
50;2025-11-24;1;7
50;2025-11-24;2;0
50;2025-11-24;3;0
50;2025-11-24;4;0
50;2025-11-24;5;65
50;2025-11-24;6;517
50;2025-11-24;7;1757
50;2025-11-24;8;2741
50;2025-11-24;9;2151
50;2025-11-24;10;1580
50;2025-11-24;11;1462
50;2025-11-24;12;1400
50;2025-11-24;13;1422
50;2025-11-24;14;1399
50;2025-11-24;15;1568
50;2025-11-24;16;1637
50;2025-11-24;17;2307
50;2025-11-24;18;2506
50;2025-11-24;19;1434
50;2025-11-24;20;882
50;2025-11-24;21;593
50;2025-11-24;22;267
50;2025-11-24;23;120
50;2025-11-25;0;34
50;2025-11-25;1;4
50;2025-11-25;2;0
50;2025-11-25;3;0
50;2025-11-25;4;3
50;2025-11-25;5;68
50;2025-11-25;6;576
50;2025-11-25;7;1870
50;2025-11-25;8;2844
50;2025-11-25;9;2223
50;2025-11-25;10;1684
50;2025-11-25;11;1534
50;2025-11-25;12;1482
50;2025-11-25;13;1486
50;2025-11-25;14;1431
50;2025-11-25;15;1610
50;2025-11-25;16;1670
50;2025-11-25;17;2419
50;2025-11-25;18;2598
50;2025-11-25;19;1490
50;2025-11-25;20;912
50;2025-11-25;21;598
50;2025-11-25;22;272
50;2025-11-25;23;132
50;2025-11-26;0;39
50;2025-11-26;1;5
50;2025-11-26;2;0
50;2025-11-26;3;0
50;2025-11-26;4;5
50;2025-11-26;5;71
50;2025-11-26;6;549
50;2025-11-26;7;1756
50;2025-11-26;8;2684
50;2025-11-26;9;2135
50;2025-11-26;10;1649
50;2025-11-26;11;1539
50;2025-11-26;12;1466
50;2025-11-26;13;1459
50;2025-11-26;14;1423
50;2025-11-26;15;1554
50;2025-11-26;16;1704
50;2025-11-26;17;2277
50;2025-11-26;18;2416
50;2025-11-26;19;1433
50;2025-11-26;20;848
50;2025-11-26;21;593
50;2025-11-26;22;297
50;2025-11-26;23;124
50;2025-11-27;0;40
50;2025-11-27;1;3
50;2025-11-27;2;0
50;2025-11-27;3;0
50;2025-11-27;4;2
50;2025-11-27;5;75
50;2025-11-27;6;554
50;2025-11-27;7;1794
50;2025-11-27;8;2656
50;2025-11-27;9;2174
50;2025-11-27;10;1601
50;2025-11-27;11;1501
50;2025-11-27;12;1429
50;2025-11-27;13;1403
50;2025-11-27;14;1395
50;2025-11-27;15;1556
50;2025-11-27;16;1696
50;2025-11-27;17;2351
50;2025-11-27;18;2501
50;2025-11-27;19;1421
50;2025-11-27;20;900
50;2025-11-27;21;635
50;2025-11-27;22;308
50;2025-11-27;23;149
50;2025-11-28;0;49
50;2025-11-28;1;3
50;2025-11-28;2;0
50;2025-11-28;3;0
50;2025-11-28;4;3
50;2025-11-28;5;70
50;2025-11-28;6;552
50;2025-11-28;7;1702
50;2025-11-28;8;2654
50;2025-11-28;9;2050
50;2025-11-28;10;1540
50;2025-11-28;11;1517
50;2025-11-28;12;1479
50;2025-11-28;13;1439
50;2025-11-28;14;1450
50;2025-11-28;15;1689
50;2025-11-28;16;2098
50;2025-11-28;17;2208
50;2025-11-28;18;1759
50;2025-11-28;19;1244
50;2025-11-28;20;792
50;2025-11-28;21;540
50;2025-11-28;22;314
50;2025-11-28;23;174
50;2025-11-29;0;59
50;2025-11-29;1;5
50;2025-11-29;2;0
50;2025-11-29;3;0
50;2025-11-29;4;1
50;2025-11-29;5;34
50;2025-11-29;6;188
50;2025-11-29;7;382
50;2025-11-29;8;567
50;2025-11-29;9;646
50;2025-11-29;10;638
50;2025-11-29;11;765
50;2025-11-29;12;782
50;2025-11-29;13;838
50;2025-11-29;14;858
50;2025-11-29;15;820
50;2025-11-29;16;768
50;2025-11-29;17;814
50;2025-11-29;18;723
50;2025-11-29;19;624
50;2025-11-29;20;471
50;2025-11-29;21;375
50;2025-11-29;22;214
50;2025-11-29;23;146
50;2025-11-30;0;50
50;2025-11-30;1;6
50;2025-11-30;2;0
50;2025-11-30;3;0
50;2025-11-30;4;1
50;2025-11-30;5;29
50;2025-11-30;6;132
50;2025-11-30;7;232
50;2025-11-30;8;357
50;2025-11-30;9;455
50;2025-11-30;10;473
50;2025-11-30;11;621
50;2025-11-30;12;686
50;2025-11-30;13;728
50;2025-11-30;14;765
50;2025-11-30;15;687
50;2025-11-30;16;718
50;2025-11-30;17;711
50;2025-11-30;18;623
50;2025-11-30;19;527
50;2025-11-30;20;437
50;2025-11-30;21;342
50;2025-11-30;22;200
50;2025-11-30;23;112
50;2025-12-01;0;37
50;2025-12-01;1;4
50;2025-12-01;2;0
50;2025-12-01;3;0
50;2025-12-01;4;3
50;2025-12-01;5;70
50;2025-12-01;6;535
50;2025-12-01;7;1718
50;2025-12-01;8;2649
50;2025-12-01;9;2131
50;2025-12-01;10;1539
50;2025-12-01;11;1439
50;2025-12-01;12;1371
50;2025-12-01;13;1383
50;2025-12-01;14;1369
50;2025-12-01;15;1521
50;2025-12-01;16;1589
50;2025-12-01;17;2269
50;2025-12-01;18;2458
50;2025-12-01;19;1404
50;2025-12-01;20;869
50;2025-12-01;21;588
50;2025-12-01;22;271
50;2025-12-01;23;123
50;2025-12-02;0;35
50;2025-12-02;1;3
50;2025-12-02;2;0
50;2025-12-02;3;0
50;2025-12-02;4;2
50;2025-12-02;5;71
50;2025-12-02;6;571
50;2025-12-02;7;1831
50;2025-12-02;8;2674
50;2025-12-02;9;2105
50;2025-12-02;10;1638
50;2025-12-02;11;1479
50;2025-12-02;12;1431
50;2025-12-02;13;1441
50;2025-12-02;14;1393
50;2025-12-02;15;1546
50;2025-12-02;16;1608
50;2025-12-02;17;2299
50;2025-12-02;18;2458
50;2025-12-02;19;1443
50;2025-12-02;20;890
50;2025-12-02;21;608
50;2025-12-02;22;282
50;2025-12-02;23;133
50;2025-12-03;0;35
50;2025-12-03;1;3
50;2025-12-03;2;0
50;2025-12-03;3;0
50;2025-12-03;4;2
50;2025-12-03;5;75
50;2025-12-03;6;556
50;2025-12-03;7;1732
50;2025-12-03;8;2618
50;2025-12-03;9;2094
50;2025-12-03;10;1630
50;2025-12-03;11;1500
50;2025-12-03;12;1452
50;2025-12-03;13;1458
50;2025-12-03;14;1426
50;2025-12-03;15;1545
50;2025-12-03;16;1686
50;2025-12-03;17;2263
50;2025-12-03;18;2355
50;2025-12-03;19;1434
50;2025-12-03;20;849
50;2025-12-03;21;612
50;2025-12-03;22;314
50;2025-12-03;23;138
50;2025-12-04;0;40
50;2025-12-04;1;3
50;2025-12-04;2;0
50;2025-12-04;3;0
50;2025-12-04;4;2
50;2025-12-04;5;77
50;2025-12-04;6;553
50;2025-12-04;7;1820
50;2025-12-04;8;2670
50;2025-12-04;9;2141
50;2025-12-04;10;1615
50;2025-12-04;11;1517
50;2025-12-04;12;1435
50;2025-12-04;13;1419
50;2025-12-04;14;1410
50;2025-12-04;15;1554
50;2025-12-04;16;1694
50;2025-12-04;17;2343
50;2025-12-04;18;2498
50;2025-12-04;19;1441
50;2025-12-04;20;913
50;2025-12-04;21;645
50;2025-12-04;22;318
50;2025-12-04;23;154
50;2025-12-05;0;49
50;2025-12-05;1;3
50;2025-12-05;2;0
50;2025-12-05;3;0
50;2025-12-05;4;2
50;2025-12-05;5;73
50;2025-12-05;6;553
50;2025-12-05;7;1765
50;2025-12-05;8;2701
50;2025-12-05;9;2073
50;2025-12-05;10;1550
50;2025-12-05;11;1534
50;2025-12-05;12;1496
50;2025-12-05;13;1456
50;2025-12-05;14;1467
50;2025-12-05;15;1708
50;2025-12-05;16;2103
50;2025-12-05;17;2213
50;2025-12-05;18;1807
50;2025-12-05;19;1265
50;2025-12-05;20;794
50;2025-12-05;21;548
50;2025-12-05;22;316
50;2025-12-05;23;168
50;2025-12-06;0;67
50;2025-12-06;1;5
50;2025-12-06;2;0
50;2025-12-06;3;0
50;2025-12-06;4;2
50;2025-12-06;5;37
50;2025-12-06;6;197
50;2025-12-06;7;406
50;2025-12-06;8;579
50;2025-12-06;9;652
50;2025-12-06;10;648
50;2025-12-06;11;772
50;2025-12-06;12;792
50;2025-12-06;13;843
50;2025-12-06;14;859
50;2025-12-06;15;828
50;2025-12-06;16;779
50;2025-12-06;17;815
50;2025-12-06;18;739
50;2025-12-06;19;642
50;2025-12-06;20;492
50;2025-12-06;21;396
50;2025-12-06;22;226
50;2025-12-06;23;153
50;2025-12-07;0;57
50;2025-12-07;1;6
50;2025-12-07;2;0
50;2025-12-07;3;0
50;2025-12-07;4;1
50;2025-12-07;5;30
50;2025-12-07;6;138
50;2025-12-07;7;254
50;2025-12-07;8;363
50;2025-12-07;9;463
50;2025-12-07;10;485
50;2025-12-07;11;630
50;2025-12-07;12;700
50;2025-12-07;13;742
50;2025-12-07;14;778
50;2025-12-07;15;704
50;2025-12-07;16;736
50;2025-12-07;17;725
50;2025-12-07;18;652
50;2025-12-07;19;552
50;2025-12-07;20;454
50;2025-12-07;21;361
50;2025-12-07;22;217
50;2025-12-07;23;120
50;2025-12-08;0;40
50;2025-12-08;1;5
50;2025-12-08;2;0
50;2025-12-08;3;0
50;2025-12-08;4;2
50;2025-12-08;5;80
50;2025-12-08;6;556
50;2025-12-08;7;1805
50;2025-12-08;8;2723
50;2025-12-08;9;2154
50;2025-12-08;10;1606
50;2025-12-08;11;1490
50;2025-12-08;12;1415
50;2025-12-08;13;1420
50;2025-12-08;14;1413
50;2025-12-08;15;1581
50;2025-12-08;16;1650
50;2025-12-08;17;2282
50;2025-12-08;18;2470
50;2025-12-08;19;1462
50;2025-12-08;20;906
50;2025-12-08;21;614
50;2025-12-08;22;295
50;2025-12-08;23;133
50;2025-12-09;0;36
50;2025-12-09;1;4
50;2025-12-09;2;0
50;2025-12-09;3;0
50;2025-12-09;4;2
50;2025-12-09;5;79
50;2025-12-09;6;596
50;2025-12-09;7;1906
50;2025-12-09;8;2804
50;2025-12-09;9;2206
50;2025-12-09;10;1702
50;2025-12-09;11;1532
50;2025-12-09;12;1486
50;2025-12-09;13;1472
50;2025-12-09;14;1432
50;2025-12-09;15;1612
50;2025-12-09;16;1672
50;2025-12-09;17;2381
50;2025-12-09;18;2550
50;2025-12-09;19;1509
50;2025-12-09;20;934
50;2025-12-09;21;630
50;2025-12-09;22;308
50;2025-12-09;23;145
50;2025-12-10;0;40
50;2025-12-10;1;5
50;2025-12-10;2;0
50;2025-12-10;3;0
50;2025-12-10;4;3
50;2025-12-10;5;77
50;2025-12-10;6;569
50;2025-12-10;7;1795
50;2025-12-10;8;2760
50;2025-12-10;9;2221
50;2025-12-10;10;1686
50;2025-12-10;11;1557
50;2025-12-10;12;1506
50;2025-12-10;13;1481
50;2025-12-10;14;1445
50;2025-12-10;15;1594
50;2025-12-10;16;1739
50;2025-12-10;17;2356
50;2025-12-10;18;2462
50;2025-12-10;19;1474
50;2025-12-10;20;874
50;2025-12-10;21;620
50;2025-12-10;22;326
50;2025-12-10;23;142
50;2025-12-11;0;40
50;2025-12-11;1;3
50;2025-12-11;2;0
50;2025-12-11;3;0
50;2025-12-11;4;2
50;2025-12-11;5;77
50;2025-12-11;6;561
50;2025-12-11;7;1837
50;2025-12-11;8;2678
50;2025-12-11;9;2100
50;2025-12-11;10;1631
50;2025-12-11;11;1536
50;2025-12-11;12;1459
50;2025-12-11;13;1426
50;2025-12-11;14;1421
50;2025-12-11;15;1585
50;2025-12-11;16;1722
50;2025-12-11;17;2304
50;2025-12-11;18;2464
50;2025-12-11;19;1452
50;2025-12-11;20;923
50;2025-12-11;21;656
50;2025-12-11;22;325
50;2025-12-11;23;159
50;2025-12-12;0;50
50;2025-12-12;1;2
50;2025-12-12;2;0
50;2025-12-12;3;0
50;2025-12-12;4;2
50;2025-12-12;5;74
50;2025-12-12;6;549
50;2025-12-12;7;1760
50;2025-12-12;8;2698
50;2025-12-12;9;2077
50;2025-12-12;10;1564
50;2025-12-12;11;1546
50;2025-12-12;12;1502
50;2025-12-12;13;1442
50;2025-12-12;14;1458
50;2025-12-12;15;1705
50;2025-12-12;16;2082
50;2025-12-12;17;2177
50;2025-12-12;18;1800
50;2025-12-12;19;1289
50;2025-12-12;20;822
50;2025-12-12;21;559
50;2025-12-12;22;314
50;2025-12-12;23;166
50;2025-12-13;0;55
50;2025-12-13;1;3
50;2025-12-13;2;0
50;2025-12-13;3;0
50;2025-12-13;4;0
50;2025-12-13;5;36
50;2025-12-13;6;202
50;2025-12-13;7;401
50;2025-12-13;8;573
50;2025-12-13;9;649
50;2025-12-13;10;686
50;2025-12-13;11;803
50;2025-12-13;12;814
50;2025-12-13;13;866
50;2025-12-13;14;875
50;2025-12-13;15;855
50;2025-12-13;16;800
50;2025-12-13;17;821
50;2025-12-13;18;727
50;2025-12-13;19;657
50;2025-12-13;20;472
50;2025-12-13;21;373
50;2025-12-13;22;214
50;2025-12-13;23;139
50;2025-12-14;0;44
50;2025-12-14;1;5
50;2025-12-14;2;0
50;2025-12-14;3;0
50;2025-12-14;4;0
50;2025-12-14;5;22
50;2025-12-14;6;135
50;2025-12-14;7;240
50;2025-12-14;8;365
50;2025-12-14;9;459
50;2025-12-14;10;480
50;2025-12-14;11;641
50;2025-12-14;12;699
50;2025-12-14;13;741
50;2025-12-14;14;770
50;2025-12-14;15;705
50;2025-12-14;16;747
50;2025-12-14;17;737
50;2025-12-14;18;645
50;2025-12-14;19;550
50;2025-12-14;20;423
50;2025-12-14;21;336
50;2025-12-14;22;205
50;2025-12-14;23;112
50;2025-12-15;0;36
50;2025-12-15;1;4
50;2025-12-15;2;0
50;2025-12-15;3;0
50;2025-12-15;4;3
50;2025-12-15;5;77
50;2025-12-15;6;551
50;2025-12-15;7;1776
50;2025-12-15;8;2776
50;2025-12-15;9;2195
50;2025-12-15;10;1608
50;2025-12-15;11;1499
50;2025-12-15;12;1413
50;2025-12-15;13;1415
50;2025-12-15;14;1387
50;2025-12-15;15;1584
50;2025-12-15;16;1654
50;2025-12-15;17;2343
50;2025-12-15;18;2527
50;2025-12-15;19;1455
50;2025-12-15;20;888
50;2025-12-15;21;599
50;2025-12-15;22;264
50;2025-12-15;23;124
50;2025-12-16;0;40
50;2025-12-16;1;3
50;2025-12-16;2;0
50;2025-12-16;3;0
50;2025-12-16;4;2
50;2025-12-16;5;81
50;2025-12-16;6;582
50;2025-12-16;7;1872
50;2025-12-16;8;2865
50;2025-12-16;9;2235
50;2025-12-16;10;1713
50;2025-12-16;11;1546
50;2025-12-16;12;1486
50;2025-12-16;13;1472
50;2025-12-16;14;1438
50;2025-12-16;15;1620
50;2025-12-16;16;1682
50;2025-12-16;17;2415
50;2025-12-16;18;2575
50;2025-12-16;19;1513
50;2025-12-16;20;948
50;2025-12-16;21;627
50;2025-12-16;22;289
50;2025-12-16;23;138
50;2025-12-17;0;36
50;2025-12-17;1;3
50;2025-12-17;2;0
50;2025-12-17;3;0
50;2025-12-17;4;2
50;2025-12-17;5;86
50;2025-12-17;6;572
50;2025-12-17;7;1765
50;2025-12-17;8;2742
50;2025-12-17;9;2184
50;2025-12-17;10;1671
50;2025-12-17;11;1548
50;2025-12-17;12;1495
50;2025-12-17;13;1479
50;2025-12-17;14;1440
50;2025-12-17;15;1594
50;2025-12-17;16;1738
50;2025-12-17;17;2355
50;2025-12-17;18;2442
50;2025-12-17;19;1471
50;2025-12-17;20;874
50;2025-12-17;21;623
50;2025-12-17;22;314
50;2025-12-17;23;133
50;2025-12-18;0;39
50;2025-12-18;1;3
50;2025-12-18;2;0
50;2025-12-18;3;0
50;2025-12-18;4;2
50;2025-12-18;5;87
50;2025-12-18;6;573
50;2025-12-18;7;1823
50;2025-12-18;8;2726
50;2025-12-18;9;2165
50;2025-12-18;10;1650
50;2025-12-18;11;1549
50;2025-12-18;12;1472
50;2025-12-18;13;1435
50;2025-12-18;14;1426
50;2025-12-18;15;1596
50;2025-12-18;16;1742
50;2025-12-18;17;2368
50;2025-12-18;18;2527
50;2025-12-18;19;1477
50;2025-12-18;20;946
50;2025-12-18;21;662
50;2025-12-18;22;316
50;2025-12-18;23;154
50;2025-12-19;0;50
50;2025-12-19;1;3
50;2025-12-19;2;0
50;2025-12-19;3;0
50;2025-12-19;4;3
50;2025-12-19;5;84
50;2025-12-19;6;573
50;2025-12-19;7;1747
50;2025-12-19;8;2714
50;2025-12-19;9;2096
50;2025-12-19;10;1575
50;2025-12-19;11;1556
50;2025-12-19;12;1519
50;2025-12-19;13;1453
50;2025-12-19;14;1466
50;2025-12-19;15;1715
50;2025-12-19;16;2115
50;2025-12-19;17;2233
50;2025-12-19;18;1797
50;2025-12-19;19;1283
50;2025-12-19;20;820
50;2025-12-19;21;565
50;2025-12-19;22;315
50;2025-12-19;23;169
50;2025-12-20;0;60
50;2025-12-20;1;5
50;2025-12-20;2;0
50;2025-12-20;3;0
50;2025-12-20;4;1
50;2025-12-20;5;46
50;2025-12-20;6;207
50;2025-12-20;7;398
50;2025-12-20;8;600
50;2025-12-20;9;675
50;2025-12-20;10;654
50;2025-12-20;11;776
50;2025-12-20;12;794
50;2025-12-20;13;843
50;2025-12-20;14;862
50;2025-12-20;15;832
50;2025-12-20;16;774
50;2025-12-20;17;810
50;2025-12-20;18;712
50;2025-12-20;19;647
50;2025-12-20;20;505
50;2025-12-20;21;405
50;2025-12-20;22;232
50;2025-12-20;23;149
50;2025-12-21;0;51
50;2025-12-21;1;6
50;2025-12-21;2;0
50;2025-12-21;3;0
50;2025-12-21;4;1
50;2025-12-21;5;29
50;2025-12-21;6;132
50;2025-12-21;7;247
50;2025-12-21;8;383
50;2025-12-21;9;469
50;2025-12-21;10;478
50;2025-12-21;11;632
50;2025-12-21;12;697
50;2025-12-21;13;735
50;2025-12-21;14;768
50;2025-12-21;15;695
50;2025-12-21;16;716
50;2025-12-21;17;709
50;2025-12-21;18;626
50;2025-12-21;19;546
50;2025-12-21;20;455
50;2025-12-21;21;358
50;2025-12-21;22;212
50;2025-12-21;23;112
50;2025-12-22;0;38
50;2025-12-22;1;7
50;2025-12-22;2;0
50;2025-12-22;3;0
50;2025-12-22;4;3
50;2025-12-22;5;72
50;2025-12-22;6;545
50;2025-12-22;7;1775
50;2025-12-22;8;2752
50;2025-12-22;9;2171
50;2025-12-22;10;1618
50;2025-12-22;11;1484
50;2025-12-22;12;1410
50;2025-12-22;13;1411
50;2025-12-22;14;1397
50;2025-12-22;15;1581
50;2025-12-22;16;1640
50;2025-12-22;17;2291
50;2025-12-22;18;2477
50;2025-12-22;19;1456
50;2025-12-22;20;889
50;2025-12-22;21;594
50;2025-12-22;22;262
50;2025-12-22;23;114
50;2025-12-23;0;33
50;2025-12-23;1;2
50;2025-12-23;2;0
50;2025-12-23;3;0
50;2025-12-23;4;0
50;2025-12-23;5;61
50;2025-12-23;6;581
50;2025-12-23;7;1864
50;2025-12-23;8;2831
50;2025-12-23;9;2192
50;2025-12-23;10;1678
50;2025-12-23;11;1530
50;2025-12-23;12;1471
50;2025-12-23;13;1458
50;2025-12-23;14;1412
50;2025-12-23;15;1598
50;2025-12-23;16;1651
50;2025-12-23;17;2397
50;2025-12-23;18;2577
50;2025-12-23;19;1508
50;2025-12-23;20;937
50;2025-12-23;21;619
50;2025-12-23;22;282
50;2025-12-23;23;136
50;2025-12-24;0;33
50;2025-12-24;1;0
50;2025-12-24;2;1
50;2025-12-24;3;0
50;2025-12-24;4;2
50;2025-12-24;5;70
50;2025-12-24;6;565
50;2025-12-24;7;1754
50;2025-12-24;8;2744
50;2025-12-24;9;2190
50;2025-12-24;10;1654
50;2025-12-24;11;1536
50;2025-12-24;12;1490
50;2025-12-24;13;1460
50;2025-12-24;14;1411
50;2025-12-24;15;1572
50;2025-12-24;16;1707
50;2025-12-24;17;2332
50;2025-12-24;18;2425
50;2025-12-24;19;1450
50;2025-12-24;20;845
50;2025-12-24;21;589
50;2025-12-24;22;297
50;2025-12-24;23;135
50;2025-12-25;0;39
50;2025-12-25;1;3
50;2025-12-25;2;0
50;2025-12-25;3;0
50;2025-12-25;4;1
50;2025-12-25;5;74
50;2025-12-25;6;548
50;2025-12-25;7;1817
50;2025-12-25;8;2724
50;2025-12-25;9;2171
50;2025-12-25;10;1645
50;2025-12-25;11;1540
50;2025-12-25;12;1460
50;2025-12-25;13;1419
50;2025-12-25;14;1402
50;2025-12-25;15;1582
50;2025-12-25;16;1729
50;2025-12-25;17;2347
50;2025-12-25;18;2452
50;2025-12-25;19;1451
50;2025-12-25;20;904
50;2025-12-25;21;635
50;2025-12-25;22;309
50;2025-12-25;23;151
50;2025-12-26;0;50
50;2025-12-26;1;13
50;2025-12-26;2;0
50;2025-12-26;3;0
50;2025-12-26;4;3
50;2025-12-26;5;73
50;2025-12-26;6;572
50;2025-12-26;7;1752
50;2025-12-26;8;2676
50;2025-12-26;9;2043
50;2025-12-26;10;1588
50;2025-12-26;11;1581
50;2025-12-26;12;1533
50;2025-12-26;13;1467
50;2025-12-26;14;1485
50;2025-12-26;15;1741
50;2025-12-26;16;2126
50;2025-12-26;17;2183
50;2025-12-26;18;1759
50;2025-12-26;19;1273
50;2025-12-26;20;819
50;2025-12-26;21;566
50;2025-12-26;22;320
50;2025-12-26;23;177
50;2025-12-27;0;60
50;2025-12-27;1;7
50;2025-12-27;2;0
50;2025-12-27;3;0
50;2025-12-27;4;0
50;2025-12-27;5;38
50;2025-12-27;6;176
50;2025-12-27;7;394
50;2025-12-27;8;590
50;2025-12-27;9;666
50;2025-12-27;10;628
50;2025-12-27;11;740
50;2025-12-27;12;766
50;2025-12-27;13;796
50;2025-12-27;14;815
50;2025-12-27;15;798
50;2025-12-27;16;734
50;2025-12-27;17;775
50;2025-12-27;18;670
50;2025-12-27;19;602
50;2025-12-27;20;475
50;2025-12-27;21;378
50;2025-12-27;22;219
50;2025-12-27;23;131
50;2025-12-28;0;45
50;2025-12-28;1;8
50;2025-12-28;2;0
50;2025-12-28;3;0
50;2025-12-28;4;1
50;2025-12-28;5;30
50;2025-12-28;6;122
50;2025-12-28;7;233
50;2025-12-28;8;374
50;2025-12-28;9;458
50;2025-12-28;10;465
50;2025-12-28;11;591
50;2025-12-28;12;658
50;2025-12-28;13;679
50;2025-12-28;14;710
50;2025-12-28;15;645
50;2025-12-28;16;658
50;2025-12-28;17;657
50;2025-12-28;18;566
50;2025-12-28;19;499
50;2025-12-28;20;427
50;2025-12-28;21;339
50;2025-12-28;22;204
50;2025-12-28;23;91
50;2025-12-29;0;38
50;2025-12-29;1;5
50;2025-12-29;2;0
50;2025-12-29;3;0
50;2025-12-29;4;4
50;2025-12-29;5;72
50;2025-12-29;6;541
50;2025-12-29;7;1754
50;2025-12-29;8;2738
50;2025-12-29;9;2172
50;2025-12-29;10;1600
50;2025-12-29;11;1486
50;2025-12-29;12;1404
50;2025-12-29;13;1407
50;2025-12-29;14;1392
50;2025-12-29;15;1591
50;2025-12-29;16;1642
50;2025-12-29;17;2297
50;2025-12-29;18;2461
50;2025-12-29;19;1427
50;2025-12-29;20;875
50;2025-12-29;21;591
50;2025-12-29;22;252
50;2025-12-29;23;127
50;2025-12-30;0;23
50;2025-12-30;1;0
50;2025-12-30;2;0
50;2025-12-30;3;0
50;2025-12-30;4;0
50;2025-12-30;5;67
50;2025-12-30;6;557
50;2025-12-30;7;1826
50;2025-12-30;8;2803
50;2025-12-30;9;2198
50;2025-12-30;10;1703
50;2025-12-30;11;1527
50;2025-12-30;12;1482
50;2025-12-30;13;1486
50;2025-12-30;14;1457
50;2025-12-30;15;1668
50;2025-12-30;16;1693
50;2025-12-30;17;2410
50;2025-12-30;18;2557
50;2025-12-30;19;1460
50;2025-12-30;20;867
50;2025-12-30;21;590
50;2025-12-30;22;273
50;2025-12-30;23;146
50;2025-12-31;0;6
50;2025-12-31;1;0
50;2025-12-31;2;0
50;2025-12-31;3;0
50;2025-12-31;4;0
50;2025-12-31;5;5
50;2025-12-31;6;299
50;2025-12-31;7;257
50;2025-12-31;8;434
50;2025-12-31;9;357
50;2025-12-31;10;411
50;2025-12-31;11;553
50;2025-12-31;12;630
50;2025-12-31;13;567
50;2025-12-31;14;572
50;2025-12-31;15;607
50;2025-12-31;16;613
50;2025-12-31;17;572
50;2025-12-31;18;514
50;2025-12-31;19;489
50;2025-12-31;20;389
50;2025-12-31;21;323
50;2025-12-31;22;252
50;2025-12-31;23;96
